ts_start,ts_end,rep,port,baud,timeout_s,size_bits,margin_samples,total_time_s,throughput_bps,exit_code,stdout_chars,stderr_chars,error_code
2026-01-22T19:11:53.596560+00:00,2026-01-22T19:11:54.096493+00:00,1,/dev/ttyACM0,115200,2.0,256,8,0.4999113359990588,512.090808039772,0,64,0,OK
2026-01-22T19:11:54.096872+00:00,2026-01-22T19:11:54.601051+00:00,2,/dev/ttyACM0,115200,2.0,256,8,0.504158143998211,507.7771787435579,0,64,0,OK
2026-01-22T19:11:54.601256+00:00,2026-01-22T19:11:55.107436+00:00,3,/dev/ttyACM0,115200,2.0,256,8,0.5061672859992541,505.7616465564652,0,64,0,OK
2026-01-22T19:11:55.107638+00:00,2026-01-22T19:11:55.610433+00:00,4,/dev/ttyACM0,115200,2.0,256,8,0.5027768820000347,509.17217788860535,0,64,0,OK
2026-01-22T19:11:55.610735+00:00,2026-01-22T19:11:56.113366+00:00,5,/dev/ttyACM0,115200,2.0,256,8,0.5026025570005004,509.3487815258869,0,64,0,OK
2026-01-22T19:11:56.113835+00:00,2026-01-22T19:11:56.616134+00:00,6,/dev/ttyACM0,115200,2.0,256,8,0.5022638949994871,509.69222066073735,0,64,0,OK
2026-01-22T19:11:56.616505+00:00,2026-01-22T19:11:57.123277+00:00,7,/dev/ttyACM0,115200,2.0,256,8,0.5067437629986671,505.1862868229784,0,64,0,OK
2026-01-22T19:11:57.123619+00:00,2026-01-22T19:11:57.627406+00:00,8,/dev/ttyACM0,115200,2.0,256,8,0.5037519469988183,508.18662146153554,0,64,0,OK
2026-01-22T19:11:57.627731+00:00,2026-01-22T19:11:58.133901+00:00,9,/dev/ttyACM0,115200,2.0,256,8,0.506140958998003,505.78795382772023,0,64,0,OK
2026-01-22T19:11:58.134301+00:00,2026-01-22T19:11:58.644134+00:00,10,/dev/ttyACM0,115200,2.0,256,8,0.5098105929973826,502.1472749219911,0,64,0,OK
2026-01-22T19:11:58.644477+00:00,2026-01-22T19:11:59.162005+00:00,11,/dev/ttyACM0,115200,2.0,256,8,0.5174982989992714,494.68761635554756,0,64,0,OK
2026-01-22T19:11:59.162359+00:00,2026-01-22T19:11:59.668706+00:00,12,/dev/ttyACM0,115200,2.0,256,8,0.5063177310003084,505.61136678787193,0,64,0,OK
2026-01-22T19:11:59.669068+00:00,2026-01-22T19:12:00.179093+00:00,13,/dev/ttyACM0,115200,2.0,256,8,0.5100011229988013,501.9596790193768,0,64,0,OK
2026-01-22T19:12:00.179403+00:00,2026-01-22T19:12:00.679936+00:00,14,/dev/ttyACM0,115200,2.0,256,8,0.5005103090006742,511.47797637002355,0,64,0,OK
2026-01-22T19:12:00.680246+00:00,2026-01-22T19:12:01.180110+00:00,15,/dev/ttyACM0,115200,2.0,256,8,0.4998425510020752,512.1612785601703,0,64,0,OK
2026-01-22T19:12:01.180425+00:00,2026-01-22T19:12:01.676323+00:00,16,/dev/ttyACM0,115200,2.0,256,8,0.4958739260000584,516.2602560392938,0,64,0,OK
2026-01-22T19:12:01.676645+00:00,2026-01-22T19:12:02.182887+00:00,17,/dev/ttyACM0,115200,2.0,256,8,0.5061875489991507,505.74140060570613,0,64,0,OK
2026-01-22T19:12:02.183419+00:00,2026-01-22T19:12:02.683794+00:00,18,/dev/ttyACM0,115200,2.0,256,8,0.5003388500008441,511.6532525898561,0,64,0,OK
2026-01-22T19:12:02.684106+00:00,2026-01-22T19:12:03.189888+00:00,19,/dev/ttyACM0,115200,2.0,256,8,0.5057582320005167,506.1707033168734,0,64,0,OK
2026-01-22T19:12:03.190196+00:00,2026-01-22T19:12:03.691286+00:00,20,/dev/ttyACM0,115200,2.0,256,8,0.5010673710021365,510.9093403707352,0,64,0,OK
2026-01-22T19:12:03.691622+00:00,2026-01-22T19:12:04.197029+00:00,21,/dev/ttyACM0,115200,2.0,256,8,0.5053778739966219,506.55165802076874,0,64,0,OK
2026-01-22T19:12:04.197478+00:00,2026-01-22T19:12:04.703957+00:00,22,/dev/ttyACM0,115200,2.0,256,8,0.5064514139994571,505.4779055277243,0,64,0,OK
2026-01-22T19:12:04.704293+00:00,2026-01-22T19:12:05.211136+00:00,23,/dev/ttyACM0,115200,2.0,256,8,0.5067948979994981,505.13531412909674,0,64,0,OK
2026-01-22T19:12:05.211485+00:00,2026-01-22T19:12:05.715468+00:00,24,/dev/ttyACM0,115200,2.0,256,8,0.5039622499971301,507.97455563677204,0,64,0,OK
2026-01-22T19:12:05.715795+00:00,2026-01-22T19:12:06.219904+00:00,25,/dev/ttyACM0,115200,2.0,256,8,0.5040766519996396,507.85926899106414,0,64,0,OK
2026-01-22T19:12:06.220346+00:00,2026-01-22T19:12:06.721256+00:00,26,/dev/ttyACM0,115200,2.0,256,8,0.5008813860004011,511.0990489069502,0,64,0,OK
2026-01-22T19:12:06.721588+00:00,2026-01-22T19:12:07.216216+00:00,27,/dev/ttyACM0,115200,2.0,256,8,0.4946015530003933,517.5883465125238,0,64,0,OK
2026-01-22T19:12:07.216556+00:00,2026-01-22T19:12:07.728217+00:00,28,/dev/ttyACM0,115200,2.0,256,8,0.51163843500035,500.35334034243317,0,64,0,OK
2026-01-22T19:12:07.728529+00:00,2026-01-22T19:12:08.231046+00:00,29,/dev/ttyACM0,115200,2.0,256,8,0.502495643999282,509.45715262830373,0,64,0,OK
2026-01-22T19:12:08.231349+00:00,2026-01-22T19:12:08.735638+00:00,30,/dev/ttyACM0,115200,2.0,256,8,0.5042611079989001,507.6734968038788,0,64,0,OK
2026-01-22T19:12:12.772352+00:00,2026-01-22T19:12:13.570883+00:00,31,/dev/ttyACM0,115200,2.0,1024,8,0.79851121899992,1282.3864908028334,0,256,0,OK
2026-01-22T19:12:13.571196+00:00,2026-01-22T19:12:14.373987+00:00,32,/dev/ttyACM0,115200,2.0,1024,8,0.8027680839986715,1275.5863373383622,0,256,0,OK
2026-01-22T19:12:14.374302+00:00,2026-01-22T19:12:15.176761+00:00,33,/dev/ttyACM0,115200,2.0,1024,8,0.802440317998844,1276.1073652850469,0,256,0,OK
2026-01-22T19:12:15.176958+00:00,2026-01-22T19:12:15.980435+00:00,34,/dev/ttyACM0,115200,2.0,1024,8,0.8034585440000228,1274.490149674693,0,256,0,OK
2026-01-22T19:12:15.980734+00:00,2026-01-22T19:12:16.784627+00:00,35,/dev/ttyACM0,115200,2.0,1024,8,0.8038692160007486,1273.839051947284,0,256,0,OK
2026-01-22T19:12:16.784938+00:00,2026-01-22T19:12:17.587488+00:00,36,/dev/ttyACM0,115200,2.0,1024,8,0.8025207800019416,1275.9794207416319,0,256,0,OK
2026-01-22T19:12:17.587926+00:00,2026-01-22T19:12:18.392321+00:00,37,/dev/ttyACM0,115200,2.0,1024,8,0.8043676100023731,1273.049768869956,0,256,0,OK
2026-01-22T19:12:18.392639+00:00,2026-01-22T19:12:19.196118+00:00,38,/dev/ttyACM0,115200,2.0,1024,8,0.8034569440023915,1274.4926876840236,0,256,0,OK
2026-01-22T19:12:19.196426+00:00,2026-01-22T19:12:20.001059+00:00,39,/dev/ttyACM0,115200,2.0,1024,8,0.8046108029993775,1272.6649905554304,0,256,0,OK
2026-01-22T19:12:20.001373+00:00,2026-01-22T19:12:20.801141+00:00,40,/dev/ttyACM0,115200,2.0,1024,8,0.7997454789983749,1280.407363205714,0,256,0,OK
2026-01-22T19:12:20.801483+00:00,2026-01-22T19:12:21.614617+00:00,41,/dev/ttyACM0,115200,2.0,1024,8,0.8131112629998825,1259.3602457578404,0,256,0,OK
2026-01-22T19:12:21.614964+00:00,2026-01-22T19:12:22.419393+00:00,42,/dev/ttyACM0,115200,2.0,1024,8,0.8044067990012991,1272.9877485761358,0,256,0,OK
2026-01-22T19:12:22.419592+00:00,2026-01-22T19:12:23.227790+00:00,43,/dev/ttyACM0,115200,2.0,1024,8,0.8081814060024044,1267.0422659995638,0,256,0,OK
2026-01-22T19:12:23.228110+00:00,2026-01-22T19:12:24.024865+00:00,44,/dev/ttyACM0,115200,2.0,1024,8,0.7967321559990523,1285.2499956098395,0,256,0,OK
2026-01-22T19:12:24.025173+00:00,2026-01-22T19:12:24.828504+00:00,45,/dev/ttyACM0,115200,2.0,1024,8,0.8033080519999203,1274.7289130871325,0,256,0,OK
2026-01-22T19:12:24.828811+00:00,2026-01-22T19:12:25.635148+00:00,46,/dev/ttyACM0,115200,2.0,1024,8,0.8063139080004476,1269.976853728575,0,256,0,OK
2026-01-22T19:12:25.635458+00:00,2026-01-22T19:12:26.439934+00:00,47,/dev/ttyACM0,115200,2.0,1024,8,0.8044448010004999,1272.9276125924812,0,256,0,OK
2026-01-22T19:12:26.440379+00:00,2026-01-22T19:12:27.248376+00:00,48,/dev/ttyACM0,115200,2.0,1024,8,0.8079664399992907,1267.3793728374399,0,256,0,OK
2026-01-22T19:12:27.248683+00:00,2026-01-22T19:12:28.053161+00:00,49,/dev/ttyACM0,115200,2.0,1024,8,0.8044563969997398,1272.90926372027,0,256,0,OK
2026-01-22T19:12:28.053472+00:00,2026-01-22T19:12:28.858523+00:00,50,/dev/ttyACM0,115200,2.0,1024,8,0.8050291020008444,1272.0037045305796,0,256,0,OK
2026-01-22T19:12:28.858858+00:00,2026-01-22T19:12:29.670624+00:00,51,/dev/ttyACM0,115200,2.0,1024,8,0.8117438440021942,1261.4816947071693,0,256,0,OK
2026-01-22T19:12:29.670931+00:00,2026-01-22T19:12:30.474142+00:00,52,/dev/ttyACM0,115200,2.0,1024,8,0.8031889809972199,1274.9178888493047,0,256,0,OK
2026-01-22T19:12:30.474453+00:00,2026-01-22T19:12:31.283934+00:00,53,/dev/ttyACM0,115200,2.0,1024,8,0.8094577109986858,1265.04446876739,0,256,0,OK
2026-01-22T19:12:31.284250+00:00,2026-01-22T19:12:32.087583+00:00,54,/dev/ttyACM0,115200,2.0,1024,8,0.8033104390015069,1274.7251252863143,0,256,0,OK
2026-01-22T19:12:32.087892+00:00,2026-01-22T19:12:32.894102+00:00,55,/dev/ttyACM0,115200,2.0,1024,8,0.8061874380000518,1270.1760803173595,0,256,0,OK
2026-01-22T19:12:32.894539+00:00,2026-01-22T19:12:33.703553+00:00,56,/dev/ttyACM0,115200,2.0,1024,8,0.8089857949998986,1265.7824232873313,0,256,0,OK
2026-01-22T19:12:33.704226+00:00,2026-01-22T19:12:34.517936+00:00,57,/dev/ttyACM0,115200,2.0,1024,8,0.8136820350009657,1258.476844703576,0,256,0,OK
2026-01-22T19:12:34.518483+00:00,2026-01-22T19:12:35.322849+00:00,58,/dev/ttyACM0,115200,2.0,1024,8,0.8043441049994726,1273.086970657504,0,256,0,OK
2026-01-22T19:12:35.323150+00:00,2026-01-22T19:12:36.135605+00:00,59,/dev/ttyACM0,115200,2.0,1024,8,0.8124327059995267,1260.4120839032255,0,256,0,OK
2026-01-22T19:12:36.135921+00:00,2026-01-22T19:12:36.938201+00:00,60,/dev/ttyACM0,115200,2.0,1024,8,0.802253041001677,1276.4052582729437,0,256,0,OK
2026-01-22T19:12:42.985829+00:00,2026-01-22T19:12:44.196778+00:00,61,/dev/ttyACM0,115200,2.0,2048,8,1.2109286519989837,1691.2639705231113,0,512,0,OK
2026-01-22T19:12:44.197102+00:00,2026-01-22T19:12:45.400927+00:00,62,/dev/ttyACM0,115200,2.0,2048,8,1.2038022669985367,1701.276078426333,0,512,0,OK
2026-01-22T19:12:45.401246+00:00,2026-01-22T19:12:46.601132+00:00,63,/dev/ttyACM0,115200,2.0,2048,8,1.1998621400016418,1706.862756747369,0,512,0,OK
2026-01-22T19:12:46.601454+00:00,2026-01-22T19:12:47.806009+00:00,64,/dev/ttyACM0,115200,2.0,2048,8,1.2045324020000407,1700.2448390756788,0,512,0,OK
2026-01-22T19:12:47.806326+00:00,2026-01-22T19:12:49.013750+00:00,65,/dev/ttyACM0,115200,2.0,2048,8,1.2074007410010381,1696.205684205588,0,512,0,OK
2026-01-22T19:12:49.014070+00:00,2026-01-22T19:12:50.221188+00:00,66,/dev/ttyACM0,115200,2.0,2048,8,1.2070951169989712,1696.63514594579,0,512,0,OK
2026-01-22T19:12:50.221514+00:00,2026-01-22T19:12:51.428381+00:00,67,/dev/ttyACM0,115200,2.0,2048,8,1.2068445260010776,1696.9874377987371,0,512,0,OK
2026-01-22T19:12:51.428700+00:00,2026-01-22T19:12:52.641222+00:00,68,/dev/ttyACM0,115200,2.0,2048,8,1.21249878999879,1689.0738505413633,0,512,0,OK
2026-01-22T19:12:52.641536+00:00,2026-01-22T19:12:53.849342+00:00,69,/dev/ttyACM0,115200,2.0,2048,8,1.2077838359982707,1695.6676674740102,0,512,0,OK
2026-01-22T19:12:53.849685+00:00,2026-01-22T19:12:55.057465+00:00,70,/dev/ttyACM0,115200,2.0,2048,8,1.2077533190022223,1695.7105128818378,0,512,0,OK
2026-01-22T19:12:55.057841+00:00,2026-01-22T19:12:56.270030+00:00,71,/dev/ttyACM0,115200,2.0,2048,8,1.212165933000506,1689.5376649717687,0,512,0,OK
2026-01-22T19:12:56.270443+00:00,2026-01-22T19:12:57.481680+00:00,72,/dev/ttyACM0,115200,2.0,2048,8,1.211214970000583,1690.8641741762935,0,512,0,OK
2026-01-22T19:12:57.481991+00:00,2026-01-22T19:12:58.689057+00:00,73,/dev/ttyACM0,115200,2.0,2048,8,1.2070479249996424,1696.7014793555995,0,512,0,OK
2026-01-22T19:12:58.689261+00:00,2026-01-22T19:12:59.897745+00:00,74,/dev/ttyACM0,115200,2.0,2048,8,1.2084659279971675,1694.7105851748931,0,512,0,OK
2026-01-22T19:12:59.898060+00:00,2026-01-22T19:13:01.101702+00:00,75,/dev/ttyACM0,115200,2.0,2048,8,1.2036198819987476,1701.5338734676461,0,512,0,OK
2026-01-22T19:13:01.102025+00:00,2026-01-22T19:13:02.309454+00:00,76,/dev/ttyACM0,115200,2.0,2048,8,1.2074058039979718,1696.1985715313326,0,512,0,OK
2026-01-22T19:13:02.309801+00:00,2026-01-22T19:13:03.516684+00:00,77,/dev/ttyACM0,115200,2.0,2048,8,1.2068592249997891,1696.966769260398,0,512,0,OK
2026-01-22T19:13:03.516997+00:00,2026-01-22T19:13:04.717619+00:00,78,/dev/ttyACM0,115200,2.0,2048,8,1.200600554999255,1705.8129712436046,0,512,0,OK
2026-01-22T19:13:04.717934+00:00,2026-01-22T19:13:05.925968+00:00,79,/dev/ttyACM0,115200,2.0,2048,8,1.2080020530011097,1695.3613571367982,0,512,0,OK
2026-01-22T19:13:05.926519+00:00,2026-01-22T19:13:07.134018+00:00,80,/dev/ttyACM0,115200,2.0,2048,8,1.2074658810015535,1696.11417781946,0,512,0,OK
2026-01-22T19:13:07.134367+00:00,2026-01-22T19:13:08.339567+00:00,81,/dev/ttyACM0,115200,2.0,2048,8,1.205177026000456,1699.3354136500318,0,512,0,OK
2026-01-22T19:13:08.339984+00:00,2026-01-22T19:13:09.550377+00:00,82,/dev/ttyACM0,115200,2.0,2048,8,1.2103713100004825,1692.042750087313,0,512,0,OK
2026-01-22T19:13:09.550709+00:00,2026-01-22T19:13:10.753881+00:00,83,/dev/ttyACM0,115200,2.0,2048,8,1.2031483339997067,1702.2007529127322,0,512,0,OK
2026-01-22T19:13:10.754194+00:00,2026-01-22T19:13:11.958089+00:00,84,/dev/ttyACM0,115200,2.0,2048,8,1.2038718289986718,1701.177775464218,0,512,0,OK
2026-01-22T19:13:11.958407+00:00,2026-01-22T19:13:13.165725+00:00,85,/dev/ttyACM0,115200,2.0,2048,8,1.2072952030030137,1696.3539612398242,0,512,0,OK
2026-01-22T19:13:13.166040+00:00,2026-01-22T19:13:14.373074+00:00,86,/dev/ttyACM0,115200,2.0,2048,8,1.20700990199839,1696.7549285297675,0,512,0,OK
2026-01-22T19:13:14.373388+00:00,2026-01-22T19:13:15.578130+00:00,87,/dev/ttyACM0,115200,2.0,2048,8,1.2047200679990056,1699.979982405083,0,512,0,OK
2026-01-22T19:13:15.578447+00:00,2026-01-22T19:13:16.777417+00:00,88,/dev/ttyACM0,115200,2.0,2048,8,1.1989472879977257,1708.1651716483843,0,512,0,OK
2026-01-22T19:13:16.777760+00:00,2026-01-22T19:13:17.984209+00:00,89,/dev/ttyACM0,115200,2.0,2048,8,1.2064247750022332,1697.5778701131273,0,512,0,OK
2026-01-22T19:13:17.984526+00:00,2026-01-22T19:13:19.188726+00:00,90,/dev/ttyACM0,115200,2.0,2048,8,1.2041785929977777,1700.744401128695,0,512,0,OK
2026-01-22T19:13:27.242298+00:00,2026-01-22T19:13:28.850609+00:00,91,/dev/ttyACM0,115200,2.0,3072,8,1.6082902929992997,1910.1029294102302,0,768,0,OK
2026-01-22T19:13:28.850934+00:00,2026-01-22T19:13:30.462600+00:00,92,/dev/ttyACM0,115200,2.0,3072,8,1.61164382700008,1906.1283569820962,0,768,0,OK
2026-01-22T19:13:30.462922+00:00,2026-01-22T19:13:32.069345+00:00,93,/dev/ttyACM0,115200,2.0,3072,8,1.6063999629986938,1912.3506416580376,0,768,0,OK
2026-01-22T19:13:32.069738+00:00,2026-01-22T19:13:33.678198+00:00,94,/dev/ttyACM0,115200,2.0,3072,8,1.6084329269979207,1909.9335436596489,0,768,0,OK
2026-01-22T19:13:33.678517+00:00,2026-01-22T19:13:35.285142+00:00,95,/dev/ttyACM0,115200,2.0,3072,8,1.6066085909988033,1912.1023111734924,0,768,0,OK
2026-01-22T19:13:35.285349+00:00,2026-01-22T19:13:36.891792+00:00,96,/dev/ttyACM0,115200,2.0,3072,8,1.6064247020003677,1912.321191385226,0,768,0,OK
2026-01-22T19:13:36.892112+00:00,2026-01-22T19:13:38.504402+00:00,97,/dev/ttyACM0,115200,2.0,3072,8,1.6122659360007674,1905.3928582155058,0,768,0,OK
2026-01-22T19:13:38.504746+00:00,2026-01-22T19:13:40.111404+00:00,98,/dev/ttyACM0,115200,2.0,3072,8,1.6066350060027617,1912.0708739211423,0,768,0,OK
2026-01-22T19:13:40.111870+00:00,2026-01-22T19:13:41.726022+00:00,99,/dev/ttyACM0,115200,2.0,3072,8,1.6141289779989165,1903.1936368606982,0,768,0,OK
2026-01-22T19:13:41.726434+00:00,2026-01-22T19:13:43.329622+00:00,100,/dev/ttyACM0,115200,2.0,3072,8,1.6031036699969263,1916.2828065922213,0,768,0,OK
2026-01-22T19:13:43.330141+00:00,2026-01-22T19:13:44.945906+00:00,101,/dev/ttyACM0,115200,2.0,3072,8,1.6157366090010328,1901.2999909059042,0,768,0,OK
2026-01-22T19:13:44.946221+00:00,2026-01-22T19:13:46.555770+00:00,102,/dev/ttyACM0,115200,2.0,3072,8,1.6095275299994682,1908.6346413726858,0,768,0,OK
2026-01-22T19:13:46.556080+00:00,2026-01-22T19:13:48.161747+00:00,103,/dev/ttyACM0,115200,2.0,3072,8,1.605645301999175,1913.2494556394738,0,768,0,OK
2026-01-22T19:13:48.162071+00:00,2026-01-22T19:13:49.769206+00:00,104,/dev/ttyACM0,115200,2.0,3072,8,1.6071118479994766,1911.5035483211748,0,768,0,OK
2026-01-22T19:13:49.769523+00:00,2026-01-22T19:13:51.373921+00:00,105,/dev/ttyACM0,115200,2.0,3072,8,1.604377122999722,1914.7617826014916,0,768,0,OK
2026-01-22T19:13:51.374239+00:00,2026-01-22T19:13:52.977493+00:00,106,/dev/ttyACM0,115200,2.0,3072,8,1.6032317909994163,1916.1296683650396,0,768,0,OK
2026-01-22T19:13:52.977834+00:00,2026-01-22T19:13:54.590631+00:00,107,/dev/ttyACM0,115200,2.0,3072,8,1.6127678009979718,1904.799933443031,0,768,0,OK
2026-01-22T19:13:54.591085+00:00,2026-01-22T19:13:56.200169+00:00,108,/dev/ttyACM0,115200,2.0,3072,8,1.6090519360004691,1909.1987842455226,0,768,0,OK
2026-01-22T19:13:56.200547+00:00,2026-01-22T19:13:57.808438+00:00,109,/dev/ttyACM0,115200,2.0,3072,8,1.607867143000476,1910.6056202300854,0,768,0,OK
2026-01-22T19:13:57.808749+00:00,2026-01-22T19:13:59.416989+00:00,110,/dev/ttyACM0,115200,2.0,3072,8,1.6082173350005178,1910.1895826778978,0,768,0,OK
2026-01-22T19:13:59.417357+00:00,2026-01-22T19:14:01.024440+00:00,111,/dev/ttyACM0,115200,2.0,3072,8,1.6070657870004652,1911.5583349787973,0,768,0,OK
2026-01-22T19:14:01.024662+00:00,2026-01-22T19:14:02.627455+00:00,112,/dev/ttyACM0,115200,2.0,3072,8,1.6027731680005672,1916.677956265183,0,768,0,OK
2026-01-22T19:14:02.627770+00:00,2026-01-22T19:14:04.235326+00:00,113,/dev/ttyACM0,115200,2.0,3072,8,1.6075331789979828,1911.0025473408004,0,768,0,OK
2026-01-22T19:14:04.235650+00:00,2026-01-22T19:14:05.844015+00:00,114,/dev/ttyACM0,115200,2.0,3072,8,1.6083436290027748,1910.0395864438121,0,768,0,OK
2026-01-22T19:14:05.844326+00:00,2026-01-22T19:14:07.449178+00:00,115,/dev/ttyACM0,115200,2.0,3072,8,1.6048278620000929,1914.2239941992123,0,768,0,OK
2026-01-22T19:14:07.449499+00:00,2026-01-22T19:14:09.057453+00:00,116,/dev/ttyACM0,115200,2.0,3072,8,1.6079315710012452,1910.5290644222453,0,768,0,OK
2026-01-22T19:14:09.057797+00:00,2026-01-22T19:14:10.666857+00:00,117,/dev/ttyACM0,115200,2.0,3072,8,1.6090315870023915,1909.2229293789708,0,768,0,OK
2026-01-22T19:14:10.667305+00:00,2026-01-22T19:14:12.273855+00:00,118,/dev/ttyACM0,115200,2.0,3072,8,1.606525593000697,1912.2010961942187,0,768,0,OK
2026-01-22T19:14:12.274187+00:00,2026-01-22T19:14:13.881609+00:00,119,/dev/ttyACM0,115200,2.0,3072,8,1.6073981330009701,1911.1631007463327,0,768,0,OK
2026-01-22T19:14:13.881927+00:00,2026-01-22T19:14:15.486368+00:00,120,/dev/ttyACM0,115200,2.0,3072,8,1.6044159589982883,1914.7154344675012,0,768,0,OK
2026-01-22T19:14:25.539503+00:00,2026-01-22T19:14:27.551383+00:00,121,/dev/ttyACM0,115200,2.0,4096,8,2.011859734000609,2035.92722234917,0,1024,0,OK
2026-01-22T19:14:27.551706+00:00,2026-01-22T19:14:29.563038+00:00,122,/dev/ttyACM0,115200,2.0,4096,8,2.011302192997391,2036.4915895089032,0,1024,0,OK
2026-01-22T19:14:29.563492+00:00,2026-01-22T19:14:31.571604+00:00,123,/dev/ttyACM0,115200,2.0,4096,8,2.00808500200219,2039.754291235692,0,1024,0,OK
2026-01-22T19:14:31.571921+00:00,2026-01-22T19:14:33.579355+00:00,124,/dev/ttyACM0,115200,2.0,4096,8,2.007411034999677,2040.4391171440675,0,1024,0,OK
2026-01-22T19:14:33.579673+00:00,2026-01-22T19:14:35.591425+00:00,125,/dev/ttyACM0,115200,2.0,4096,8,2.0117290190028143,2036.0595096601676,0,1024,0,OK
2026-01-22T19:14:35.591737+00:00,2026-01-22T19:14:37.598858+00:00,126,/dev/ttyACM0,115200,2.0,4096,8,2.007103186999302,2040.7520781847197,0,1024,0,OK
2026-01-22T19:14:37.599068+00:00,2026-01-22T19:14:39.609474+00:00,127,/dev/ttyACM0,115200,2.0,4096,8,2.0103868109981704,2037.4188577004784,0,1024,0,OK
2026-01-22T19:14:39.609832+00:00,2026-01-22T19:14:41.618559+00:00,128,/dev/ttyACM0,115200,2.0,4096,8,2.008702301001904,2039.1274495762714,0,1024,0,OK
2026-01-22T19:14:41.618875+00:00,2026-01-22T19:14:43.628354+00:00,129,/dev/ttyACM0,115200,2.0,4096,8,2.009456461000809,2038.3621538930922,0,1024,0,OK
2026-01-22T19:14:43.628671+00:00,2026-01-22T19:14:45.638232+00:00,130,/dev/ttyACM0,115200,2.0,4096,8,2.009538253001665,2038.2791887050514,0,1024,0,OK
2026-01-22T19:14:45.638589+00:00,2026-01-22T19:14:47.652235+00:00,131,/dev/ttyACM0,115200,2.0,4096,8,2.0136229650015594,2034.1444606025477,0,1024,0,OK
2026-01-22T19:14:47.652549+00:00,2026-01-22T19:14:49.660867+00:00,132,/dev/ttyACM0,115200,2.0,4096,8,2.0082943130000785,2039.5417013760373,0,1024,0,OK
2026-01-22T19:14:49.661186+00:00,2026-01-22T19:14:51.669797+00:00,133,/dev/ttyACM0,115200,2.0,4096,8,2.008593522998126,2039.2378811846947,0,1024,0,OK
2026-01-22T19:14:51.670005+00:00,2026-01-22T19:14:53.678071+00:00,134,/dev/ttyACM0,115200,2.0,4096,8,2.0080483439996897,2039.7915280473112,0,1024,0,OK
2026-01-22T19:14:53.678391+00:00,2026-01-22T19:14:55.687662+00:00,135,/dev/ttyACM0,115200,2.0,4096,8,2.0092487930014613,2038.5728309341437,0,1024,0,OK
2026-01-22T19:14:55.687990+00:00,2026-01-22T19:14:57.698013+00:00,136,/dev/ttyACM0,115200,2.0,4096,8,2.0100009980014875,2037.8099334640076,0,1024,0,OK
2026-01-22T19:14:57.698338+00:00,2026-01-22T19:14:59.698417+00:00,137,/dev/ttyACM0,115200,2.0,4096,8,2.0000566340022488,2047.9420084238448,0,1024,0,OK
2026-01-22T19:14:59.698743+00:00,2026-01-22T19:15:01.708779+00:00,138,/dev/ttyACM0,115200,2.0,4096,8,2.0100133040032233,2037.7974572816217,0,1024,0,OK
2026-01-22T19:15:01.709099+00:00,2026-01-22T19:15:03.719620+00:00,139,/dev/ttyACM0,115200,2.0,4096,8,2.010496127000806,2037.308077837624,0,1024,0,OK
2026-01-22T19:15:03.719936+00:00,2026-01-22T19:15:05.726890+00:00,140,/dev/ttyACM0,115200,2.0,4096,8,2.0069322399976954,2040.925905901389,0,1024,0,OK
2026-01-22T19:15:05.727241+00:00,2026-01-22T19:15:07.741678+00:00,141,/dev/ttyACM0,115200,2.0,4096,8,2.01441266600159,2033.3470242371714,0,1024,0,OK
2026-01-22T19:15:07.741998+00:00,2026-01-22T19:15:09.746751+00:00,142,/dev/ttyACM0,115200,2.0,4096,8,2.004730278000352,2043.167624567239,0,1024,0,OK
2026-01-22T19:15:09.747077+00:00,2026-01-22T19:15:11.753981+00:00,143,/dev/ttyACM0,115200,2.0,4096,8,2.006881137000164,2040.97787581112,0,1024,0,OK
2026-01-22T19:15:11.754299+00:00,2026-01-22T19:15:13.764993+00:00,144,/dev/ttyACM0,115200,2.0,4096,8,2.0106702070006577,2037.1316915816121,0,1024,0,OK
2026-01-22T19:15:13.765317+00:00,2026-01-22T19:15:15.774772+00:00,145,/dev/ttyACM0,115200,2.0,4096,8,2.009432545000891,2038.3864142093826,0,1024,0,OK
2026-01-22T19:15:15.775087+00:00,2026-01-22T19:15:17.781585+00:00,146,/dev/ttyACM0,115200,2.0,4096,8,2.006457216000854,2041.409090278981,0,1024,0,OK
2026-01-22T19:15:17.781902+00:00,2026-01-22T19:15:19.790114+00:00,147,/dev/ttyACM0,115200,2.0,4096,8,2.0081901399971684,2039.6475007121464,0,1024,0,OK
2026-01-22T19:15:19.790434+00:00,2026-01-22T19:15:21.797868+00:00,148,/dev/ttyACM0,115200,2.0,4096,8,2.0074116889991274,2040.4384523845326,0,1024,0,OK
2026-01-22T19:15:21.798191+00:00,2026-01-22T19:15:23.805608+00:00,149,/dev/ttyACM0,115200,2.0,4096,8,2.0073914419990615,2040.459032704153,0,1024,0,OK
2026-01-22T19:15:23.805927+00:00,2026-01-22T19:15:25.813296+00:00,150,/dev/ttyACM0,115200,2.0,4096,8,2.007344584002567,2040.5066637003276,0,1024,0,OK
2026-01-22T19:15:37.897953+00:00,2026-01-22T19:15:40.314250+00:00,151,/dev/ttyACM0,115200,2.0,5120,8,2.416279125998699,2118.9604896676815,0,1280,0,OK
2026-01-22T19:15:40.314573+00:00,2026-01-22T19:15:42.731699+00:00,152,/dev/ttyACM0,115200,2.0,5120,8,2.4171055749975494,2118.2359814817733,0,1280,0,OK
2026-01-22T19:15:42.732282+00:00,2026-01-22T19:15:45.148374+00:00,153,/dev/ttyACM0,115200,2.0,5120,8,2.4160680819986737,2119.1455812638023,0,1280,0,OK
2026-01-22T19:15:45.148696+00:00,2026-01-22T19:15:47.560863+00:00,154,/dev/ttyACM0,115200,2.0,5120,8,2.412142764998862,2122.594099442707,0,1280,0,OK
2026-01-22T19:15:47.561182+00:00,2026-01-22T19:15:49.974555+00:00,155,/dev/ttyACM0,115200,2.0,5120,8,2.413350620001438,2121.5317648278346,0,1280,0,OK
2026-01-22T19:15:49.974871+00:00,2026-01-22T19:15:52.381801+00:00,156,/dev/ttyACM0,115200,2.0,5120,8,2.406906734002405,2127.211631289941,0,1280,0,OK
2026-01-22T19:15:52.382183+00:00,2026-01-22T19:15:54.790112+00:00,157,/dev/ttyACM0,115200,2.0,5120,8,2.4079056919981667,2126.3291236922323,0,1280,0,OK
2026-01-22T19:15:54.790427+00:00,2026-01-22T19:15:57.193791+00:00,158,/dev/ttyACM0,115200,2.0,5120,8,2.4033420199994,2130.3667798398824,0,1280,0,OK
2026-01-22T19:15:57.194119+00:00,2026-01-22T19:15:59.598145+00:00,159,/dev/ttyACM0,115200,2.0,5120,8,2.404003781000938,2129.7803441341603,0,1280,0,OK
2026-01-22T19:15:59.598460+00:00,2026-01-22T19:16:02.009627+00:00,160,/dev/ttyACM0,115200,2.0,5120,8,2.4111437989995466,2123.4735158162016,0,1280,0,OK
2026-01-22T19:16:02.009973+00:00,2026-01-22T19:16:04.423127+00:00,161,/dev/ttyACM0,115200,2.0,5120,8,2.4131191480009875,2121.735267088397,0,1280,0,OK
2026-01-22T19:16:04.423475+00:00,2026-01-22T19:16:06.846395+00:00,162,/dev/ttyACM0,115200,2.0,5120,8,2.422894440998789,2113.175016361581,0,1280,0,OK
2026-01-22T19:16:06.846776+00:00,2026-01-22T19:16:09.272474+00:00,163,/dev/ttyACM0,115200,2.0,5120,8,2.425673530000495,2110.7539562419825,0,1280,0,OK
2026-01-22T19:16:09.272683+00:00,2026-01-22T19:16:11.685248+00:00,164,/dev/ttyACM0,115200,2.0,5120,8,2.4125447229998827,2122.240450586768,0,1280,0,OK
2026-01-22T19:16:11.685690+00:00,2026-01-22T19:16:14.094804+00:00,165,/dev/ttyACM0,115200,2.0,5120,8,2.4090900010014593,2125.283819978338,0,1280,0,OK
2026-01-22T19:16:14.095122+00:00,2026-01-22T19:16:16.506192+00:00,166,/dev/ttyACM0,115200,2.0,5120,8,2.41104551400349,2123.560078091744,0,1280,0,OK
2026-01-22T19:16:16.506510+00:00,2026-01-22T19:16:18.920992+00:00,167,/dev/ttyACM0,115200,2.0,5120,8,2.414454924997699,2120.561434794596,0,1280,0,OK
2026-01-22T19:16:18.921314+00:00,2026-01-22T19:16:21.332124+00:00,168,/dev/ttyACM0,115200,2.0,5120,8,2.410787464999885,2123.787382476806,0,1280,0,OK
2026-01-22T19:16:21.332430+00:00,2026-01-22T19:16:23.743023+00:00,169,/dev/ttyACM0,115200,2.0,5120,8,2.410568728002545,2123.9800966979915,0,1280,0,OK
2026-01-22T19:16:23.743362+00:00,2026-01-22T19:16:26.160303+00:00,170,/dev/ttyACM0,115200,2.0,5120,8,2.416917996000848,2118.400379521277,0,1280,0,OK
2026-01-22T19:16:26.160659+00:00,2026-01-22T19:16:28.579650+00:00,171,/dev/ttyACM0,115200,2.0,5120,8,2.418966608001938,2116.606315714755,0,1280,0,OK
2026-01-22T19:16:28.579974+00:00,2026-01-22T19:16:30.992480+00:00,172,/dev/ttyACM0,115200,2.0,5120,8,2.412482421997993,2122.2952562529636,0,1280,0,OK
2026-01-22T19:16:30.992795+00:00,2026-01-22T19:16:33.404852+00:00,173,/dev/ttyACM0,115200,2.0,5120,8,2.4120330679979816,2122.690633030859,0,1280,0,OK
2026-01-22T19:16:33.405170+00:00,2026-01-22T19:16:35.817225+00:00,174,/dev/ttyACM0,115200,2.0,5120,8,2.4120318870009214,2122.691672358494,0,1280,0,OK
2026-01-22T19:16:35.817550+00:00,2026-01-22T19:16:38.234312+00:00,175,/dev/ttyACM0,115200,2.0,5120,8,2.416723667000042,2118.5707203155844,0,1280,0,OK
2026-01-22T19:16:38.234631+00:00,2026-01-22T19:16:40.643978+00:00,176,/dev/ttyACM0,115200,2.0,5120,8,2.40932476099988,2125.076736386164,0,1280,0,OK
2026-01-22T19:16:40.644298+00:00,2026-01-22T19:16:43.052068+00:00,177,/dev/ttyACM0,115200,2.0,5120,8,2.407747040000686,2126.469232415105,0,1280,0,OK
2026-01-22T19:16:43.052384+00:00,2026-01-22T19:16:45.465518+00:00,178,/dev/ttyACM0,115200,2.0,5120,8,2.413109999997687,2121.7433105017626,0,1280,0,OK
2026-01-22T19:16:45.465882+00:00,2026-01-22T19:16:47.877221+00:00,179,/dev/ttyACM0,115200,2.0,5120,8,2.411318771999504,2123.319429788379,0,1280,0,OK
2026-01-22T19:16:47.877425+00:00,2026-01-22T19:16:50.295385+00:00,180,/dev/ttyACM0,115200,2.0,5120,8,2.417939725000906,2117.5052244108697,0,1280,0,OK
2026-01-22T19:17:04.389700+00:00,2026-01-22T19:17:07.210188+00:00,181,/dev/ttyACM0,115200,2.0,6144,8,2.820468075999088,2178.361830180838,0,1536,0,OK
2026-01-22T19:17:07.210521+00:00,2026-01-22T19:17:10.027471+00:00,182,/dev/ttyACM0,115200,2.0,6144,8,2.816927379997651,2181.0998904789385,0,1536,0,OK
2026-01-22T19:17:10.027786+00:00,2026-01-22T19:17:12.844708+00:00,183,/dev/ttyACM0,115200,2.0,6144,8,2.816899663001095,2181.1213514982805,0,1536,0,OK
2026-01-22T19:17:12.845030+00:00,2026-01-22T19:17:15.658627+00:00,184,/dev/ttyACM0,115200,2.0,6144,8,2.8135744289975264,2183.699118345023,0,1536,0,OK
2026-01-22T19:17:15.658951+00:00,2026-01-22T19:17:18.464713+00:00,185,/dev/ttyACM0,115200,2.0,6144,8,2.805738733997714,2189.7976192693523,0,1536,0,OK
2026-01-22T19:17:18.465031+00:00,2026-01-22T19:17:21.274007+00:00,186,/dev/ttyACM0,115200,2.0,6144,8,2.808952171999408,2187.29249335232,0,1536,0,OK
2026-01-22T19:17:21.274332+00:00,2026-01-22T19:17:24.076203+00:00,187,/dev/ttyACM0,115200,2.0,6144,8,2.801849745999789,2192.837074426211,0,1536,0,OK
2026-01-22T19:17:24.076530+00:00,2026-01-22T19:17:26.882359+00:00,188,/dev/ttyACM0,115200,2.0,6144,8,2.8058082570023544,2189.7433599272654,0,1536,0,OK
2026-01-22T19:17:26.882700+00:00,2026-01-22T19:17:29.688812+00:00,189,/dev/ttyACM0,115200,2.0,6144,8,2.8060895210001036,2189.5238744237386,0,1536,0,OK
2026-01-22T19:17:29.689137+00:00,2026-01-22T19:17:32.507588+00:00,190,/dev/ttyACM0,115200,2.0,6144,8,2.8184262690010655,2179.939942930498,0,1536,0,OK
2026-01-22T19:17:32.507969+00:00,2026-01-22T19:17:35.321793+00:00,191,/dev/ttyACM0,115200,2.0,6144,8,2.8138040699996054,2183.520901652851,0,1536,0,OK
2026-01-22T19:17:35.322017+00:00,2026-01-22T19:17:38.131182+00:00,192,/dev/ttyACM0,115200,2.0,6144,8,2.809146880001208,2187.1408874132485,0,1536,0,OK
2026-01-22T19:17:38.131566+00:00,2026-01-22T19:17:40.947113+00:00,193,/dev/ttyACM0,115200,2.0,6144,8,2.8155207349991542,2182.189576381097,0,1536,0,OK
2026-01-22T19:17:40.947484+00:00,2026-01-22T19:17:43.771787+00:00,194,/dev/ttyACM0,115200,2.0,6144,8,2.824272986003052,2175.4271029922884,0,1536,0,OK
2026-01-22T19:17:43.772114+00:00,2026-01-22T19:17:46.583758+00:00,195,/dev/ttyACM0,115200,2.0,6144,8,2.811618545998499,2185.2181935363005,0,1536,0,OK
2026-01-22T19:17:46.584090+00:00,2026-01-22T19:17:49.403648+00:00,196,/dev/ttyACM0,115200,2.0,6144,8,2.8195305990011548,2179.086122412209,0,1536,0,OK
2026-01-22T19:17:49.404007+00:00,2026-01-22T19:17:52.213004+00:00,197,/dev/ttyACM0,115200,2.0,6144,8,2.8089742100019066,2187.275332796961,0,1536,0,OK
2026-01-22T19:17:52.213202+00:00,2026-01-22T19:17:55.032917+00:00,198,/dev/ttyACM0,115200,2.0,6144,8,2.8197005440015346,2178.954787617566,0,1536,0,OK
2026-01-22T19:17:55.033135+00:00,2026-01-22T19:17:57.841550+00:00,199,/dev/ttyACM0,115200,2.0,6144,8,2.808394331997988,2187.726961985765,0,1536,0,OK
2026-01-22T19:17:57.841915+00:00,2026-01-22T19:18:00.647565+00:00,200,/dev/ttyACM0,115200,2.0,6144,8,2.805627762001677,2189.884233115999,0,1536,0,OK
2026-01-22T19:18:00.647907+00:00,2026-01-22T19:18:03.458306+00:00,201,/dev/ttyACM0,115200,2.0,6144,8,2.8103722039995773,2186.187292649769,0,1536,0,OK
2026-01-22T19:18:03.458614+00:00,2026-01-22T19:18:06.258170+00:00,202,/dev/ttyACM0,115200,2.0,6144,8,2.799532185999851,2194.6523889689356,0,1536,0,OK
2026-01-22T19:18:06.258481+00:00,2026-01-22T19:18:09.069822+00:00,203,/dev/ttyACM0,115200,2.0,6144,8,2.8113177429986536,2185.4520056657084,0,1536,0,OK
2026-01-22T19:18:09.070136+00:00,2026-01-22T19:18:11.878525+00:00,204,/dev/ttyACM0,115200,2.0,6144,8,2.808356105000712,2187.7567410556157,0,1536,0,OK
2026-01-22T19:18:11.879142+00:00,2026-01-22T19:18:14.687031+00:00,205,/dev/ttyACM0,115200,2.0,6144,8,2.8078665920002095,2188.138146415021,0,1536,0,OK
2026-01-22T19:18:14.687356+00:00,2026-01-22T19:18:17.498109+00:00,206,/dev/ttyACM0,115200,2.0,6144,8,2.8107287229977373,2185.909991856922,0,1536,0,OK
2026-01-22T19:18:17.498427+00:00,2026-01-22T19:18:20.309831+00:00,207,/dev/ttyACM0,115200,2.0,6144,8,2.811381055998936,2185.4027887432435,0,1536,0,OK
2026-01-22T19:18:20.310151+00:00,2026-01-22T19:18:23.127656+00:00,208,/dev/ttyACM0,115200,2.0,6144,8,2.817481966998457,2180.670567537075,0,1536,0,OK
2026-01-22T19:18:23.127985+00:00,2026-01-22T19:18:25.941003+00:00,209,/dev/ttyACM0,115200,2.0,6144,8,2.812996028998896,2184.1481241573456,0,1536,0,OK
2026-01-22T19:18:25.941320+00:00,2026-01-22T19:18:28.755077+00:00,210,/dev/ttyACM0,115200,2.0,6144,8,2.813733848000993,2183.5753955069285,0,1536,0,OK
2026-01-22T19:18:44.846961+00:00,2026-01-22T19:18:48.061304+00:00,211,/dev/ttyACM0,115200,2.0,7168,8,3.214321903997188,2230.0193366091285,0,1792,0,OK
2026-01-22T19:18:48.061687+00:00,2026-01-22T19:18:51.274448+00:00,212,/dev/ttyACM0,115200,2.0,7168,8,3.2127410430002783,2231.116639673526,0,1792,0,OK
2026-01-22T19:18:51.274673+00:00,2026-01-22T19:18:54.481367+00:00,213,/dev/ttyACM0,115200,2.0,7168,8,3.2066742339993652,2235.3377602252,0,1792,0,OK
2026-01-22T19:18:54.481819+00:00,2026-01-22T19:18:57.690646+00:00,214,/dev/ttyACM0,115200,2.0,7168,8,3.20880379600203,2233.8542508990054,0,1792,0,OK
2026-01-22T19:18:57.690971+00:00,2026-01-22T19:19:00.903853+00:00,215,/dev/ttyACM0,115200,2.0,7168,8,3.212858969000081,2231.034747918255,0,1792,0,OK
2026-01-22T19:19:00.904183+00:00,2026-01-22T19:19:04.119189+00:00,216,/dev/ttyACM0,115200,2.0,7168,8,3.2149834320007358,2229.56047880447,0,1792,0,OK
2026-01-22T19:19:04.119504+00:00,2026-01-22T19:19:07.335274+00:00,217,/dev/ttyACM0,115200,2.0,7168,8,3.21574723500089,2229.030914489153,0,1792,0,OK
2026-01-22T19:19:07.335599+00:00,2026-01-22T19:19:10.544741+00:00,218,/dev/ttyACM0,115200,2.0,7168,8,3.2091195249995508,2233.634473306507,0,1792,0,OK
2026-01-22T19:19:10.545085+00:00,2026-01-22T19:19:13.751472+00:00,219,/dev/ttyACM0,115200,2.0,7168,8,3.206362315999286,2235.5552160255606,0,1792,0,OK
2026-01-22T19:19:13.751793+00:00,2026-01-22T19:19:16.969725+00:00,220,/dev/ttyACM0,115200,2.0,7168,8,3.2179073379993497,2227.5346202033643,0,1792,0,OK
2026-01-22T19:19:16.970159+00:00,2026-01-22T19:19:20.190998+00:00,221,/dev/ttyACM0,115200,2.0,7168,8,3.2208027160013444,2225.5321520900657,0,1792,0,OK
2026-01-22T19:19:20.191388+00:00,2026-01-22T19:19:23.403263+00:00,222,/dev/ttyACM0,115200,2.0,7168,8,3.2118496889997914,2231.7358201878374,0,1792,0,OK
2026-01-22T19:19:23.403574+00:00,2026-01-22T19:19:26.614556+00:00,223,/dev/ttyACM0,115200,2.0,7168,8,3.210959283998818,2232.3546846951044,0,1792,0,OK
2026-01-22T19:19:26.614876+00:00,2026-01-22T19:19:29.824845+00:00,224,/dev/ttyACM0,115200,2.0,7168,8,3.209946934999607,2233.0587218884593,0,1792,0,OK
2026-01-22T19:19:29.825166+00:00,2026-01-22T19:19:33.037177+00:00,225,/dev/ttyACM0,115200,2.0,7168,8,3.2119870280002942,2231.6403950306812,0,1792,0,OK
2026-01-22T19:19:33.037496+00:00,2026-01-22T19:19:36.250127+00:00,226,/dev/ttyACM0,115200,2.0,7168,8,3.212613520998275,2231.20520197918,0,1792,0,OK
2026-01-22T19:19:36.250339+00:00,2026-01-22T19:19:39.463156+00:00,227,/dev/ttyACM0,115200,2.0,7168,8,3.212799659999291,2231.075933319036,0,1792,0,OK
2026-01-22T19:19:39.463403+00:00,2026-01-22T19:19:42.679823+00:00,228,/dev/ttyACM0,115200,2.0,7168,8,3.2163990439985355,2228.579197402368,0,1792,0,OK
2026-01-22T19:19:42.680163+00:00,2026-01-22T19:19:45.890713+00:00,229,/dev/ttyACM0,115200,2.0,7168,8,3.2105275120011356,2232.654905838871,0,1792,0,OK
2026-01-22T19:19:45.891037+00:00,2026-01-22T19:19:49.107776+00:00,230,/dev/ttyACM0,115200,2.0,7168,8,3.2167155879978964,2228.3598919173974,0,1792,0,OK
2026-01-22T19:19:49.108148+00:00,2026-01-22T19:19:52.332790+00:00,231,/dev/ttyACM0,115200,2.0,7168,8,3.2246163980016718,2222.9000647773432,0,1792,0,OK
2026-01-22T19:19:52.333120+00:00,2026-01-22T19:19:55.545029+00:00,232,/dev/ttyACM0,115200,2.0,7168,8,3.211882895000599,2231.712747422151,0,1792,0,OK
2026-01-22T19:19:55.545437+00:00,2026-01-22T19:19:58.754335+00:00,233,/dev/ttyACM0,115200,2.0,7168,8,3.2088763489991834,2233.8037432435276,0,1792,0,OK
2026-01-22T19:19:58.754660+00:00,2026-01-22T19:20:01.973091+00:00,234,/dev/ttyACM0,115200,2.0,7168,8,3.2184139040000446,2227.184014800323,0,1792,0,OK
2026-01-22T19:20:01.973291+00:00,2026-01-22T19:20:05.184188+00:00,235,/dev/ttyACM0,115200,2.0,7168,8,3.2108826479998243,2232.407965599493,0,1792,0,OK
2026-01-22T19:20:05.184399+00:00,2026-01-22T19:20:08.398361+00:00,236,/dev/ttyACM0,115200,2.0,7168,8,3.213943132002896,2230.282150491249,0,1792,0,OK
2026-01-22T19:20:08.398685+00:00,2026-01-22T19:20:11.613663+00:00,237,/dev/ttyACM0,115200,2.0,7168,8,3.2149550809990615,2229.580140128276,0,1792,0,OK
2026-01-22T19:20:11.613981+00:00,2026-01-22T19:20:14.831931+00:00,238,/dev/ttyACM0,115200,2.0,7168,8,3.2179325219985913,2227.5171871994703,0,1792,0,OK
2026-01-22T19:20:14.832161+00:00,2026-01-22T19:20:18.041349+00:00,239,/dev/ttyACM0,115200,2.0,7168,8,3.209167716999218,2233.600930867692,0,1792,0,OK
2026-01-22T19:20:18.041746+00:00,2026-01-22T19:20:21.258078+00:00,240,/dev/ttyACM0,115200,2.0,7168,8,3.2163087150001957,2228.6417863341094,0,1792,0,OK
2026-01-22T19:20:39.344030+00:00,2026-01-22T19:20:42.966915+00:00,241,/dev/ttyACM0,115200,2.0,8192,8,3.6228633460013953,2261.1948664974143,0,2048,0,OK
2026-01-22T19:20:42.967343+00:00,2026-01-22T19:20:46.577517+00:00,242,/dev/ttyACM0,115200,2.0,8192,8,3.6101515640002617,2269.1568081764353,0,2048,0,OK
2026-01-22T19:20:46.577870+00:00,2026-01-22T19:20:50.202192+00:00,243,/dev/ttyACM0,115200,2.0,8192,8,3.624304207001842,2260.295916709686,0,2048,0,OK
2026-01-22T19:20:50.202397+00:00,2026-01-22T19:20:53.817401+00:00,244,/dev/ttyACM0,115200,2.0,8192,8,3.614979340996797,2266.1263667806,0,2048,0,OK
2026-01-22T19:20:53.817776+00:00,2026-01-22T19:20:57.441386+00:00,245,/dev/ttyACM0,115200,2.0,8192,8,3.6235790600003384,2260.7482448580095,0,2048,0,OK
2026-01-22T19:20:57.441949+00:00,2026-01-22T19:21:01.055756+00:00,246,/dev/ttyACM0,115200,2.0,8192,8,3.613777801998367,2266.879827384501,0,2048,0,OK
2026-01-22T19:21:01.056108+00:00,2026-01-22T19:21:04.676621+00:00,247,/dev/ttyACM0,115200,2.0,8192,8,3.6204911610002455,2262.676425851781,0,2048,0,OK
2026-01-22T19:21:04.676928+00:00,2026-01-22T19:21:08.297544+00:00,248,/dev/ttyACM0,115200,2.0,8192,8,3.6205875539999397,2262.6161853066283,0,2048,0,OK
2026-01-22T19:21:08.297885+00:00,2026-01-22T19:21:11.916764+00:00,249,/dev/ttyACM0,115200,2.0,8192,8,3.618853249001404,2263.70052509328,0,2048,0,OK
2026-01-22T19:21:11.917166+00:00,2026-01-22T19:21:15.528598+00:00,250,/dev/ttyACM0,115200,2.0,8192,8,3.6113968639983796,2268.3743461332515,0,2048,0,OK
2026-01-22T19:21:15.528960+00:00,2026-01-22T19:21:19.150992+00:00,251,/dev/ttyACM0,115200,2.0,8192,8,3.622010056002182,2261.727569316021,0,2048,0,OK
2026-01-22T19:21:19.151327+00:00,2026-01-22T19:21:22.770821+00:00,252,/dev/ttyACM0,115200,2.0,8192,8,3.619470404999447,2263.31454145465,0,2048,0,OK
2026-01-22T19:21:22.771234+00:00,2026-01-22T19:21:26.387659+00:00,253,/dev/ttyACM0,115200,2.0,8192,8,3.616402048999589,2265.2348629948833,0,2048,0,OK
2026-01-22T19:21:26.387976+00:00,2026-01-22T19:21:30.000923+00:00,254,/dev/ttyACM0,115200,2.0,8192,8,3.6129184819983493,2267.4189968075075,0,2048,0,OK
2026-01-22T19:21:30.001374+00:00,2026-01-22T19:21:33.617868+00:00,255,/dev/ttyACM0,115200,2.0,8192,8,3.616471632001776,2265.1912785682753,0,2048,0,OK
2026-01-22T19:21:33.618096+00:00,2026-01-22T19:21:37.236010+00:00,256,/dev/ttyACM0,115200,2.0,8192,8,3.6178952299997036,2264.299953208062,0,2048,0,OK
2026-01-22T19:21:37.236337+00:00,2026-01-22T19:21:40.847839+00:00,257,/dev/ttyACM0,115200,2.0,8192,8,3.6114826319972053,2268.320475203199,0,2048,0,OK
2026-01-22T19:21:40.848043+00:00,2026-01-22T19:21:44.468467+00:00,258,/dev/ttyACM0,115200,2.0,8192,8,3.6204041830023925,2262.730785270056,0,2048,0,OK
2026-01-22T19:21:44.468832+00:00,2026-01-22T19:21:48.082547+00:00,259,/dev/ttyACM0,115200,2.0,8192,8,3.6136911939975107,2266.934156855253,0,2048,0,OK
2026-01-22T19:21:48.082863+00:00,2026-01-22T19:21:51.702733+00:00,260,/dev/ttyACM0,115200,2.0,8192,8,3.6198467950016493,2263.0792030512625,0,2048,0,OK
2026-01-22T19:21:51.703083+00:00,2026-01-22T19:21:55.327365+00:00,261,/dev/ttyACM0,115200,2.0,8192,8,3.6242596990014135,2260.323674447813,0,2048,0,OK
2026-01-22T19:21:55.327688+00:00,2026-01-22T19:21:58.946168+00:00,262,/dev/ttyACM0,115200,2.0,8192,8,3.6184577269996225,2263.9479629330085,0,2048,0,OK
2026-01-22T19:21:58.946494+00:00,2026-01-22T19:22:02.558964+00:00,263,/dev/ttyACM0,115200,2.0,8192,8,3.6124474890020792,2267.714624209804,0,2048,0,OK
2026-01-22T19:22:02.559290+00:00,2026-01-22T19:22:06.167320+00:00,264,/dev/ttyACM0,115200,2.0,8192,8,3.608006946997193,2270.5056060986494,0,2048,0,OK
2026-01-22T19:22:06.167643+00:00,2026-01-22T19:22:09.786864+00:00,265,/dev/ttyACM0,115200,2.0,8192,8,3.619198361000599,2263.4846678409635,0,2048,0,OK
2026-01-22T19:22:09.787196+00:00,2026-01-22T19:22:13.408492+00:00,266,/dev/ttyACM0,115200,2.0,8192,8,3.621277635000297,2262.1850147094087,0,2048,0,OK
2026-01-22T19:22:13.408690+00:00,2026-01-22T19:22:17.028351+00:00,267,/dev/ttyACM0,115200,2.0,8192,8,3.6196419460029574,2263.207279119454,0,2048,0,OK
2026-01-22T19:22:17.028698+00:00,2026-01-22T19:22:20.645469+00:00,268,/dev/ttyACM0,115200,2.0,8192,8,3.616747985000984,2265.018197002679,0,2048,0,OK
2026-01-22T19:22:20.645704+00:00,2026-01-22T19:22:24.264777+00:00,269,/dev/ttyACM0,115200,2.0,8192,8,3.619059901997389,2263.571264868749,0,2048,0,OK
2026-01-22T19:22:24.264985+00:00,2026-01-22T19:22:27.875348+00:00,270,/dev/ttyACM0,115200,2.0,8192,8,3.610344474000158,2269.0355612863445,0,2048,0,OK
2026-01-22T19:22:47.975245+00:00,2026-01-22T19:22:51.996762+00:00,271,/dev/ttyACM0,115200,2.0,9216,8,4.021497397003259,2291.683691469646,0,2304,0,OK
2026-01-22T19:22:51.997087+00:00,2026-01-22T19:22:56.007203+00:00,272,/dev/ttyACM0,115200,2.0,9216,8,4.010098782997375,2298.197749909652,0,2304,0,OK
2026-01-22T19:22:56.007407+00:00,2026-01-22T19:23:00.022337+00:00,273,/dev/ttyACM0,115200,2.0,9216,8,4.014912999002263,2295.442018865726,0,2304,0,OK
2026-01-22T19:23:00.022682+00:00,2026-01-22T19:23:04.039370+00:00,274,/dev/ttyACM0,115200,2.0,9216,8,4.016665203998855,2294.4406695446924,0,2304,0,OK
2026-01-22T19:23:04.039693+00:00,2026-01-22T19:23:08.057384+00:00,275,/dev/ttyACM0,115200,2.0,9216,8,4.017666747997282,2293.8686999348497,0,2304,0,OK
2026-01-22T19:23:08.057747+00:00,2026-01-22T19:23:12.075573+00:00,276,/dev/ttyACM0,115200,2.0,9216,8,4.017806302999816,2293.789024403455,0,2304,0,OK
2026-01-22T19:23:12.075777+00:00,2026-01-22T19:23:16.096302+00:00,277,/dev/ttyACM0,115200,2.0,9216,8,4.020506823002506,2292.2483173694777,0,2304,0,OK
2026-01-22T19:23:16.096643+00:00,2026-01-22T19:23:20.110283+00:00,278,/dev/ttyACM0,115200,2.0,9216,8,4.013610988000437,2296.186657738689,0,2304,0,OK
2026-01-22T19:23:20.110705+00:00,2026-01-22T19:23:24.127509+00:00,279,/dev/ttyACM0,115200,2.0,9216,8,4.016782311999123,2294.3737758627167,0,2304,0,OK
2026-01-22T19:23:24.127826+00:00,2026-01-22T19:23:28.145964+00:00,280,/dev/ttyACM0,115200,2.0,9216,8,4.018113368998456,2293.6137320329403,0,2304,0,OK
2026-01-22T19:23:28.146366+00:00,2026-01-22T19:23:32.157628+00:00,281,/dev/ttyACM0,115200,2.0,9216,8,4.0112427469975955,2297.5423282218835,0,2304,0,OK
2026-01-22T19:23:32.157849+00:00,2026-01-22T19:23:36.171614+00:00,282,/dev/ttyACM0,115200,2.0,9216,8,4.013747500001045,2296.1085618857687,0,2304,0,OK
2026-01-22T19:23:36.171935+00:00,2026-01-22T19:23:40.190570+00:00,283,/dev/ttyACM0,115200,2.0,9216,8,4.018612070998643,2293.329098996556,0,2304,0,OK
2026-01-22T19:23:40.190934+00:00,2026-01-22T19:23:44.201807+00:00,284,/dev/ttyACM0,115200,2.0,9216,8,4.010847681001906,2297.768634708624,0,2304,0,OK
2026-01-22T19:23:44.202157+00:00,2026-01-22T19:23:48.217670+00:00,285,/dev/ttyACM0,115200,2.0,9216,8,4.015489736000745,2295.1123289829993,0,2304,0,OK
2026-01-22T19:23:48.217996+00:00,2026-01-22T19:23:52.236304+00:00,286,/dev/ttyACM0,115200,2.0,9216,8,4.01828426299835,2293.5161867127927,0,2304,0,OK
2026-01-22T19:23:52.236676+00:00,2026-01-22T19:23:56.252430+00:00,287,/dev/ttyACM0,115200,2.0,9216,8,4.015730850002001,2294.974524997214,0,2304,0,OK
2026-01-22T19:23:56.252748+00:00,2026-01-22T19:24:00.262722+00:00,288,/dev/ttyACM0,115200,2.0,9216,8,4.009956117999536,2298.2795144894567,0,2304,0,OK
2026-01-22T19:24:00.263042+00:00,2026-01-22T19:24:04.278291+00:00,289,/dev/ttyACM0,115200,2.0,9216,8,4.015230660999805,2295.26041667185,0,2304,0,OK
2026-01-22T19:24:04.278501+00:00,2026-01-22T19:24:08.286848+00:00,290,/dev/ttyACM0,115200,2.0,9216,8,4.008328120002261,2299.2129696195634,0,2304,0,OK
2026-01-22T19:24:08.287213+00:00,2026-01-22T19:24:12.308182+00:00,291,/dev/ttyACM0,115200,2.0,9216,8,4.020941586000845,2292.000468767333,0,2304,0,OK
2026-01-22T19:24:12.308505+00:00,2026-01-22T19:24:16.332987+00:00,292,/dev/ttyACM0,115200,2.0,9216,8,4.024459745000058,2289.9968154607213,0,2304,0,OK
2026-01-22T19:24:16.333316+00:00,2026-01-22T19:24:20.355994+00:00,293,/dev/ttyACM0,115200,2.0,9216,8,4.022650916998828,2291.026537016979,0,2304,0,OK
2026-01-22T19:24:20.356473+00:00,2026-01-22T19:24:24.379855+00:00,294,/dev/ttyACM0,115200,2.0,9216,8,4.023358635000477,2290.6235402002403,0,2304,0,OK
2026-01-22T19:24:24.380190+00:00,2026-01-22T19:24:28.399255+00:00,295,/dev/ttyACM0,115200,2.0,9216,8,4.019042480998905,2293.083500254376,0,2304,0,OK
2026-01-22T19:24:28.399579+00:00,2026-01-22T19:24:32.418567+00:00,296,/dev/ttyACM0,115200,2.0,9216,8,4.01896929600116,2293.125257057784,0,2304,0,OK
2026-01-22T19:24:32.418835+00:00,2026-01-22T19:24:36.440268+00:00,297,/dev/ttyACM0,115200,2.0,9216,8,4.021407905998785,2291.7346897966695,0,2304,0,OK
2026-01-22T19:24:36.440649+00:00,2026-01-22T19:24:40.463876+00:00,298,/dev/ttyACM0,115200,2.0,9216,8,4.023201944997709,2290.7127521795946,0,2304,0,OK
2026-01-22T19:24:40.464203+00:00,2026-01-22T19:24:44.484865+00:00,299,/dev/ttyACM0,115200,2.0,9216,8,4.020639312999265,2292.17278212533,0,2304,0,OK
2026-01-22T19:24:44.485198+00:00,2026-01-22T19:24:48.507971+00:00,300,/dev/ttyACM0,115200,2.0,9216,8,4.02274987599958,2290.9701781321896,0,2304,0,OK
2026-01-22T19:25:11.017176+00:00,2026-01-22T19:25:15.540017+00:00,301,/dev/ttyACM0,115200,2.0,10240,8,4.5228202319995034,2264.0740676692726,0,2560,0,OK
2026-01-22T19:25:15.540344+00:00,2026-01-22T19:25:20.054699+00:00,302,/dev/ttyACM0,115200,2.0,10240,8,4.514332279002701,2268.3310326155706,0,2560,0,OK
2026-01-22T19:25:20.055027+00:00,2026-01-22T19:25:24.578815+00:00,303,/dev/ttyACM0,115200,2.0,10240,8,4.523764671001118,2263.6013905944114,0,2560,0,OK
2026-01-22T19:25:24.579150+00:00,2026-01-22T19:25:28.995251+00:00,304,/dev/ttyACM0,115200,2.0,10240,8,4.4160775569980615,2318.799855263614,0,2560,0,OK
2026-01-22T19:25:28.995585+00:00,2026-01-22T19:25:33.516904+00:00,305,/dev/ttyACM0,115200,2.0,10240,8,4.521296565002558,2264.8370556498116,0,2560,0,OK
2026-01-22T19:25:33.517231+00:00,2026-01-22T19:25:38.034947+00:00,306,/dev/ttyACM0,115200,2.0,10240,8,4.517693347999739,2266.643441953376,0,2560,0,OK
2026-01-22T19:25:38.035273+00:00,2026-01-22T19:25:42.558636+00:00,307,/dev/ttyACM0,115200,2.0,10240,8,4.523340953001025,2263.81343047029,0,2560,0,OK
2026-01-22T19:25:42.558957+00:00,2026-01-22T19:25:47.085970+00:00,308,/dev/ttyACM0,115200,2.0,10240,8,4.526995236999937,2261.986033540892,0,2560,0,OK
2026-01-22T19:25:47.086195+00:00,2026-01-22T19:25:51.504908+00:00,309,/dev/ttyACM0,115200,2.0,10240,8,4.41869591700015,2317.425818011919,0,2560,0,OK
2026-01-22T19:25:51.505238+00:00,2026-01-22T19:25:56.037911+00:00,310,/dev/ttyACM0,115200,2.0,10240,8,4.532649280001351,2259.1644240334754,0,2560,0,OK
2026-01-22T19:25:56.038310+00:00,2026-01-22T19:26:00.566522+00:00,311,/dev/ttyACM0,115200,2.0,10240,8,4.528188586999022,2261.3899141480724,0,2560,0,OK
2026-01-22T19:26:00.566830+00:00,2026-01-22T19:26:05.092793+00:00,312,/dev/ttyACM0,115200,2.0,10240,8,4.5259395920002135,2262.5136265847705,0,2560,0,OK
2026-01-22T19:26:05.093126+00:00,2026-01-22T19:26:09.612363+00:00,313,/dev/ttyACM0,115200,2.0,10240,8,4.5192142730011255,2265.8806114098697,0,2560,0,OK
2026-01-22T19:26:09.612688+00:00,2026-01-22T19:26:14.131254+00:00,314,/dev/ttyACM0,115200,2.0,10240,8,4.518547021001723,2266.215213077473,0,2560,0,OK
2026-01-22T19:26:14.131459+00:00,2026-01-22T19:26:18.651913+00:00,315,/dev/ttyACM0,115200,2.0,10240,8,4.5204351259999385,2265.268655467071,0,2560,0,OK
2026-01-22T19:26:18.652238+00:00,2026-01-22T19:26:23.080358+00:00,316,/dev/ttyACM0,115200,2.0,10240,8,4.428100615998119,2312.503912626621,0,2560,0,OK
2026-01-22T19:26:23.080563+00:00,2026-01-22T19:26:27.603112+00:00,317,/dev/ttyACM0,115200,2.0,10240,8,4.522531634000188,2264.2185458728786,0,2560,0,OK
2026-01-22T19:26:27.603437+00:00,2026-01-22T19:26:32.130369+00:00,318,/dev/ttyACM0,115200,2.0,10240,8,4.52690529100073,2262.0309774000852,0,2560,0,OK
2026-01-22T19:26:32.130841+00:00,2026-01-22T19:26:36.657463+00:00,319,/dev/ttyACM0,115200,2.0,10240,8,4.526587930002279,2262.189569350715,0,2560,0,OK
2026-01-22T19:26:36.657946+00:00,2026-01-22T19:26:41.175965+00:00,320,/dev/ttyACM0,115200,2.0,10240,8,4.517971969002247,2266.5036592206684,0,2560,0,OK
2026-01-22T19:26:41.176198+00:00,2026-01-22T19:26:45.707647+00:00,321,/dev/ttyACM0,115200,2.0,10240,8,4.531429537000804,2259.7725323513473,0,2560,0,OK
2026-01-22T19:26:45.707982+00:00,2026-01-22T19:26:50.127957+00:00,322,/dev/ttyACM0,115200,2.0,10240,8,4.41995189500085,2316.767295947693,0,2560,0,OK
2026-01-22T19:26:50.128312+00:00,2026-01-22T19:26:54.656370+00:00,323,/dev/ttyACM0,115200,2.0,10240,8,4.528031876998284,2261.4681782647444,0,2560,0,OK
2026-01-22T19:26:54.656697+00:00,2026-01-22T19:26:59.078431+00:00,324,/dev/ttyACM0,115200,2.0,10240,8,4.4217109979981615,2315.8456092304423,0,2560,0,OK
2026-01-22T19:26:59.078778+00:00,2026-01-22T19:27:03.608155+00:00,325,/dev/ttyACM0,115200,2.0,10240,8,4.529346626997722,2260.811733631344,0,2560,0,OK
2026-01-22T19:27:03.608623+00:00,2026-01-22T19:27:08.030410+00:00,326,/dev/ttyACM0,115200,2.0,10240,8,4.421759421999013,2315.8202477172863,0,2560,0,OK
2026-01-22T19:27:08.030732+00:00,2026-01-22T19:27:12.550248+00:00,327,/dev/ttyACM0,115200,2.0,10240,8,4.519498755002132,2265.7379844759284,0,2560,0,OK
2026-01-22T19:27:12.550467+00:00,2026-01-22T19:27:17.066121+00:00,328,/dev/ttyACM0,115200,2.0,10240,8,4.515636696000001,2267.6757873525785,0,2560,0,OK
2026-01-22T19:27:17.066458+00:00,2026-01-22T19:27:21.584766+00:00,329,/dev/ttyACM0,115200,2.0,10240,8,4.518285905000084,2266.3461797908976,0,2560,0,OK
2026-01-22T19:27:21.585095+00:00,2026-01-22T19:27:26.108604+00:00,330,/dev/ttyACM0,115200,2.0,10240,8,4.523476005997509,2263.7458420080407,0,2560,0,OK
2026-01-22T19:27:50.704564+00:00,2026-01-22T19:27:55.624392+00:00,331,/dev/ttyACM0,115200,2.0,11264,8,4.919807255999331,2289.5205876743257,0,2816,0,OK
2026-01-22T19:27:55.624728+00:00,2026-01-22T19:28:00.548796+00:00,332,/dev/ttyACM0,115200,2.0,11264,8,4.92404602500028,2287.549698522438,0,2816,0,OK
2026-01-22T19:28:00.549133+00:00,2026-01-22T19:28:05.467702+00:00,333,/dev/ttyACM0,115200,2.0,11264,8,4.918546885997785,2290.1072737695304,0,2816,0,OK
2026-01-22T19:28:05.468031+00:00,2026-01-22T19:28:10.387619+00:00,334,/dev/ttyACM0,115200,2.0,11264,8,4.91956984799981,2289.631075078586,0,2816,0,OK
2026-01-22T19:28:10.387838+00:00,2026-01-22T19:28:15.317610+00:00,335,/dev/ttyACM0,115200,2.0,11264,8,4.929749039001763,2284.9033309575684,0,2816,0,OK
2026-01-22T19:28:15.317968+00:00,2026-01-22T19:28:20.248208+00:00,336,/dev/ttyACM0,115200,2.0,11264,8,4.9302032019986655,2284.6928490561327,0,2816,0,OK
2026-01-22T19:28:20.248684+00:00,2026-01-22T19:28:25.178378+00:00,337,/dev/ttyACM0,115200,2.0,11264,8,4.929668641998433,2284.94059499985,0,2816,0,OK
2026-01-22T19:28:25.178762+00:00,2026-01-22T19:28:30.103078+00:00,338,/dev/ttyACM0,115200,2.0,11264,8,4.92428712200126,2287.4376982758554,0,2816,0,OK
2026-01-22T19:28:30.103409+00:00,2026-01-22T19:28:35.027980+00:00,339,/dev/ttyACM0,115200,2.0,11264,8,4.924548031998711,2287.316506369482,0,2816,0,OK
2026-01-22T19:28:35.028432+00:00,2026-01-22T19:28:39.940934+00:00,340,/dev/ttyACM0,115200,2.0,11264,8,4.912475512999663,2292.937638099688,0,2816,0,OK
2026-01-22T19:28:39.941310+00:00,2026-01-22T19:28:44.869882+00:00,341,/dev/ttyACM0,115200,2.0,11264,8,4.928545136997855,2285.4614672071943,0,2816,0,OK
2026-01-22T19:28:44.870218+00:00,2026-01-22T19:28:49.792621+00:00,342,/dev/ttyACM0,115200,2.0,11264,8,4.922378129998833,2288.3248101873614,0,2816,0,OK
2026-01-22T19:28:49.792953+00:00,2026-01-22T19:28:54.712359+00:00,343,/dev/ttyACM0,115200,2.0,11264,8,4.919381208997947,2289.718873462628,0,2816,0,OK
2026-01-22T19:28:54.712691+00:00,2026-01-22T19:28:59.627287+00:00,344,/dev/ttyACM0,115200,2.0,11264,8,4.914571547997184,2291.959714085427,0,2816,0,OK
2026-01-22T19:28:59.627624+00:00,2026-01-22T19:29:04.552861+00:00,345,/dev/ttyACM0,115200,2.0,11264,8,4.925214332000905,2287.00707029412,0,2816,0,OK
2026-01-22T19:29:04.553206+00:00,2026-01-22T19:29:09.475369+00:00,346,/dev/ttyACM0,115200,2.0,11264,8,4.922140750000835,2288.435169188953,0,2816,0,OK
2026-01-22T19:29:09.476163+00:00,2026-01-22T19:29:14.393919+00:00,347,/dev/ttyACM0,115200,2.0,11264,8,4.9177211960013665,2290.4917849264893,0,2816,0,OK
2026-01-22T19:29:14.394275+00:00,2026-01-22T19:29:19.318843+00:00,348,/dev/ttyACM0,115200,2.0,11264,8,4.924539310999535,2287.320557039831,0,2816,0,OK
2026-01-22T19:29:19.319173+00:00,2026-01-22T19:29:24.237015+00:00,349,/dev/ttyACM0,115200,2.0,11264,8,4.917819409001822,2290.4460418741305,0,2816,0,OK
2026-01-22T19:29:24.237434+00:00,2026-01-22T19:29:29.148513+00:00,350,/dev/ttyACM0,115200,2.0,11264,8,4.911055084998225,2293.6008261051857,0,2816,0,OK
2026-01-22T19:29:29.148868+00:00,2026-01-22T19:29:34.062532+00:00,351,/dev/ttyACM0,115200,2.0,11264,8,4.913641790997644,2292.393397629624,0,2816,0,OK
2026-01-22T19:29:34.062869+00:00,2026-01-22T19:29:38.985145+00:00,352,/dev/ttyACM0,115200,2.0,11264,8,4.922248431998014,2288.385106037359,0,2816,0,OK
2026-01-22T19:29:38.985474+00:00,2026-01-22T19:29:43.918053+00:00,353,/dev/ttyACM0,115200,2.0,11264,8,4.932557361000363,2283.6024349275017,0,2816,0,OK
2026-01-22T19:29:43.918392+00:00,2026-01-22T19:29:48.836842+00:00,354,/dev/ttyACM0,115200,2.0,11264,8,4.9184244539974316,2290.1642803205455,0,2816,0,OK
2026-01-22T19:29:48.837243+00:00,2026-01-22T19:29:53.760902+00:00,355,/dev/ttyACM0,115200,2.0,11264,8,4.923636188999808,2287.7401106859966,0,2816,0,OK
2026-01-22T19:29:53.761238+00:00,2026-01-22T19:29:58.675483+00:00,356,/dev/ttyACM0,115200,2.0,11264,8,4.9142203080009494,2292.1235300869266,0,2816,0,OK
2026-01-22T19:29:58.675808+00:00,2026-01-22T19:30:03.599629+00:00,357,/dev/ttyACM0,115200,2.0,11264,8,4.923797728002683,2287.6650549512306,0,2816,0,OK
2026-01-22T19:30:03.599952+00:00,2026-01-22T19:30:08.530010+00:00,358,/dev/ttyACM0,115200,2.0,11264,8,4.930028779999702,2284.7736803679836,0,2816,0,OK
2026-01-22T19:30:08.530487+00:00,2026-01-22T19:30:13.457393+00:00,359,/dev/ttyACM0,115200,2.0,11264,8,4.926879574999475,2286.234081538557,0,2816,0,OK
2026-01-22T19:30:13.457753+00:00,2026-01-22T19:30:18.387307+00:00,360,/dev/ttyACM0,115200,2.0,11264,8,4.929529067998374,2285.005290489894,0,2816,0,OK
2026-01-22T19:30:45.020829+00:00,2026-01-22T19:30:50.340245+00:00,361,/dev/ttyACM0,115200,2.0,12288,8,5.319394887003,2310.037186752868,0,3072,0,OK
2026-01-22T19:30:50.340583+00:00,2026-01-22T19:30:55.666523+00:00,362,/dev/ttyACM0,115200,2.0,12288,8,5.325916942998447,2307.2083420591157,0,3072,0,OK
2026-01-22T19:30:55.666853+00:00,2026-01-22T19:31:00.989097+00:00,363,/dev/ttyACM0,115200,2.0,12288,8,5.322227351996844,2308.807795553805,0,3072,0,OK
2026-01-22T19:31:00.989330+00:00,2026-01-22T19:31:06.311322+00:00,364,/dev/ttyACM0,115200,2.0,12288,8,5.321973316000367,2308.918002849895,0,3072,0,OK
2026-01-22T19:31:06.311657+00:00,2026-01-22T19:31:11.635136+00:00,365,/dev/ttyACM0,115200,2.0,12288,8,5.323455739002384,2308.2750383311673,0,3072,0,OK
2026-01-22T19:31:11.635473+00:00,2026-01-22T19:31:16.953611+00:00,366,/dev/ttyACM0,115200,2.0,12288,8,5.318113261997496,2310.593888213768,0,3072,0,OK
2026-01-22T19:31:16.953949+00:00,2026-01-22T19:31:22.279003+00:00,367,/dev/ttyACM0,115200,2.0,12288,8,5.325031829001091,2307.5918406867204,0,3072,0,OK
2026-01-22T19:31:22.279326+00:00,2026-01-22T19:31:27.594354+00:00,368,/dev/ttyACM0,115200,2.0,12288,8,5.315005879001546,2311.944761631829,0,3072,0,OK
2026-01-22T19:31:27.594683+00:00,2026-01-22T19:31:32.920820+00:00,369,/dev/ttyACM0,115200,2.0,12288,8,5.326114693001728,2307.1226791540694,0,3072,0,OK
2026-01-22T19:31:32.921212+00:00,2026-01-22T19:31:38.246315+00:00,370,/dev/ttyACM0,115200,2.0,12288,8,5.325074687003507,2307.5732684069876,0,3072,0,OK
2026-01-22T19:31:38.246695+00:00,2026-01-22T19:31:43.571274+00:00,371,/dev/ttyACM0,115200,2.0,12288,8,5.324555094997777,2307.7984509060902,0,3072,0,OK
2026-01-22T19:31:43.571486+00:00,2026-01-22T19:31:48.894867+00:00,372,/dev/ttyACM0,115200,2.0,12288,8,5.323363257997698,2308.315139219326,0,3072,0,OK
2026-01-22T19:31:48.895204+00:00,2026-01-22T19:31:54.211380+00:00,373,/dev/ttyACM0,115200,2.0,12288,8,5.316152873998362,2311.4459443221394,0,3072,0,OK
2026-01-22T19:31:54.211726+00:00,2026-01-22T19:31:59.533322+00:00,374,/dev/ttyACM0,115200,2.0,12288,8,5.3215731300006155,2309.091635089224,0,3072,0,OK
2026-01-22T19:31:59.533669+00:00,2026-01-22T19:32:04.852201+00:00,375,/dev/ttyACM0,115200,2.0,12288,8,5.318510102999426,2310.4214830897968,0,3072,0,OK
2026-01-22T19:32:04.852527+00:00,2026-01-22T19:32:10.166762+00:00,376,/dev/ttyACM0,115200,2.0,12288,8,5.31421238799885,2312.2899693941736,0,3072,0,OK
2026-01-22T19:32:10.167089+00:00,2026-01-22T19:32:15.485440+00:00,377,/dev/ttyACM0,115200,2.0,12288,8,5.3183256490010535,2310.5016147907504,0,3072,0,OK
2026-01-22T19:32:15.485814+00:00,2026-01-22T19:32:20.799122+00:00,378,/dev/ttyACM0,115200,2.0,12288,8,5.313285109998105,2312.6935117555513,0,3072,0,OK
2026-01-22T19:32:20.799459+00:00,2026-01-22T19:32:26.119880+00:00,379,/dev/ttyACM0,115200,2.0,12288,8,5.320398243002273,2309.6015446140636,0,3072,0,OK
2026-01-22T19:32:26.120216+00:00,2026-01-22T19:32:31.443878+00:00,380,/dev/ttyACM0,115200,2.0,12288,8,5.323639209000248,2308.1954876329087,0,3072,0,OK
2026-01-22T19:32:31.444272+00:00,2026-01-22T19:32:36.771118+00:00,381,/dev/ttyACM0,115200,2.0,12288,8,5.32681784399756,2306.8181341786517,0,3072,0,OK
2026-01-22T19:32:36.771467+00:00,2026-01-22T19:32:42.089522+00:00,382,/dev/ttyACM0,115200,2.0,12288,8,5.31803113800197,2310.6295696900916,0,3072,0,OK
2026-01-22T19:32:42.089876+00:00,2026-01-22T19:32:47.409514+00:00,383,/dev/ttyACM0,115200,2.0,12288,8,5.31962127999941,2309.938875949711,0,3072,0,OK
2026-01-22T19:32:47.409739+00:00,2026-01-22T19:32:52.738727+00:00,384,/dev/ttyACM0,115200,2.0,12288,8,5.328968394002004,2305.8871983235445,0,3072,0,OK
2026-01-22T19:32:52.739137+00:00,2026-01-22T19:32:58.052179+00:00,385,/dev/ttyACM0,115200,2.0,12288,8,5.313018879001902,2312.809398920941,0,3072,0,OK
2026-01-22T19:32:58.052538+00:00,2026-01-22T19:33:03.379358+00:00,386,/dev/ttyACM0,115200,2.0,12288,8,5.326795396998932,2306.8278550595255,0,3072,0,OK
2026-01-22T19:33:03.379766+00:00,2026-01-22T19:33:08.706227+00:00,387,/dev/ttyACM0,115200,2.0,12288,8,5.326434162001533,2306.984302493001,0,3072,0,OK
2026-01-22T19:33:08.706610+00:00,2026-01-22T19:33:14.029112+00:00,388,/dev/ttyACM0,115200,2.0,12288,8,5.322473997999623,2308.7008042910634,0,3072,0,OK
2026-01-22T19:33:14.029440+00:00,2026-01-22T19:33:19.352630+00:00,389,/dev/ttyACM0,115200,2.0,12288,8,5.3231674729977385,2308.4000385732784,0,3072,0,OK
2026-01-22T19:33:19.352960+00:00,2026-01-22T19:33:24.676507+00:00,390,/dev/ttyACM0,115200,2.0,12288,8,5.3235245270007,2308.2452119222453,0,3072,0,OK
2026-01-22T19:33:53.308388+00:00,2026-01-22T19:33:59.040210+00:00,391,/dev/ttyACM0,115200,2.0,13312,8,5.731801734000328,2322.4808913111715,0,3328,0,OK
2026-01-22T19:33:59.040551+00:00,2026-01-22T19:34:04.764842+00:00,392,/dev/ttyACM0,115200,2.0,13312,8,5.724262690000614,2325.53967574793,0,3328,0,OK
2026-01-22T19:34:04.765242+00:00,2026-01-22T19:34:10.487407+00:00,393,/dev/ttyACM0,115200,2.0,13312,8,5.722142737002287,2326.40124719676,0,3328,0,OK
2026-01-22T19:34:10.487739+00:00,2026-01-22T19:34:16.207602+00:00,394,/dev/ttyACM0,115200,2.0,13312,8,5.719840752997698,2327.3375212453852,0,3328,0,OK
2026-01-22T19:34:16.207946+00:00,2026-01-22T19:34:21.933215+00:00,395,/dev/ttyACM0,115200,2.0,13312,8,5.725246009998955,2325.1402606544816,0,3328,0,OK
2026-01-22T19:34:21.933554+00:00,2026-01-22T19:34:27.651573+00:00,396,/dev/ttyACM0,115200,2.0,13312,8,5.717983121001453,2328.0936159301787,0,3328,0,OK
2026-01-22T19:34:27.651896+00:00,2026-01-22T19:34:33.378956+00:00,397,/dev/ttyACM0,115200,2.0,13312,8,5.7270371339982376,2324.413075824854,0,3328,0,OK
2026-01-22T19:34:33.379326+00:00,2026-01-22T19:34:39.107067+00:00,398,/dev/ttyACM0,115200,2.0,13312,8,5.727719108999736,2324.136317907662,0,3328,0,OK
2026-01-22T19:34:39.107399+00:00,2026-01-22T19:34:44.833429+00:00,399,/dev/ttyACM0,115200,2.0,13312,8,5.726007544999447,2324.8310267466272,0,3328,0,OK
2026-01-22T19:34:44.833783+00:00,2026-01-22T19:34:50.565410+00:00,400,/dev/ttyACM0,115200,2.0,13312,8,5.731599963000917,2322.56265020809,0,3328,0,OK
2026-01-22T19:34:50.565810+00:00,2026-01-22T19:34:56.294401+00:00,401,/dev/ttyACM0,115200,2.0,13312,8,5.728566551999393,2323.792501870093,0,3328,0,OK
2026-01-22T19:34:56.294766+00:00,2026-01-22T19:35:02.017582+00:00,402,/dev/ttyACM0,115200,2.0,13312,8,5.722767553997983,2326.1472485808204,0,3328,0,OK
2026-01-22T19:35:02.017961+00:00,2026-01-22T19:35:07.750154+00:00,403,/dev/ttyACM0,115200,2.0,13312,8,5.73216786500052,2322.3325473910895,0,3328,0,OK
2026-01-22T19:35:07.750492+00:00,2026-01-22T19:35:13.474124+00:00,404,/dev/ttyACM0,115200,2.0,13312,8,5.723608688997047,2325.8054006366174,0,3328,0,OK
2026-01-22T19:35:13.474463+00:00,2026-01-22T19:35:19.200695+00:00,405,/dev/ttyACM0,115200,2.0,13312,8,5.726208496998879,2324.749440572563,0,3328,0,OK
2026-01-22T19:35:19.201022+00:00,2026-01-22T19:35:24.927618+00:00,406,/dev/ttyACM0,115200,2.0,13312,8,5.72657388800144,2324.6011071108096,0,3328,0,OK
2026-01-22T19:35:24.927950+00:00,2026-01-22T19:35:30.653664+00:00,407,/dev/ttyACM0,115200,2.0,13312,8,5.725691528998141,2324.9593402963646,0,3328,0,OK
2026-01-22T19:35:30.654012+00:00,2026-01-22T19:35:36.370926+00:00,408,/dev/ttyACM0,115200,2.0,13312,8,5.716891298998235,2328.5382393631744,0,3328,0,OK
2026-01-22T19:35:36.371273+00:00,2026-01-22T19:35:42.095300+00:00,409,/dev/ttyACM0,115200,2.0,13312,8,5.724004249001155,2325.644674761197,0,3328,0,OK
2026-01-22T19:35:42.095632+00:00,2026-01-22T19:35:47.816062+00:00,410,/dev/ttyACM0,115200,2.0,13312,8,5.720405304000451,2327.1078345953074,0,3328,0,OK
2026-01-22T19:35:47.816492+00:00,2026-01-22T19:35:53.547649+00:00,411,/dev/ttyACM0,115200,2.0,13312,8,5.731126577000396,2322.7544918345434,0,3328,0,OK
2026-01-22T19:35:53.548032+00:00,2026-01-22T19:35:59.284620+00:00,412,/dev/ttyACM0,115200,2.0,13312,8,5.736565366998548,2320.552307584883,0,3328,0,OK
2026-01-22T19:35:59.284946+00:00,2026-01-22T19:36:05.014833+00:00,413,/dev/ttyACM0,115200,2.0,13312,8,5.729862950000097,2323.266737121483,0,3328,0,OK
2026-01-22T19:36:05.015074+00:00,2026-01-22T19:36:10.745683+00:00,414,/dev/ttyACM0,115200,2.0,13312,8,5.730590947001474,2322.9715963177396,0,3328,0,OK
2026-01-22T19:36:10.746010+00:00,2026-01-22T19:36:16.466811+00:00,415,/dev/ttyACM0,115200,2.0,13312,8,5.720778404000157,2326.9560643516293,0,3328,0,OK
2026-01-22T19:36:16.467144+00:00,2026-01-22T19:36:22.192207+00:00,416,/dev/ttyACM0,115200,2.0,13312,8,5.7250412790017435,2325.223409100234,0,3328,0,OK
2026-01-22T19:36:22.192545+00:00,2026-01-22T19:36:27.817965+00:00,417,/dev/ttyACM0,115200,2.0,13312,8,5.625397075000365,2366.410730214833,0,3328,0,OK
2026-01-22T19:36:27.818296+00:00,2026-01-22T19:36:33.539554+00:00,418,/dev/ttyACM0,115200,2.0,13312,8,5.721234912001819,2326.7703921883235,0,3328,0,OK
2026-01-22T19:36:33.539892+00:00,2026-01-22T19:36:39.257023+00:00,419,/dev/ttyACM0,115200,2.0,13312,8,5.7171085930021945,2328.449737039111,0,3328,0,OK
2026-01-22T19:36:39.257361+00:00,2026-01-22T19:36:44.987332+00:00,420,/dev/ttyACM0,115200,2.0,13312,8,5.729949520002265,2323.2316364271805,0,3328,0,OK
2026-01-22T19:37:15.635540+00:00,2026-01-22T19:37:21.765812+00:00,421,/dev/ttyACM0,115200,2.0,14336,8,6.130246385000646,2338.56832167089,0,3584,0,OK
2026-01-22T19:37:21.766280+00:00,2026-01-22T19:37:27.891221+00:00,422,/dev/ttyACM0,115200,2.0,14336,8,6.124917747998552,2340.6028602889555,0,3584,0,OK
2026-01-22T19:37:27.891622+00:00,2026-01-22T19:37:34.018668+00:00,423,/dev/ttyACM0,115200,2.0,14336,8,6.127017740000156,2339.800635210767,0,3584,0,OK
2026-01-22T19:37:34.019319+00:00,2026-01-22T19:37:40.156155+00:00,424,/dev/ttyACM0,115200,2.0,14336,8,6.136815386998933,2336.0650591463673,0,3584,0,OK
2026-01-22T19:37:40.156393+00:00,2026-01-22T19:37:46.287732+00:00,425,/dev/ttyACM0,115200,2.0,14336,8,6.1313177890006045,2338.159673556367,0,3584,0,OK
2026-01-22T19:37:46.288079+00:00,2026-01-22T19:37:52.411441+00:00,426,/dev/ttyACM0,115200,2.0,14336,8,6.123344896001072,2341.2040712196867,0,3584,0,OK
2026-01-22T19:37:52.411654+00:00,2026-01-22T19:37:58.542775+00:00,427,/dev/ttyACM0,115200,2.0,14336,8,6.131103145999077,2338.2415298876717,0,3584,0,OK
2026-01-22T19:37:58.543110+00:00,2026-01-22T19:38:04.666987+00:00,428,/dev/ttyACM0,115200,2.0,14336,8,6.123854625999229,2341.0091969093396,0,3584,0,OK
2026-01-22T19:38:04.667330+00:00,2026-01-22T19:38:10.788938+00:00,429,/dev/ttyACM0,115200,2.0,14336,8,6.121583232998091,2341.877820548531,0,3584,0,OK
2026-01-22T19:38:10.789297+00:00,2026-01-22T19:38:16.918019+00:00,430,/dev/ttyACM0,115200,2.0,14336,8,6.1286996269991505,2339.1585283189124,0,3584,0,OK
2026-01-22T19:38:16.918394+00:00,2026-01-22T19:38:23.044037+00:00,431,/dev/ttyACM0,115200,2.0,14336,8,6.125618965998001,2340.3349244502583,0,3584,0,OK
2026-01-22T19:38:23.044375+00:00,2026-01-22T19:38:29.172605+00:00,432,/dev/ttyACM0,115200,2.0,14336,8,6.12821269000051,2339.3443937401603,0,3584,0,OK
2026-01-22T19:38:29.172818+00:00,2026-01-22T19:38:35.308314+00:00,433,/dev/ttyACM0,115200,2.0,14336,8,6.135478224001417,2336.5741799749053,0,3584,0,OK
2026-01-22T19:38:35.308685+00:00,2026-01-22T19:38:41.438088+00:00,434,/dev/ttyACM0,115200,2.0,14336,8,6.129365974000393,2338.9042293787957,0,3584,0,OK
2026-01-22T19:38:41.438423+00:00,2026-01-22T19:38:47.566756+00:00,435,/dev/ttyACM0,115200,2.0,14336,8,6.128309196999908,2339.3075543606938,0,3584,0,OK
2026-01-22T19:38:47.567113+00:00,2026-01-22T19:38:53.688007+00:00,436,/dev/ttyACM0,115200,2.0,14336,8,6.120869489001052,2342.150902867835,0,3584,0,OK
2026-01-22T19:38:53.688472+00:00,2026-01-22T19:38:59.815730+00:00,437,/dev/ttyACM0,115200,2.0,14336,8,6.127234485000372,2339.7178670238422,0,3584,0,OK
2026-01-22T19:38:59.816057+00:00,2026-01-22T19:39:05.945523+00:00,438,/dev/ttyACM0,115200,2.0,14336,8,6.129441851000593,2338.8752758393066,0,3584,0,OK
2026-01-22T19:39:05.945880+00:00,2026-01-22T19:39:12.069422+00:00,439,/dev/ttyACM0,115200,2.0,14336,8,6.123518868000247,2341.137556530743,0,3584,0,OK
2026-01-22T19:39:12.069786+00:00,2026-01-22T19:39:18.197895+00:00,440,/dev/ttyACM0,115200,2.0,14336,8,6.128085732998443,2339.3928584914665,0,3584,0,OK
2026-01-22T19:39:18.198258+00:00,2026-01-22T19:39:24.327177+00:00,441,/dev/ttyACM0,115200,2.0,14336,8,6.128896240999893,2339.083488491423,0,3584,0,OK
2026-01-22T19:39:24.327515+00:00,2026-01-22T19:39:30.446843+00:00,442,/dev/ttyACM0,115200,2.0,14336,8,6.119306194999808,2342.749250186924,0,3584,0,OK
2026-01-22T19:39:30.447188+00:00,2026-01-22T19:39:36.580120+00:00,443,/dev/ttyACM0,115200,2.0,14336,8,6.132908086001407,2337.553375815701,0,3584,0,OK
2026-01-22T19:39:36.580458+00:00,2026-01-22T19:39:42.710749+00:00,444,/dev/ttyACM0,115200,2.0,14336,8,6.130267756998364,2338.560168702893,0,3584,0,OK
2026-01-22T19:39:42.711084+00:00,2026-01-22T19:39:48.842234+00:00,445,/dev/ttyACM0,115200,2.0,14336,8,6.131127324999397,2338.232308689073,0,3584,0,OK
2026-01-22T19:39:48.842568+00:00,2026-01-22T19:39:54.965229+00:00,446,/dev/ttyACM0,115200,2.0,14336,8,6.122638091997942,2341.474342365036,0,3584,0,OK
2026-01-22T19:39:54.965581+00:00,2026-01-22T19:40:01.096753+00:00,447,/dev/ttyACM0,115200,2.0,14336,8,6.131147291998786,2338.2246938853737,0,3584,0,OK
2026-01-22T19:40:01.097092+00:00,2026-01-22T19:40:07.223408+00:00,448,/dev/ttyACM0,115200,2.0,14336,8,6.12629083900174,2340.0782588924567,0,3584,0,OK
2026-01-22T19:40:07.223745+00:00,2026-01-22T19:40:13.352399+00:00,449,/dev/ttyACM0,115200,2.0,14336,8,6.128630466002505,2339.184925494599,0,3584,0,OK
2026-01-22T19:40:13.352737+00:00,2026-01-22T19:40:19.490412+00:00,450,/dev/ttyACM0,115200,2.0,14336,8,6.137651605000428,2335.7467843760087,0,3584,0,OK
2026-01-22T19:40:52.146648+00:00,2026-01-22T19:40:58.678373+00:00,451,/dev/ttyACM0,115200,2.0,15360,8,6.531704107997939,2351.6068312390316,0,3840,0,OK
2026-01-22T19:40:58.678715+00:00,2026-01-22T19:41:05.207819+00:00,452,/dev/ttyACM0,115200,2.0,15360,8,6.52908107300027,2352.551580882991,0,3840,0,OK
2026-01-22T19:41:05.208162+00:00,2026-01-22T19:41:11.742845+00:00,453,/dev/ttyACM0,115200,2.0,15360,8,6.53465980600231,2350.543173784091,0,3840,0,OK
2026-01-22T19:41:11.743182+00:00,2026-01-22T19:41:18.275489+00:00,454,/dev/ttyACM0,115200,2.0,15360,8,6.532283536002069,2351.3982385095196,0,3840,0,OK
2026-01-22T19:41:18.275834+00:00,2026-01-22T19:41:24.810125+00:00,455,/dev/ttyACM0,115200,2.0,15360,8,6.5342663190021995,2350.684721149461,0,3840,0,OK
2026-01-22T19:41:24.810469+00:00,2026-01-22T19:41:31.329675+00:00,456,/dev/ttyACM0,115200,2.0,15360,8,6.519189610000467,2356.1210700847982,0,3840,0,OK
2026-01-22T19:41:31.329887+00:00,2026-01-22T19:41:37.864789+00:00,457,/dev/ttyACM0,115200,2.0,15360,8,6.534883149997768,2350.462838804585,0,3840,0,OK
2026-01-22T19:41:37.865130+00:00,2026-01-22T19:41:44.398920+00:00,458,/dev/ttyACM0,115200,2.0,15360,8,6.533762631002901,2350.8659355202676,0,3840,0,OK
2026-01-22T19:41:44.399273+00:00,2026-01-22T19:41:50.927424+00:00,459,/dev/ttyACM0,115200,2.0,15360,8,6.528128429999924,2352.89488629135,0,3840,0,OK
2026-01-22T19:41:50.927777+00:00,2026-01-22T19:41:57.462128+00:00,460,/dev/ttyACM0,115200,2.0,15360,8,6.534321538001677,2350.664856430892,0,3840,0,OK
2026-01-22T19:41:57.462485+00:00,2026-01-22T19:42:03.999380+00:00,461,/dev/ttyACM0,115200,2.0,15360,8,6.536841417000687,2349.7587015117865,0,3840,0,OK
2026-01-22T19:42:03.999747+00:00,2026-01-22T19:42:10.535428+00:00,462,/dev/ttyACM0,115200,2.0,15360,8,6.535658712997247,2350.18391787412,0,3840,0,OK
2026-01-22T19:42:10.535788+00:00,2026-01-22T19:42:17.063104+00:00,463,/dev/ttyACM0,115200,2.0,15360,8,6.527293381001073,2353.195896588347,0,3840,0,OK
2026-01-22T19:42:17.063454+00:00,2026-01-22T19:42:23.591586+00:00,464,/dev/ttyACM0,115200,2.0,15360,8,6.528106093002862,2352.902937111207,0,3840,0,OK
2026-01-22T19:42:23.591937+00:00,2026-01-22T19:42:30.130611+00:00,465,/dev/ttyACM0,115200,2.0,15360,8,6.538651514998492,2349.10821669681,0,3840,0,OK
2026-01-22T19:42:30.130954+00:00,2026-01-22T19:42:36.663043+00:00,466,/dev/ttyACM0,115200,2.0,15360,8,6.53206686500198,2351.4762352322223,0,3840,0,OK
2026-01-22T19:42:36.663388+00:00,2026-01-22T19:42:43.199900+00:00,467,/dev/ttyACM0,115200,2.0,15360,8,6.536489622998488,2349.8851655720823,0,3840,0,OK
2026-01-22T19:42:43.200240+00:00,2026-01-22T19:42:49.734322+00:00,468,/dev/ttyACM0,115200,2.0,15360,8,6.534065025000018,2350.7571383558366,0,3840,0,OK
2026-01-22T19:42:49.734537+00:00,2026-01-22T19:42:56.270024+00:00,469,/dev/ttyACM0,115200,2.0,15360,8,6.535466796001856,2350.2529321083307,0,3840,0,OK
2026-01-22T19:42:56.270365+00:00,2026-01-22T19:43:02.799407+00:00,470,/dev/ttyACM0,115200,2.0,15360,8,6.529017850996752,2352.57436118896,0,3840,0,OK
2026-01-22T19:43:02.799776+00:00,2026-01-22T19:43:09.332772+00:00,471,/dev/ttyACM0,115200,2.0,15360,8,6.532973599001707,2351.149865713086,0,3840,0,OK
2026-01-22T19:43:09.333103+00:00,2026-01-22T19:43:15.854984+00:00,472,/dev/ttyACM0,115200,2.0,15360,8,6.521854134996829,2355.1584690581963,0,3840,0,OK
2026-01-22T19:43:15.855332+00:00,2026-01-22T19:43:22.384826+00:00,473,/dev/ttyACM0,115200,2.0,15360,8,6.529471186000592,2352.41102417794,0,3840,0,OK
2026-01-22T19:43:22.385173+00:00,2026-01-22T19:43:28.915697+00:00,474,/dev/ttyACM0,115200,2.0,15360,8,6.5305011729979014,2352.040003225176,0,3840,0,OK
2026-01-22T19:43:28.916029+00:00,2026-01-22T19:43:35.443701+00:00,475,/dev/ttyACM0,115200,2.0,15360,8,6.527649333998852,2353.067576715312,0,3840,0,OK
2026-01-22T19:43:35.444046+00:00,2026-01-22T19:43:41.981665+00:00,476,/dev/ttyACM0,115200,2.0,15360,8,6.537592273001792,2349.4888268624504,0,3840,0,OK
2026-01-22T19:43:41.982010+00:00,2026-01-22T19:43:48.510401+00:00,477,/dev/ttyACM0,115200,2.0,15360,8,6.528367720999086,2352.8086432069645,0,3840,0,OK
2026-01-22T19:43:48.510739+00:00,2026-01-22T19:43:55.046382+00:00,478,/dev/ttyACM0,115200,2.0,15360,8,6.535618189998786,2350.1984897931825,0,3840,0,OK
2026-01-22T19:43:55.046723+00:00,2026-01-22T19:44:01.579494+00:00,479,/dev/ttyACM0,115200,2.0,15360,8,6.532747648998338,2351.231185603065,0,3840,0,OK
2026-01-22T19:44:01.579840+00:00,2026-01-22T19:44:08.110001+00:00,480,/dev/ttyACM0,115200,2.0,15360,8,6.530138892998366,2352.1704900440996,0,3840,0,OK
2026-01-22T19:44:42.809125+00:00,2026-01-22T19:44:49.751820+00:00,481,/dev/ttyACM0,115200,2.0,16384,8,6.942673286001082,2359.8978844411445,0,4096,0,OK
2026-01-22T19:44:49.752166+00:00,2026-01-22T19:44:56.697085+00:00,482,/dev/ttyACM0,115200,2.0,16384,8,6.944895995999104,2359.1426004707173,0,4096,0,OK
2026-01-22T19:44:56.697420+00:00,2026-01-22T19:45:03.628074+00:00,483,/dev/ttyACM0,115200,2.0,16384,8,6.93062924500191,2363.9989127705076,0,4096,0,OK
2026-01-22T19:45:03.628419+00:00,2026-01-22T19:45:10.564230+00:00,484,/dev/ttyACM0,115200,2.0,16384,8,6.93578673400043,2362.241030232776,0,4096,0,OK
2026-01-22T19:45:10.564562+00:00,2026-01-22T19:45:17.498317+00:00,485,/dev/ttyACM0,115200,2.0,16384,8,6.933731183999043,2362.9413320506746,0,4096,0,OK
2026-01-22T19:45:17.498653+00:00,2026-01-22T19:45:24.426709+00:00,486,/dev/ttyACM0,115200,2.0,16384,8,6.92803411299974,2364.884429373279,0,4096,0,OK
2026-01-22T19:45:24.427043+00:00,2026-01-22T19:45:31.355589+00:00,487,/dev/ttyACM0,115200,2.0,16384,8,6.92852252299781,2364.717722373951,0,4096,0,OK
2026-01-22T19:45:31.355929+00:00,2026-01-22T19:45:38.286808+00:00,488,/dev/ttyACM0,115200,2.0,16384,8,6.930856704002508,2363.9213303224674,0,4096,0,OK
2026-01-22T19:45:38.287152+00:00,2026-01-22T19:45:45.220171+00:00,489,/dev/ttyACM0,115200,2.0,16384,8,6.932994361002784,2363.1924601234246,0,4096,0,OK
2026-01-22T19:45:45.220536+00:00,2026-01-22T19:45:52.154333+00:00,490,/dev/ttyACM0,115200,2.0,16384,8,6.93377452400091,2362.9265623344995,0,4096,0,OK
2026-01-22T19:45:52.154706+00:00,2026-01-22T19:45:59.102987+00:00,491,/dev/ttyACM0,115200,2.0,16384,8,6.948257231997559,2358.0013596142803,0,4096,0,OK
2026-01-22T19:45:59.103333+00:00,2026-01-22T19:46:06.038929+00:00,492,/dev/ttyACM0,115200,2.0,16384,8,6.935572485002922,2362.3140029792503,0,4096,0,OK
2026-01-22T19:46:06.039271+00:00,2026-01-22T19:46:12.971930+00:00,493,/dev/ttyACM0,115200,2.0,16384,8,6.932633968001028,2363.315310691962,0,4096,0,OK
2026-01-22T19:46:12.972270+00:00,2026-01-22T19:46:19.900172+00:00,494,/dev/ttyACM0,115200,2.0,16384,8,6.92787706099989,2364.9380402883944,0,4096,0,OK
2026-01-22T19:46:19.900516+00:00,2026-01-22T19:46:26.834842+00:00,495,/dev/ttyACM0,115200,2.0,16384,8,6.934303398000338,2362.7463437386796,0,4096,0,OK
2026-01-22T19:46:26.835186+00:00,2026-01-22T19:46:33.770603+00:00,496,/dev/ttyACM0,115200,2.0,16384,8,6.9353920399989875,2362.3754656560686,0,4096,0,OK
2026-01-22T19:46:33.770945+00:00,2026-01-22T19:46:40.715330+00:00,497,/dev/ttyACM0,115200,2.0,16384,8,6.9443622609978775,2359.3239212214835,0,4096,0,OK
2026-01-22T19:46:40.715675+00:00,2026-01-22T19:46:47.754192+00:00,498,/dev/ttyACM0,115200,2.0,16384,8,7.038491844999953,2327.771397737566,0,4096,0,OK
2026-01-22T19:46:47.754535+00:00,2026-01-22T19:46:54.684057+00:00,499,/dev/ttyACM0,115200,2.0,16384,8,6.929497957000422,2364.384851784004,0,4096,0,OK
2026-01-22T19:46:54.684406+00:00,2026-01-22T19:47:01.615075+00:00,500,/dev/ttyACM0,115200,2.0,16384,8,6.9306454560028214,2363.9933833016044,0,4096,0,OK
2026-01-22T19:47:01.615452+00:00,2026-01-22T19:47:08.556484+00:00,501,/dev/ttyACM0,115200,2.0,16384,8,6.941007068002364,2360.4643878738116,0,4096,0,OK
2026-01-22T19:47:08.556832+00:00,2026-01-22T19:47:15.489037+00:00,502,/dev/ttyACM0,115200,2.0,16384,8,6.932180144998711,2363.4700277978777,0,4096,0,OK
2026-01-22T19:47:15.489384+00:00,2026-01-22T19:47:22.419042+00:00,503,/dev/ttyACM0,115200,2.0,16384,8,6.929635155000142,2364.3380399584203,0,4096,0,OK
2026-01-22T19:47:22.419376+00:00,2026-01-22T19:47:29.347521+00:00,504,/dev/ttyACM0,115200,2.0,16384,8,6.9281216750023304,2364.8545404616452,0,4096,0,OK
2026-01-22T19:47:29.347862+00:00,2026-01-22T19:47:36.283799+00:00,505,/dev/ttyACM0,115200,2.0,16384,8,6.935913958997844,2362.1976998064274,0,4096,0,OK
2026-01-22T19:47:36.284142+00:00,2026-01-22T19:47:43.215119+00:00,506,/dev/ttyACM0,115200,2.0,16384,8,6.9309550049983955,2363.8878030782703,0,4096,0,OK
2026-01-22T19:47:43.215461+00:00,2026-01-22T19:47:50.156160+00:00,507,/dev/ttyACM0,115200,2.0,16384,8,6.940675327001372,2360.5772101543457,0,4096,0,OK
2026-01-22T19:47:50.156499+00:00,2026-01-22T19:47:57.091361+00:00,508,/dev/ttyACM0,115200,2.0,16384,8,6.93483947400091,2362.5636990480466,0,4096,0,OK
2026-01-22T19:47:57.091699+00:00,2026-01-22T19:48:04.023838+00:00,509,/dev/ttyACM0,115200,2.0,16384,8,6.932114471001114,2363.492419021447,0,4096,0,OK
2026-01-22T19:48:04.024179+00:00,2026-01-22T19:48:10.961097+00:00,510,/dev/ttyACM0,115200,2.0,16384,8,6.936894799000584,2361.863697624546,0,4096,0,OK
2026-01-22T19:48:47.660304+00:00,2026-01-22T19:48:55.003993+00:00,511,/dev/ttyACM0,115200,2.0,17408,8,7.343668604000413,2370.4773375145373,0,4352,0,OK
2026-01-22T19:48:55.004342+00:00,2026-01-22T19:49:02.435524+00:00,512,/dev/ttyACM0,115200,2.0,17408,8,7.431157605999033,2342.569075098993,0,4352,0,OK
2026-01-22T19:49:02.435862+00:00,2026-01-22T19:49:09.764690+00:00,513,/dev/ttyACM0,115200,2.0,17408,8,7.328805283003021,2375.2848285344226,0,4352,0,OK
2026-01-22T19:49:09.765037+00:00,2026-01-22T19:49:16.999687+00:00,514,/dev/ttyACM0,115200,2.0,17408,8,7.234627342000749,2406.205486070798,0,4352,0,OK
2026-01-22T19:49:17.000036+00:00,2026-01-22T19:49:24.328314+00:00,515,/dev/ttyACM0,115200,2.0,17408,8,7.328255090000312,2375.463160903595,0,4352,0,OK
2026-01-22T19:49:24.328663+00:00,2026-01-22T19:49:31.662897+00:00,516,/dev/ttyACM0,115200,2.0,17408,8,7.334206327002903,2373.5356252397273,0,4352,0,OK
2026-01-22T19:49:31.663252+00:00,2026-01-22T19:49:38.999171+00:00,517,/dev/ttyACM0,115200,2.0,17408,8,7.335895588003041,2372.9890633215464,0,4352,0,OK
2026-01-22T19:49:38.999521+00:00,2026-01-22T19:49:46.444748+00:00,518,/dev/ttyACM0,115200,2.0,17408,8,7.4452001489989925,2338.1507080559154,0,4352,0,OK
2026-01-22T19:49:46.445202+00:00,2026-01-22T19:49:53.779042+00:00,519,/dev/ttyACM0,115200,2.0,17408,8,7.3338091320001695,2373.664174602301,0,4352,0,OK
2026-01-22T19:49:53.779396+00:00,2026-01-22T19:50:01.120584+00:00,520,/dev/ttyACM0,115200,2.0,17408,8,7.341163689001405,2371.286179884644,0,4352,0,OK
2026-01-22T19:50:01.120967+00:00,2026-01-22T19:50:08.470243+00:00,521,/dev/ttyACM0,115200,2.0,17408,8,7.349251985000592,2368.6764361228525,0,4352,0,OK
2026-01-22T19:50:08.470599+00:00,2026-01-22T19:50:15.801814+00:00,522,/dev/ttyACM0,115200,2.0,17408,8,7.3311905520022265,2374.512008182039,0,4352,0,OK
2026-01-22T19:50:15.802154+00:00,2026-01-22T19:50:23.130042+00:00,523,/dev/ttyACM0,115200,2.0,17408,8,7.3278657439987,2375.5893746083743,0,4352,0,OK
2026-01-22T19:50:23.130421+00:00,2026-01-22T19:50:30.364494+00:00,524,/dev/ttyACM0,115200,2.0,17408,8,7.234045368997613,2406.3990633241137,0,4352,0,OK
2026-01-22T19:50:30.364844+00:00,2026-01-22T19:50:37.705677+00:00,525,/dev/ttyACM0,115200,2.0,17408,8,7.340815241997916,2371.398737895785,0,4352,0,OK
2026-01-22T19:50:37.705899+00:00,2026-01-22T19:50:45.045545+00:00,526,/dev/ttyACM0,115200,2.0,17408,8,7.339626100001624,2371.7829440924993,0,4352,0,OK
2026-01-22T19:50:45.045921+00:00,2026-01-22T19:50:52.386457+00:00,527,/dev/ttyACM0,115200,2.0,17408,8,7.34051782700044,2371.494819611853,0,4352,0,OK
2026-01-22T19:50:52.386675+00:00,2026-01-22T19:50:59.726361+00:00,528,/dev/ttyACM0,115200,2.0,17408,8,7.339666707001015,2371.769822108571,0,4352,0,OK
2026-01-22T19:50:59.726697+00:00,2026-01-22T19:51:07.066981+00:00,529,/dev/ttyACM0,115200,2.0,17408,8,7.340260667999246,2371.5779026611795,0,4352,0,OK
2026-01-22T19:51:07.067328+00:00,2026-01-22T19:51:14.406645+00:00,530,/dev/ttyACM0,115200,2.0,17408,8,7.3392934020012035,2371.89045954388,0,4352,0,OK
2026-01-22T19:51:14.407015+00:00,2026-01-22T19:51:21.759922+00:00,531,/dev/ttyACM0,115200,2.0,17408,8,7.352884782001638,2367.506157938342,0,4352,0,OK
2026-01-22T19:51:21.760261+00:00,2026-01-22T19:51:29.096379+00:00,532,/dev/ttyACM0,115200,2.0,17408,8,7.336093524001626,2372.925037425701,0,4352,0,OK
2026-01-22T19:51:29.096723+00:00,2026-01-22T19:51:36.438212+00:00,533,/dev/ttyACM0,115200,2.0,17408,8,7.34146920999774,2371.1874969513574,0,4352,0,OK
2026-01-22T19:51:36.438462+00:00,2026-01-22T19:51:43.783246+00:00,534,/dev/ttyACM0,115200,2.0,17408,8,7.344764015997498,2370.1238000409476,0,4352,0,OK
2026-01-22T19:51:43.783591+00:00,2026-01-22T19:51:51.115817+00:00,535,/dev/ttyACM0,115200,2.0,17408,8,7.332202598001459,2374.1842600946275,0,4352,0,OK
2026-01-22T19:51:51.116165+00:00,2026-01-22T19:51:58.453530+00:00,536,/dev/ttyACM0,115200,2.0,17408,8,7.337340706999385,2372.5216935059057,0,4352,0,OK
2026-01-22T19:51:58.453901+00:00,2026-01-22T19:52:05.793687+00:00,537,/dev/ttyACM0,115200,2.0,17408,8,7.339763413001492,2371.7385725490635,0,4352,0,OK
2026-01-22T19:52:05.794030+00:00,2026-01-22T19:52:13.140342+00:00,538,/dev/ttyACM0,115200,2.0,17408,8,7.34628371999861,2369.633499535367,0,4352,0,OK
2026-01-22T19:52:13.140742+00:00,2026-01-22T19:52:20.579678+00:00,539,/dev/ttyACM0,115200,2.0,17408,8,7.438912123001501,2340.1271196864345,0,4352,0,OK
2026-01-22T19:52:20.580022+00:00,2026-01-22T19:52:27.916205+00:00,540,/dev/ttyACM0,115200,2.0,17408,8,7.336160006001592,2372.903533423317,0,4352,0,OK
2026-01-22T19:53:06.749129+00:00,2026-01-22T19:53:14.487025+00:00,541,/dev/ttyACM0,115200,2.0,18432,8,7.737880065000354,2382.0477760272906,0,4608,0,OK
2026-01-22T19:53:14.487246+00:00,2026-01-22T19:53:22.236014+00:00,542,/dev/ttyACM0,115200,2.0,18432,8,7.7487476489986875,2378.706964651485,0,4608,0,OK
2026-01-22T19:53:22.236358+00:00,2026-01-22T19:53:29.969690+00:00,543,/dev/ttyACM0,115200,2.0,18432,8,7.733307369999238,2383.456277905816,0,4608,0,OK
2026-01-22T19:53:29.970053+00:00,2026-01-22T19:53:37.702181+00:00,544,/dev/ttyACM0,115200,2.0,18432,8,7.732101693000004,2383.827933443605,0,4608,0,OK
2026-01-22T19:53:37.702618+00:00,2026-01-22T19:53:45.432708+00:00,545,/dev/ttyACM0,115200,2.0,18432,8,7.730062390000967,2384.4568219581593,0,4608,0,OK
2026-01-22T19:53:45.433055+00:00,2026-01-22T19:53:53.165449+00:00,546,/dev/ttyACM0,115200,2.0,18432,8,7.732371294001496,2383.7448176213297,0,4608,0,OK
2026-01-22T19:53:53.165820+00:00,2026-01-22T19:54:01.000528+00:00,547,/dev/ttyACM0,115200,2.0,18432,8,7.834686441998201,2352.614892306909,0,4608,0,OK
2026-01-22T19:54:01.000883+00:00,2026-01-22T19:54:08.835671+00:00,548,/dev/ttyACM0,115200,2.0,18432,8,7.834766081999987,2352.5909780952707,0,4608,0,OK
2026-01-22T19:54:08.836016+00:00,2026-01-22T19:54:16.577649+00:00,549,/dev/ttyACM0,115200,2.0,18432,8,7.7416055139983655,2380.9014766602704,0,4608,0,OK
2026-01-22T19:54:16.578003+00:00,2026-01-22T19:54:24.313733+00:00,550,/dev/ttyACM0,115200,2.0,18432,8,7.735704677998001,2382.717640763168,0,4608,0,OK
2026-01-22T19:54:24.314111+00:00,2026-01-22T19:54:32.065810+00:00,551,/dev/ttyACM0,115200,2.0,18432,8,7.751675308998529,2377.8085723744416,0,4608,0,OK
2026-01-22T19:54:32.066163+00:00,2026-01-22T19:54:39.801915+00:00,552,/dev/ttyACM0,115200,2.0,18432,8,7.7357288189996325,2382.7102049815117,0,4608,0,OK
2026-01-22T19:54:39.802261+00:00,2026-01-22T19:54:47.541325+00:00,553,/dev/ttyACM0,115200,2.0,18432,8,7.739040947999456,2381.690460594433,0,4608,0,OK
2026-01-22T19:54:47.541717+00:00,2026-01-22T19:54:55.279459+00:00,554,/dev/ttyACM0,115200,2.0,18432,8,7.737715433999256,2382.098457512462,0,4608,0,OK
2026-01-22T19:54:55.279800+00:00,2026-01-22T19:55:03.013064+00:00,555,/dev/ttyACM0,115200,2.0,18432,8,7.733242384998448,2383.476306879485,0,4608,0,OK
2026-01-22T19:55:03.013417+00:00,2026-01-22T19:55:10.849070+00:00,556,/dev/ttyACM0,115200,2.0,18432,8,7.835629647001042,2352.3316989662144,0,4608,0,OK
2026-01-22T19:55:10.849421+00:00,2026-01-22T19:55:18.584495+00:00,557,/dev/ttyACM0,115200,2.0,18432,8,7.735051517000102,2382.918841521629,0,4608,0,OK
2026-01-22T19:55:18.584845+00:00,2026-01-22T19:55:26.419844+00:00,558,/dev/ttyACM0,115200,2.0,18432,8,7.834976706999441,2352.527734196532,0,4608,0,OK
2026-01-22T19:55:26.420191+00:00,2026-01-22T19:55:34.160080+00:00,559,/dev/ttyACM0,115200,2.0,18432,8,7.739865062001627,2381.4368664501308,0,4608,0,OK
2026-01-22T19:55:34.160432+00:00,2026-01-22T19:55:41.909765+00:00,560,/dev/ttyACM0,115200,2.0,18432,8,7.749308712998754,2378.5347419547256,0,4608,0,OK
2026-01-22T19:55:41.910135+00:00,2026-01-22T19:55:49.668116+00:00,561,/dev/ttyACM0,115200,2.0,18432,8,7.757956126999488,2375.8835056893868,0,4608,0,OK
2026-01-22T19:55:49.668459+00:00,2026-01-22T19:55:57.407526+00:00,562,/dev/ttyACM0,115200,2.0,18432,8,7.7390436669993505,2381.6896238222953,0,4608,0,OK
2026-01-22T19:55:57.407867+00:00,2026-01-22T19:56:05.155918+00:00,563,/dev/ttyACM0,115200,2.0,18432,8,7.7480271800013725,2378.9281544565692,0,4608,0,OK
2026-01-22T19:56:05.156265+00:00,2026-01-22T19:56:12.905594+00:00,564,/dev/ttyACM0,115200,2.0,18432,8,7.749305790999642,2378.535638819115,0,4608,0,OK
2026-01-22T19:56:12.905944+00:00,2026-01-22T19:56:20.670810+00:00,565,/dev/ttyACM0,115200,2.0,18432,8,7.7648457790019165,2373.7754135239534,0,4608,0,OK
2026-01-22T19:56:20.671111+00:00,2026-01-22T19:56:28.524799+00:00,566,/dev/ttyACM0,115200,2.0,18432,8,7.853665226000885,2346.9296780027944,0,4608,0,OK
2026-01-22T19:56:28.525143+00:00,2026-01-22T19:56:36.265317+00:00,567,/dev/ttyACM0,115200,2.0,18432,8,7.740151386002253,2381.3487722389405,0,4608,0,OK
2026-01-22T19:56:36.265689+00:00,2026-01-22T19:56:44.005891+00:00,568,/dev/ttyACM0,115200,2.0,18432,8,7.740178638003272,2381.3403878692507,0,4608,0,OK
2026-01-22T19:56:44.006241+00:00,2026-01-22T19:56:51.756507+00:00,569,/dev/ttyACM0,115200,2.0,18432,8,7.750242220998189,2378.2482501077316,0,4608,0,OK
2026-01-22T19:56:51.756851+00:00,2026-01-22T19:56:59.599549+00:00,570,/dev/ttyACM0,115200,2.0,18432,8,7.842674519000866,2350.2186601450576,0,4608,0,OK
2026-01-23T13:43:01.632926+00:00,2026-01-23T13:43:02.036712+00:00,1,/dev/ttyACM0,115200,2.0,8,8,0.4037657549997675,19.813468331420545,0,2,0,OK
2026-01-23T13:43:02.037039+00:00,2026-01-23T13:43:02.436888+00:00,2,/dev/ttyACM0,115200,2.0,8,8,0.3998263559988118,20.008685970726187,0,2,0,OK
2026-01-23T13:43:02.437185+00:00,2026-01-23T13:43:02.839542+00:00,3,/dev/ttyACM0,115200,2.0,8,8,0.40233619199898385,19.883868662802787,0,2,0,OK
2026-01-23T13:43:02.839845+00:00,2026-01-23T13:43:03.239423+00:00,4,/dev/ttyACM0,115200,2.0,8,8,0.39955585000097926,20.022232186014527,0,2,0,OK
2026-01-23T13:43:03.239729+00:00,2026-01-23T13:43:03.639873+00:00,5,/dev/ttyACM0,115200,2.0,8,8,0.40012102499895263,19.993950580379877,0,2,0,OK
2026-01-23T13:43:03.640171+00:00,2026-01-23T13:43:04.040228+00:00,6,/dev/ttyACM0,115200,2.0,8,8,0.40003965700088884,19.998017346520786,0,2,0,OK
2026-01-23T13:43:04.040426+00:00,2026-01-23T13:43:04.444342+00:00,7,/dev/ttyACM0,115200,2.0,8,8,0.4038981749999948,19.806972388523675,0,2,0,OK
2026-01-23T13:43:04.444649+00:00,2026-01-23T13:43:04.848413+00:00,8,/dev/ttyACM0,115200,2.0,8,8,0.4037413750011183,19.81466477142166,0,2,0,OK
2026-01-23T13:43:04.848716+00:00,2026-01-23T13:43:05.248559+00:00,9,/dev/ttyACM0,115200,2.0,8,8,0.39982132299883233,20.008937842525633,0,2,0,OK
2026-01-23T13:43:05.248860+00:00,2026-01-23T13:43:05.648141+00:00,10,/dev/ttyACM0,115200,2.0,8,8,0.39925894099906145,20.03712172351528,0,2,0,OK
2026-01-23T13:43:05.648471+00:00,2026-01-23T13:43:06.052873+00:00,11,/dev/ttyACM0,115200,2.0,8,8,0.4043800249983178,19.78337085278453,0,2,0,OK
2026-01-23T13:43:06.053174+00:00,2026-01-23T13:43:06.452860+00:00,12,/dev/ttyACM0,115200,2.0,8,8,0.39966361400001915,20.016833456346657,0,2,0,OK
2026-01-23T13:43:06.453158+00:00,2026-01-23T13:43:06.855560+00:00,13,/dev/ttyACM0,115200,2.0,8,8,0.40237955799966585,19.88172570140018,0,2,0,OK
2026-01-23T13:43:06.855863+00:00,2026-01-23T13:43:07.251992+00:00,14,/dev/ttyACM0,115200,2.0,8,8,0.396113733000675,20.196219755870892,0,2,0,OK
2026-01-23T13:43:07.252193+00:00,2026-01-23T13:43:07.652623+00:00,15,/dev/ttyACM0,115200,2.0,8,8,0.4004121980015043,19.979411316460308,0,2,0,OK
2026-01-23T13:43:07.652926+00:00,2026-01-23T13:43:08.052483+00:00,16,/dev/ttyACM0,115200,2.0,8,8,0.3995343309998134,20.02331058755433,0,2,0,OK
2026-01-23T13:43:08.052786+00:00,2026-01-23T13:43:08.453723+00:00,17,/dev/ttyACM0,115200,2.0,8,8,0.4009073190009076,19.954736720538367,0,2,0,OK
2026-01-23T13:43:08.454071+00:00,2026-01-23T13:43:08.856967+00:00,18,/dev/ttyACM0,115200,2.0,8,8,0.40287356000044383,19.8573468062565,0,2,0,OK
2026-01-23T13:43:08.857259+00:00,2026-01-23T13:43:09.254538+00:00,19,/dev/ttyACM0,115200,2.0,8,8,0.39725581600032456,20.13815702069788,0,2,0,OK
2026-01-23T13:43:09.254841+00:00,2026-01-23T13:43:09.656472+00:00,20,/dev/ttyACM0,115200,2.0,8,8,0.4016088980006316,19.919877372805168,0,2,0,OK
2026-01-23T13:43:09.656798+00:00,2026-01-23T13:43:10.060620+00:00,21,/dev/ttyACM0,115200,2.0,8,8,0.4037937499997497,19.8120946646771,0,2,0,OK
2026-01-23T13:43:10.060970+00:00,2026-01-23T13:43:10.459287+00:00,22,/dev/ttyACM0,115200,2.0,8,8,0.39829494999867165,20.08561745517155,0,2,0,OK
2026-01-23T13:43:10.459587+00:00,2026-01-23T13:43:10.859587+00:00,23,/dev/ttyACM0,115200,2.0,8,8,0.3999763680003525,20.001181669795425,0,2,0,OK
2026-01-23T13:43:10.859916+00:00,2026-01-23T13:43:11.271937+00:00,24,/dev/ttyACM0,115200,2.0,8,8,0.4119926370003668,19.41782275102377,0,2,0,OK
2026-01-23T13:43:11.272361+00:00,2026-01-23T13:43:11.673402+00:00,25,/dev/ttyACM0,115200,2.0,8,8,0.40100851799979864,19.949700918831898,0,2,0,OK
2026-01-23T13:43:11.673827+00:00,2026-01-23T13:43:12.075574+00:00,26,/dev/ttyACM0,115200,2.0,8,8,0.40172078399882594,19.91432935176035,0,2,0,OK
2026-01-23T13:43:12.075880+00:00,2026-01-23T13:43:12.475716+00:00,27,/dev/ttyACM0,115200,2.0,8,8,0.39981376899959287,20.00931588728788,0,2,0,OK
2026-01-23T13:43:12.476020+00:00,2026-01-23T13:43:12.880427+00:00,28,/dev/ttyACM0,115200,2.0,8,8,0.40438315700157546,19.783217627851975,0,2,0,OK
2026-01-23T13:43:12.880745+00:00,2026-01-23T13:43:13.282835+00:00,29,/dev/ttyACM0,115200,2.0,8,8,0.40206120000038936,19.897468345595776,0,2,0,OK
2026-01-23T13:43:13.283200+00:00,2026-01-23T13:43:13.684859+00:00,30,/dev/ttyACM0,115200,2.0,8,8,0.40163689899964083,19.918488614780273,0,2,0,OK
2026-01-23T13:43:54.365953+00:00,2026-01-23T13:44:02.514299+00:00,31,/dev/ttyACM0,115200,2.0,19456,8,8.148323780000283,2387.7303510881507,0,4864,0,OK
2026-01-23T13:44:02.514639+00:00,2026-01-23T13:44:10.658446+00:00,32,/dev/ttyACM0,115200,2.0,19456,8,8.143784411000524,2389.0612788962185,0,4864,0,OK
2026-01-23T13:44:10.658785+00:00,2026-01-23T13:44:18.813515+00:00,33,/dev/ttyACM0,115200,2.0,19456,8,8.154706984998484,2385.861323502063,0,4864,0,OK
2026-01-23T13:44:18.813848+00:00,2026-01-23T13:44:26.961852+00:00,34,/dev/ttyACM0,115200,2.0,19456,8,8.147981704001722,2387.830594961273,0,4864,0,OK
2026-01-23T13:44:26.962188+00:00,2026-01-23T13:44:35.110648+00:00,35,/dev/ttyACM0,115200,2.0,19456,8,8.14843898000072,2387.6965941270732,0,4864,0,OK
2026-01-23T13:44:35.110990+00:00,2026-01-23T13:44:43.258764+00:00,36,/dev/ttyACM0,115200,2.0,19456,8,8.14775112999996,2387.8981684115447,0,4864,0,OK
2026-01-23T13:44:43.259095+00:00,2026-01-23T13:44:51.410276+00:00,37,/dev/ttyACM0,115200,2.0,19456,8,8.151159402999838,2386.899708137187,0,4864,0,OK
2026-01-23T13:44:51.410612+00:00,2026-01-23T13:44:59.564721+00:00,38,/dev/ttyACM0,115200,2.0,19456,8,8.154087312999764,2386.0426376575597,0,4864,0,OK
2026-01-23T13:44:59.565056+00:00,2026-01-23T13:45:07.712938+00:00,39,/dev/ttyACM0,115200,2.0,19456,8,8.147859151000375,2387.8665106295116,0,4864,0,OK
2026-01-23T13:45:07.713273+00:00,2026-01-23T13:45:15.858380+00:00,40,/dev/ttyACM0,115200,2.0,19456,8,8.145084611998755,2388.679912709417,0,4864,0,OK
2026-01-23T13:45:15.858744+00:00,2026-01-23T13:45:24.117820+00:00,41,/dev/ttyACM0,115200,2.0,19456,8,8.259053206000317,2355.717963635946,0,4864,0,OK
2026-01-23T13:45:24.118152+00:00,2026-01-23T13:45:32.266247+00:00,42,/dev/ttyACM0,115200,2.0,19456,8,8.148052843998812,2387.809747003506,0,4864,0,OK
2026-01-23T13:45:32.266583+00:00,2026-01-23T13:45:40.318904+00:00,43,/dev/ttyACM0,115200,2.0,19456,8,8.052298677999715,2416.204462603602,0,4864,0,OK
2026-01-23T13:45:40.319247+00:00,2026-01-23T13:45:48.569141+00:00,44,/dev/ttyACM0,115200,2.0,19456,8,8.24987204900026,2358.339606292164,0,4864,0,OK
2026-01-23T13:45:48.569479+00:00,2026-01-23T13:45:56.817218+00:00,45,/dev/ttyACM0,115200,2.0,19456,8,8.247716683999897,2358.95590809315,0,4864,0,OK
2026-01-23T13:45:56.817551+00:00,2026-01-23T13:46:04.966556+00:00,46,/dev/ttyACM0,115200,2.0,19456,8,8.14898222300144,2387.5374209411334,0,4864,0,OK
2026-01-23T13:46:04.966892+00:00,2026-01-23T13:46:13.114505+00:00,47,/dev/ttyACM0,115200,2.0,19456,8,8.147590487000343,2387.9452497081766,0,4864,0,OK
2026-01-23T13:46:13.114838+00:00,2026-01-23T13:46:21.269361+00:00,48,/dev/ttyACM0,115200,2.0,19456,8,8.154499943000701,2385.9219002999416,0,4864,0,OK
2026-01-23T13:46:21.269693+00:00,2026-01-23T13:46:29.418108+00:00,49,/dev/ttyACM0,115200,2.0,19456,8,8.148391771001116,2387.710427625846,0,4864,0,OK
2026-01-23T13:46:29.418471+00:00,2026-01-23T13:46:37.568097+00:00,50,/dev/ttyACM0,115200,2.0,19456,8,8.149604361999081,2387.3551568615635,0,4864,0,OK
2026-01-23T13:46:37.568462+00:00,2026-01-23T13:46:45.726668+00:00,51,/dev/ttyACM0,115200,2.0,19456,8,8.15818222499911,2384.8449891669493,0,4864,0,OK
2026-01-23T13:46:45.727003+00:00,2026-01-23T13:46:53.977635+00:00,52,/dev/ttyACM0,115200,2.0,19456,8,8.250610256000073,2358.128598530158,0,4864,0,OK
2026-01-23T13:46:53.977971+00:00,2026-01-23T13:47:02.229224+00:00,53,/dev/ttyACM0,115200,2.0,19456,8,8.251230796999153,2357.951253414927,0,4864,0,OK
2026-01-23T13:47:02.229561+00:00,2026-01-23T13:47:10.381379+00:00,54,/dev/ttyACM0,115200,2.0,19456,8,8.151794621999215,2386.7137117873617,0,4864,0,OK
2026-01-23T13:47:10.381709+00:00,2026-01-23T13:47:18.632068+00:00,55,/dev/ttyACM0,115200,2.0,19456,8,8.250337356999808,2358.2065990905216,0,4864,0,OK
2026-01-23T13:47:18.632415+00:00,2026-01-23T13:47:26.785210+00:00,56,/dev/ttyACM0,115200,2.0,19456,8,8.15277161800077,2386.4276974277636,0,4864,0,OK
2026-01-23T13:47:26.785537+00:00,2026-01-23T13:47:34.942097+00:00,57,/dev/ttyACM0,115200,2.0,19456,8,8.156532123000943,2385.3274537024404,0,4864,0,OK
2026-01-23T13:47:34.942531+00:00,2026-01-23T13:47:43.099615+00:00,58,/dev/ttyACM0,115200,2.0,19456,8,8.157060947998616,2385.1728121234214,0,4864,0,OK
2026-01-23T13:47:43.099947+00:00,2026-01-23T13:47:51.249698+00:00,59,/dev/ttyACM0,115200,2.0,19456,8,8.14972855799897,2387.3187752865597,0,4864,0,OK
2026-01-23T13:47:51.250030+00:00,2026-01-23T13:47:59.397028+00:00,60,/dev/ttyACM0,115200,2.0,19456,8,8.146975130999635,2388.1256156004424,0,4864,0,OK
2026-01-23T13:48:43.493971+00:00,2026-01-23T13:48:52.348008+00:00,61,/dev/ttyACM0,115200,2.0,20480,8,8.854017129000567,2313.074359537834,0,5120,0,OK
2026-01-23T13:48:52.348347+00:00,2026-01-23T13:49:01.107317+00:00,62,/dev/ttyACM0,115200,2.0,20480,8,8.758947102000093,2338.180578271037,0,5120,0,OK
2026-01-23T13:49:01.107653+00:00,2026-01-23T13:49:09.868157+00:00,63,/dev/ttyACM0,115200,2.0,20480,8,8.7604767490011,2337.772313856686,0,5120,0,OK
2026-01-23T13:49:09.868636+00:00,2026-01-23T13:49:18.722247+00:00,64,/dev/ttyACM0,115200,2.0,20480,8,8.853564805000133,2313.192533298421,0,5120,0,OK
2026-01-23T13:49:18.722586+00:00,2026-01-23T13:49:27.574016+00:00,65,/dev/ttyACM0,115200,2.0,20480,8,8.85140842600049,2313.7560729704,0,5120,0,OK
2026-01-23T13:49:27.574382+00:00,2026-01-23T13:49:36.328274+00:00,66,/dev/ttyACM0,115200,2.0,20480,8,8.753869125001074,2339.5369187676183,0,5120,0,OK
2026-01-23T13:49:36.328611+00:00,2026-01-23T13:49:45.185980+00:00,67,/dev/ttyACM0,115200,2.0,20480,8,8.857345260999864,2312.2052258904614,0,5120,0,OK
2026-01-23T13:49:45.186338+00:00,2026-01-23T13:49:54.041095+00:00,68,/dev/ttyACM0,115200,2.0,20480,8,8.854733074998876,2312.887336810274,0,5120,0,OK
2026-01-23T13:49:54.041430+00:00,2026-01-23T13:50:02.896948+00:00,69,/dev/ttyACM0,115200,2.0,20480,8,8.855499723000321,2312.687102999671,0,5120,0,OK
2026-01-23T13:50:02.897160+00:00,2026-01-23T13:50:11.746878+00:00,70,/dev/ttyACM0,115200,2.0,20480,8,8.849700192000455,2314.202691127612,0,5120,0,OK
2026-01-23T13:50:11.747242+00:00,2026-01-23T13:50:20.610992+00:00,71,/dev/ttyACM0,115200,2.0,20480,8,8.863726724999651,2310.540547491981,0,5120,0,OK
2026-01-23T13:50:20.611322+00:00,2026-01-23T13:50:29.467441+00:00,72,/dev/ttyACM0,115200,2.0,20480,8,8.856096393999906,2312.531287924486,0,5120,0,OK
2026-01-23T13:50:29.467785+00:00,2026-01-23T13:50:38.326169+00:00,73,/dev/ttyACM0,115200,2.0,20480,8,8.858360532998631,2311.9402200564246,0,5120,0,OK
2026-01-23T13:50:38.326527+00:00,2026-01-23T13:50:47.179082+00:00,74,/dev/ttyACM0,115200,2.0,20480,8,8.852532860999418,2313.462183261287,0,5120,0,OK
2026-01-23T13:50:47.179421+00:00,2026-01-23T13:50:56.037397+00:00,75,/dev/ttyACM0,115200,2.0,20480,8,8.857952369000486,2312.0467515350756,0,5120,0,OK
2026-01-23T13:50:56.037734+00:00,2026-01-23T13:51:04.790885+00:00,76,/dev/ttyACM0,115200,2.0,20480,8,8.753127940999548,2339.73502250229,0,5120,0,OK
2026-01-23T13:51:04.791220+00:00,2026-01-23T13:51:13.647991+00:00,77,/dev/ttyACM0,115200,2.0,20480,8,8.856748563999645,2312.3610038164366,0,5120,0,OK
2026-01-23T13:51:13.648325+00:00,2026-01-23T13:51:22.495177+00:00,78,/dev/ttyACM0,115200,2.0,20480,8,8.846829488000367,2314.953625790866,0,5120,0,OK
2026-01-23T13:51:22.495514+00:00,2026-01-23T13:51:31.350649+00:00,79,/dev/ttyACM0,115200,2.0,20480,8,8.855112698000084,2312.788182201835,0,5120,0,OK
2026-01-23T13:51:31.350979+00:00,2026-01-23T13:51:40.210979+00:00,80,/dev/ttyACM0,115200,2.0,20480,8,8.85997765400134,2311.518245280317,0,5120,0,OK
2026-01-23T13:51:40.211345+00:00,2026-01-23T13:51:49.070203+00:00,81,/dev/ttyACM0,115200,2.0,20480,8,8.858834885999386,2311.8164254722537,0,5120,0,OK
2026-01-23T13:51:49.070567+00:00,2026-01-23T13:51:57.922038+00:00,82,/dev/ttyACM0,115200,2.0,20480,8,8.85144755300098,2313.7458452269193,0,5120,0,OK
2026-01-23T13:51:57.922422+00:00,2026-01-23T13:52:06.782407+00:00,83,/dev/ttyACM0,115200,2.0,20480,8,8.859960457999478,2311.522731629014,0,5120,0,OK
2026-01-23T13:52:06.782740+00:00,2026-01-23T13:52:15.637246+00:00,84,/dev/ttyACM0,115200,2.0,20480,8,8.854484620000221,2312.952235948374,0,5120,0,OK
2026-01-23T13:52:15.637591+00:00,2026-01-23T13:52:24.395144+00:00,85,/dev/ttyACM0,115200,2.0,20480,8,8.757530004000728,2338.5589305025574,0,5120,0,OK
2026-01-23T13:52:24.395484+00:00,2026-01-23T13:52:33.247296+00:00,86,/dev/ttyACM0,115200,2.0,20480,8,8.85178864000045,2313.65668938961,0,5120,0,OK
2026-01-23T13:52:33.247634+00:00,2026-01-23T13:52:42.101814+00:00,87,/dev/ttyACM0,115200,2.0,20480,8,8.854158345000542,2313.037468046179,0,5120,0,OK
2026-01-23T13:52:42.102151+00:00,2026-01-23T13:52:50.951293+00:00,88,/dev/ttyACM0,115200,2.0,20480,8,8.849119069000153,2314.3546651716597,0,5120,0,OK
2026-01-23T13:52:50.951633+00:00,2026-01-23T13:52:59.806364+00:00,89,/dev/ttyACM0,115200,2.0,20480,8,8.85470885399991,2312.893663437464,0,5120,0,OK
2026-01-23T13:52:59.806701+00:00,2026-01-23T13:53:08.662140+00:00,90,/dev/ttyACM0,115200,2.0,20480,8,8.855416970000078,2312.708714833088,0,5120,0,OK
2026-01-23T13:53:54.967868+00:00,2026-01-23T13:54:04.227668+00:00,91,/dev/ttyACM0,115200,2.0,21504,8,9.2597796200007,2322.301489071332,0,5376,0,OK
2026-01-23T13:54:04.228005+00:00,2026-01-23T13:54:13.487063+00:00,92,/dev/ttyACM0,115200,2.0,21504,8,9.259035778000907,2322.4880555157406,0,5376,0,OK
2026-01-23T13:54:13.487408+00:00,2026-01-23T13:54:22.847531+00:00,93,/dev/ttyACM0,115200,2.0,21504,8,9.360100054000213,2297.411339188609,0,5376,0,OK
2026-01-23T13:54:22.847909+00:00,2026-01-23T13:54:32.107639+00:00,94,/dev/ttyACM0,115200,2.0,21504,8,9.259703556001114,2322.3205656582268,0,5376,0,OK
2026-01-23T13:54:32.107976+00:00,2026-01-23T13:54:41.358933+00:00,95,/dev/ttyACM0,115200,2.0,21504,8,9.250934423000217,2324.5219365662665,0,5376,0,OK
2026-01-23T13:54:41.359274+00:00,2026-01-23T13:54:50.618765+00:00,96,/dev/ttyACM0,115200,2.0,21504,8,9.25946901700081,2322.379389197984,0,5376,0,OK
2026-01-23T13:54:50.619107+00:00,2026-01-23T13:54:59.879269+00:00,97,/dev/ttyACM0,115200,2.0,21504,8,9.260140708000108,2322.2109337304196,0,5376,0,OK
2026-01-23T13:54:59.879612+00:00,2026-01-23T13:55:09.240213+00:00,98,/dev/ttyACM0,115200,2.0,21504,8,9.360578569998324,2297.2938947302537,0,5376,0,OK
2026-01-23T13:55:09.240549+00:00,2026-01-23T13:55:18.495297+00:00,99,/dev/ttyACM0,115200,2.0,21504,8,9.254724162999992,2323.57006230095,0,5376,0,OK
2026-01-23T13:55:18.495638+00:00,2026-01-23T13:55:27.750268+00:00,100,/dev/ttyACM0,115200,2.0,21504,8,9.254608139999618,2323.599192391185,0,5376,0,OK
2026-01-23T13:55:27.750642+00:00,2026-01-23T13:55:37.009299+00:00,101,/dev/ttyACM0,115200,2.0,21504,8,9.25863480100088,2322.588638842885,0,5376,0,OK
2026-01-23T13:55:37.009638+00:00,2026-01-23T13:55:46.266691+00:00,102,/dev/ttyACM0,115200,2.0,21504,8,9.257029468000837,2322.9914168831137,0,5376,0,OK
2026-01-23T13:55:46.267022+00:00,2026-01-23T13:55:55.524234+00:00,103,/dev/ttyACM0,115200,2.0,21504,8,9.257189163001385,2322.9513431513296,0,5376,0,OK
2026-01-23T13:55:55.524576+00:00,2026-01-23T13:56:04.780171+00:00,104,/dev/ttyACM0,115200,2.0,21504,8,9.25557266100077,2323.357050678143,0,5376,0,OK
2026-01-23T13:56:04.780513+00:00,2026-01-23T13:56:14.139550+00:00,105,/dev/ttyACM0,115200,2.0,21504,8,9.359014503999788,2297.677815416332,0,5376,0,OK
2026-01-23T13:56:14.139884+00:00,2026-01-23T13:56:23.283372+00:00,106,/dev/ttyACM0,115200,2.0,21504,8,9.143466110999725,2351.8433533789084,0,5376,0,OK
2026-01-23T13:56:23.283712+00:00,2026-01-23T13:56:32.638730+00:00,107,/dev/ttyACM0,115200,2.0,21504,8,9.35499468099988,2298.6651230999537,0,5376,0,OK
2026-01-23T13:56:32.639071+00:00,2026-01-23T13:56:41.902625+00:00,108,/dev/ttyACM0,115200,2.0,21504,8,9.263532385999497,2321.3606974052595,0,5376,0,OK
2026-01-23T13:56:41.902956+00:00,2026-01-23T13:56:51.158108+00:00,109,/dev/ttyACM0,115200,2.0,21504,8,9.255129200999363,2323.468374453164,0,5376,0,OK
2026-01-23T13:56:51.158477+00:00,2026-01-23T13:57:00.422630+00:00,110,/dev/ttyACM0,115200,2.0,21504,8,9.264130229999864,2321.2108925632315,0,5376,0,OK
2026-01-23T13:57:00.423014+00:00,2026-01-23T13:57:09.687809+00:00,111,/dev/ttyACM0,115200,2.0,21504,8,9.264771342999666,2321.05026706872,0,5376,0,OK
2026-01-23T13:57:09.688149+00:00,2026-01-23T13:57:18.947749+00:00,112,/dev/ttyACM0,115200,2.0,21504,8,9.259577067999999,2322.3522891034922,0,5376,0,OK
2026-01-23T13:57:18.948089+00:00,2026-01-23T13:57:28.204019+00:00,113,/dev/ttyACM0,115200,2.0,21504,8,9.255906248999963,2323.2733156003346,0,5376,0,OK
2026-01-23T13:57:28.204358+00:00,2026-01-23T13:57:37.462192+00:00,114,/dev/ttyACM0,115200,2.0,21504,8,9.257811437999408,2322.795203165962,0,5376,0,OK
2026-01-23T13:57:37.462541+00:00,2026-01-23T13:57:46.722257+00:00,115,/dev/ttyACM0,115200,2.0,21504,8,9.259692994999568,2322.32321434551,0,5376,0,OK
2026-01-23T13:57:46.722594+00:00,2026-01-23T13:57:55.979397+00:00,116,/dev/ttyACM0,115200,2.0,21504,8,9.256786388999899,2323.052417581312,0,5376,0,OK
2026-01-23T13:57:55.979623+00:00,2026-01-23T13:58:05.338665+00:00,117,/dev/ttyACM0,115200,2.0,21504,8,9.359021231000952,2297.6761639101587,0,5376,0,OK
2026-01-23T13:58:05.339003+00:00,2026-01-23T13:58:14.599855+00:00,118,/dev/ttyACM0,115200,2.0,21504,8,9.260835483000847,2322.036714664963,0,5376,0,OK
2026-01-23T13:58:14.600066+00:00,2026-01-23T13:58:23.855062+00:00,119,/dev/ttyACM0,115200,2.0,21504,8,9.254976691001502,2323.506662194846,0,5376,0,OK
2026-01-23T13:58:23.855395+00:00,2026-01-23T13:58:33.115512+00:00,120,/dev/ttyACM0,115200,2.0,21504,8,9.260092696998981,2322.222973747232,0,5376,0,OK
2026-01-23T13:59:21.841038+00:00,2026-01-23T13:59:31.511430+00:00,121,/dev/ttyACM0,115200,2.0,22528,8,9.670371021999017,2329.5900383502667,0,5632,0,OK
2026-01-23T13:59:31.511774+00:00,2026-01-23T13:59:41.167370+00:00,122,/dev/ttyACM0,115200,2.0,22528,8,9.655573936999645,2333.160115285732,0,5632,0,OK
2026-01-23T13:59:41.167708+00:00,2026-01-23T13:59:50.930152+00:00,123,/dev/ttyACM0,115200,2.0,22528,8,9.762421125999026,2307.6242777525767,0,5632,0,OK
2026-01-23T13:59:50.930531+00:00,2026-01-23T14:00:00.691389+00:00,124,/dev/ttyACM0,115200,2.0,22528,8,9.76083535899852,2307.999179520165,0,5632,0,OK
2026-01-23T14:00:00.691733+00:00,2026-01-23T14:00:10.451414+00:00,125,/dev/ttyACM0,115200,2.0,22528,8,9.759656891999839,2308.2778676847333,0,5632,0,OK
2026-01-23T14:00:10.451747+00:00,2026-01-23T14:00:20.212872+00:00,126,/dev/ttyACM0,115200,2.0,22528,8,9.761108270000477,2307.9346501295286,0,5632,0,OK
2026-01-23T14:00:20.213085+00:00,2026-01-23T14:00:29.975725+00:00,127,/dev/ttyACM0,115200,2.0,22528,8,9.762621576999663,2307.5768964634503,0,5632,0,OK
2026-01-23T14:00:29.976070+00:00,2026-01-23T14:00:39.738082+00:00,128,/dev/ttyACM0,115200,2.0,22528,8,9.761989570999503,2307.7262924891056,0,5632,0,OK
2026-01-23T14:00:39.738450+00:00,2026-01-23T14:00:49.503377+00:00,129,/dev/ttyACM0,115200,2.0,22528,8,9.764903049999702,2307.0377539488923,0,5632,0,OK
2026-01-23T14:00:49.503723+00:00,2026-01-23T14:00:59.265054+00:00,130,/dev/ttyACM0,115200,2.0,22528,8,9.76130945300065,2307.8870830260216,0,5632,0,OK
2026-01-23T14:00:59.265421+00:00,2026-01-23T14:01:09.031839+00:00,131,/dev/ttyACM0,115200,2.0,22528,8,9.76639528799933,2306.685254454299,0,5632,0,OK
2026-01-23T14:01:09.032182+00:00,2026-01-23T14:01:18.798788+00:00,132,/dev/ttyACM0,115200,2.0,22528,8,9.766584069999226,2306.640667661993,0,5632,0,OK
2026-01-23T14:01:18.799128+00:00,2026-01-23T14:01:28.459275+00:00,133,/dev/ttyACM0,115200,2.0,22528,8,9.660124314999848,2332.0610859033604,0,5632,0,OK
2026-01-23T14:01:28.459621+00:00,2026-01-23T14:01:38.214563+00:00,134,/dev/ttyACM0,115200,2.0,22528,8,9.754919101000269,2309.3989572594182,0,5632,0,OK
2026-01-23T14:01:38.214901+00:00,2026-01-23T14:01:47.875710+00:00,135,/dev/ttyACM0,115200,2.0,22528,8,9.660786992000794,2331.9011193035676,0,5632,0,OK
2026-01-23T14:01:47.876059+00:00,2026-01-23T14:01:57.638936+00:00,136,/dev/ttyACM0,115200,2.0,22528,8,9.762854303000495,2307.521888662857,0,5632,0,OK
2026-01-23T14:01:57.639279+00:00,2026-01-23T14:02:07.403187+00:00,137,/dev/ttyACM0,115200,2.0,22528,8,9.763885021000533,2307.2782966560876,0,5632,0,OK
2026-01-23T14:02:07.403544+00:00,2026-01-23T14:02:17.166926+00:00,138,/dev/ttyACM0,115200,2.0,22528,8,9.763359831000344,2307.402409616179,0,5632,0,OK
2026-01-23T14:02:17.167266+00:00,2026-01-23T14:02:26.930657+00:00,139,/dev/ttyACM0,115200,2.0,22528,8,9.763368714000535,2307.4003102735596,0,5632,0,OK
2026-01-23T14:02:26.930997+00:00,2026-01-23T14:02:36.599821+00:00,140,/dev/ttyACM0,115200,2.0,22528,8,9.668800662000649,2329.9683991353018,0,5632,0,OK
2026-01-23T14:02:36.600187+00:00,2026-01-23T14:02:46.367189+00:00,141,/dev/ttyACM0,115200,2.0,22528,8,9.766979148998871,2306.547362938637,0,5632,0,OK
2026-01-23T14:02:46.367528+00:00,2026-01-23T14:02:56.131104+00:00,142,/dev/ttyACM0,115200,2.0,22528,8,9.763553385000705,2307.3566673593164,0,5632,0,OK
2026-01-23T14:02:56.131449+00:00,2026-01-23T14:03:05.794573+00:00,143,/dev/ttyACM0,115200,2.0,22528,8,9.663100777999716,2331.3427560737236,0,5632,0,OK
2026-01-23T14:03:05.794904+00:00,2026-01-23T14:03:15.556190+00:00,144,/dev/ttyACM0,115200,2.0,22528,8,9.761263738999332,2307.897891334861,0,5632,0,OK
2026-01-23T14:03:15.556532+00:00,2026-01-23T14:03:25.218817+00:00,145,/dev/ttyACM0,115200,2.0,22528,8,9.662262564999764,2331.5450028862415,0,5632,0,OK
2026-01-23T14:03:25.219158+00:00,2026-01-23T14:03:34.975085+00:00,146,/dev/ttyACM0,115200,2.0,22528,8,9.755903733001105,2309.165877046836,0,5632,0,OK
2026-01-23T14:03:34.975421+00:00,2026-01-23T14:03:44.737264+00:00,147,/dev/ttyACM0,115200,2.0,22528,8,9.761820517998785,2307.766257171294,0,5632,0,OK
2026-01-23T14:03:44.737612+00:00,2026-01-23T14:03:54.499919+00:00,148,/dev/ttyACM0,115200,2.0,22528,8,9.76228464399901,2307.656539583511,0,5632,0,OK
2026-01-23T14:03:54.500257+00:00,2026-01-23T14:04:04.262174+00:00,149,/dev/ttyACM0,115200,2.0,22528,8,9.761896041998625,2307.7484028797007,0,5632,0,OK
2026-01-23T14:04:04.262558+00:00,2026-01-23T14:04:13.921697+00:00,150,/dev/ttyACM0,115200,2.0,22528,8,9.659115345000828,2332.3046878883783,0,5632,0,OK
2026-01-23T14:05:04.677386+00:00,2026-01-23T14:05:14.850969+00:00,151,/dev/ttyACM0,115200,2.0,23552,8,10.173562964000666,2315.0198296643143,0,5888,0,OK
2026-01-23T14:05:14.851316+00:00,2026-01-23T14:05:25.017343+00:00,152,/dev/ttyACM0,115200,2.0,23552,8,10.16600491799909,2316.7409606797232,0,5888,0,OK
2026-01-23T14:05:25.017686+00:00,2026-01-23T14:05:35.081961+00:00,153,/dev/ttyACM0,115200,2.0,23552,8,10.06425325499913,2340.163686590579,0,5888,0,OK
2026-01-23T14:05:35.082377+00:00,2026-01-23T14:05:45.239587+00:00,154,/dev/ttyACM0,115200,2.0,23552,8,10.157185972999287,2318.7524637835686,0,5888,0,OK
2026-01-23T14:05:45.239925+00:00,2026-01-23T14:05:55.391181+00:00,155,/dev/ttyACM0,115200,2.0,23552,8,10.151233788999889,2320.112066133428,0,5888,0,OK
2026-01-23T14:05:55.391526+00:00,2026-01-23T14:06:05.555421+00:00,156,/dev/ttyACM0,115200,2.0,23552,8,10.163877318000232,2317.225923052947,0,5888,0,OK
2026-01-23T14:06:05.555635+00:00,2026-01-23T14:06:15.723514+00:00,157,/dev/ttyACM0,115200,2.0,23552,8,10.16786490100094,2316.317164843674,0,5888,0,OK
2026-01-23T14:06:15.723731+00:00,2026-01-23T14:06:25.890446+00:00,158,/dev/ttyACM0,115200,2.0,23552,8,10.166697353999552,2316.5831714991205,0,5888,0,OK
2026-01-23T14:06:25.890810+00:00,2026-01-23T14:06:36.046489+00:00,159,/dev/ttyACM0,115200,2.0,23552,8,10.155657470999358,2319.101453279163,0,5888,0,OK
2026-01-23T14:06:36.046829+00:00,2026-01-23T14:06:46.214700+00:00,160,/dev/ttyACM0,115200,2.0,23552,8,10.167848095999943,2316.3209931573833,0,5888,0,OK
2026-01-23T14:06:46.215073+00:00,2026-01-23T14:06:56.384961+00:00,161,/dev/ttyACM0,115200,2.0,23552,8,10.16986941200048,2315.8606119571764,0,5888,0,OK
2026-01-23T14:06:56.385175+00:00,2026-01-23T14:07:06.548722+00:00,162,/dev/ttyACM0,115200,2.0,23552,8,10.163528331000634,2317.3054900788793,0,5888,0,OK
2026-01-23T14:07:06.549064+00:00,2026-01-23T14:07:16.716377+00:00,163,/dev/ttyACM0,115200,2.0,23552,8,10.167290045999835,2316.4481286010105,0,5888,0,OK
2026-01-23T14:07:16.716721+00:00,2026-01-23T14:07:26.882337+00:00,164,/dev/ttyACM0,115200,2.0,23552,8,10.165593371999421,2316.834752103376,0,5888,0,OK
2026-01-23T14:07:26.882700+00:00,2026-01-23T14:07:37.049828+00:00,165,/dev/ttyACM0,115200,2.0,23552,8,10.167104373000257,2316.4904318819276,0,5888,0,OK
2026-01-23T14:07:37.050165+00:00,2026-01-23T14:07:47.216832+00:00,166,/dev/ttyACM0,115200,2.0,23552,8,10.166643972001111,2316.595335182593,0,5888,0,OK
2026-01-23T14:07:47.217179+00:00,2026-01-23T14:07:57.377417+00:00,167,/dev/ttyACM0,115200,2.0,23552,8,10.160214556000938,2318.06128405915,0,5888,0,OK
2026-01-23T14:07:57.377760+00:00,2026-01-23T14:08:07.546931+00:00,168,/dev/ttyACM0,115200,2.0,23552,8,10.169149294999443,2316.0246070515864,0,5888,0,OK
2026-01-23T14:08:07.547281+00:00,2026-01-23T14:08:17.720364+00:00,169,/dev/ttyACM0,115200,2.0,23552,8,10.173060627999803,2315.1341431286373,0,5888,0,OK
2026-01-23T14:08:17.720703+00:00,2026-01-23T14:08:27.886580+00:00,170,/dev/ttyACM0,115200,2.0,23552,8,10.16585354900053,2316.775456824828,0,5888,0,OK
2026-01-23T14:08:27.886951+00:00,2026-01-23T14:08:38.060880+00:00,171,/dev/ttyACM0,115200,2.0,23552,8,10.173906492998867,2314.9416614166066,0,5888,0,OK
2026-01-23T14:08:38.061220+00:00,2026-01-23T14:08:48.228392+00:00,172,/dev/ttyACM0,115200,2.0,23552,8,10.167150235000008,2316.479982652679,0,5888,0,OK
2026-01-23T14:08:48.228741+00:00,2026-01-23T14:08:58.386648+00:00,173,/dev/ttyACM0,115200,2.0,23552,8,10.157884362999539,2318.593041459402,0,5888,0,OK
2026-01-23T14:08:58.386988+00:00,2026-01-23T14:09:08.557428+00:00,174,/dev/ttyACM0,115200,2.0,23552,8,10.170416951999869,2315.735934048292,0,5888,0,OK
2026-01-23T14:09:08.557767+00:00,2026-01-23T14:09:18.723684+00:00,175,/dev/ttyACM0,115200,2.0,23552,8,10.165894111998568,2316.7662126445052,0,5888,0,OK
2026-01-23T14:09:18.724033+00:00,2026-01-23T14:09:28.889556+00:00,176,/dev/ttyACM0,115200,2.0,23552,8,10.165501509000023,2316.8556887378595,0,5888,0,OK
2026-01-23T14:09:28.889898+00:00,2026-01-23T14:09:39.053081+00:00,177,/dev/ttyACM0,115200,2.0,23552,8,10.163161531001606,2317.389124255992,0,5888,0,OK
2026-01-23T14:09:39.053420+00:00,2026-01-23T14:09:49.216345+00:00,178,/dev/ttyACM0,115200,2.0,23552,8,10.162903290000031,2317.4480094850855,0,5888,0,OK
2026-01-23T14:09:49.216688+00:00,2026-01-23T14:09:59.380644+00:00,179,/dev/ttyACM0,115200,2.0,23552,8,10.16393288099971,2317.213255513299,0,5888,0,OK
2026-01-23T14:09:59.380981+00:00,2026-01-23T14:10:09.545123+00:00,180,/dev/ttyACM0,115200,2.0,23552,8,10.164119455999753,2317.1707201943154,0,5888,0,OK
2026-01-23T14:11:02.417524+00:00,2026-01-23T14:11:12.984730+00:00,181,/dev/ttyACM0,115200,2.0,24576,8,10.567184944000473,2325.6903451806284,0,6144,0,OK
2026-01-23T14:11:12.985073+00:00,2026-01-23T14:11:23.547739+00:00,182,/dev/ttyACM0,115200,2.0,24576,8,10.562643739998748,2326.69023067921,0,6144,0,OK
2026-01-23T14:11:23.548079+00:00,2026-01-23T14:11:34.117978+00:00,183,/dev/ttyACM0,115200,2.0,24576,8,10.569877322999673,2325.097940968861,0,6144,0,OK
2026-01-23T14:11:34.118350+00:00,2026-01-23T14:11:44.693115+00:00,184,/dev/ttyACM0,115200,2.0,24576,8,10.574740771000506,2324.0286010032182,0,6144,0,OK
2026-01-23T14:11:44.693461+00:00,2026-01-23T14:11:55.265147+00:00,185,/dev/ttyACM0,115200,2.0,24576,8,10.571663598999294,2324.705073128353,0,6144,0,OK
2026-01-23T14:11:55.265491+00:00,2026-01-23T14:12:05.832179+00:00,186,/dev/ttyACM0,115200,2.0,24576,8,10.566666011000052,2325.8045607210474,0,6144,0,OK
2026-01-23T14:12:05.832529+00:00,2026-01-23T14:12:16.396582+00:00,187,/dev/ttyACM0,115200,2.0,24576,8,10.564030024999738,2326.384906313309,0,6144,0,OK
2026-01-23T14:12:16.396926+00:00,2026-01-23T14:12:26.964599+00:00,188,/dev/ttyACM0,115200,2.0,24576,8,10.567651494000529,2325.5876685517396,0,6144,0,OK
2026-01-23T14:12:26.964935+00:00,2026-01-23T14:12:37.431986+00:00,189,/dev/ttyACM0,115200,2.0,24576,8,10.46702882200043,2347.944236892156,0,6144,0,OK
2026-01-23T14:12:37.432330+00:00,2026-01-23T14:12:48.000370+00:00,190,/dev/ttyACM0,115200,2.0,24576,8,10.568017789000805,2325.507062031889,0,6144,0,OK
2026-01-23T14:12:48.000749+00:00,2026-01-23T14:12:58.573729+00:00,191,/dev/ttyACM0,115200,2.0,24576,8,10.57295529700059,2324.42106389799,0,6144,0,OK
2026-01-23T14:12:58.574088+00:00,2026-01-23T14:13:09.142756+00:00,192,/dev/ttyACM0,115200,2.0,24576,8,10.568645207000372,2325.3690060218455,0,6144,0,OK
2026-01-23T14:13:09.143104+00:00,2026-01-23T14:13:19.703965+00:00,193,/dev/ttyACM0,115200,2.0,24576,8,10.560837852000986,2327.08809134339,0,6144,0,OK
2026-01-23T14:13:19.704314+00:00,2026-01-23T14:13:30.261711+00:00,194,/dev/ttyACM0,115200,2.0,24576,8,10.557374459998755,2327.8515025792594,0,6144,0,OK
2026-01-23T14:13:30.262052+00:00,2026-01-23T14:13:40.823574+00:00,195,/dev/ttyACM0,115200,2.0,24576,8,10.56149854999967,2326.9425151794176,0,6144,0,OK
2026-01-23T14:13:40.823913+00:00,2026-01-23T14:13:51.392885+00:00,196,/dev/ttyACM0,115200,2.0,24576,8,10.568949337000959,2325.302091662186,0,6144,0,OK
2026-01-23T14:13:51.393232+00:00,2026-01-23T14:14:01.957467+00:00,197,/dev/ttyACM0,115200,2.0,24576,8,10.564212896000754,2326.3446356049512,0,6144,0,OK
2026-01-23T14:14:01.957807+00:00,2026-01-23T14:14:12.528719+00:00,198,/dev/ttyACM0,115200,2.0,24576,8,10.570889811000598,2324.8752412899985,0,6144,0,OK
2026-01-23T14:14:12.529065+00:00,2026-01-23T14:14:23.097341+00:00,199,/dev/ttyACM0,115200,2.0,24576,8,10.56825431300058,2325.455015760525,0,6144,0,OK
2026-01-23T14:14:23.097689+00:00,2026-01-23T14:14:33.669220+00:00,200,/dev/ttyACM0,115200,2.0,24576,8,10.57150792200082,2324.7393069491845,0,6144,0,OK
2026-01-23T14:14:33.669593+00:00,2026-01-23T14:14:44.237255+00:00,201,/dev/ttyACM0,115200,2.0,24576,8,10.567639262999364,2325.590360190314,0,6144,0,OK
2026-01-23T14:14:44.237609+00:00,2026-01-23T14:14:54.903457+00:00,202,/dev/ttyACM0,115200,2.0,24576,8,10.665826578999258,2304.1814732286684,0,6144,0,OK
2026-01-23T14:14:54.903802+00:00,2026-01-23T14:15:05.473148+00:00,203,/dev/ttyACM0,115200,2.0,24576,8,10.569323014000474,2325.2198809181837,0,6144,0,OK
2026-01-23T14:15:05.473489+00:00,2026-01-23T14:15:16.037401+00:00,204,/dev/ttyACM0,115200,2.0,24576,8,10.563889851000567,2326.415775498858,0,6144,0,OK
2026-01-23T14:15:16.037749+00:00,2026-01-23T14:15:26.609118+00:00,205,/dev/ttyACM0,115200,2.0,24576,8,10.571352121000018,2324.7735690479662,0,6144,0,OK
2026-01-23T14:15:26.609332+00:00,2026-01-23T14:15:37.176870+00:00,206,/dev/ttyACM0,115200,2.0,24576,8,10.567524715001127,2325.6155687162145,0,6144,0,OK
2026-01-23T14:15:37.177098+00:00,2026-01-23T14:15:47.746652+00:00,207,/dev/ttyACM0,115200,2.0,24576,8,10.5695357099994,2325.1730893675553,0,6144,0,OK
2026-01-23T14:15:47.746998+00:00,2026-01-23T14:15:58.320684+00:00,208,/dev/ttyACM0,115200,2.0,24576,8,10.573662462998982,2324.2656067375133,0,6144,0,OK
2026-01-23T14:15:58.321022+00:00,2026-01-23T14:16:08.884787+00:00,209,/dev/ttyACM0,115200,2.0,24576,8,10.563741780000782,2326.44838465544,0,6144,0,OK
2026-01-23T14:16:08.885126+00:00,2026-01-23T14:16:19.453830+00:00,210,/dev/ttyACM0,115200,2.0,24576,8,10.568681988001117,2325.3609133004225,0,6144,0,OK
2026-01-23T14:17:14.724623+00:00,2026-01-23T14:17:25.704950+00:00,211,/dev/ttyACM0,115200,2.0,25600,8,10.980306707000636,2331.446714842527,0,6400,0,OK
2026-01-23T14:17:25.705299+00:00,2026-01-23T14:17:36.674326+00:00,212,/dev/ttyACM0,115200,2.0,25600,8,10.969005131999438,2333.848848818399,0,6400,0,OK
2026-01-23T14:17:36.674667+00:00,2026-01-23T14:17:47.645351+00:00,213,/dev/ttyACM0,115200,2.0,25600,8,10.970660386001327,2333.496717541804,0,6400,0,OK
2026-01-23T14:17:47.645697+00:00,2026-01-23T14:17:58.713056+00:00,214,/dev/ttyACM0,115200,2.0,25600,8,11.067336198999328,2313.11306891668,0,6400,0,OK
2026-01-23T14:17:58.713403+00:00,2026-01-23T14:18:09.686259+00:00,215,/dev/ttyACM0,115200,2.0,25600,8,10.972833765999894,2333.0345238003533,0,6400,0,OK
2026-01-23T14:18:09.686608+00:00,2026-01-23T14:18:20.658184+00:00,216,/dev/ttyACM0,115200,2.0,25600,8,10.971554264999213,2333.3066019340185,0,6400,0,OK
2026-01-23T14:18:20.658545+00:00,2026-01-23T14:18:31.618795+00:00,217,/dev/ttyACM0,115200,2.0,25600,8,10.960227177998604,2335.718008782615,0,6400,0,OK
2026-01-23T14:18:31.619141+00:00,2026-01-23T14:18:42.690318+00:00,218,/dev/ttyACM0,115200,2.0,25600,8,11.071153027000037,2312.3156131585747,0,6400,0,OK
2026-01-23T14:18:42.690680+00:00,2026-01-23T14:18:53.662114+00:00,219,/dev/ttyACM0,115200,2.0,25600,8,10.97141130000091,2333.3370065160057,0,6400,0,OK
2026-01-23T14:18:53.662490+00:00,2026-01-23T14:19:04.736541+00:00,220,/dev/ttyACM0,115200,2.0,25600,8,11.074025938998602,2311.715733827778,0,6400,0,OK
2026-01-23T14:19:04.736926+00:00,2026-01-23T14:19:15.804627+00:00,221,/dev/ttyACM0,115200,2.0,25600,8,11.067677674998777,2313.0417014066893,0,6400,0,OK
2026-01-23T14:19:15.804980+00:00,2026-01-23T14:19:26.776731+00:00,222,/dev/ttyACM0,115200,2.0,25600,8,10.971726945001137,2333.2698788738717,0,6400,0,OK
2026-01-23T14:19:26.777074+00:00,2026-01-23T14:19:37.732849+00:00,223,/dev/ttyACM0,115200,2.0,25600,8,10.955752273999678,2336.6720385558756,0,6400,0,OK
2026-01-23T14:19:37.733195+00:00,2026-01-23T14:19:48.809859+00:00,224,/dev/ttyACM0,115200,2.0,25600,8,11.076637082000161,2311.170783197429,0,6400,0,OK
2026-01-23T14:19:48.810237+00:00,2026-01-23T14:19:59.770812+00:00,225,/dev/ttyACM0,115200,2.0,25600,8,10.96055263100061,2335.648654028034,0,6400,0,OK
2026-01-23T14:19:59.771159+00:00,2026-01-23T14:20:10.744803+00:00,226,/dev/ttyACM0,115200,2.0,25600,8,10.973620777000178,2332.8672021959724,0,6400,0,OK
2026-01-23T14:20:10.745148+00:00,2026-01-23T14:20:21.817015+00:00,227,/dev/ttyACM0,115200,2.0,25600,8,11.071845345999463,2312.17102479217,0,6400,0,OK
2026-01-23T14:20:21.817362+00:00,2026-01-23T14:20:32.881228+00:00,228,/dev/ttyACM0,115200,2.0,25600,8,11.063843304998954,2313.8433267970454,0,6400,0,OK
2026-01-23T14:20:32.881578+00:00,2026-01-23T14:20:43.852801+00:00,229,/dev/ttyACM0,115200,2.0,25600,8,10.971199843001159,2333.381978848099,0,6400,0,OK
2026-01-23T14:20:43.853149+00:00,2026-01-23T14:20:54.820829+00:00,230,/dev/ttyACM0,115200,2.0,25600,8,10.967657237999447,2334.135672229447,0,6400,0,OK
2026-01-23T14:20:54.821207+00:00,2026-01-23T14:21:05.795622+00:00,231,/dev/ttyACM0,115200,2.0,25600,8,10.974391588000799,2332.703348037132,0,6400,0,OK
2026-01-23T14:21:05.795965+00:00,2026-01-23T14:21:16.764678+00:00,232,/dev/ttyACM0,115200,2.0,25600,8,10.968689720000839,2333.9159602007635,0,6400,0,OK
2026-01-23T14:21:16.765021+00:00,2026-01-23T14:21:27.736711+00:00,233,/dev/ttyACM0,115200,2.0,25600,8,10.97166622199984,2333.2827924229186,0,6400,0,OK
2026-01-23T14:21:27.737056+00:00,2026-01-23T14:21:38.809178+00:00,234,/dev/ttyACM0,115200,2.0,25600,8,11.07209947299998,2312.1179558065955,0,6400,0,OK
2026-01-23T14:21:38.809520+00:00,2026-01-23T14:21:49.773857+00:00,235,/dev/ttyACM0,115200,2.0,25600,8,10.96431496600053,2334.8471910359717,0,6400,0,OK
2026-01-23T14:21:49.774209+00:00,2026-01-23T14:22:00.750045+00:00,236,/dev/ttyACM0,115200,2.0,25600,8,10.97578478700052,2332.407248939509,0,6400,0,OK
2026-01-23T14:22:00.750532+00:00,2026-01-23T14:22:11.726132+00:00,237,/dev/ttyACM0,115200,2.0,25600,8,10.975577265999164,2332.451348987838,0,6400,0,OK
2026-01-23T14:22:11.726497+00:00,2026-01-23T14:22:22.698534+00:00,238,/dev/ttyACM0,115200,2.0,25600,8,10.972012973001256,2333.2090531604103,0,6400,0,OK
2026-01-23T14:22:22.698878+00:00,2026-01-23T14:22:33.767114+00:00,239,/dev/ttyACM0,115200,2.0,25600,8,11.068213066999306,2312.9298148703238,0,6400,0,OK
2026-01-23T14:22:33.767460+00:00,2026-01-23T14:22:44.729872+00:00,240,/dev/ttyACM0,115200,2.0,25600,8,10.962389750000511,2335.257237136529,0,6400,0,OK
2026-01-23T14:23:42.032496+00:00,2026-01-23T14:23:53.504379+00:00,241,/dev/ttyACM0,115200,2.0,26624,8,11.471863297998425,2320.8086871681317,0,6656,0,OK
2026-01-23T14:23:53.504726+00:00,2026-01-23T14:24:04.981555+00:00,242,/dev/ttyACM0,115200,2.0,26624,8,11.4768069189995,2319.8090015721,0,6656,0,OK
2026-01-23T14:24:04.981900+00:00,2026-01-23T14:24:16.455316+00:00,243,/dev/ttyACM0,115200,2.0,26624,8,11.473393771000701,2320.4991070116366,0,6656,0,OK
2026-01-23T14:24:16.455663+00:00,2026-01-23T14:24:27.931044+00:00,244,/dev/ttyACM0,115200,2.0,26624,8,11.475359134999962,2320.1016793275367,0,6656,0,OK
2026-01-23T14:24:27.931414+00:00,2026-01-23T14:24:39.307174+00:00,245,/dev/ttyACM0,115200,2.0,26624,8,11.375737123000363,2340.419764638328,0,6656,0,OK
2026-01-23T14:24:39.307518+00:00,2026-01-23T14:24:50.773847+00:00,246,/dev/ttyACM0,115200,2.0,26624,8,11.466307103999497,2321.933274464054,0,6656,0,OK
2026-01-23T14:24:50.774199+00:00,2026-01-23T14:25:02.249954+00:00,247,/dev/ttyACM0,115200,2.0,26624,8,11.475732103001064,2320.026274666821,0,6656,0,OK
2026-01-23T14:25:02.250349+00:00,2026-01-23T14:25:13.626388+00:00,248,/dev/ttyACM0,115200,2.0,26624,8,11.3760156870012,2340.3624548814487,0,6656,0,OK
2026-01-23T14:25:13.626728+00:00,2026-01-23T14:25:25.094824+00:00,249,/dev/ttyACM0,115200,2.0,26624,8,11.46807399699901,2321.5755328198115,0,6656,0,OK
2026-01-23T14:25:25.095169+00:00,2026-01-23T14:25:36.575177+00:00,250,/dev/ttyACM0,115200,2.0,26624,8,11.479985327998293,2319.1667270747544,0,6656,0,OK
2026-01-23T14:25:36.575547+00:00,2026-01-23T14:25:47.958931+00:00,251,/dev/ttyACM0,115200,2.0,26624,8,11.383361956999579,2338.852098402179,0,6656,0,OK
2026-01-23T14:25:47.959270+00:00,2026-01-23T14:25:59.330262+00:00,252,/dev/ttyACM0,115200,2.0,26624,8,11.37096974799897,2341.401005370295,0,6656,0,OK
2026-01-23T14:25:59.330610+00:00,2026-01-23T14:26:10.807291+00:00,253,/dev/ttyACM0,115200,2.0,26624,8,11.476658159999715,2319.839070644643,0,6656,0,OK
2026-01-23T14:26:10.807634+00:00,2026-01-23T14:26:22.285620+00:00,254,/dev/ttyACM0,115200,2.0,26624,8,11.477963965999152,2319.5751510344103,0,6656,0,OK
2026-01-23T14:26:22.285969+00:00,2026-01-23T14:26:33.758010+00:00,255,/dev/ttyACM0,115200,2.0,26624,8,11.47201803200005,2320.7773842174065,0,6656,0,OK
2026-01-23T14:26:33.758376+00:00,2026-01-23T14:26:45.226804+00:00,256,/dev/ttyACM0,115200,2.0,26624,8,11.468405700999938,2321.5083852220746,0,6656,0,OK
2026-01-23T14:26:45.227150+00:00,2026-01-23T14:26:56.690897+00:00,257,/dev/ttyACM0,115200,2.0,26624,8,11.463724412000374,2322.4563887919057,0,6656,0,OK
2026-01-23T14:26:56.691240+00:00,2026-01-23T14:27:08.164235+00:00,258,/dev/ttyACM0,115200,2.0,26624,8,11.472972556000968,2320.5843010645262,0,6656,0,OK
2026-01-23T14:27:08.164575+00:00,2026-01-23T14:27:19.637319+00:00,259,/dev/ttyACM0,115200,2.0,26624,8,11.472721016998548,2320.6351797932307,0,6656,0,OK
2026-01-23T14:27:19.637669+00:00,2026-01-23T14:27:31.112662+00:00,260,/dev/ttyACM0,115200,2.0,26624,8,11.47497015999943,2320.1803254189313,0,6656,0,OK
2026-01-23T14:27:31.113031+00:00,2026-01-23T14:27:42.495410+00:00,261,/dev/ttyACM0,115200,2.0,26624,8,11.382356742999036,2339.0586502549804,0,6656,0,OK
2026-01-23T14:27:42.495761+00:00,2026-01-23T14:27:53.970041+00:00,262,/dev/ttyACM0,115200,2.0,26624,8,11.474257645000762,2320.3244012565688,0,6656,0,OK
2026-01-23T14:27:53.970426+00:00,2026-01-23T14:28:05.445208+00:00,263,/dev/ttyACM0,115200,2.0,26624,8,11.474758581998685,2320.2231061982484,0,6656,0,OK
2026-01-23T14:28:05.445553+00:00,2026-01-23T14:28:16.917018+00:00,264,/dev/ttyACM0,115200,2.0,26624,8,11.47144196499903,2320.8939278282137,0,6656,0,OK
2026-01-23T14:28:16.917368+00:00,2026-01-23T14:28:28.397452+00:00,265,/dev/ttyACM0,115200,2.0,26624,8,11.480061596999803,2319.1513194456998,0,6656,0,OK
2026-01-23T14:28:28.397798+00:00,2026-01-23T14:28:39.775717+00:00,266,/dev/ttyACM0,115200,2.0,26624,8,11.377895286001149,2339.975833030998,0,6656,0,OK
2026-01-23T14:28:39.776055+00:00,2026-01-23T14:28:51.246252+00:00,267,/dev/ttyACM0,115200,2.0,26624,8,11.470172417999493,2321.150810097716,0,6656,0,OK
2026-01-23T14:28:51.246596+00:00,2026-01-23T14:29:02.622584+00:00,268,/dev/ttyACM0,115200,2.0,26624,8,11.375964254000792,2340.373036126292,0,6656,0,OK
2026-01-23T14:29:02.622928+00:00,2026-01-23T14:29:14.092789+00:00,269,/dev/ttyACM0,115200,2.0,26624,8,11.469838770000933,2321.2183304297514,0,6656,0,OK
2026-01-23T14:29:14.093128+00:00,2026-01-23T14:29:25.562085+00:00,270,/dev/ttyACM0,115200,2.0,26624,8,11.468934087999514,2321.401430657618,0,6656,0,OK
2026-01-23T14:30:25.266901+00:00,2026-01-23T14:30:37.147632+00:00,271,/dev/ttyACM0,115200,2.0,27648,8,11.880710388999432,2327.1335715412933,0,6912,0,OK
2026-01-23T14:30:37.147998+00:00,2026-01-23T14:30:48.926198+00:00,272,/dev/ttyACM0,115200,2.0,27648,8,11.778176321000501,2347.392265702763,0,6912,0,OK
2026-01-23T14:30:48.926580+00:00,2026-01-23T14:31:00.806589+00:00,273,/dev/ttyACM0,115200,2.0,27648,8,11.879986899999494,2327.275293544404,0,6912,0,OK
2026-01-23T14:31:00.806930+00:00,2026-01-23T14:31:12.691199+00:00,274,/dev/ttyACM0,115200,2.0,27648,8,11.884246187999452,2326.441203138199,0,6912,0,OK
2026-01-23T14:31:12.691549+00:00,2026-01-23T14:31:24.666911+00:00,275,/dev/ttyACM0,115200,2.0,27648,8,11.975336866998987,2308.745073901923,0,6912,0,OK
2026-01-23T14:31:24.667265+00:00,2026-01-23T14:31:36.535153+00:00,276,/dev/ttyACM0,115200,2.0,27648,8,11.867866881000737,2329.6520155834974,0,6912,0,OK
2026-01-23T14:31:36.535500+00:00,2026-01-23T14:31:48.406571+00:00,277,/dev/ttyACM0,115200,2.0,27648,8,11.871048491999318,2329.027635480877,0,6912,0,OK
2026-01-23T14:31:48.406923+00:00,2026-01-23T14:32:00.284532+00:00,278,/dev/ttyACM0,115200,2.0,27648,8,11.87758753900016,2327.7454204582837,0,6912,0,OK
2026-01-23T14:32:00.284882+00:00,2026-01-23T14:32:12.162258+00:00,279,/dev/ttyACM0,115200,2.0,27648,8,11.877350984001168,2327.791780948626,0,6912,0,OK
2026-01-23T14:32:12.162603+00:00,2026-01-23T14:32:24.138787+00:00,280,/dev/ttyACM0,115200,2.0,27648,8,11.976159821000692,2308.586426136205,0,6912,0,OK
2026-01-23T14:32:24.139165+00:00,2026-01-23T14:32:36.017341+00:00,281,/dev/ttyACM0,115200,2.0,27648,8,11.878152970999508,2327.634613521357,0,6912,0,OK
2026-01-23T14:32:36.017690+00:00,2026-01-23T14:32:47.895292+00:00,282,/dev/ttyACM0,115200,2.0,27648,8,11.877577728000688,2327.7473431995713,0,6912,0,OK
2026-01-23T14:32:47.895643+00:00,2026-01-23T14:32:59.775085+00:00,283,/dev/ttyACM0,115200,2.0,27648,8,11.879419454000526,2327.3864608500903,0,6912,0,OK
2026-01-23T14:32:59.775436+00:00,2026-01-23T14:33:11.650064+00:00,284,/dev/ttyACM0,115200,2.0,27648,8,11.874605842000165,2328.3299140936333,0,6912,0,OK
2026-01-23T14:33:11.650447+00:00,2026-01-23T14:33:23.529493+00:00,285,/dev/ttyACM0,115200,2.0,27648,8,11.879024550000395,2327.463832036535,0,6912,0,OK
2026-01-23T14:33:23.529841+00:00,2026-01-23T14:33:35.505471+00:00,286,/dev/ttyACM0,115200,2.0,27648,8,11.975607839000077,2308.692833942074,0,6912,0,OK
2026-01-23T14:33:35.505821+00:00,2026-01-23T14:33:47.381459+00:00,287,/dev/ttyACM0,115200,2.0,27648,8,11.875614754000708,2328.1321070714107,0,6912,0,OK
2026-01-23T14:33:47.381808+00:00,2026-01-23T14:33:59.255409+00:00,288,/dev/ttyACM0,115200,2.0,27648,8,11.873577956999725,2328.531475527216,0,6912,0,OK
2026-01-23T14:33:59.255753+00:00,2026-01-23T14:34:11.130754+00:00,289,/dev/ttyACM0,115200,2.0,27648,8,11.874978183999701,2328.256908905551,0,6912,0,OK
2026-01-23T14:34:11.131105+00:00,2026-01-23T14:34:23.012645+00:00,290,/dev/ttyACM0,115200,2.0,27648,8,11.881517327001347,2326.97552333392,0,6912,0,OK
2026-01-23T14:34:23.013035+00:00,2026-01-23T14:34:34.995080+00:00,291,/dev/ttyACM0,115200,2.0,27648,8,11.982022337999297,2307.456890004141,0,6912,0,OK
2026-01-23T14:34:34.995428+00:00,2026-01-23T14:34:46.861933+00:00,292,/dev/ttyACM0,115200,2.0,27648,8,11.866482634999556,2329.9237735749684,0,6912,0,OK
2026-01-23T14:34:46.862350+00:00,2026-01-23T14:34:58.731392+00:00,293,/dev/ttyACM0,115200,2.0,27648,8,11.86901638999916,2329.4263898140894,0,6912,0,OK
2026-01-23T14:34:58.731737+00:00,2026-01-23T14:35:10.611506+00:00,294,/dev/ttyACM0,115200,2.0,27648,8,11.879744283000036,2327.322822896483,0,6912,0,OK
2026-01-23T14:35:10.611851+00:00,2026-01-23T14:35:22.490099+00:00,295,/dev/ttyACM0,115200,2.0,27648,8,11.878224111000236,2327.6206730596728,0,6912,0,OK
2026-01-23T14:35:22.490474+00:00,2026-01-23T14:35:34.375463+00:00,296,/dev/ttyACM0,115200,2.0,27648,8,11.884966319999876,2326.3002397805944,0,6912,0,OK
2026-01-23T14:35:34.375814+00:00,2026-01-23T14:35:46.254379+00:00,297,/dev/ttyACM0,115200,2.0,27648,8,11.878542320000633,2327.558319462091,0,6912,0,OK
2026-01-23T14:35:46.254726+00:00,2026-01-23T14:35:58.226259+00:00,298,/dev/ttyACM0,115200,2.0,27648,8,11.971510265000688,2309.4830466654084,0,6912,0,OK
2026-01-23T14:35:58.226624+00:00,2026-01-23T14:36:10.101852+00:00,299,/dev/ttyACM0,115200,2.0,27648,8,11.875205708000067,2328.2123004719106,0,6912,0,OK
2026-01-23T14:36:10.102200+00:00,2026-01-23T14:36:21.970732+00:00,300,/dev/ttyACM0,115200,2.0,27648,8,11.868507058999967,2329.5263559736723,0,6912,0,OK