run_id,workload,concurrency,repeat,t_rel_s,in_flight,completed,success,failures
A_N1_r1,A,1,1,0.09486977899996418,0,0,0,0
A_N1_r1,A,1,1,0.29633100700016257,1,3,3,0
A_N1_r1,A,1,1,0.4971330719999969,1,6,6,0
A_N1_r1,A,1,1,0.6978315750000093,1,10,10,0
A_N1_r1,A,1,1,0.8985647460001474,1,13,13,0
A_N1_r1,A,1,1,1.0995906770001511,1,17,17,0
A_N1_r1,A,1,1,1.3006383730000834,1,20,20,0
A_N1_r1,A,1,1,1.501837253000076,1,24,24,0
A_N1_r1,A,1,1,1.7024173090001113,1,27,27,0
A_N1_r1,A,1,1,1.9040738500000316,1,31,31,0
A_N1_r1,A,1,1,2.105410319000157,1,34,34,0
A_N1_r1,A,1,1,2.3060940889999983,1,38,38,0
A_N1_r1,A,1,1,2.507031925000092,1,41,41,0
A_N1_r1,A,1,1,2.7081488890000855,1,45,45,0
A_N1_r1,A,1,1,2.910855035000168,1,49,49,0
A_N1_r1,A,1,1,3.111326423000037,1,52,52,0
A_N1_r1,A,1,1,3.3115132899999935,1,56,56,0
A_N1_r1,A,1,1,3.5117597840001054,1,59,59,0
A_N1_r1,A,1,1,3.712977887000079,1,63,63,0
A_N1_r1,A,1,1,3.913869214999977,1,66,66,0
A_N1_r1,A,1,1,4.114633266000055,1,70,70,0
A_N1_r1,A,1,1,4.315824360000079,1,74,74,0
A_N1_r1,A,1,1,4.516548356000158,1,78,78,0
A_N1_r1,A,1,1,4.717182686000115,1,81,81,0
A_N1_r1,A,1,1,4.917730849000009,1,85,85,0
A_N1_r1,A,1,1,5.118211362000011,1,89,89,0
A_N1_r1,A,1,1,5.319180116000098,1,93,93,0
A_N1_r1,A,1,1,5.521047700000054,1,97,97,0
A_N1_r1,A,1,1,5.723189367000032,1,101,101,0
A_N1_r1,A,1,1,5.923611327000117,1,105,105,0
A_N1_r1,A,1,1,6.1253291110001555,1,108,108,0
A_N1_r1,A,1,1,6.326866886000062,1,112,112,0
A_N1_r1,A,1,1,6.527341722000074,1,115,115,0
A_N1_r1,A,1,1,6.727692307000098,1,119,119,0
A_N1_r1,A,1,1,6.927988516000141,1,123,123,0
A_N1_r1,A,1,1,7.129999261999956,1,126,126,0
A_N1_r1,A,1,1,7.331136831000094,1,130,130,0
A_N1_r1,A,1,1,7.532104109000102,1,134,134,0
A_N1_r1,A,1,1,7.732847371000162,1,137,137,0
A_N1_r1,A,1,1,7.9332082490000175,1,141,141,0
A_N1_r1,A,1,1,8.13390633300014,1,145,145,0
A_N1_r1,A,1,1,8.334920576000059,1,149,149,0
A_N1_r1,A,1,1,8.535998562000032,1,152,152,0
A_N1_r1,A,1,1,8.736436673000071,1,156,156,0
A_N1_r1,A,1,1,8.937398432999998,1,160,160,0
A_N1_r1,A,1,1,9.139035218000117,1,164,164,0
A_N1_r1,A,1,1,9.33987371100011,1,167,167,0
A_N1_r1,A,1,1,9.540679140000066,1,171,171,0
A_N1_r1,A,1,1,9.741810171999987,1,175,175,0
A_N1_r1,A,1,1,9.942662453000139,1,179,179,0
A_N1_r1,A,1,1,10.143287912000005,1,182,182,0
A_N1_r1,A,1,1,10.344822613000133,1,186,186,0
A_N1_r1,A,1,1,10.545508974000086,1,189,189,0
A_N1_r1,A,1,1,10.74580747899995,1,193,193,0
A_N1_r1,A,1,1,10.946260605000134,1,197,197,0
A_N1_r1,A,1,1,11.146714935000091,1,200,200,0
A_N1_r1,A,1,1,11.347032491000164,1,204,204,0
A_N1_r1,A,1,1,11.548823644000095,1,208,208,0
A_N1_r1,A,1,1,11.749596204,1,211,211,0
A_N1_r1,A,1,1,11.950245676000122,1,215,215,0
A_N1_r1,A,1,1,12.151752937000083,1,218,218,0
A_N1_r1,A,1,1,12.352967821999982,1,222,222,0
A_N1_r1,A,1,1,12.553830761999961,1,225,225,0
A_N1_r1,A,1,1,12.75566485100012,1,229,229,0
A_N1_r1,A,1,1,12.956407185999979,1,233,233,0
A_N1_r1,A,1,1,13.156855722000046,1,236,236,0
A_N1_r1,A,1,1,13.35787366600016,1,240,240,0
A_N1_r1,A,1,1,13.558506811000143,1,243,243,0
A_N1_r1,A,1,1,13.759428157999992,1,247,247,0
A_N1_r1,A,1,1,13.95982458200001,1,251,251,0
A_N1_r1,A,1,1,14.16100897199999,1,255,255,0
A_N1_r1,A,1,1,14.361924289000171,1,258,258,0
A_N1_r1,A,1,1,14.56280188300002,1,262,262,0
A_N1_r1,A,1,1,14.763030073999971,1,265,265,0
A_N1_r1,A,1,1,14.96392967099996,1,269,269,0
A_N1_r1,A,1,1,15.165036783000005,1,272,272,0
A_N1_r1,A,1,1,15.365600059000144,1,276,276,0
A_N1_r1,A,1,1,15.565811890000077,1,280,280,0
A_N1_r1,A,1,1,15.766574653000134,1,284,284,0
A_N1_r1,A,1,1,15.967219076999982,1,287,287,0
A_N1_r1,A,1,1,16.168160469999975,1,291,291,0
A_N1_r1,A,1,1,16.368470935999994,1,294,294,0
A_N1_r1,A,1,1,16.569499680000035,1,298,298,0
A_N1_r1,A,1,1,16.770223389999956,1,302,302,0
A_N1_r1,A,1,1,16.971557358000155,1,306,306,0
A_N1_r1,A,1,1,17.172396345000152,1,309,309,0
A_N1_r1,A,1,1,17.373146789999964,1,313,313,0
A_N1_r1,A,1,1,17.575233877000073,1,317,317,0
A_N1_r1,A,1,1,17.775488297000038,1,321,321,0
A_N1_r1,A,1,1,17.97677678900004,1,325,325,0
A_N1_r1,A,1,1,18.17763475600009,1,328,328,0
A_N1_r1,A,1,1,18.37796685000012,1,332,332,0
A_N1_r1,A,1,1,18.578989868999997,1,336,336,0
A_N1_r1,A,1,1,18.779376329000115,1,340,340,0
A_N1_r1,A,1,1,18.980454734999967,1,343,343,0
A_N1_r1,A,1,1,19.181609813000023,1,347,347,0
A_N1_r1,A,1,1,19.382036493999976,1,351,351,0
A_N1_r1,A,1,1,19.58240684500015,1,354,354,0
A_N1_r1,A,1,1,19.78357886699996,1,358,358,0
A_N1_r1,A,1,1,19.984344817999954,1,361,361,0
A_N1_r1,A,1,1,20.18510981999998,1,365,365,0
A_N1_r1,A,1,1,20.386841542999946,1,368,368,0
A_N1_r1,A,1,1,20.587944031999996,1,372,372,0
A_N1_r1,A,1,1,20.788469990000067,1,376,376,0
A_N1_r1,A,1,1,20.990504222000027,1,380,380,0
A_N1_r1,A,1,1,21.19125311500011,1,383,383,0
A_N1_r1,A,1,1,21.392748802000142,1,386,386,0
A_N1_r1,A,1,1,21.593025616999967,1,390,390,0
A_N1_r1,A,1,1,21.793361999000126,1,394,394,0
A_N1_r1,A,1,1,21.994380467000155,1,397,397,0
A_N1_r1,A,1,1,22.194604902000037,1,401,401,0
A_N1_r1,A,1,1,22.395279324000057,1,405,405,0
A_N1_r1,A,1,1,22.595507578000024,1,409,409,0
A_N1_r1,A,1,1,22.795894670000052,1,412,412,0
A_N1_r1,A,1,1,22.996716207999953,1,416,416,0
A_N1_r1,A,1,1,23.197887830000127,1,420,420,0
A_N1_r1,A,1,1,23.398318450000033,1,424,424,0
A_N1_r1,A,1,1,23.59867852299999,1,427,427,0
A_N1_r1,A,1,1,23.79928483499998,1,431,431,0
A_N1_r1,A,1,1,23.999686698999994,1,435,435,0
A_N1_r1,A,1,1,24.200373580000132,1,439,439,0
A_N1_r1,A,1,1,24.40110565000009,1,442,442,0
A_N1_r1,A,1,1,24.60367588600002,1,446,446,0
A_N1_r1,A,1,1,24.805677778000017,1,449,449,0
A_N1_r1,A,1,1,25.006348578000143,1,453,453,0
A_N1_r1,A,1,1,25.207190222999998,1,456,456,0
A_N1_r1,A,1,1,25.40824640699998,1,460,460,0
A_N1_r1,A,1,1,25.60889107900016,1,464,464,0
A_N1_r1,A,1,1,25.809157855999956,1,467,467,0
A_N1_r1,A,1,1,26.010568379000006,1,471,471,0
A_N1_r1,A,1,1,26.211715270000013,1,475,475,0
A_N1_r1,A,1,1,26.413003849000006,1,478,478,0
A_N1_r1,A,1,1,26.614431628000148,1,482,482,0
A_N1_r1,A,1,1,26.814942403000032,1,486,486,0
A_N1_r1,A,1,1,27.016209740000022,1,490,490,0
A_N1_r1,A,1,1,27.219105709000132,1,494,494,0
A_N1_r1,A,1,1,27.419349886999953,1,497,497,0
A_N1_r1,A,1,1,27.620016238000062,1,501,501,0
A_N1_r1,A,1,1,27.82119788099999,1,504,504,0
A_N1_r1,A,1,1,28.021450466000033,1,508,508,0
A_N1_r1,A,1,1,28.221752960000003,1,512,512,0
A_N1_r1,A,1,1,28.422227108000016,1,515,515,0
A_N1_r1,A,1,1,28.62314024200009,1,519,519,0
A_N1_r1,A,1,1,28.82374962400013,1,523,523,0
A_N1_r1,A,1,1,29.024628082000163,1,526,526,0
A_N1_r1,A,1,1,29.225056242000164,1,530,530,0
A_N1_r1,A,1,1,29.425914021000153,1,534,534,0
A_N1_r1,A,1,1,29.62649005000003,1,537,537,0
A_N1_r1,A,1,1,29.82675128799997,1,541,541,0
A_N1_r1,A,1,1,30.027867778999962,1,545,545,0
A_N1_r1,A,1,1,30.228900621000093,1,549,549,0
A_N1_r1,A,1,1,30.43016382099995,1,553,553,0
A_N1_r1,A,1,1,30.63042001100007,1,556,556,0
A_N1_r1,A,1,1,30.83094612700006,1,560,560,0
A_N1_r1,A,1,1,31.03295723200017,1,564,564,0
A_N1_r1,A,1,1,31.233691444999977,1,567,567,0
A_N1_r1,A,1,1,31.43493628200008,1,571,571,0
A_N1_r1,A,1,1,31.63532882100003,1,575,575,0
A_N1_r1,A,1,1,31.835753030999967,1,578,578,0
A_N1_r1,A,1,1,32.03658574600013,1,582,582,0
A_N1_r1,A,1,1,32.23753151300002,1,585,585,0
A_N1_r1,A,1,1,32.43776385199999,1,589,589,0
A_N1_r1,A,1,1,32.63894399600008,1,593,593,0
A_N1_r1,A,1,1,32.83947019700008,1,596,596,0
A_N1_r1,A,1,1,33.03984632700008,1,600,600,0
A_N1_r1,A,1,1,33.24357981200001,1,604,604,0
A_N1_r1,A,1,1,33.44473780500016,1,607,607,0
A_N1_r1,A,1,1,33.646662461000005,1,611,611,0
A_N1_r1,A,1,1,33.84715807600014,1,615,615,0
A_N1_r1,A,1,1,34.04833620800014,1,618,618,0
A_N1_r1,A,1,1,34.24866183400013,1,622,622,0
A_N1_r1,A,1,1,34.44984859700003,1,626,626,0
A_N1_r1,A,1,1,34.65017868100017,1,629,629,0
A_N1_r1,A,1,1,34.851987675000146,1,633,633,0
A_N1_r1,A,1,1,35.052524262000134,1,636,636,0
A_N1_r1,A,1,1,35.25310704100002,1,640,640,0
A_N1_r1,A,1,1,35.45506040800001,1,643,643,0
A_N1_r1,A,1,1,35.656303393000144,1,647,647,0
A_N1_r1,A,1,1,35.85691510800007,1,651,651,0
A_N1_r1,A,1,1,36.05802433300005,1,654,654,0
A_N1_r1,A,1,1,36.26009676400008,1,658,658,0
A_N1_r1,A,1,1,36.46043043100008,1,661,661,0
A_N1_r1,A,1,1,36.66156567899998,1,665,665,0
A_N1_r1,A,1,1,36.86258270600001,1,669,669,0
A_N1_r1,A,1,1,37.06332133199999,1,672,672,0
A_N1_r1,A,1,1,37.26457372899995,1,676,676,0
A_N1_r1,A,1,1,37.46530130600013,1,680,680,0
A_N1_r1,A,1,1,37.66587314900016,1,684,684,0
A_N1_r1,A,1,1,37.86612811700002,1,687,687,0
A_N1_r1,A,1,1,38.06661643799998,1,691,691,0
A_N1_r1,A,1,1,38.268643355999984,1,695,695,0
A_N1_r1,A,1,1,38.470757133999996,1,698,698,0
A_N1_r1,A,1,1,38.67127797100011,1,702,702,0
A_N1_r1,A,1,1,38.871614218000104,1,706,706,0
A_N1_r1,A,1,1,39.072633976000134,1,709,709,0
A_N1_r1,A,1,1,39.27380425000001,1,713,713,0
A_N1_r1,A,1,1,39.47406131599996,1,717,717,0
A_N1_r1,A,1,1,39.67440584200017,1,720,720,0
A_N1_r1,A,1,1,39.87560566399998,1,724,724,0
A_N1_r1,A,1,1,40.07765988799997,1,728,728,0
A_N1_r1,A,1,1,40.27786131900007,1,731,731,0
A_N1_r1,A,1,1,40.47869542100011,1,735,735,0
A_N1_r1,A,1,1,40.67951476400003,1,739,739,0
A_N1_r1,A,1,1,40.88062214800016,1,743,743,0
A_N1_r1,A,1,1,41.081305406999945,1,746,746,0
A_N1_r1,A,1,1,41.28324956200004,1,750,750,0
A_N1_r1,A,1,1,41.48373015800007,1,753,753,0
A_N1_r1,A,1,1,41.68413209200003,1,757,757,0
A_N1_r1,A,1,1,41.88454175000015,1,760,760,0
A_N1_r1,A,1,1,42.08479296099995,1,764,764,0
A_N1_r1,A,1,1,42.28563772899997,1,768,768,0
A_N1_r1,A,1,1,42.48664340000005,1,772,772,0
A_N1_r1,A,1,1,42.68847116100005,1,775,775,0
A_N1_r1,A,1,1,42.88949064999997,1,779,779,0
A_N1_r1,A,1,1,43.09004144599999,1,782,782,0
A_N1_r1,A,1,1,43.29084818199999,1,786,786,0
A_N1_r1,A,1,1,43.49191906300007,1,790,790,0
A_N1_r1,A,1,1,43.69299759900014,1,793,793,0
A_N1_r1,A,1,1,43.89351310799998,1,797,797,0
A_N1_r1,A,1,1,44.09471707900002,1,801,801,0
A_N1_r1,A,1,1,44.29694663700002,1,805,805,0
A_N1_r1,A,1,1,44.49825372100008,1,809,809,0
A_N1_r1,A,1,1,44.69899370999997,1,812,812,0
A_N1_r1,A,1,1,44.89962438700013,1,816,816,0
A_N1_r1,A,1,1,45.10037043800003,1,820,820,0
A_N1_r1,A,1,1,45.301459389,1,823,823,0
A_N1_r1,A,1,1,45.50173007800004,1,827,827,0
A_N1_r1,A,1,1,45.70263594300013,1,830,830,0
A_N1_r1,A,1,1,45.90447116600012,1,834,834,0
A_N1_r1,A,1,1,46.105115593000164,1,838,838,0
A_N1_r1,A,1,1,46.30561313500016,1,841,841,0
A_N1_r1,A,1,1,46.50679716400009,1,845,845,0
A_N1_r1,A,1,1,46.70744591100015,1,849,849,0
A_N1_r1,A,1,1,46.90850843299995,1,853,853,0
A_N1_r1,A,1,1,47.109077695999986,1,857,857,0
A_N1_r1,A,1,1,47.309938038000155,1,861,861,0
A_N1_r1,A,1,1,47.51076198800001,1,864,864,0
A_N1_r1,A,1,1,47.711838038999986,1,868,868,0
A_N1_r1,A,1,1,47.912641009000026,1,872,872,0
A_N1_r1,A,1,1,48.11387946700006,1,875,875,0
A_N1_r1,A,1,1,48.31469231799997,1,879,879,0
A_N1_r1,A,1,1,48.51571737300014,1,883,883,0
A_N1_r1,A,1,1,48.718072066000104,1,887,887,0
A_N1_r1,A,1,1,48.91863325700001,1,890,890,0
A_N1_r1,A,1,1,49.1194811580001,1,894,894,0
A_N1_r1,A,1,1,49.321364355000014,1,898,898,0
A_N1_r1,A,1,1,49.521658430000116,1,901,901,0
A_N1_r1,A,1,1,49.722242538000046,1,905,905,0
A_N1_r1,A,1,1,49.922608912999976,1,909,909,0
A_N1_r1,A,1,1,50.12315906699996,1,913,913,0
A_N1_r1,A,1,1,50.32382654000003,1,916,916,0
A_N1_r1,A,1,1,50.52420337800004,1,920,920,0
A_N1_r1,A,1,1,50.72605284300016,1,924,924,0
A_N1_r1,A,1,1,50.928390387000036,1,927,927,0
A_N1_r1,A,1,1,51.12881818599999,1,931,931,0
A_N1_r1,A,1,1,51.32914722400005,1,935,935,0
A_N1_r1,A,1,1,51.52953010600004,1,939,939,0
A_N1_r1,A,1,1,51.72979254300003,1,942,942,0
A_N1_r1,A,1,1,51.93062242600013,1,946,946,0
A_N1_r1,A,1,1,52.13187358799996,1,949,949,0
A_N1_r1,A,1,1,52.333195151000155,1,953,953,0
A_N1_r1,A,1,1,52.53395155199996,1,957,957,0
A_N1_r1,A,1,1,52.73628933300006,1,961,961,0
A_N1_r1,A,1,1,52.93652532200008,1,964,964,0
A_N1_r1,A,1,1,53.137472946000116,1,968,968,0
A_N1_r1,A,1,1,53.33844649299999,1,972,972,0
A_N1_r1,A,1,1,53.53885425900012,1,975,975,0
A_N1_r1,A,1,1,53.73951635000003,1,979,979,0
A_N1_r1,A,1,1,53.94032972500008,1,983,983,0
A_N1_r1,A,1,1,54.140564896000114,1,986,986,0
A_N1_r1,A,1,1,54.34104893200015,1,990,990,0
A_N1_r1,A,1,1,54.54147424500002,1,994,994,0
A_N1_r1,A,1,1,54.74330808900004,1,997,997,0
A_N1_r1,A,1,1,54.94408182899997,1,1001,1001,0
A_N1_r1,A,1,1,55.14500613400014,1,1005,1005,0
A_N1_r1,A,1,1,55.3457016750001,1,1008,1008,0
A_N1_r1,A,1,1,55.54627602000005,1,1012,1012,0
A_N1_r1,A,1,1,55.74720068700003,1,1015,1015,0
A_N1_r1,A,1,1,55.94800642200016,1,1019,1019,0
A_N1_r1,A,1,1,56.14900760900014,1,1023,1023,0
A_N1_r1,A,1,1,56.349420603,1,1026,1026,0
A_N1_r1,A,1,1,56.55050938099998,1,1030,1030,0
A_N1_r1,A,1,1,56.75084909199995,1,1034,1034,0
A_N1_r1,A,1,1,56.951987127000166,1,1037,1037,0
A_N1_r1,A,1,1,57.15259253600016,1,1041,1041,0
A_N1_r1,A,1,1,57.353628595000146,1,1045,1045,0
A_N1_r1,A,1,1,57.55442905500013,1,1048,1048,0
A_N1_r1,A,1,1,57.75561648799999,1,1052,1052,0
A_N1_r1,A,1,1,57.95723207500009,1,1056,1056,0
A_N1_r1,A,1,1,58.157964354000114,1,1059,1059,0
A_N1_r1,A,1,1,58.360130755,1,1063,1063,0
A_N1_r1,A,1,1,58.560840851999956,1,1067,1067,0
A_N1_r1,A,1,1,58.7626860580001,1,1071,1071,0
A_N1_r1,A,1,1,58.96318262900013,1,1074,1074,0
A_N1_r1,A,1,1,59.16418541600001,1,1078,1078,0
A_N1_r1,A,1,1,59.36487837200002,1,1081,1081,0
A_N1_r1,A,1,1,59.56578558499996,1,1085,1085,0
A_N1_r1,A,1,1,59.76691574200004,1,1087,1087,0
A_N1_r1,A,1,1,59.96776669500014,1,1090,1090,0
A_N1_r1,A,1,1,60.16867602399998,0,1092,1092,0
A_N1_r2,A,1,2,0.005165184999896155,0,0,0,0
A_N1_r2,A,1,2,0.20616084199991747,1,2,2,0
A_N1_r2,A,1,2,0.40709559099991566,1,6,6,0
A_N1_r2,A,1,2,0.6081195039998875,1,8,8,0
A_N1_r2,A,1,2,0.8086614079998071,1,11,11,0
A_N1_r2,A,1,2,1.0089388799999597,1,14,14,0
A_N1_r2,A,1,2,1.2096598849998372,1,17,17,0
A_N1_r2,A,1,2,1.4107670619998771,1,20,20,0
A_N1_r2,A,1,2,1.6115847859998667,1,23,23,0
A_N1_r2,A,1,2,1.8126127379998707,1,26,26,0
A_N1_r2,A,1,2,2.0135196379999343,1,29,29,0
A_N1_r2,A,1,2,2.214077497999824,1,32,32,0
A_N1_r2,A,1,2,2.414688811999895,1,35,35,0
A_N1_r2,A,1,2,2.6155091129999164,1,38,38,0
A_N1_r2,A,1,2,2.816333180999891,1,41,41,0
A_N1_r2,A,1,2,3.0166357569999036,1,44,44,0
A_N1_r2,A,1,2,3.217226333999861,1,47,47,0
A_N1_r2,A,1,2,3.41813984800001,1,50,50,0
A_N1_r2,A,1,2,3.619138919999841,1,53,53,0
A_N1_r2,A,1,2,3.8202537859999666,1,57,57,0
A_N1_r2,A,1,2,4.020903781000015,1,60,60,0
A_N1_r2,A,1,2,4.2220033909998165,1,63,63,0
A_N1_r2,A,1,2,4.422770893000006,1,66,66,0
A_N1_r2,A,1,2,4.623523467999803,1,69,69,0
A_N1_r2,A,1,2,4.823996567999984,1,72,72,0
A_N1_r2,A,1,2,5.025101159999849,1,75,75,0
A_N1_r2,A,1,2,5.225586746999852,1,78,78,0
A_N1_r2,A,1,2,5.425854989999834,1,81,81,0
A_N1_r2,A,1,2,5.626674285999798,1,84,84,0
A_N1_r2,A,1,2,5.827174110999977,1,87,87,0
A_N1_r2,A,1,2,6.02859900899989,1,90,90,0
A_N1_r2,A,1,2,6.229520455999818,1,93,93,0
A_N1_r2,A,1,2,6.430445942000006,1,97,97,0
A_N1_r2,A,1,2,6.632618915999956,1,100,100,0
A_N1_r2,A,1,2,6.834093459999849,1,103,103,0
A_N1_r2,A,1,2,7.034387067999887,1,105,105,0
A_N1_r2,A,1,2,7.236325938999926,1,108,108,0
A_N1_r2,A,1,2,7.4374091129998305,1,111,111,0
A_N1_r2,A,1,2,7.639587770999924,1,114,114,0
A_N1_r2,A,1,2,7.84021162199997,1,117,117,0
A_N1_r2,A,1,2,8.041455530999883,1,121,121,0
A_N1_r2,A,1,2,8.241846300999896,1,124,124,0
A_N1_r2,A,1,2,8.442547774999866,1,127,127,0
A_N1_r2,A,1,2,8.642841534999889,1,129,129,0
A_N1_r2,A,1,2,8.843596954999839,1,132,132,0
A_N1_r2,A,1,2,9.044544459999997,1,135,135,0
A_N1_r2,A,1,2,9.245256867999842,1,138,138,0
A_N1_r2,A,1,2,9.44550260699998,1,141,141,0
A_N1_r2,A,1,2,9.646030835999909,1,144,144,0
A_N1_r2,A,1,2,9.847250231999851,1,148,148,0
A_N1_r2,A,1,2,10.04823508200002,1,151,151,0
A_N1_r2,A,1,2,10.248653880999882,1,154,154,0
A_N1_r2,A,1,2,10.44955017899997,1,157,157,0
A_N1_r2,A,1,2,10.651573410999845,1,159,159,0
A_N1_r2,A,1,2,10.852887311999893,1,162,162,0
A_N1_r2,A,1,2,11.053453549999858,1,165,165,0
A_N1_r2,A,1,2,11.254288650999797,1,168,168,0
A_N1_r2,A,1,2,11.45496487399987,1,171,171,0
A_N1_r2,A,1,2,11.655302215999882,1,174,174,0
A_N1_r2,A,1,2,11.856126115999814,1,177,177,0
A_N1_r2,A,1,2,12.057255451999936,1,180,180,0
A_N1_r2,A,1,2,12.257827563999854,1,183,183,0
A_N1_r2,A,1,2,12.458837097000014,1,187,187,0
A_N1_r2,A,1,2,12.659590982999816,1,190,190,0
A_N1_r2,A,1,2,12.86061972399989,1,193,193,0
A_N1_r2,A,1,2,13.061117191999983,1,196,196,0
A_N1_r2,A,1,2,13.26142657499986,1,199,199,0
A_N1_r2,A,1,2,13.462174871999878,1,202,202,0
A_N1_r2,A,1,2,13.663154308999992,1,205,205,0
A_N1_r2,A,1,2,13.86426346899998,1,208,208,0
A_N1_r2,A,1,2,14.064780838999923,1,212,212,0
A_N1_r2,A,1,2,14.265768333999858,1,214,214,0
A_N1_r2,A,1,2,14.466076135999856,1,218,218,0
A_N1_r2,A,1,2,14.66701916399984,1,220,220,0
A_N1_r2,A,1,2,14.868235274999961,1,223,223,0
A_N1_r2,A,1,2,15.069392832999938,1,227,227,0
A_N1_r2,A,1,2,15.270489722999855,1,230,230,0
A_N1_r2,A,1,2,15.471593286999905,1,233,233,0
A_N1_r2,A,1,2,15.672303564999993,1,235,235,0
A_N1_r2,A,1,2,15.872923105999917,1,239,239,0
A_N1_r2,A,1,2,16.073368931000005,1,242,242,0
A_N1_r2,A,1,2,16.274028412000007,1,245,245,0
A_N1_r2,A,1,2,16.4744424349999,1,248,248,0
A_N1_r2,A,1,2,16.676214201999983,1,251,251,0
A_N1_r2,A,1,2,16.876911406999852,1,254,254,0
A_N1_r2,A,1,2,17.07762179899987,1,258,258,0
A_N1_r2,A,1,2,17.27800804100002,1,261,261,0
A_N1_r2,A,1,2,17.47899705499981,1,265,265,0
A_N1_r2,A,1,2,17.682021663999876,1,269,269,0
A_N1_r2,A,1,2,17.882969328999934,1,272,272,0
A_N1_r2,A,1,2,18.083965799999987,1,276,276,0
A_N1_r2,A,1,2,18.28481547599995,1,280,280,0
A_N1_r2,A,1,2,18.486655719999817,1,283,283,0
A_N1_r2,A,1,2,18.6879142329999,1,287,287,0
A_N1_r2,A,1,2,18.888528670999904,1,290,290,0
A_N1_r2,A,1,2,19.089145866999843,1,294,294,0
A_N1_r2,A,1,2,19.289966507999907,1,298,298,0
A_N1_r2,A,1,2,19.490768703999947,1,301,301,0
A_N1_r2,A,1,2,19.69220388199983,1,305,305,0
A_N1_r2,A,1,2,19.892569599999888,1,308,308,0
A_N1_r2,A,1,2,20.09292462799999,1,312,312,0
A_N1_r2,A,1,2,20.29338179299998,1,316,316,0
A_N1_r2,A,1,2,20.49376765099987,1,319,319,0
A_N1_r2,A,1,2,20.695626034999805,1,323,323,0
A_N1_r2,A,1,2,20.897340419999864,1,327,327,0
A_N1_r2,A,1,2,21.09785349699996,1,330,330,0
A_N1_r2,A,1,2,21.299282517999927,1,334,334,0
A_N1_r2,A,1,2,21.499627347999876,1,338,338,0
A_N1_r2,A,1,2,21.700022054999863,1,341,341,0
A_N1_r2,A,1,2,21.901113599999917,1,345,345,0
A_N1_r2,A,1,2,22.1021860379999,1,349,349,0
A_N1_r2,A,1,2,22.302990193999904,1,353,353,0
A_N1_r2,A,1,2,22.504114914999946,1,356,356,0
A_N1_r2,A,1,2,22.704920353999796,1,360,360,0
A_N1_r2,A,1,2,22.905248775000018,1,364,364,0
A_N1_r2,A,1,2,23.10616474099993,1,367,367,0
A_N1_r2,A,1,2,23.3067241629999,1,371,371,0
A_N1_r2,A,1,2,23.50757703699992,1,375,375,0
A_N1_r2,A,1,2,23.707791928000006,1,378,378,0
A_N1_r2,A,1,2,23.90853236399994,1,382,382,0
A_N1_r2,A,1,2,24.110206828999708,1,386,386,0
A_N1_r2,A,1,2,24.31141040700004,1,389,389,0
A_N1_r2,A,1,2,24.512349260000065,1,393,393,0
A_N1_r2,A,1,2,24.713041663999775,1,397,397,0
A_N1_r2,A,1,2,24.913634012999864,1,401,401,0
A_N1_r2,A,1,2,25.11421943000005,1,404,404,0
A_N1_r2,A,1,2,25.31519034799976,1,408,408,0
A_N1_r2,A,1,2,25.516551204999814,1,412,412,0
A_N1_r2,A,1,2,25.717379746000006,1,415,415,0
A_N1_r2,A,1,2,25.91839137399984,1,419,419,0
A_N1_r2,A,1,2,26.119393574999776,1,423,423,0
A_N1_r2,A,1,2,26.320087776000037,1,427,427,0
A_N1_r2,A,1,2,26.520642715000122,1,431,431,0
A_N1_r2,A,1,2,26.721357476999856,1,434,434,0
A_N1_r2,A,1,2,26.922119931999987,1,438,438,0
A_N1_r2,A,1,2,27.12279813499981,1,441,441,0
A_N1_r2,A,1,2,27.323791580000034,1,445,445,0
A_N1_r2,A,1,2,27.524976269000035,1,449,449,0
A_N1_r2,A,1,2,27.725188374000027,1,453,453,0
A_N1_r2,A,1,2,27.926057538999885,1,456,456,0
A_N1_r2,A,1,2,28.12815634899971,1,460,460,0
A_N1_r2,A,1,2,28.328521894999994,1,464,464,0
A_N1_r2,A,1,2,28.529031360999852,1,468,468,0
A_N1_r2,A,1,2,28.729406155000106,1,472,472,0
A_N1_r2,A,1,2,28.929615427000044,1,476,476,0
A_N1_r2,A,1,2,29.129978059999758,1,480,480,0
A_N1_r2,A,1,2,29.331057186999715,1,483,483,0
A_N1_r2,A,1,2,29.53318739999986,1,487,487,0
A_N1_r2,A,1,2,29.733410792000086,1,491,491,0
A_N1_r2,A,1,2,29.934506221999982,1,495,495,0
A_N1_r2,A,1,2,30.135662981999758,1,498,498,0
A_N1_r2,A,1,2,30.337107543000002,1,502,502,0
A_N1_r2,A,1,2,30.537877470999774,1,506,506,0
A_N1_r2,A,1,2,30.738827888999822,1,509,509,0
A_N1_r2,A,1,2,30.939447254999777,1,513,513,0
A_N1_r2,A,1,2,31.14012961399976,1,517,517,0
A_N1_r2,A,1,2,31.342123916999753,1,520,520,0
A_N1_r2,A,1,2,31.54360782699996,1,524,524,0
A_N1_r2,A,1,2,31.744559149999986,1,527,527,0
A_N1_r2,A,1,2,31.945059425999716,1,531,531,0
A_N1_r2,A,1,2,32.1474467969997,1,535,535,0
A_N1_r2,A,1,2,32.3484936079999,1,539,539,0
A_N1_r2,A,1,2,32.54935182200006,1,542,542,0
A_N1_r2,A,1,2,32.75006935100009,1,546,546,0
A_N1_r2,A,1,2,32.951327083999786,1,550,550,0
A_N1_r2,A,1,2,33.15184842999997,1,553,553,0
A_N1_r2,A,1,2,33.353564106999784,1,557,557,0
A_N1_r2,A,1,2,33.55424633199982,1,561,561,0
A_N1_r2,A,1,2,33.75529772599975,1,564,564,0
A_N1_r2,A,1,2,33.95662089699999,1,568,568,0
A_N1_r2,A,1,2,34.15719953500002,1,572,572,0
A_N1_r2,A,1,2,34.35760386999982,1,575,575,0
A_N1_r2,A,1,2,34.559380921999946,1,579,579,0
A_N1_r2,A,1,2,34.75982796800008,1,583,583,0
A_N1_r2,A,1,2,34.960113655999976,1,587,587,0
A_N1_r2,A,1,2,35.16058106399987,1,590,590,0
A_N1_r2,A,1,2,35.361769955,1,594,594,0
A_N1_r2,A,1,2,35.562329068000054,1,598,598,0
A_N1_r2,A,1,2,35.76328039000009,1,602,602,0
A_N1_r2,A,1,2,35.963662398999986,1,606,606,0
A_N1_r2,A,1,2,36.164011974999994,1,609,609,0
A_N1_r2,A,1,2,36.36476808499992,1,613,613,0
A_N1_r2,A,1,2,36.565674988999945,1,618,618,0
A_N1_r2,A,1,2,36.766094723999686,1,622,622,0
A_N1_r2,A,1,2,36.96681244599995,1,626,626,0
A_N1_r2,A,1,2,37.16790014099979,1,630,630,0
A_N1_r2,A,1,2,37.36870167400002,1,633,633,0
A_N1_r2,A,1,2,37.56994437000003,1,637,637,0
A_N1_r2,A,1,2,37.7714262479999,1,641,641,0
A_N1_r2,A,1,2,37.97236515499981,1,644,644,0
A_N1_r2,A,1,2,38.1728863809999,1,648,648,0
A_N1_r2,A,1,2,38.37401021300002,1,652,652,0
A_N1_r2,A,1,2,38.57437349199972,1,655,655,0
A_N1_r2,A,1,2,38.77521539899999,1,659,659,0
A_N1_r2,A,1,2,38.975680313999874,1,663,663,0
A_N1_r2,A,1,2,39.17678495900009,1,667,667,0
A_N1_r2,A,1,2,39.37754213700009,1,671,671,0
A_N1_r2,A,1,2,39.57885856699977,1,674,674,0
A_N1_r2,A,1,2,39.780013806999705,1,678,678,0
A_N1_r2,A,1,2,39.98028866000004,1,682,682,0
A_N1_r2,A,1,2,40.18106412299994,1,686,686,0
A_N1_r2,A,1,2,40.38146439399998,1,690,690,0
A_N1_r2,A,1,2,40.58182532699993,1,694,694,0
A_N1_r2,A,1,2,40.78209825399972,1,698,698,0
A_N1_r2,A,1,2,40.98242137299985,1,701,701,0
A_N1_r2,A,1,2,41.1844370419999,1,705,705,0
A_N1_r2,A,1,2,41.38578285099993,1,709,709,0
A_N1_r2,A,1,2,41.58613921999995,1,712,712,0
A_N1_r2,A,1,2,41.787734250000085,1,716,716,0
A_N1_r2,A,1,2,41.98892778499976,1,720,720,0
A_N1_r2,A,1,2,42.189533998000115,1,723,723,0
A_N1_r2,A,1,2,42.38997312899983,1,727,727,0
A_N1_r2,A,1,2,42.59088850499984,1,731,731,0
A_N1_r2,A,1,2,42.79124884299972,1,734,734,0
A_N1_r2,A,1,2,42.99178125799972,1,738,738,0
A_N1_r2,A,1,2,43.192157124000005,1,742,742,0
A_N1_r2,A,1,2,43.39293246399984,1,745,745,0
A_N1_r2,A,1,2,43.593563941999946,1,749,749,0
A_N1_r2,A,1,2,43.7939011819999,1,753,753,0
A_N1_r2,A,1,2,43.99459840899999,1,756,756,0
A_N1_r2,A,1,2,44.195561979000104,1,760,760,0
A_N1_r2,A,1,2,44.39607561799994,1,764,764,0
A_N1_r2,A,1,2,44.59665486799986,1,767,767,0
A_N1_r2,A,1,2,44.798191206999945,1,771,771,0
A_N1_r2,A,1,2,44.99933869899996,1,774,774,0
A_N1_r2,A,1,2,45.200184369,1,778,778,0
A_N1_r2,A,1,2,45.40090242499991,1,782,782,0
A_N1_r2,A,1,2,45.601581334,1,786,786,0
A_N1_r2,A,1,2,45.80222586899981,1,789,789,0
A_N1_r2,A,1,2,46.0030701769997,1,793,793,0
A_N1_r2,A,1,2,46.20350463299974,1,796,796,0
A_N1_r2,A,1,2,46.40424267199978,1,800,800,0
A_N1_r2,A,1,2,46.60502052699985,1,804,804,0
A_N1_r2,A,1,2,46.805869811999855,1,807,807,0
A_N1_r2,A,1,2,47.00638651500003,1,811,811,0
A_N1_r2,A,1,2,47.20726960799993,1,815,815,0
A_N1_r2,A,1,2,47.407957070000066,1,818,818,0
A_N1_r2,A,1,2,47.60836793399994,1,822,822,0
A_N1_r2,A,1,2,47.809649743000136,1,826,826,0
A_N1_r2,A,1,2,48.010132927000086,1,829,829,0
A_N1_r2,A,1,2,48.210495867999725,1,833,833,0
A_N1_r2,A,1,2,48.4107937079998,1,837,837,0
A_N1_r2,A,1,2,48.612924723000106,1,841,841,0
A_N1_r2,A,1,2,48.813672979999865,1,845,845,0
A_N1_r2,A,1,2,49.01460256900009,1,848,848,0
A_N1_r2,A,1,2,49.21547050199979,1,852,852,0
A_N1_r2,A,1,2,49.41622704700012,1,856,856,0
A_N1_r2,A,1,2,49.61742681299984,1,860,860,0
A_N1_r2,A,1,2,49.81844259199988,1,864,864,0
A_N1_r2,A,1,2,50.01957050300007,1,867,867,0
A_N1_r2,A,1,2,50.22010089100013,1,871,871,0
A_N1_r2,A,1,2,50.42069147199982,1,875,875,0
A_N1_r2,A,1,2,50.62141920499971,1,878,878,0
A_N1_r2,A,1,2,50.822613488000115,1,882,882,0
A_N1_r2,A,1,2,51.02328310899975,1,886,886,0
A_N1_r2,A,1,2,51.22374238199973,1,890,890,0
A_N1_r2,A,1,2,51.42477879499984,1,894,894,0
A_N1_r2,A,1,2,51.62574474799976,1,897,897,0
A_N1_r2,A,1,2,51.82639589900009,1,901,901,0
A_N1_r2,A,1,2,52.028472973000135,1,905,905,0
A_N1_r2,A,1,2,52.23085923200006,1,909,909,0
A_N1_r2,A,1,2,52.431291214999874,1,912,912,0
A_N1_r2,A,1,2,52.63206528799992,1,916,916,0
A_N1_r2,A,1,2,52.83245451899984,1,920,920,0
A_N1_r2,A,1,2,53.03295120599978,1,923,923,0
A_N1_r2,A,1,2,53.23382936100006,1,927,927,0
A_N1_r2,A,1,2,53.43495309199989,1,931,931,0
A_N1_r2,A,1,2,53.63562638899975,1,935,935,0
A_N1_r2,A,1,2,53.83709962900002,1,939,939,0
A_N1_r2,A,1,2,54.03813629699971,1,942,942,0
A_N1_r2,A,1,2,54.23940101300013,1,946,946,0
A_N1_r2,A,1,2,54.43992379800011,1,950,950,0
A_N1_r2,A,1,2,54.64077363899969,1,954,954,0
A_N1_r2,A,1,2,54.841875054999946,1,958,958,0
A_N1_r2,A,1,2,55.04403893299968,1,961,961,0
A_N1_r2,A,1,2,55.24426430699987,1,965,965,0
A_N1_r2,A,1,2,55.444669675000114,1,969,969,0
A_N1_r2,A,1,2,55.64586572799999,1,972,972,0
A_N1_r2,A,1,2,55.847042241000054,1,976,976,0
A_N1_r2,A,1,2,56.04806111500011,1,980,980,0
A_N1_r2,A,1,2,56.248983785999826,1,983,983,0
A_N1_r2,A,1,2,56.44999520800002,1,987,987,0
A_N1_r2,A,1,2,56.65175682600011,1,991,991,0
A_N1_r2,A,1,2,56.85298627700013,1,994,994,0
A_N1_r2,A,1,2,57.05325383499985,1,998,998,0
A_N1_r2,A,1,2,57.25435107599969,1,1002,1002,0
A_N1_r2,A,1,2,57.456197490999784,1,1005,1005,0
A_N1_r2,A,1,2,57.65685055599988,1,1010,1010,0
A_N1_r2,A,1,2,57.85804501299981,1,1013,1013,0
A_N1_r2,A,1,2,58.05835029699983,1,1017,1017,0
A_N1_r2,A,1,2,58.26029506199984,1,1021,1021,0
A_N1_r2,A,1,2,58.46134659600011,1,1025,1025,0
A_N1_r2,A,1,2,58.66254118400002,1,1028,1028,0
A_N1_r2,A,1,2,58.86335846499969,1,1032,1032,0
A_N1_r2,A,1,2,59.06358090899994,1,1036,1036,0
A_N1_r2,A,1,2,59.2641484400001,1,1040,1040,0
A_N1_r2,A,1,2,59.465256340999986,1,1044,1044,0
A_N1_r2,A,1,2,59.666955919999964,1,1047,1047,0
A_N1_r2,A,1,2,59.86743496000008,1,1051,1051,0
A_N1_r2,A,1,2,60.06840787200008,0,1054,1054,0
A_N1_r3,A,1,3,0.005010366999613325,0,0,0,0
A_N1_r3,A,1,3,0.20569689099966126,1,3,3,0
A_N1_r3,A,1,3,0.40616058499972496,1,7,7,0
A_N1_r3,A,1,3,0.6071478909998405,1,10,10,0
A_N1_r3,A,1,3,0.8080170039997938,1,14,14,0
A_N1_r3,A,1,3,1.008411428999807,1,17,17,0
A_N1_r3,A,1,3,1.2094713489996138,1,21,21,0
A_N1_r3,A,1,3,1.4098945129999265,1,25,25,0
A_N1_r3,A,1,3,1.6107876480000414,1,28,28,0
A_N1_r3,A,1,3,1.8120183209998686,1,32,32,0
A_N1_r3,A,1,3,2.0127523339997424,1,35,35,0
A_N1_r3,A,1,3,2.2132915849997516,1,39,39,0
A_N1_r3,A,1,3,2.414010391999909,1,43,43,0
A_N1_r3,A,1,3,2.614530318999641,1,46,46,0
A_N1_r3,A,1,3,2.8155913939999664,1,50,50,0
A_N1_r3,A,1,3,3.0167203989999507,1,54,54,0
A_N1_r3,A,1,3,3.2173755059998257,1,57,57,0
A_N1_r3,A,1,3,3.418358070999602,1,61,61,0
A_N1_r3,A,1,3,3.619372920999922,1,65,65,0
A_N1_r3,A,1,3,3.8200496519998524,1,69,69,0
A_N1_r3,A,1,3,4.0210243209999135,1,72,72,0
A_N1_r3,A,1,3,4.222022860999914,1,76,76,0
A_N1_r3,A,1,3,4.422558710999965,1,80,80,0
A_N1_r3,A,1,3,4.6227384029998575,1,84,84,0
A_N1_r3,A,1,3,4.823235566999756,1,87,87,0
A_N1_r3,A,1,3,5.024071064999589,1,91,91,0
A_N1_r3,A,1,3,5.225395598999967,1,95,95,0
A_N1_r3,A,1,3,5.426900590999594,1,98,98,0
A_N1_r3,A,1,3,5.628057177999835,1,102,102,0
A_N1_r3,A,1,3,5.829620644999977,1,106,106,0
A_N1_r3,A,1,3,6.029881386999932,1,110,110,0
A_N1_r3,A,1,3,6.230873339000027,1,113,113,0
A_N1_r3,A,1,3,6.43159823499991,1,117,117,0
A_N1_r3,A,1,3,6.6319419989999915,1,121,121,0
A_N1_r3,A,1,3,6.832136353999886,1,125,125,0
A_N1_r3,A,1,3,7.033119155999884,1,128,128,0
A_N1_r3,A,1,3,7.233670199999779,1,132,132,0
A_N1_r3,A,1,3,7.434626055999615,1,135,135,0
A_N1_r3,A,1,3,7.635536584999954,1,139,139,0
A_N1_r3,A,1,3,7.83581439999989,1,143,143,0
A_N1_r3,A,1,3,8.036194355999669,1,147,147,0
A_N1_r3,A,1,3,8.236698824999621,1,150,150,0
A_N1_r3,A,1,3,8.43782294399989,1,154,154,0
A_N1_r3,A,1,3,8.638872114999685,1,158,158,0
A_N1_r3,A,1,3,8.84045147400002,1,162,162,0
A_N1_r3,A,1,3,9.041138048999983,1,166,166,0
A_N1_r3,A,1,3,9.24148463199981,1,170,170,0
A_N1_r3,A,1,3,9.442000223999912,1,173,173,0
A_N1_r3,A,1,3,9.643153847999656,1,177,177,0
A_N1_r3,A,1,3,9.843749181000021,1,180,180,0
A_N1_r3,A,1,3,10.044707573999858,1,185,185,0
A_N1_r3,A,1,3,10.245127965999927,1,188,188,0
A_N1_r3,A,1,3,10.44697321800004,1,192,192,0
A_N1_r3,A,1,3,10.647569321999981,1,196,196,0
A_N1_r3,A,1,3,10.849408520999987,1,200,200,0
A_N1_r3,A,1,3,11.050119432999963,1,203,203,0
A_N1_r3,A,1,3,11.251261013999738,1,207,207,0
A_N1_r3,A,1,3,11.452195609999762,1,211,211,0
A_N1_r3,A,1,3,11.652941772999839,1,215,215,0
A_N1_r3,A,1,3,11.854062385999896,1,218,218,0
A_N1_r3,A,1,3,12.054807979999623,1,222,222,0
A_N1_r3,A,1,3,12.256400415999906,1,226,226,0
A_N1_r3,A,1,3,12.457551634999618,1,229,229,0
A_N1_r3,A,1,3,12.658421181999984,1,233,233,0
A_N1_r3,A,1,3,12.858806189999996,1,237,237,0
A_N1_r3,A,1,3,13.060494282000036,1,241,241,0
A_N1_r3,A,1,3,13.260956392000026,1,244,244,0
A_N1_r3,A,1,3,13.462619390999862,1,248,248,0
A_N1_r3,A,1,3,13.662987338999756,1,252,252,0
A_N1_r3,A,1,3,13.863877517999754,1,255,255,0
A_N1_r3,A,1,3,14.064416749999964,1,259,259,0
A_N1_r3,A,1,3,14.266180293999696,1,262,262,0
A_N1_r3,A,1,3,14.467328760999862,1,266,266,0
A_N1_r3,A,1,3,14.669477205000021,1,270,270,0
A_N1_r3,A,1,3,14.87045229899968,1,273,273,0
A_N1_r3,A,1,3,15.070790286999909,1,277,277,0
A_N1_r3,A,1,3,15.272669649999898,1,281,281,0
A_N1_r3,A,1,3,15.473180033999597,1,285,285,0
A_N1_r3,A,1,3,15.674328471999615,1,288,288,0
A_N1_r3,A,1,3,15.875188572999832,1,292,292,0
A_N1_r3,A,1,3,16.07726901199976,1,296,296,0
A_N1_r3,A,1,3,16.277771280999787,1,299,299,0
A_N1_r3,A,1,3,16.478883717999906,1,303,303,0
A_N1_r3,A,1,3,16.679576764999638,1,307,307,0
A_N1_r3,A,1,3,16.880534205000004,1,310,310,0
A_N1_r3,A,1,3,17.081517769999664,1,314,314,0
A_N1_r3,A,1,3,17.28222544099981,1,318,318,0
A_N1_r3,A,1,3,17.483178513999974,1,322,322,0
A_N1_r3,A,1,3,17.68422018299998,1,326,326,0
A_N1_r3,A,1,3,17.884825616999933,1,329,329,0
A_N1_r3,A,1,3,18.085445976999836,1,333,333,0
A_N1_r3,A,1,3,18.2857729819998,1,336,336,0
A_N1_r3,A,1,3,18.486143401999925,1,340,340,0
A_N1_r3,A,1,3,18.686536025999885,1,344,344,0
A_N1_r3,A,1,3,18.886868167999637,1,347,347,0
A_N1_r3,A,1,3,19.0872787039998,1,351,351,0
A_N1_r3,A,1,3,19.288758228999995,1,355,355,0
A_N1_r3,A,1,3,19.489640707000035,1,358,358,0
A_N1_r3,A,1,3,19.69058397899971,1,362,362,0
A_N1_r3,A,1,3,19.890963678999924,1,365,365,0
A_N1_r3,A,1,3,20.09141962099966,1,369,369,0
A_N1_r3,A,1,3,20.292542128999685,1,373,373,0
A_N1_r3,A,1,3,20.49333968799965,1,377,377,0
A_N1_r3,A,1,3,20.694451519999802,1,380,380,0
A_N1_r3,A,1,3,20.89530977000004,1,384,384,0
A_N1_r3,A,1,3,21.095562038000025,1,388,388,0
A_N1_r3,A,1,3,21.29674062999993,1,391,391,0
A_N1_r3,A,1,3,21.497086087999833,1,395,395,0
A_N1_r3,A,1,3,21.697592747999806,1,399,399,0
A_N1_r3,A,1,3,21.89901238199991,1,403,403,0
A_N1_r3,A,1,3,22.09999377999975,1,406,406,0
A_N1_r3,A,1,3,22.301081621999856,1,410,410,0
A_N1_r3,A,1,3,22.502965013999983,1,414,414,0
A_N1_r3,A,1,3,22.703502466999907,1,418,418,0
A_N1_r3,A,1,3,22.904326448999655,1,421,421,0
A_N1_r3,A,1,3,23.10475616299982,1,425,425,0
A_N1_r3,A,1,3,23.306554894999863,1,429,429,0
A_N1_r3,A,1,3,23.507140397999592,1,432,432,0
A_N1_r3,A,1,3,23.707481000999906,1,436,436,0
A_N1_r3,A,1,3,23.908679263999602,1,440,440,0
A_N1_r3,A,1,3,24.1095663709998,1,444,444,0
A_N1_r3,A,1,3,24.30982542499987,1,447,447,0
A_N1_r3,A,1,3,24.510622556999806,1,451,451,0
A_N1_r3,A,1,3,24.710923096999977,1,455,455,0
A_N1_r3,A,1,3,24.911379364999902,1,458,458,0
A_N1_r3,A,1,3,25.11263535199987,1,462,462,0
A_N1_r3,A,1,3,25.312917600999754,1,465,465,0
A_N1_r3,A,1,3,25.513725705999605,1,469,469,0
A_N1_r3,A,1,3,25.714567706999787,1,473,473,0
A_N1_r3,A,1,3,25.91559654599996,1,476,476,0
A_N1_r3,A,1,3,26.11663035399988,1,480,480,0
A_N1_r3,A,1,3,26.316890406999846,1,483,483,0
A_N1_r3,A,1,3,26.517246876999707,1,487,487,0
A_N1_r3,A,1,3,26.718393879999894,1,490,490,0
A_N1_r3,A,1,3,26.91902997399984,1,494,494,0
A_N1_r3,A,1,3,27.119893001000037,1,498,498,0
A_N1_r3,A,1,3,27.320267553999656,1,502,502,0
A_N1_r3,A,1,3,27.520939440999882,1,505,505,0
A_N1_r3,A,1,3,27.72135252399994,1,509,509,0
A_N1_r3,A,1,3,27.92231373200002,1,513,513,0
A_N1_r3,A,1,3,28.123195673999817,1,516,516,0
A_N1_r3,A,1,3,28.324552524999945,1,520,520,0
A_N1_r3,A,1,3,28.527450656999918,1,524,524,0
A_N1_r3,A,1,3,28.72845259299993,1,527,527,0
A_N1_r3,A,1,3,28.928970968999693,1,531,531,0
A_N1_r3,A,1,3,29.130460561999826,1,535,535,0
A_N1_r3,A,1,3,29.331373958999848,1,538,538,0
A_N1_r3,A,1,3,29.53259457799959,1,542,542,0
A_N1_r3,A,1,3,29.733187131999784,1,546,546,0
A_N1_r3,A,1,3,29.933448503999898,1,550,550,0
A_N1_r3,A,1,3,30.134140230999947,1,554,554,0
A_N1_r3,A,1,3,30.335427916999834,1,558,558,0
A_N1_r3,A,1,3,30.535876262999864,1,561,561,0
A_N1_r3,A,1,3,30.736311328999818,1,565,565,0
A_N1_r3,A,1,3,30.936693329999798,1,569,569,0
A_N1_r3,A,1,3,31.137446172999717,1,572,572,0
A_N1_r3,A,1,3,31.33793444799994,1,576,576,0
A_N1_r3,A,1,3,31.539182395999887,1,580,580,0
A_N1_r3,A,1,3,31.739810096999918,1,584,584,0
A_N1_r3,A,1,3,31.940092746999653,1,588,588,0
A_N1_r3,A,1,3,32.140739024999675,1,591,591,0
A_N1_r3,A,1,3,32.34103213299977,1,595,595,0
A_N1_r3,A,1,3,32.54269251400001,1,599,599,0
A_N1_r3,A,1,3,32.743214214999625,1,602,602,0
A_N1_r3,A,1,3,32.94354292299977,1,606,606,0
A_N1_r3,A,1,3,33.14396137599988,1,609,609,0
A_N1_r3,A,1,3,33.3446980409999,1,613,613,0
A_N1_r3,A,1,3,33.54583112099999,1,616,616,0
A_N1_r3,A,1,3,33.74614909999991,1,620,620,0
A_N1_r3,A,1,3,33.946684946000005,1,624,624,0
A_N1_r3,A,1,3,34.14720903999978,1,628,628,0
A_N1_r3,A,1,3,34.34833625900001,1,631,631,0
A_N1_r3,A,1,3,34.54964846799976,1,635,635,0
A_N1_r3,A,1,3,34.750106651999886,1,639,639,0
A_N1_r3,A,1,3,34.95126140699995,1,643,643,0
A_N1_r3,A,1,3,35.15247491399987,1,646,646,0
A_N1_r3,A,1,3,35.35410058399975,1,650,650,0
A_N1_r3,A,1,3,35.55645477600001,1,654,654,0
A_N1_r3,A,1,3,35.7573343199997,1,657,657,0
A_N1_r3,A,1,3,35.958155664999595,1,661,661,0
A_N1_r3,A,1,3,36.159309085999666,1,665,665,0
A_N1_r3,A,1,3,36.359674412000004,1,668,668,0
A_N1_r3,A,1,3,36.56052255399982,1,672,672,0
A_N1_r3,A,1,3,36.76095763699959,1,676,676,0
A_N1_r3,A,1,3,36.96202951399982,1,679,679,0
A_N1_r3,A,1,3,37.16305218599973,1,683,683,0
A_N1_r3,A,1,3,37.363822680999874,1,687,687,0
A_N1_r3,A,1,3,37.56407723199982,1,690,690,0
A_N1_r3,A,1,3,37.7659109289998,1,694,694,0
A_N1_r3,A,1,3,37.96674904699967,1,697,697,0
A_N1_r3,A,1,3,38.16735360099983,1,701,701,0
A_N1_r3,A,1,3,38.368225938999785,1,705,705,0
A_N1_r3,A,1,3,38.56891005999978,1,708,708,0
A_N1_r3,A,1,3,38.76936918399997,1,712,712,0
A_N1_r3,A,1,3,38.97035967299962,1,716,716,0
A_N1_r3,A,1,3,39.17070343999967,1,719,719,0
A_N1_r3,A,1,3,39.37168081599975,1,723,723,0
A_N1_r3,A,1,3,39.572918113000014,1,726,726,0
A_N1_r3,A,1,3,39.7741352639996,1,730,730,0
A_N1_r3,A,1,3,39.97527290399967,1,734,734,0
A_N1_r3,A,1,3,40.176298077999945,1,737,737,0
A_N1_r3,A,1,3,40.37667204299987,1,741,741,0
A_N1_r3,A,1,3,40.57694452099986,1,745,745,0
A_N1_r3,A,1,3,40.77831930399998,1,749,749,0
A_N1_r3,A,1,3,40.978560492999804,1,752,752,0
A_N1_r3,A,1,3,41.179163178999715,1,756,756,0
A_N1_r3,A,1,3,41.37983188999988,1,760,760,0
A_N1_r3,A,1,3,41.58026857799996,1,764,764,0
A_N1_r3,A,1,3,41.78120634999959,1,768,768,0
A_N1_r3,A,1,3,41.98208437899984,1,771,771,0
A_N1_r3,A,1,3,42.18267172299966,1,775,775,0
A_N1_r3,A,1,3,42.383508830999745,1,778,778,0
A_N1_r3,A,1,3,42.584320424,1,782,782,0
A_N1_r3,A,1,3,42.78542010399997,1,786,786,0
A_N1_r3,A,1,3,42.986063998999725,1,790,790,0
A_N1_r3,A,1,3,43.18648863399994,1,793,793,0
A_N1_r3,A,1,3,43.388344154999686,1,797,797,0
A_N1_r3,A,1,3,43.58923330599964,1,801,801,0
A_N1_r3,A,1,3,43.78962602499996,1,804,804,0
A_N1_r3,A,1,3,43.99003912199987,1,808,808,0
A_N1_r3,A,1,3,44.19072421299961,1,811,811,0
A_N1_r3,A,1,3,44.39150611099967,1,815,815,0
A_N1_r3,A,1,3,44.59264478999967,1,818,818,0
A_N1_r3,A,1,3,44.79387227500001,1,822,822,0
A_N1_r3,A,1,3,44.99432389200001,1,825,825,0
A_N1_r3,A,1,3,45.19618138299984,1,829,829,0
A_N1_r3,A,1,3,45.39656774699961,1,832,832,0
A_N1_r3,A,1,3,45.59838808399991,1,836,836,0
A_N1_r3,A,1,3,45.79923559400004,1,839,839,0
A_N1_r3,A,1,3,45.999781917999826,1,843,843,0
A_N1_r3,A,1,3,46.20077484800004,1,846,846,0
A_N1_r3,A,1,3,46.40197674199999,1,850,850,0
A_N1_r3,A,1,3,46.60287090099973,1,854,854,0
A_N1_r3,A,1,3,46.803698751999946,1,857,857,0
A_N1_r3,A,1,3,47.004535631999715,1,861,861,0
A_N1_r3,A,1,3,47.20545007800001,1,864,864,0
A_N1_r3,A,1,3,47.40588875599997,1,868,868,0
A_N1_r3,A,1,3,47.60809330599977,1,871,871,0
A_N1_r3,A,1,3,47.809276530999796,1,875,875,0
A_N1_r3,A,1,3,48.01069229099994,1,878,878,0
A_N1_r3,A,1,3,48.2111330419998,1,882,882,0
A_N1_r3,A,1,3,48.412292264999905,1,886,886,0
A_N1_r3,A,1,3,48.613285518999874,1,889,889,0
A_N1_r3,A,1,3,48.81388530200002,1,893,893,0
A_N1_r3,A,1,3,49.01543903299989,1,897,897,0
A_N1_r3,A,1,3,49.21614714999987,1,900,900,0
A_N1_r3,A,1,3,49.417309999999816,1,904,904,0
A_N1_r3,A,1,3,49.618453405999844,1,907,907,0
A_N1_r3,A,1,3,49.819318805999956,1,911,911,0
A_N1_r3,A,1,3,50.020537372000035,1,915,915,0
A_N1_r3,A,1,3,50.221393577999606,1,918,918,0
A_N1_r3,A,1,3,50.421766341999955,1,922,922,0
A_N1_r3,A,1,3,50.623788517999856,1,926,926,0
A_N1_r3,A,1,3,50.823951055999714,1,930,930,0
A_N1_r3,A,1,3,51.02451288799966,1,933,933,0
A_N1_r3,A,1,3,51.22486511499983,1,937,937,0
A_N1_r3,A,1,3,51.42641845399976,1,941,941,0
A_N1_r3,A,1,3,51.62723209499973,1,944,944,0
A_N1_r3,A,1,3,51.82758303199989,1,948,948,0
A_N1_r3,A,1,3,52.028341906999685,1,952,952,0
A_N1_r3,A,1,3,52.22907694899959,1,955,955,0
A_N1_r3,A,1,3,52.43022377899979,1,959,959,0
A_N1_r3,A,1,3,52.631218584999715,1,963,963,0
A_N1_r3,A,1,3,52.83176933200002,1,966,966,0
A_N1_r3,A,1,3,53.03201339599991,1,970,970,0
A_N1_r3,A,1,3,53.232466424999984,1,973,973,0
A_N1_r3,A,1,3,53.43356632199993,1,977,977,0
A_N1_r3,A,1,3,53.634259799999654,1,981,981,0
A_N1_r3,A,1,3,53.83690515099988,1,985,985,0
A_N1_r3,A,1,3,54.03782364999961,1,988,988,0
A_N1_r3,A,1,3,54.23827475300004,1,992,992,0
A_N1_r3,A,1,3,54.43944317799969,1,996,996,0
A_N1_r3,A,1,3,54.6402773789996,1,999,999,0
A_N1_r3,A,1,3,54.8411995649999,1,1003,1003,0
A_N1_r3,A,1,3,55.041879914999754,1,1007,1007,0
A_N1_r3,A,1,3,55.242122169999675,1,1010,1010,0
A_N1_r3,A,1,3,55.44280377299992,1,1014,1014,0
A_N1_r3,A,1,3,55.64321883000002,1,1018,1018,0
A_N1_r3,A,1,3,55.84384317399963,1,1021,1021,0
A_N1_r3,A,1,3,56.04465169399964,1,1025,1025,0
A_N1_r3,A,1,3,56.247153521999735,1,1029,1029,0
A_N1_r3,A,1,3,56.44783314699998,1,1032,1032,0
A_N1_r3,A,1,3,56.648908774999654,1,1036,1036,0
A_N1_r3,A,1,3,56.84962986799974,1,1040,1040,0
A_N1_r3,A,1,3,57.04998552400002,1,1044,1044,0
A_N1_r3,A,1,3,57.250618783999926,1,1048,1048,0
A_N1_r3,A,1,3,57.451823021999644,1,1051,1051,0
A_N1_r3,A,1,3,57.65279962199975,1,1055,1055,0
A_N1_r3,A,1,3,57.854549160999795,1,1059,1059,0
A_N1_r3,A,1,3,58.05568789999961,1,1062,1062,0
A_N1_r3,A,1,3,58.25628235899967,1,1066,1066,0
A_N1_r3,A,1,3,58.45695935100002,1,1070,1070,0
A_N1_r3,A,1,3,58.65750130699962,1,1073,1073,0
A_N1_r3,A,1,3,58.85792633899973,1,1077,1077,0
A_N1_r3,A,1,3,59.058780556999864,1,1080,1080,0
A_N1_r3,A,1,3,59.25951661699992,1,1084,1084,0
A_N1_r3,A,1,3,59.46104183699981,1,1088,1088,0
A_N1_r3,A,1,3,59.66152790099977,1,1091,1091,0
A_N1_r3,A,1,3,59.8622505809999,1,1095,1095,0
A_N1_r3,A,1,3,60.06283054200003,0,1098,1098,0
A_N1_r4,A,1,4,0.005189957999846229,0,0,0,0
A_N1_r4,A,1,4,0.2055215949999365,1,3,3,0
A_N1_r4,A,1,4,0.40665877199990064,1,7,7,0
A_N1_r4,A,1,4,0.6072288079999453,1,10,10,0
A_N1_r4,A,1,4,0.8083232439998937,1,14,14,0
A_N1_r4,A,1,4,1.0113336029999118,1,18,18,0
A_N1_r4,A,1,4,1.2133540889999495,1,21,21,0
A_N1_r4,A,1,4,1.413725760000034,1,25,25,0
A_N1_r4,A,1,4,1.6141181339999093,1,28,28,0
A_N1_r4,A,1,4,1.8150456319999648,1,32,32,0
A_N1_r4,A,1,4,2.016026783000143,1,36,36,0
A_N1_r4,A,1,4,2.217238999000074,1,39,39,0
A_N1_r4,A,1,4,2.418289050000112,1,43,43,0
A_N1_r4,A,1,4,2.619852880000053,1,46,46,0
A_N1_r4,A,1,4,2.820392551000168,1,50,50,0
A_N1_r4,A,1,4,3.020858782999767,1,54,54,0
A_N1_r4,A,1,4,3.2215634039998804,1,57,57,0
A_N1_r4,A,1,4,3.4221927019998475,1,61,61,0
A_N1_r4,A,1,4,3.6236308560000907,1,65,65,0
A_N1_r4,A,1,4,3.8255492439998307,1,69,69,0
A_N1_r4,A,1,4,4.026021349000075,1,73,73,0
A_N1_r4,A,1,4,4.228099027000098,1,76,76,0
A_N1_r4,A,1,4,4.428774017999785,1,80,80,0
A_N1_r4,A,1,4,4.629887920999863,1,84,84,0
A_N1_r4,A,1,4,4.83056076999992,1,88,88,0
A_N1_r4,A,1,4,5.031268028999875,1,91,91,0
A_N1_r4,A,1,4,5.231554018999759,1,95,95,0
A_N1_r4,A,1,4,5.432001533999937,1,99,99,0
A_N1_r4,A,1,4,5.63302838799973,1,102,102,0
A_N1_r4,A,1,4,5.833704062999914,1,106,106,0
A_N1_r4,A,1,4,6.035717502999887,1,110,110,0
A_N1_r4,A,1,4,6.237913743999798,1,114,114,0
A_N1_r4,A,1,4,6.438431912999931,1,117,117,0
A_N1_r4,A,1,4,6.640383086999918,1,121,121,0
A_N1_r4,A,1,4,6.841142880000007,1,125,125,0
A_N1_r4,A,1,4,7.042175361999853,1,128,128,0
A_N1_r4,A,1,4,7.242766369000037,1,132,132,0
A_N1_r4,A,1,4,7.443909865000023,1,135,135,0
A_N1_r4,A,1,4,7.6443051139999625,1,139,139,0
A_N1_r4,A,1,4,7.844788292999965,1,142,142,0
A_N1_r4,A,1,4,8.045317330999751,1,146,146,0
A_N1_r4,A,1,4,8.245862377999856,1,150,150,0
A_N1_r4,A,1,4,8.446684260999973,1,153,153,0
A_N1_r4,A,1,4,8.64780200899986,1,157,157,0
A_N1_r4,A,1,4,8.848513907999859,1,160,160,0
A_N1_r4,A,1,4,9.050565107999773,1,164,164,0
A_N1_r4,A,1,4,9.252226434000022,1,168,168,0
A_N1_r4,A,1,4,9.453051611999854,1,171,171,0
A_N1_r4,A,1,4,9.65342928500013,1,175,175,0
A_N1_r4,A,1,4,9.853673994000019,1,178,178,0
A_N1_r4,A,1,4,10.05468035900003,1,182,182,0
A_N1_r4,A,1,4,10.25540666300003,1,186,186,0
A_N1_r4,A,1,4,10.456199553999795,1,189,189,0
A_N1_r4,A,1,4,10.656994530999782,1,193,193,0
A_N1_r4,A,1,4,10.857595062999735,1,197,197,0
A_N1_r4,A,1,4,11.058414999999968,1,200,200,0
A_N1_r4,A,1,4,11.259774605000075,1,204,204,0
A_N1_r4,A,1,4,11.460449837999931,1,208,208,0
A_N1_r4,A,1,4,11.660852106999755,1,211,211,0
A_N1_r4,A,1,4,11.862359100000049,1,215,215,0
A_N1_r4,A,1,4,12.063301710999895,1,218,218,0
A_N1_r4,A,1,4,12.264257003999774,1,222,222,0
A_N1_r4,A,1,4,12.465403824000077,1,226,226,0
A_N1_r4,A,1,4,12.666033151999727,1,229,229,0
A_N1_r4,A,1,4,12.86643420900009,1,233,233,0
A_N1_r4,A,1,4,13.066695972000161,1,237,237,0
A_N1_r4,A,1,4,13.26770855399991,1,241,241,0
A_N1_r4,A,1,4,13.468799041999773,1,245,245,0
A_N1_r4,A,1,4,13.669144771999981,1,248,248,0
A_N1_r4,A,1,4,13.869483356999808,1,252,252,0
A_N1_r4,A,1,4,14.07072529900006,1,256,256,0
A_N1_r4,A,1,4,14.271259047000058,1,259,259,0
A_N1_r4,A,1,4,14.472025644000041,1,263,263,0
A_N1_r4,A,1,4,14.673783186000037,1,267,267,0
A_N1_r4,A,1,4,14.874461302999862,1,271,271,0
A_N1_r4,A,1,4,15.07566477599994,1,274,274,0
A_N1_r4,A,1,4,15.276084560000072,1,278,278,0
A_N1_r4,A,1,4,15.476516063999952,1,281,281,0
A_N1_r4,A,1,4,15.67798499699984,1,285,285,0
A_N1_r4,A,1,4,15.879901921000055,1,289,289,0
A_N1_r4,A,1,4,16.08123710200016,1,292,292,0
A_N1_r4,A,1,4,16.281763899999987,1,296,296,0
A_N1_r4,A,1,4,16.483595503999823,1,300,300,0
A_N1_r4,A,1,4,16.684102997000082,1,304,304,0
A_N1_r4,A,1,4,16.885381532999872,1,307,307,0
A_N1_r4,A,1,4,17.0861544710001,1,311,311,0
A_N1_r4,A,1,4,17.28644085199994,1,315,315,0
A_N1_r4,A,1,4,17.486740675999954,1,318,318,0
A_N1_r4,A,1,4,17.68790836800008,1,322,322,0
A_N1_r4,A,1,4,17.88951295400011,1,326,326,0
A_N1_r4,A,1,4,18.090445358000125,1,329,329,0
A_N1_r4,A,1,4,18.291005434999988,1,333,333,0
A_N1_r4,A,1,4,18.492182469,1,337,337,0
A_N1_r4,A,1,4,18.693023625000023,1,341,341,0
A_N1_r4,A,1,4,18.894357940999726,1,344,344,0
A_N1_r4,A,1,4,19.096302811999976,1,348,348,0
A_N1_r4,A,1,4,19.29676226799984,1,352,352,0
A_N1_r4,A,1,4,19.49894089999998,1,356,356,0
A_N1_r4,A,1,4,19.699860524000087,1,360,360,0
A_N1_r4,A,1,4,19.900358531000165,1,364,364,0
A_N1_r4,A,1,4,20.101570074999927,1,367,367,0
A_N1_r4,A,1,4,20.30181634900009,1,371,371,0
A_N1_r4,A,1,4,20.503110689000096,1,375,375,0
A_N1_r4,A,1,4,20.703296103999946,1,379,379,0
A_N1_r4,A,1,4,20.903863297000044,1,383,383,0
A_N1_r4,A,1,4,21.105047276999812,1,386,386,0
A_N1_r4,A,1,4,21.306252353999753,1,390,390,0
A_N1_r4,A,1,4,21.50767301099995,1,393,393,0
A_N1_r4,A,1,4,21.708392474999982,1,397,397,0
A_N1_r4,A,1,4,21.909424128999945,1,401,401,0
A_N1_r4,A,1,4,22.109813241999746,1,405,405,0
A_N1_r4,A,1,4,22.310206069999822,1,408,408,0
A_N1_r4,A,1,4,22.510903066000083,1,412,412,0
A_N1_r4,A,1,4,22.712074981000114,1,415,415,0
A_N1_r4,A,1,4,22.91284987600011,1,419,419,0
A_N1_r4,A,1,4,23.11366433100011,1,423,423,0
A_N1_r4,A,1,4,23.31453435399999,1,426,426,0
A_N1_r4,A,1,4,23.514884130000155,1,430,430,0
A_N1_r4,A,1,4,23.716097393999917,1,434,434,0
A_N1_r4,A,1,4,23.91798429399978,1,437,437,0
A_N1_r4,A,1,4,24.11902251599986,1,441,441,0
A_N1_r4,A,1,4,24.3204888639998,1,445,445,0
A_N1_r4,A,1,4,24.52123245599978,1,448,448,0
A_N1_r4,A,1,4,24.721520011999928,1,452,452,0
A_N1_r4,A,1,4,24.92187526099997,1,455,455,0
A_N1_r4,A,1,4,25.122033151999858,1,459,459,0
A_N1_r4,A,1,4,25.322315332000016,1,462,462,0
A_N1_r4,A,1,4,25.522953249999773,1,466,466,0
A_N1_r4,A,1,4,25.723966840999765,1,469,469,0
A_N1_r4,A,1,4,25.925052250000135,1,473,473,0
A_N1_r4,A,1,4,26.12657875800005,1,477,477,0
A_N1_r4,A,1,4,26.327548813999783,1,480,480,0
A_N1_r4,A,1,4,26.528625477999867,1,484,484,0
A_N1_r4,A,1,4,26.729531252000015,1,487,487,0
A_N1_r4,A,1,4,26.93170862199986,1,491,491,0
A_N1_r4,A,1,4,27.132495564999772,1,494,494,0
A_N1_r4,A,1,4,27.333888519000084,1,498,498,0
A_N1_r4,A,1,4,27.534695637999903,1,502,502,0
A_N1_r4,A,1,4,27.735594644999765,1,505,505,0
A_N1_r4,A,1,4,27.936521687000095,1,509,509,0
A_N1_r4,A,1,4,28.137071772000127,1,512,512,0
A_N1_r4,A,1,4,28.33770685799982,1,516,516,0
A_N1_r4,A,1,4,28.53831531600008,1,520,520,0
A_N1_r4,A,1,4,28.739408658999764,1,524,524,0
A_N1_r4,A,1,4,28.939715794999756,1,527,527,0
A_N1_r4,A,1,4,29.14021875699973,1,531,531,0
A_N1_r4,A,1,4,29.340521284999795,1,535,535,0
A_N1_r4,A,1,4,29.541574540000056,1,538,538,0
A_N1_r4,A,1,4,29.742014891000053,1,542,542,0
A_N1_r4,A,1,4,29.942476479000106,1,546,546,0
A_N1_r4,A,1,4,30.143685899000047,1,550,550,0
A_N1_r4,A,1,4,30.344432632000007,1,554,554,0
A_N1_r4,A,1,4,30.545599456999753,1,557,557,0
A_N1_r4,A,1,4,30.746600330000092,1,561,561,0
A_N1_r4,A,1,4,30.946873002999837,1,565,565,0
A_N1_r4,A,1,4,31.14809245100014,1,569,569,0
A_N1_r4,A,1,4,31.34935676799978,1,572,572,0
A_N1_r4,A,1,4,31.549566108999898,1,576,576,0
A_N1_r4,A,1,4,31.750359346000096,1,580,580,0
A_N1_r4,A,1,4,31.95112170399989,1,583,583,0
A_N1_r4,A,1,4,32.15210990200012,1,587,587,0
A_N1_r4,A,1,4,32.354286641999806,1,591,591,0
A_N1_r4,A,1,4,32.555256437000025,1,594,594,0
A_N1_r4,A,1,4,32.75610871900017,1,598,598,0
A_N1_r4,A,1,4,32.95678191800016,1,601,601,0
A_N1_r4,A,1,4,33.15852751400007,1,605,605,0
A_N1_r4,A,1,4,33.35951302500007,1,609,609,0
A_N1_r4,A,1,4,33.560216345999834,1,612,612,0
A_N1_r4,A,1,4,33.760723336999945,1,616,616,0
A_N1_r4,A,1,4,33.961519960999794,1,619,619,0
A_N1_r4,A,1,4,34.16220060099977,1,623,623,0
A_N1_r4,A,1,4,34.36329902899979,1,627,627,0
A_N1_r4,A,1,4,34.564161481000156,1,630,630,0
A_N1_r4,A,1,4,34.765096948000064,1,634,634,0
A_N1_r4,A,1,4,34.9654387139999,1,638,638,0
A_N1_r4,A,1,4,35.16604541000015,1,642,642,0
A_N1_r4,A,1,4,35.366644210999766,1,646,646,0
A_N1_r4,A,1,4,35.56754133300001,1,649,649,0
A_N1_r4,A,1,4,35.768242672999804,1,653,653,0
A_N1_r4,A,1,4,35.96914321599979,1,657,657,0
A_N1_r4,A,1,4,36.170422358999986,1,660,660,0
A_N1_r4,A,1,4,36.37095473999989,1,664,664,0
A_N1_r4,A,1,4,36.57176008899978,1,667,667,0
A_N1_r4,A,1,4,36.77263596500006,1,671,671,0
A_N1_r4,A,1,4,36.97324294300006,1,674,674,0
A_N1_r4,A,1,4,37.17436943299981,1,678,678,0
A_N1_r4,A,1,4,37.375345645999914,1,682,682,0
A_N1_r4,A,1,4,37.57620326599999,1,685,685,0
A_N1_r4,A,1,4,37.77732249900009,1,689,689,0
A_N1_r4,A,1,4,37.97808389800002,1,692,692,0
A_N1_r4,A,1,4,38.178893761999916,1,696,696,0
A_N1_r4,A,1,4,38.379367400999854,1,700,700,0
A_N1_r4,A,1,4,38.5801820759998,1,704,704,0
A_N1_r4,A,1,4,38.78117275600016,1,707,707,0
A_N1_r4,A,1,4,38.981916888999876,1,711,711,0
A_N1_r4,A,1,4,39.18359263399998,1,715,715,0
A_N1_r4,A,1,4,39.38404827600016,1,718,718,0
A_N1_r4,A,1,4,39.585286972000176,1,722,722,0
A_N1_r4,A,1,4,39.786652301999766,1,726,726,0
A_N1_r4,A,1,4,39.987132972999916,1,729,729,0
A_N1_r4,A,1,4,40.187580333999904,1,733,733,0
A_N1_r4,A,1,4,40.38840188999984,1,737,737,0
A_N1_r4,A,1,4,40.59061676500005,1,740,740,0
A_N1_r4,A,1,4,40.79163611600006,1,744,744,0
A_N1_r4,A,1,4,40.99268413799973,1,748,748,0
A_N1_r4,A,1,4,41.19331015099988,1,751,751,0
A_N1_r4,A,1,4,41.39358443099991,1,755,755,0
A_N1_r4,A,1,4,41.59541940899999,1,759,759,0
A_N1_r4,A,1,4,41.79638348699973,1,762,762,0
A_N1_r4,A,1,4,41.997111744999984,1,766,766,0
A_N1_r4,A,1,4,42.197352538999894,1,769,769,0
A_N1_r4,A,1,4,42.39816123999981,1,773,773,0
A_N1_r4,A,1,4,42.59996616299986,1,777,777,0
A_N1_r4,A,1,4,42.80078360400012,1,780,780,0
A_N1_r4,A,1,4,43.00254265600006,1,784,784,0
A_N1_r4,A,1,4,43.20318835299986,1,787,787,0
A_N1_r4,A,1,4,43.404341379000016,1,791,791,0
A_N1_r4,A,1,4,43.605971658999806,1,795,795,0
A_N1_r4,A,1,4,43.80769191599984,1,799,799,0
A_N1_r4,A,1,4,44.00819984000009,1,802,802,0
A_N1_r4,A,1,4,44.208829571000024,1,806,806,0
A_N1_r4,A,1,4,44.411133313999926,1,810,810,0
A_N1_r4,A,1,4,44.61164017600004,1,813,813,0
A_N1_r4,A,1,4,44.81234317999997,1,817,817,0
A_N1_r4,A,1,4,45.01347034699984,1,820,820,0
A_N1_r4,A,1,4,45.21411360399998,1,824,824,0
A_N1_r4,A,1,4,45.416353297000114,1,828,828,0
A_N1_r4,A,1,4,45.61730943300017,1,831,831,0
A_N1_r4,A,1,4,45.817976184000145,1,835,835,0
A_N1_r4,A,1,4,46.01904906699974,1,838,838,0
A_N1_r4,A,1,4,46.21929908799984,1,842,842,0
A_N1_r4,A,1,4,46.420333131999996,1,846,846,0
A_N1_r4,A,1,4,46.62082712099982,1,850,850,0
A_N1_r4,A,1,4,46.82193392599993,1,854,854,0
A_N1_r4,A,1,4,47.023877789999915,1,858,858,0
A_N1_r4,A,1,4,47.2244618159998,1,861,861,0
A_N1_r4,A,1,4,47.42497337299983,1,865,865,0
A_N1_r4,A,1,4,47.626241542000116,1,869,869,0
A_N1_r4,A,1,4,47.82682618099989,1,873,873,0
A_N1_r4,A,1,4,48.0279792299998,1,876,876,0
A_N1_r4,A,1,4,48.228614518000086,1,880,880,0
A_N1_r4,A,1,4,48.42998894099992,1,884,884,0
A_N1_r4,A,1,4,48.63120705599977,1,887,887,0
A_N1_r4,A,1,4,48.831944036000095,1,891,891,0
A_N1_r4,A,1,4,49.03317642799993,1,895,895,0
A_N1_r4,A,1,4,49.23447726099994,1,898,898,0
A_N1_r4,A,1,4,49.43636315499998,1,902,902,0
A_N1_r4,A,1,4,49.637549819000014,1,905,905,0
A_N1_r4,A,1,4,49.83932209199975,1,909,909,0
A_N1_r4,A,1,4,50.04048087299998,1,912,912,0
A_N1_r4,A,1,4,50.24120543199979,1,916,916,0
A_N1_r4,A,1,4,50.44162451700004,1,920,920,0
A_N1_r4,A,1,4,50.64267959000017,1,923,923,0
A_N1_r4,A,1,4,50.84455494699978,1,927,927,0
A_N1_r4,A,1,4,51.04535958899987,1,931,931,0
A_N1_r4,A,1,4,51.24611437199974,1,935,935,0
A_N1_r4,A,1,4,51.44646962299976,1,939,939,0
A_N1_r4,A,1,4,51.64705644500009,1,943,943,0
A_N1_r4,A,1,4,51.84806172399976,1,946,946,0
A_N1_r4,A,1,4,52.04908711799999,1,950,950,0
A_N1_r4,A,1,4,52.24953851000009,1,954,954,0
A_N1_r4,A,1,4,52.45029434499975,1,958,958,0
A_N1_r4,A,1,4,52.65182684199999,1,962,962,0
A_N1_r4,A,1,4,52.85263553999994,1,965,965,0
A_N1_r4,A,1,4,53.053587482999774,1,969,969,0
A_N1_r4,A,1,4,53.25568430500016,1,973,973,0
A_N1_r4,A,1,4,53.456323240000074,1,976,976,0
A_N1_r4,A,1,4,53.658176381999965,1,980,980,0
A_N1_r4,A,1,4,53.86038256799975,1,984,984,0
A_N1_r4,A,1,4,54.06121170100005,1,987,987,0
A_N1_r4,A,1,4,54.26198640699977,1,991,991,0
A_N1_r4,A,1,4,54.463045370000145,1,995,995,0
A_N1_r4,A,1,4,54.66367097600005,1,998,998,0
A_N1_r4,A,1,4,54.86581332800006,1,1002,1002,0
A_N1_r4,A,1,4,55.06795489900014,1,1006,1006,0
A_N1_r4,A,1,4,55.26901315899977,1,1009,1009,0
A_N1_r4,A,1,4,55.46981374899997,1,1013,1013,0
A_N1_r4,A,1,4,55.67077114899985,1,1016,1016,0
A_N1_r4,A,1,4,55.87136779499997,1,1020,1020,0
A_N1_r4,A,1,4,56.073513922000075,1,1023,1023,0
A_N1_r4,A,1,4,56.274675403999936,1,1027,1027,0
A_N1_r4,A,1,4,56.47522743899981,1,1031,1031,0
A_N1_r4,A,1,4,56.6762980819999,1,1034,1034,0
A_N1_r4,A,1,4,56.87701035100008,1,1038,1038,0
A_N1_r4,A,1,4,57.077203543999985,1,1042,1042,0
A_N1_r4,A,1,4,57.2783760530001,1,1046,1046,0
A_N1_r4,A,1,4,57.47932436400015,1,1049,1049,0
A_N1_r4,A,1,4,57.67999571300015,1,1053,1053,0
A_N1_r4,A,1,4,57.88036643999976,1,1057,1057,0
A_N1_r4,A,1,4,58.08087520299978,1,1060,1060,0
A_N1_r4,A,1,4,58.28169357800016,1,1064,1064,0
A_N1_r4,A,1,4,58.48310654399984,1,1068,1068,0
A_N1_r4,A,1,4,58.684022551,1,1071,1071,0
A_N1_r4,A,1,4,58.88517217299977,1,1075,1075,0
A_N1_r4,A,1,4,59.086244478000026,1,1078,1078,0
A_N1_r4,A,1,4,59.2867109230001,1,1082,1082,0
A_N1_r4,A,1,4,59.48735634600007,1,1086,1086,0
A_N1_r4,A,1,4,59.688245902999824,1,1090,1090,0
A_N1_r4,A,1,4,59.889064611999856,1,1093,1093,0
A_N1_r4,A,1,4,60.09041724400004,0,1096,1096,0
A_N1_r5,A,1,5,0.004980929999874206,0,0,0,0
A_N1_r5,A,1,5,0.20551110399992467,1,3,3,0
A_N1_r5,A,1,5,0.4061084069999197,1,7,7,0
A_N1_r5,A,1,5,0.6069634119999137,1,11,11,0
A_N1_r5,A,1,5,0.8074647899998126,1,14,14,0
A_N1_r5,A,1,5,1.0080277490001208,1,18,18,0
A_N1_r5,A,1,5,1.2090470120001555,1,22,22,0
A_N1_r5,A,1,5,1.4102099709998583,1,26,26,0
A_N1_r5,A,1,5,1.611379344999932,1,29,29,0
A_N1_r5,A,1,5,1.8118127470002037,1,33,33,0
A_N1_r5,A,1,5,2.0127166100000977,1,37,37,0
A_N1_r5,A,1,5,2.2131468259999565,1,41,41,0
A_N1_r5,A,1,5,2.4137952129999576,1,44,44,0
A_N1_r5,A,1,5,2.61570255200013,1,48,48,0
A_N1_r5,A,1,5,2.8162582780000776,1,51,51,0
A_N1_r5,A,1,5,3.017140677000043,1,55,55,0
A_N1_r5,A,1,5,3.218254739999793,1,59,59,0
A_N1_r5,A,1,5,3.4194050800001605,1,62,62,0
A_N1_r5,A,1,5,3.61980236699992,1,66,66,0
A_N1_r5,A,1,5,3.821498935999898,1,70,70,0
A_N1_r5,A,1,5,4.0220529540001735,1,73,73,0
A_N1_r5,A,1,5,4.223810421000053,1,77,77,0
A_N1_r5,A,1,5,4.425115295000069,1,80,80,0
A_N1_r5,A,1,5,4.626209922999806,1,84,84,0
A_N1_r5,A,1,5,4.828320356999939,1,88,88,0
A_N1_r5,A,1,5,5.0290070549999655,1,91,91,0
A_N1_r5,A,1,5,5.229675812000096,1,95,95,0
A_N1_r5,A,1,5,5.430786416000046,1,99,99,0
A_N1_r5,A,1,5,5.631616022999879,1,102,102,0
A_N1_r5,A,1,5,5.833550386999832,1,106,106,0
A_N1_r5,A,1,5,6.034129446999941,1,110,110,0
A_N1_r5,A,1,5,6.23524039799986,1,114,114,0
A_N1_r5,A,1,5,6.4363105970001016,1,117,117,0
A_N1_r5,A,1,5,6.637161086000106,1,121,121,0
A_N1_r5,A,1,5,6.8381953329999305,1,124,124,0
A_N1_r5,A,1,5,7.038703919999989,1,128,128,0
A_N1_r5,A,1,5,7.23961809299999,1,132,132,0
A_N1_r5,A,1,5,7.440124559000196,1,136,136,0
A_N1_r5,A,1,5,7.640716257999884,1,140,140,0
A_N1_r5,A,1,5,7.841427962000125,1,143,143,0
A_N1_r5,A,1,5,8.04232472600006,1,147,147,0
A_N1_r5,A,1,5,8.243463003000215,1,151,151,0
A_N1_r5,A,1,5,8.444117629000175,1,154,154,0
A_N1_r5,A,1,5,8.644735386999855,1,158,158,0
A_N1_r5,A,1,5,8.845493957000144,1,162,162,0
A_N1_r5,A,1,5,9.045829651000076,1,166,166,0
A_N1_r5,A,1,5,9.24617828700002,1,169,169,0
A_N1_r5,A,1,5,9.447348350000084,1,173,173,0
A_N1_r5,A,1,5,9.64765612500014,1,177,177,0
A_N1_r5,A,1,5,9.84870120000005,1,180,180,0
A_N1_r5,A,1,5,10.049680478000028,1,184,184,0
A_N1_r5,A,1,5,10.250632024999959,1,188,188,0
A_N1_r5,A,1,5,10.451378321999982,1,191,191,0
A_N1_r5,A,1,5,10.651695165000092,1,195,195,0
A_N1_r5,A,1,5,10.852072977999796,1,198,198,0
A_N1_r5,A,1,5,11.053100492999874,1,202,202,0
A_N1_r5,A,1,5,11.253880364999986,1,206,206,0
A_N1_r5,A,1,5,11.454513563000091,1,209,209,0
A_N1_r5,A,1,5,11.656252705000043,1,213,213,0
A_N1_r5,A,1,5,11.857487313000092,1,217,217,0
A_N1_r5,A,1,5,12.05797887000017,1,221,221,0
A_N1_r5,A,1,5,12.258441155000128,1,224,224,0
A_N1_r5,A,1,5,12.459491972999786,1,228,228,0
A_N1_r5,A,1,5,12.65988656799982,1,232,232,0
A_N1_r5,A,1,5,12.860170274000211,1,236,236,0
A_N1_r5,A,1,5,13.060477051999897,1,239,239,0
A_N1_r5,A,1,5,13.260909182999967,1,243,243,0
A_N1_r5,A,1,5,13.461281688999861,1,247,247,0
A_N1_r5,A,1,5,13.66172343900007,1,251,251,0
A_N1_r5,A,1,5,13.862851127999875,1,255,255,0
A_N1_r5,A,1,5,14.064406333000079,1,259,259,0
A_N1_r5,A,1,5,14.26470368299988,1,263,263,0
A_N1_r5,A,1,5,14.466019984000013,1,266,266,0
A_N1_r5,A,1,5,14.666351865999786,1,270,270,0
A_N1_r5,A,1,5,14.867646283999875,1,274,274,0
A_N1_r5,A,1,5,15.06833560799987,1,278,278,0
A_N1_r5,A,1,5,15.270483266000156,1,281,281,0
A_N1_r5,A,1,5,15.47139837099985,1,285,285,0
A_N1_r5,A,1,5,15.67356844699998,1,289,289,0
A_N1_r5,A,1,5,15.874719638999977,1,292,292,0
A_N1_r5,A,1,5,16.074983168000017,1,296,296,0
A_N1_r5,A,1,5,16.27651185700006,1,299,299,0
A_N1_r5,A,1,5,16.477648433000013,1,303,303,0
A_N1_r5,A,1,5,16.678722826000012,1,307,307,0
A_N1_r5,A,1,5,16.879389829000047,1,310,310,0
A_N1_r5,A,1,5,17.07994513099993,1,314,314,0
A_N1_r5,A,1,5,17.280495173999952,1,317,317,0
A_N1_r5,A,1,5,17.48220804599987,1,321,321,0
A_N1_r5,A,1,5,17.682480359999772,1,324,324,0
A_N1_r5,A,1,5,17.88276782999992,1,328,328,0
A_N1_r5,A,1,5,18.083759413999815,1,331,331,0
A_N1_r5,A,1,5,18.28472528200018,1,335,335,0
A_N1_r5,A,1,5,18.48505463299989,1,338,338,0
A_N1_r5,A,1,5,18.685499974999857,1,342,342,0
A_N1_r5,A,1,5,18.88740275400005,1,346,346,0
A_N1_r5,A,1,5,19.088073020000138,1,349,349,0
A_N1_r5,A,1,5,19.289138744999946,1,353,353,0
A_N1_r5,A,1,5,19.489606614999957,1,356,356,0
A_N1_r5,A,1,5,19.69171190499992,1,360,360,0
A_N1_r5,A,1,5,19.892932066999947,1,364,364,0
A_N1_r5,A,1,5,20.094116575000044,1,367,367,0
A_N1_r5,A,1,5,20.294353792000038,1,371,371,0
A_N1_r5,A,1,5,20.494639283000197,1,375,375,0
A_N1_r5,A,1,5,20.69532514399998,1,379,379,0
A_N1_r5,A,1,5,20.896402817999842,1,383,383,0
A_N1_r5,A,1,5,21.097293627,1,386,386,0
A_N1_r5,A,1,5,21.29819704800002,1,390,390,0
A_N1_r5,A,1,5,21.499275644000136,1,394,394,0
A_N1_r5,A,1,5,21.70041804199991,1,398,398,0
A_N1_r5,A,1,5,21.900799823999932,1,401,401,0
A_N1_r5,A,1,5,22.10125138100011,1,405,405,0
A_N1_r5,A,1,5,22.302474263000022,1,409,409,0
A_N1_r5,A,1,5,22.50333422699987,1,412,412,0
A_N1_r5,A,1,5,22.703781183000046,1,416,416,0
A_N1_r5,A,1,5,22.904095701000188,1,420,420,0
A_N1_r5,A,1,5,23.104765767000117,1,424,424,0
A_N1_r5,A,1,5,23.305557662999945,1,427,427,0
A_N1_r5,A,1,5,23.505906395999773,1,431,431,0
A_N1_r5,A,1,5,23.706964678000077,1,435,435,0
A_N1_r5,A,1,5,23.907728378999764,1,438,438,0
A_N1_r5,A,1,5,24.108001289000185,1,442,442,0
A_N1_r5,A,1,5,24.308337974000096,1,446,446,0
A_N1_r5,A,1,5,24.510003821999817,1,449,449,0
A_N1_r5,A,1,5,24.710598365999886,1,453,453,0
A_N1_r5,A,1,5,24.911751654,1,457,457,0
A_N1_r5,A,1,5,25.113001926999914,1,460,460,0
A_N1_r5,A,1,5,25.314167266999902,1,464,464,0
A_N1_r5,A,1,5,25.514455236999765,1,467,467,0
A_N1_r5,A,1,5,25.715562108000086,1,471,471,0
A_N1_r5,A,1,5,25.916115514000012,1,475,475,0
A_N1_r5,A,1,5,26.117003071,1,479,479,0
A_N1_r5,A,1,5,26.317660013000022,1,483,483,0
A_N1_r5,A,1,5,26.518271884000114,1,486,486,0
A_N1_r5,A,1,5,26.719198747000064,1,490,490,0
A_N1_r5,A,1,5,26.920008851000148,1,494,494,0
A_N1_r5,A,1,5,27.121246622999934,1,499,499,0
A_N1_r5,A,1,5,27.321868226999868,1,502,502,0
A_N1_r5,A,1,5,27.524137726999925,1,506,506,0
A_N1_r5,A,1,5,27.724536786000044,1,509,509,0
A_N1_r5,A,1,5,27.925080013999832,1,513,513,0
A_N1_r5,A,1,5,28.12586999699988,1,516,516,0
A_N1_r5,A,1,5,28.326650652999888,1,520,520,0
A_N1_r5,A,1,5,28.52781241699995,1,524,524,0
A_N1_r5,A,1,5,28.730247484999836,1,528,528,0
A_N1_r5,A,1,5,28.93095115699998,1,531,531,0
A_N1_r5,A,1,5,29.131622610999784,1,535,535,0
A_N1_r5,A,1,5,29.332017267000083,1,539,539,0
A_N1_r5,A,1,5,29.533187113000167,1,543,543,0
A_N1_r5,A,1,5,29.734011045999978,1,547,547,0
A_N1_r5,A,1,5,29.93507220599986,1,550,550,0
A_N1_r5,A,1,5,30.13568694200012,1,554,554,0
A_N1_r5,A,1,5,30.336699774999943,1,558,558,0
A_N1_r5,A,1,5,30.537412596000195,1,562,562,0
A_N1_r5,A,1,5,30.73823256600008,1,566,566,0
A_N1_r5,A,1,5,30.939263665999988,1,570,570,0
A_N1_r5,A,1,5,31.139702209999996,1,574,574,0
A_N1_r5,A,1,5,31.34007321099989,1,578,578,0
A_N1_r5,A,1,5,31.5407172539999,1,581,581,0
A_N1_r5,A,1,5,31.741513263999877,1,585,585,0
A_N1_r5,A,1,5,31.942112930999883,1,589,589,0
A_N1_r5,A,1,5,32.14303581100012,1,593,593,0
A_N1_r5,A,1,5,32.34327998800018,1,596,596,0
A_N1_r5,A,1,5,32.54415893799978,1,600,600,0
A_N1_r5,A,1,5,32.74513503600019,1,604,604,0
A_N1_r5,A,1,5,32.946150425999804,1,608,608,0
A_N1_r5,A,1,5,33.14689194199991,1,611,611,0
A_N1_r5,A,1,5,33.348871548999796,1,615,615,0
A_N1_r5,A,1,5,33.550003881000066,1,619,619,0
A_N1_r5,A,1,5,33.75034296400008,1,622,622,0
A_N1_r5,A,1,5,33.95101039000019,1,626,626,0
A_N1_r5,A,1,5,34.152307500000006,1,630,630,0
A_N1_r5,A,1,5,34.352750661999835,1,633,633,0
A_N1_r5,A,1,5,34.553505378999944,1,637,637,0
A_N1_r5,A,1,5,34.75443625199978,1,641,641,0
A_N1_r5,A,1,5,34.95534246099987,1,645,645,0
A_N1_r5,A,1,5,35.15639373100021,1,649,649,0
A_N1_r5,A,1,5,35.35741220199998,1,652,652,0
A_N1_r5,A,1,5,35.55858979599998,1,656,656,0
A_N1_r5,A,1,5,35.75968768199982,1,660,660,0
A_N1_r5,A,1,5,35.96008690000008,1,663,663,0
A_N1_r5,A,1,5,36.16140425200001,1,667,667,0
A_N1_r5,A,1,5,36.36209535499984,1,671,671,0
A_N1_r5,A,1,5,36.56262698799992,1,675,675,0
A_N1_r5,A,1,5,36.76371037099989,1,678,678,0
A_N1_r5,A,1,5,36.96420143500018,1,682,682,0
A_N1_r5,A,1,5,37.165207307999935,1,686,686,0
A_N1_r5,A,1,5,37.36607258699996,1,689,689,0
A_N1_r5,A,1,5,37.56710982599998,1,694,694,0
A_N1_r5,A,1,5,37.767969797000205,1,697,697,0
A_N1_r5,A,1,5,37.96887052200009,1,701,701,0
A_N1_r5,A,1,5,38.17053355200005,1,705,705,0
A_N1_r5,A,1,5,38.370795956000165,1,709,709,0
A_N1_r5,A,1,5,38.57134757299991,1,712,712,0
A_N1_r5,A,1,5,38.772043609999855,1,716,716,0
A_N1_r5,A,1,5,38.974186547000045,1,719,719,0
A_N1_r5,A,1,5,39.175419362999946,1,723,723,0
A_N1_r5,A,1,5,39.375727950000055,1,727,727,0
A_N1_r5,A,1,5,39.576948766999976,1,730,730,0
A_N1_r5,A,1,5,39.77801260900014,1,734,734,0
A_N1_r5,A,1,5,39.97856200199976,1,737,737,0
A_N1_r5,A,1,5,40.179750869000145,1,741,741,0
A_N1_r5,A,1,5,40.380705644000045,1,744,744,0
A_N1_r5,A,1,5,40.58181101599985,1,748,748,0
A_N1_r5,A,1,5,40.78344806299992,1,752,752,0
A_N1_r5,A,1,5,40.98451818600006,1,756,756,0
A_N1_r5,A,1,5,41.18572399499999,1,759,759,0
A_N1_r5,A,1,5,41.386845530999835,1,763,763,0
A_N1_r5,A,1,5,41.587313874999836,1,766,766,0
A_N1_r5,A,1,5,41.788418501999786,1,770,770,0
A_N1_r5,A,1,5,41.9890937629998,1,774,774,0
A_N1_r5,A,1,5,42.189537656000084,1,778,778,0
A_N1_r5,A,1,5,42.3903946559999,1,781,781,0
A_N1_r5,A,1,5,42.59120239499998,1,785,785,0
A_N1_r5,A,1,5,42.79167802499978,1,789,789,0
A_N1_r5,A,1,5,42.99253404299998,1,793,793,0
A_N1_r5,A,1,5,43.193209214000035,1,796,796,0
A_N1_r5,A,1,5,43.39347720900014,1,800,800,0
A_N1_r5,A,1,5,43.59448262700016,1,804,804,0
A_N1_r5,A,1,5,43.79539473500017,1,808,808,0
A_N1_r5,A,1,5,43.995949267000015,1,811,811,0
A_N1_r5,A,1,5,44.19641575100013,1,815,815,0
A_N1_r5,A,1,5,44.39692350799987,1,819,819,0
A_N1_r5,A,1,5,44.59820198899979,1,823,823,0
A_N1_r5,A,1,5,44.79912066799989,1,827,827,0
A_N1_r5,A,1,5,45.00008328700005,1,831,831,0
A_N1_r5,A,1,5,45.20078251999985,1,835,835,0
A_N1_r5,A,1,5,45.40118055899984,1,838,838,0
A_N1_r5,A,1,5,45.601647734999915,1,842,842,0
A_N1_r5,A,1,5,45.80309835400021,1,846,846,0
A_N1_r5,A,1,5,46.00362905100019,1,850,850,0
A_N1_r5,A,1,5,46.204728886999874,1,853,853,0
A_N1_r5,A,1,5,46.40576425600011,1,857,857,0
A_N1_r5,A,1,5,46.60608265300016,1,861,861,0
A_N1_r5,A,1,5,46.806888054999945,1,864,864,0
A_N1_r5,A,1,5,47.00844224000002,1,868,868,0
A_N1_r5,A,1,5,47.21056255900021,1,872,872,0
A_N1_r5,A,1,5,47.41187883500015,1,876,876,0
A_N1_r5,A,1,5,47.613158029999795,1,879,879,0
A_N1_r5,A,1,5,47.813459558999966,1,883,883,0
A_N1_r5,A,1,5,48.013917901999775,1,887,887,0
A_N1_r5,A,1,5,48.21419175099982,1,890,890,0
A_N1_r5,A,1,5,48.41470642500008,1,894,894,0
A_N1_r5,A,1,5,48.61574348100021,1,898,898,0
A_N1_r5,A,1,5,48.81625687099995,1,901,901,0
A_N1_r5,A,1,5,49.01773138999988,1,905,905,0
A_N1_r5,A,1,5,49.21888219199991,1,909,909,0
A_N1_r5,A,1,5,49.41951151400008,1,913,913,0
A_N1_r5,A,1,5,49.62046306299999,1,916,916,0
A_N1_r5,A,1,5,49.820821068999976,1,920,920,0
A_N1_r5,A,1,5,50.022986343999946,1,924,924,0
A_N1_r5,A,1,5,50.22414909600002,1,928,928,0
A_N1_r5,A,1,5,50.42508950999991,1,931,931,0
A_N1_r5,A,1,5,50.62614005600017,1,935,935,0
A_N1_r5,A,1,5,50.827271327999824,1,939,939,0
A_N1_r5,A,1,5,51.027658714000154,1,942,942,0
A_N1_r5,A,1,5,51.22831021799993,1,946,946,0
A_N1_r5,A,1,5,51.430036182000094,1,950,950,0
A_N1_r5,A,1,5,51.630918821999785,1,953,953,0
A_N1_r5,A,1,5,51.831468807999954,1,957,957,0
A_N1_r5,A,1,5,52.03216032099999,1,961,961,0
A_N1_r5,A,1,5,52.232679523000115,1,965,965,0
A_N1_r5,A,1,5,52.43311315700021,1,969,969,0
A_N1_r5,A,1,5,52.63369087000001,1,973,973,0
A_N1_r5,A,1,5,52.834324684999956,1,977,977,0
A_N1_r5,A,1,5,53.034574435000195,1,980,980,0
A_N1_r5,A,1,5,53.23508772200012,1,984,984,0
A_N1_r5,A,1,5,53.435433424000166,1,988,988,0
A_N1_r5,A,1,5,53.636161555999934,1,992,992,0
A_N1_r5,A,1,5,53.83686661599995,1,995,995,0
A_N1_r5,A,1,5,54.03716731399982,1,999,999,0
A_N1_r5,A,1,5,54.23775223699977,1,1003,1003,0
A_N1_r5,A,1,5,54.438855386999876,1,1006,1006,0
A_N1_r5,A,1,5,54.6394184159999,1,1010,1010,0
A_N1_r5,A,1,5,54.84061191599994,1,1013,1013,0
A_N1_r5,A,1,5,55.04122860200005,1,1017,1017,0
A_N1_r5,A,1,5,55.24206541600006,1,1021,1021,0
A_N1_r5,A,1,5,55.442881683999985,1,1024,1024,0
A_N1_r5,A,1,5,55.64397273399982,1,1028,1028,0
A_N1_r5,A,1,5,55.845207525000205,1,1031,1031,0
A_N1_r5,A,1,5,56.04694257199981,1,1035,1035,0
A_N1_r5,A,1,5,56.24800529000004,1,1039,1039,0
A_N1_r5,A,1,5,56.44936597200012,1,1042,1042,0
A_N1_r5,A,1,5,56.65013692699995,1,1046,1046,0
A_N1_r5,A,1,5,56.852326592999816,1,1050,1050,0
A_N1_r5,A,1,5,57.053255674999946,1,1053,1053,0
A_N1_r5,A,1,5,57.25530949499989,1,1057,1057,0
A_N1_r5,A,1,5,57.45633797299979,1,1060,1060,0
A_N1_r5,A,1,5,57.65748417399982,1,1064,1064,0
A_N1_r5,A,1,5,57.8582464279998,1,1068,1068,0
A_N1_r5,A,1,5,58.05882303599992,1,1071,1071,0
A_N1_r5,A,1,5,58.25975778400016,1,1075,1075,0
A_N1_r5,A,1,5,58.460930319,1,1078,1078,0
A_N1_r5,A,1,5,58.661152067999865,1,1082,1082,0
A_N1_r5,A,1,5,58.86177269000018,1,1086,1086,0
A_N1_r5,A,1,5,59.06293992300016,1,1090,1090,0
A_N1_r5,A,1,5,59.26349646000017,1,1093,1093,0
A_N1_r5,A,1,5,59.464653804000136,1,1097,1097,0
A_N1_r5,A,1,5,59.66683814499993,1,1101,1101,0
A_N1_r5,A,1,5,59.867918264999844,1,1105,1105,0
A_N1_r5,A,1,5,60.0689813529998,0,1108,1108,0
A_N1_r6,A,1,6,0.0048990430000230845,0,0,0,0
A_N1_r6,A,1,6,0.2070643500001097,1,3,3,0
A_N1_r6,A,1,6,0.4088440239997908,1,7,7,0
A_N1_r6,A,1,6,0.609921833000044,1,10,10,0
A_N1_r6,A,1,6,0.8109466659998361,1,14,14,0
A_N1_r6,A,1,6,1.011503360000006,1,17,17,0
A_N1_r6,A,1,6,1.2136660969999866,1,21,21,0
A_N1_r6,A,1,6,1.41487471299979,1,24,24,0
A_N1_r6,A,1,6,1.615855478999947,1,28,28,0
A_N1_r6,A,1,6,1.8178117150000617,1,32,32,0
A_N1_r6,A,1,6,2.0187751700000263,1,35,35,0
A_N1_r6,A,1,6,2.219897402999777,1,39,39,0
A_N1_r6,A,1,6,2.420654024999749,1,43,43,0
A_N1_r6,A,1,6,2.6215637549998974,1,46,46,0
A_N1_r6,A,1,6,2.822532422999757,1,50,50,0
A_N1_r6,A,1,6,3.0229444309998144,1,54,54,0
A_N1_r6,A,1,6,3.2233237689997623,1,57,57,0
A_N1_r6,A,1,6,3.4252787209998132,1,61,61,0
A_N1_r6,A,1,6,3.6264164089998303,1,64,64,0
A_N1_r6,A,1,6,3.8276808659998096,1,68,68,0
A_N1_r6,A,1,6,4.028362735999963,1,71,71,0
A_N1_r6,A,1,6,4.228958489999968,1,75,75,0
A_N1_r6,A,1,6,4.429290781999953,1,79,79,0
A_N1_r6,A,1,6,4.6300117460000365,1,82,82,0
A_N1_r6,A,1,6,4.830447821999769,1,86,86,0
A_N1_r6,A,1,6,5.0312838849999935,1,90,90,0
A_N1_r6,A,1,6,5.232388042999901,1,93,93,0
A_N1_r6,A,1,6,5.43343651899977,1,97,97,0
A_N1_r6,A,1,6,5.633907030000046,1,101,101,0
A_N1_r6,A,1,6,5.834223120999923,1,104,104,0
A_N1_r6,A,1,6,6.035215398999753,1,108,108,0
A_N1_r6,A,1,6,6.236494036999829,1,111,111,0
A_N1_r6,A,1,6,6.437592456999937,1,115,115,0
A_N1_r6,A,1,6,6.6386760529999265,1,119,119,0
A_N1_r6,A,1,6,6.839131699000063,1,122,122,0
A_N1_r6,A,1,6,7.039569892000145,1,126,126,0
A_N1_r6,A,1,6,7.240614596999876,1,130,130,0
A_N1_r6,A,1,6,7.441436719999729,1,133,133,0
A_N1_r6,A,1,6,7.642068136000034,1,137,137,0
A_N1_r6,A,1,6,7.842438157999823,1,141,141,0
A_N1_r6,A,1,6,8.04324544300016,1,144,144,0
A_N1_r6,A,1,6,8.243983323000066,1,148,148,0
A_N1_r6,A,1,6,8.445154570999875,1,151,151,0
A_N1_r6,A,1,6,8.64567325400003,1,155,155,0
A_N1_r6,A,1,6,8.846068591999938,1,159,159,0
A_N1_r6,A,1,6,9.047348877999866,1,162,162,0
A_N1_r6,A,1,6,9.248636137000176,1,166,166,0
A_N1_r6,A,1,6,9.450936550999813,1,169,169,0
A_N1_r6,A,1,6,9.651776949000123,1,173,173,0
A_N1_r6,A,1,6,9.852621043999989,1,177,177,0
A_N1_r6,A,1,6,10.053316198000175,1,181,181,0
A_N1_r6,A,1,6,10.254751445999773,1,184,184,0
A_N1_r6,A,1,6,10.455231393999838,1,188,188,0
A_N1_r6,A,1,6,10.655628858,1,191,191,0
A_N1_r6,A,1,6,10.85677326899986,1,195,195,0
A_N1_r6,A,1,6,11.05848783600004,1,198,198,0
A_N1_r6,A,1,6,11.259210300000177,1,202,202,0
A_N1_r6,A,1,6,11.460837305000041,1,206,206,0
A_N1_r6,A,1,6,11.661345931000142,1,209,209,0
A_N1_r6,A,1,6,11.862296048999724,1,213,213,0
A_N1_r6,A,1,6,12.062759503000052,1,217,217,0
A_N1_r6,A,1,6,12.263374501999806,1,220,220,0
A_N1_r6,A,1,6,12.464076307000141,1,224,224,0
A_N1_r6,A,1,6,12.664936691000094,1,227,227,0
A_N1_r6,A,1,6,12.865453691999846,1,231,231,0
A_N1_r6,A,1,6,13.06642205299977,1,235,235,0
A_N1_r6,A,1,6,13.267385455999829,1,238,238,0
A_N1_r6,A,1,6,13.468862602000172,1,242,242,0
A_N1_r6,A,1,6,13.670007924999936,1,246,246,0
A_N1_r6,A,1,6,13.871132379999835,1,249,249,0
A_N1_r6,A,1,6,14.071754772000077,1,253,253,0
A_N1_r6,A,1,6,14.27238115099999,1,257,257,0
A_N1_r6,A,1,6,14.474077708000095,1,260,260,0
A_N1_r6,A,1,6,14.675162200000159,1,264,264,0
A_N1_r6,A,1,6,14.876005832999908,1,268,268,0
A_N1_r6,A,1,6,15.077003446000163,1,272,272,0
A_N1_r6,A,1,6,15.27802420199987,1,275,275,0
A_N1_r6,A,1,6,15.478749533000155,1,279,279,0
A_N1_r6,A,1,6,15.67910177199974,1,283,283,0
A_N1_r6,A,1,6,15.880169662999833,1,286,286,0
A_N1_r6,A,1,6,16.081431745999907,1,290,290,0
A_N1_r6,A,1,6,16.28247228700002,1,294,294,0
A_N1_r6,A,1,6,16.483099540999774,1,297,297,0
A_N1_r6,A,1,6,16.683461755999815,1,301,301,0
A_N1_r6,A,1,6,16.88533323799993,1,305,305,0
A_N1_r6,A,1,6,17.08581904699986,1,308,308,0
A_N1_r6,A,1,6,17.28656597300005,1,312,312,0
A_N1_r6,A,1,6,17.4874496729999,1,315,315,0
A_N1_r6,A,1,6,17.688026565999735,1,319,319,0
A_N1_r6,A,1,6,17.88939457100014,1,322,322,0
A_N1_r6,A,1,6,18.08977655999979,1,326,326,0
A_N1_r6,A,1,6,18.29060566299995,1,330,330,0
A_N1_r6,A,1,6,18.491187523000008,1,333,333,0
A_N1_r6,A,1,6,18.69149504500001,1,337,337,0
A_N1_r6,A,1,6,18.892754689999947,1,340,340,0
A_N1_r6,A,1,6,19.093030032000115,1,344,344,0
A_N1_r6,A,1,6,19.293645395000112,1,348,348,0
A_N1_r6,A,1,6,19.49585106099994,1,352,352,0
A_N1_r6,A,1,6,19.69696966699985,1,355,355,0
A_N1_r6,A,1,6,19.898582132999763,1,359,359,0
A_N1_r6,A,1,6,20.09895988900007,1,363,363,0
A_N1_r6,A,1,6,20.29997870699981,1,367,367,0
A_N1_r6,A,1,6,20.50060191900002,1,371,371,0
A_N1_r6,A,1,6,20.701785429999745,1,374,374,0
A_N1_r6,A,1,6,20.902929190000123,1,378,378,0
A_N1_r6,A,1,6,21.103965543999948,1,382,382,0
A_N1_r6,A,1,6,21.304891210999813,1,385,385,0
A_N1_r6,A,1,6,21.506038433999947,1,389,389,0
A_N1_r6,A,1,6,21.706518982000034,1,393,393,0
A_N1_r6,A,1,6,21.907575270000052,1,396,396,0
A_N1_r6,A,1,6,22.108881953000036,1,400,400,0
A_N1_r6,A,1,6,22.312040027999956,1,404,404,0
A_N1_r6,A,1,6,22.512392198999805,1,407,407,0
A_N1_r6,A,1,6,22.713139399999818,1,411,411,0
A_N1_r6,A,1,6,22.91526061500008,1,415,415,0
A_N1_r6,A,1,6,23.1163840119998,1,418,418,0
A_N1_r6,A,1,6,23.31726347299991,1,422,422,0
A_N1_r6,A,1,6,23.518137962999845,1,425,425,0
A_N1_r6,A,1,6,23.719049990999792,1,429,429,0
A_N1_r6,A,1,6,23.919337571000142,1,433,433,0
A_N1_r6,A,1,6,24.120455543999924,1,436,436,0
A_N1_r6,A,1,6,24.321574190999854,1,440,440,0
A_N1_r6,A,1,6,24.5223039829998,1,443,443,0
A_N1_r6,A,1,6,24.72365711099974,1,447,447,0
A_N1_r6,A,1,6,24.924711634999767,1,450,450,0
A_N1_r6,A,1,6,25.125400162000005,1,454,454,0
A_N1_r6,A,1,6,25.326768981999976,1,457,457,0
A_N1_r6,A,1,6,25.526992096999948,1,461,461,0
A_N1_r6,A,1,6,25.72793172699994,1,465,465,0
A_N1_r6,A,1,6,25.928678255999785,1,468,468,0
A_N1_r6,A,1,6,26.129728047999834,1,472,472,0
A_N1_r6,A,1,6,26.330805402999886,1,476,476,0
A_N1_r6,A,1,6,26.531540547000077,1,479,479,0
A_N1_r6,A,1,6,26.732433999000023,1,483,483,0
A_N1_r6,A,1,6,26.932660384999963,1,486,486,0
A_N1_r6,A,1,6,27.133514665999883,1,490,490,0
A_N1_r6,A,1,6,27.333707876000062,1,494,494,0
A_N1_r6,A,1,6,27.53455225400012,1,497,497,0
A_N1_r6,A,1,6,27.735217124999963,1,501,501,0
A_N1_r6,A,1,6,27.93608018699979,1,504,504,0
A_N1_r6,A,1,6,28.136891605000073,1,508,508,0
A_N1_r6,A,1,6,28.33822535199988,1,511,511,0
A_N1_r6,A,1,6,28.53879606600003,1,515,515,0
A_N1_r6,A,1,6,28.739856553999743,1,519,519,0
A_N1_r6,A,1,6,28.94015843699981,1,522,522,0
A_N1_r6,A,1,6,29.140854599999784,1,526,526,0
A_N1_r6,A,1,6,29.341930062999836,1,530,530,0
A_N1_r6,A,1,6,29.542180306999853,1,534,534,0
A_N1_r6,A,1,6,29.74338946099988,1,538,538,0
A_N1_r6,A,1,6,29.943693411999902,1,541,541,0
A_N1_r6,A,1,6,30.144744647000152,1,545,545,0
A_N1_r6,A,1,6,30.347375276000093,1,549,549,0
A_N1_r6,A,1,6,30.548162635000153,1,552,552,0
A_N1_r6,A,1,6,30.749266440000156,1,556,556,0
A_N1_r6,A,1,6,30.95039313799998,1,560,560,0
A_N1_r6,A,1,6,31.151027005999822,1,564,564,0
A_N1_r6,A,1,6,31.352155458999732,1,567,567,0
A_N1_r6,A,1,6,31.55265889300017,1,571,571,0
A_N1_r6,A,1,6,31.753724463999788,1,574,574,0
A_N1_r6,A,1,6,31.95521266600008,1,578,578,0
A_N1_r6,A,1,6,32.155580842999825,1,582,582,0
A_N1_r6,A,1,6,32.35677407100002,1,586,586,0
A_N1_r6,A,1,6,32.55717421999998,1,589,589,0
A_N1_r6,A,1,6,32.75748502599981,1,593,593,0
A_N1_r6,A,1,6,32.95769860500013,1,597,597,0
A_N1_r6,A,1,6,33.158563391999905,1,600,600,0
A_N1_r6,A,1,6,33.35937930499995,1,604,604,0
A_N1_r6,A,1,6,33.560421700999996,1,608,608,0
A_N1_r6,A,1,6,33.76114760900009,1,611,611,0
A_N1_r6,A,1,6,33.962112183000045,1,615,615,0
A_N1_r6,A,1,6,34.16366529100014,1,619,619,0
A_N1_r6,A,1,6,34.36415058500006,1,623,623,0
A_N1_r6,A,1,6,34.56503602800012,1,627,627,0
A_N1_r6,A,1,6,34.765684969000176,1,630,630,0
A_N1_r6,A,1,6,34.966920329999994,1,634,634,0
A_N1_r6,A,1,6,35.16740033299993,1,638,638,0
A_N1_r6,A,1,6,35.36914902999979,1,642,642,0
A_N1_r6,A,1,6,35.569529713000065,1,645,645,0
A_N1_r6,A,1,6,35.77074947899973,1,649,649,0
A_N1_r6,A,1,6,35.97167165200017,1,653,653,0
A_N1_r6,A,1,6,36.1719250430001,1,656,656,0
A_N1_r6,A,1,6,36.37350042800017,1,660,660,0
A_N1_r6,A,1,6,36.57380230999979,1,664,664,0
A_N1_r6,A,1,6,36.77442800400013,1,667,667,0
A_N1_r6,A,1,6,36.97542183999985,1,671,671,0
A_N1_r6,A,1,6,37.175693967999905,1,675,675,0
A_N1_r6,A,1,6,37.376330400999905,1,678,678,0
A_N1_r6,A,1,6,37.57703478099984,1,682,682,0
A_N1_r6,A,1,6,37.77796380200016,1,686,686,0
A_N1_r6,A,1,6,37.97893360699982,1,689,689,0
A_N1_r6,A,1,6,38.18069958700016,1,693,693,0
A_N1_r6,A,1,6,38.38114089800001,1,697,697,0
A_N1_r6,A,1,6,38.58136384999989,1,700,700,0
A_N1_r6,A,1,6,38.78225460299973,1,704,704,0
A_N1_r6,A,1,6,38.98282457899995,1,708,708,0
A_N1_r6,A,1,6,39.18346294000003,1,711,711,0
A_N1_r6,A,1,6,39.38387307799985,1,715,715,0
A_N1_r6,A,1,6,39.58549254499985,1,719,719,0
A_N1_r6,A,1,6,39.786541279000176,1,722,722,0
A_N1_r6,A,1,6,39.987934442000096,1,726,726,0
A_N1_r6,A,1,6,40.188577113000065,1,730,730,0
A_N1_r6,A,1,6,40.389618487999996,1,734,734,0
A_N1_r6,A,1,6,40.59030508099977,1,737,737,0
A_N1_r6,A,1,6,40.79106243299975,1,741,741,0
A_N1_r6,A,1,6,40.99215426699993,1,745,745,0
A_N1_r6,A,1,6,41.19286919199976,1,748,748,0
A_N1_r6,A,1,6,41.39333209200004,1,752,752,0
A_N1_r6,A,1,6,41.59392115799983,1,755,755,0
A_N1_r6,A,1,6,41.79453000000012,1,759,759,0
A_N1_r6,A,1,6,41.99570576899987,1,762,762,0
A_N1_r6,A,1,6,42.196058082000036,1,766,766,0
A_N1_r6,A,1,6,42.397101655999904,1,770,770,0
A_N1_r6,A,1,6,42.59778635800012,1,773,773,0
A_N1_r6,A,1,6,42.79810456899986,1,777,777,0
A_N1_r6,A,1,6,42.999047494000024,1,781,781,0
A_N1_r6,A,1,6,43.20002735499975,1,785,785,0
A_N1_r6,A,1,6,43.40040968199992,1,789,789,0
A_N1_r6,A,1,6,43.60085265199996,1,792,792,0
A_N1_r6,A,1,6,43.802632898999946,1,796,796,0
A_N1_r6,A,1,6,44.00341620200015,1,799,799,0
A_N1_r6,A,1,6,44.205629491999844,1,803,803,0
A_N1_r6,A,1,6,44.4060541089998,1,807,807,0
A_N1_r6,A,1,6,44.60723281599985,1,810,810,0
A_N1_r6,A,1,6,44.8074693489998,1,814,814,0
A_N1_r6,A,1,6,45.008449131999896,1,818,818,0
A_N1_r6,A,1,6,45.2088230559998,1,821,821,0
A_N1_r6,A,1,6,45.40919598899973,1,825,825,0
A_N1_r6,A,1,6,45.60953246500003,1,829,829,0
A_N1_r6,A,1,6,45.809845227000096,1,832,832,0
A_N1_r6,A,1,6,46.010271186999944,1,836,836,0
A_N1_r6,A,1,6,46.211761776,1,840,840,0
A_N1_r6,A,1,6,46.412721193999914,1,844,844,0
A_N1_r6,A,1,6,46.61377729700007,1,847,847,0
A_N1_r6,A,1,6,46.814751048999824,1,851,851,0
A_N1_r6,A,1,6,47.01527075000013,1,855,855,0
A_N1_r6,A,1,6,47.21583842900009,1,858,858,0
A_N1_r6,A,1,6,47.416747576000034,1,862,862,0
A_N1_r6,A,1,6,47.61736302300005,1,865,865,0
A_N1_r6,A,1,6,47.81837309100001,1,869,869,0
A_N1_r6,A,1,6,48.01876152099976,1,873,873,0
A_N1_r6,A,1,6,48.21998385799998,1,877,877,0
A_N1_r6,A,1,6,48.42027344200005,1,880,880,0
A_N1_r6,A,1,6,48.62107062999985,1,884,884,0
A_N1_r6,A,1,6,48.8222128299999,1,887,887,0
A_N1_r6,A,1,6,49.023311941999964,1,891,891,0
A_N1_r6,A,1,6,49.22488032199999,1,895,895,0
A_N1_r6,A,1,6,49.42512335099991,1,899,899,0
A_N1_r6,A,1,6,49.62555404700015,1,902,902,0
A_N1_r6,A,1,6,49.8262934989998,1,906,906,0
A_N1_r6,A,1,6,50.026987155999905,1,910,910,0
A_N1_r6,A,1,6,50.228735787000005,1,914,914,0
A_N1_r6,A,1,6,50.42945719199997,1,917,917,0
A_N1_r6,A,1,6,50.630637320000005,1,921,921,0
A_N1_r6,A,1,6,50.830977730000086,1,924,924,0
A_N1_r6,A,1,6,51.032688360000066,1,928,928,0
A_N1_r6,A,1,6,51.2333220659998,1,932,932,0
A_N1_r6,A,1,6,51.43621253699985,1,936,936,0
A_N1_r6,A,1,6,51.638218356999914,1,939,939,0
A_N1_r6,A,1,6,51.83874277199993,1,943,943,0
A_N1_r6,A,1,6,52.03991691700003,1,946,946,0
A_N1_r6,A,1,6,52.240651697999965,1,950,950,0
A_N1_r6,A,1,6,52.44112360700001,1,953,953,0
A_N1_r6,A,1,6,52.642112621999786,1,957,957,0
A_N1_r6,A,1,6,52.84267118800017,1,961,961,0
A_N1_r6,A,1,6,53.04328554599988,1,964,964,0
A_N1_r6,A,1,6,53.24383781999995,1,968,968,0
A_N1_r6,A,1,6,53.44461787299997,1,971,971,0
A_N1_r6,A,1,6,53.64517062599998,1,975,975,0
A_N1_r6,A,1,6,53.845736363000015,1,979,979,0
A_N1_r6,A,1,6,54.046445984,1,982,982,0
A_N1_r6,A,1,6,54.24832067999978,1,986,986,0
A_N1_r6,A,1,6,54.44895968499986,1,990,990,0
A_N1_r6,A,1,6,54.650303746999725,1,994,994,0
A_N1_r6,A,1,6,54.85128079600008,1,997,997,0
A_N1_r6,A,1,6,55.05322190200013,1,1001,1001,0
A_N1_r6,A,1,6,55.254258370000116,1,1005,1005,0
A_N1_r6,A,1,6,55.454946072999974,1,1008,1008,0
A_N1_r6,A,1,6,55.655495874999815,1,1012,1012,0
A_N1_r6,A,1,6,55.85748233300001,1,1016,1016,0
A_N1_r6,A,1,6,56.058478495000145,1,1019,1019,0
A_N1_r6,A,1,6,56.259662861999914,1,1023,1023,0
A_N1_r6,A,1,6,56.460225403000095,1,1027,1027,0
A_N1_r6,A,1,6,56.662405433,1,1030,1030,0
A_N1_r6,A,1,6,56.86384537599997,1,1034,1034,0
A_N1_r6,A,1,6,57.066219652999735,1,1037,1037,0
A_N1_r6,A,1,6,57.26823968000008,1,1041,1041,0
A_N1_r6,A,1,6,57.469364612999925,1,1045,1045,0
A_N1_r6,A,1,6,57.669774383000004,1,1048,1048,0
A_N1_r6,A,1,6,57.87085422200016,1,1052,1052,0
A_N1_r6,A,1,6,58.071541801999956,1,1056,1056,0
A_N1_r6,A,1,6,58.27205860799995,1,1060,1060,0
A_N1_r6,A,1,6,58.47284386599995,1,1063,1063,0
A_N1_r6,A,1,6,58.674019748999854,1,1067,1067,0
A_N1_r6,A,1,6,58.87472767200006,1,1071,1071,0
A_N1_r6,A,1,6,59.07568481299995,1,1074,1074,0
A_N1_r6,A,1,6,59.27602255800002,1,1078,1078,0
A_N1_r6,A,1,6,59.47685360600008,1,1082,1082,0
A_N1_r6,A,1,6,59.67795019000005,1,1086,1086,0
A_N1_r6,A,1,6,59.87889977399982,1,1090,1090,0
A_N1_r6,A,1,6,60.07966442799989,0,1093,1093,0
A_N1_r7,A,1,7,0.005076899000414414,0,0,0,0
A_N1_r7,A,1,7,0.20595494500003042,1,3,3,0
A_N1_r7,A,1,7,0.40655545400022675,1,7,7,0
A_N1_r7,A,1,7,0.607406304000051,1,11,11,0
A_N1_r7,A,1,7,0.8078211110000666,1,15,15,0
A_N1_r7,A,1,7,1.0082456980003371,1,18,18,0
A_N1_r7,A,1,7,1.2091894120003417,1,22,22,0
A_N1_r7,A,1,7,1.4094826730001841,1,26,26,0
A_N1_r7,A,1,7,1.610531662000085,1,29,29,0
A_N1_r7,A,1,7,1.8115407770001184,1,33,33,0
A_N1_r7,A,1,7,2.0121349510000073,1,37,37,0
A_N1_r7,A,1,7,2.2123744890000125,1,40,40,0
A_N1_r7,A,1,7,2.4129285440003514,1,44,44,0
A_N1_r7,A,1,7,2.6139958420003495,1,48,48,0
A_N1_r7,A,1,7,2.8151602180000737,1,51,51,0
A_N1_r7,A,1,7,3.015962089000368,1,55,55,0
A_N1_r7,A,1,7,3.216463746000045,1,59,59,0
A_N1_r7,A,1,7,3.417145281000103,1,62,62,0
A_N1_r7,A,1,7,3.6180120260000876,1,66,66,0
A_N1_r7,A,1,7,3.81869375100041,1,70,70,0
A_N1_r7,A,1,7,4.019322619000377,1,73,73,0
A_N1_r7,A,1,7,4.221064450000085,1,77,77,0
A_N1_r7,A,1,7,4.42164909200028,1,80,80,0
A_N1_r7,A,1,7,4.62264238500029,1,84,84,0
A_N1_r7,A,1,7,4.823192373000438,1,88,88,0
A_N1_r7,A,1,7,5.024236699000085,1,91,91,0
A_N1_r7,A,1,7,5.224467953000385,1,95,95,0
A_N1_r7,A,1,7,5.425282852000237,1,99,99,0
A_N1_r7,A,1,7,5.625878430000284,1,102,102,0
A_N1_r7,A,1,7,5.826431789000253,1,106,106,0
A_N1_r7,A,1,7,6.028635902000133,1,109,109,0
A_N1_r7,A,1,7,6.229294506000315,1,113,113,0
A_N1_r7,A,1,7,6.430523973000163,1,116,116,0
A_N1_r7,A,1,7,6.632741015000192,1,120,120,0
A_N1_r7,A,1,7,6.833317451000312,1,124,124,0
A_N1_r7,A,1,7,7.035330888000317,1,127,127,0
A_N1_r7,A,1,7,7.23576021900044,1,131,131,0
A_N1_r7,A,1,7,7.4360864300001595,1,135,135,0
A_N1_r7,A,1,7,7.636530598000263,1,138,138,0
A_N1_r7,A,1,7,7.836798492000071,1,142,142,0
A_N1_r7,A,1,7,8.037710478999998,1,145,145,0
A_N1_r7,A,1,7,8.239338418000443,1,149,149,0
A_N1_r7,A,1,7,8.441899030000059,1,153,153,0
A_N1_r7,A,1,7,8.642563257000347,1,156,156,0
A_N1_r7,A,1,7,8.843713196000408,1,160,160,0
A_N1_r7,A,1,7,9.044407067000066,1,163,163,0
A_N1_r7,A,1,7,9.245221006000065,1,167,167,0
A_N1_r7,A,1,7,9.44638923299999,1,171,171,0
A_N1_r7,A,1,7,9.647431288000007,1,174,174,0
A_N1_r7,A,1,7,9.847843004000424,1,178,178,0
A_N1_r7,A,1,7,10.048408493000352,1,181,181,0
A_N1_r7,A,1,7,10.249308074000055,1,185,185,0
A_N1_r7,A,1,7,10.449808878000113,1,189,189,0
A_N1_r7,A,1,7,10.650811193000209,1,192,192,0
A_N1_r7,A,1,7,10.852471109000362,1,196,196,0
A_N1_r7,A,1,7,11.053253399000369,1,200,200,0
A_N1_r7,A,1,7,11.254162193000411,1,203,203,0
A_N1_r7,A,1,7,11.454982077000295,1,207,207,0
A_N1_r7,A,1,7,11.655463598000097,1,210,210,0
A_N1_r7,A,1,7,11.855997997000031,1,214,214,0
A_N1_r7,A,1,7,12.056766816000163,1,217,217,0
A_N1_r7,A,1,7,12.258981276000213,1,221,221,0
A_N1_r7,A,1,7,12.45933003600021,1,224,224,0
A_N1_r7,A,1,7,12.660368125000332,1,228,228,0
A_N1_r7,A,1,7,12.863233354000386,1,232,232,0
A_N1_r7,A,1,7,13.064214297000035,1,235,235,0
A_N1_r7,A,1,7,13.265603003000251,1,239,239,0
A_N1_r7,A,1,7,13.465953099000217,1,242,242,0
A_N1_r7,A,1,7,13.667228296000303,1,246,246,0
A_N1_r7,A,1,7,13.867570828000225,1,249,249,0
A_N1_r7,A,1,7,14.06860125500043,1,253,253,0
A_N1_r7,A,1,7,14.269008539000424,1,256,256,0
A_N1_r7,A,1,7,14.470245179000358,1,260,260,0
A_N1_r7,A,1,7,14.671008046000225,1,264,264,0
A_N1_r7,A,1,7,14.871759253000164,1,267,267,0
A_N1_r7,A,1,7,15.07206657100005,1,271,271,0
A_N1_r7,A,1,7,15.273119898999994,1,274,274,0
A_N1_r7,A,1,7,15.473831084000267,1,278,278,0
A_N1_r7,A,1,7,15.674081681000189,1,282,282,0
A_N1_r7,A,1,7,15.874574123000002,1,286,286,0
A_N1_r7,A,1,7,16.075263568000082,1,290,290,0
A_N1_r7,A,1,7,16.276411052000185,1,293,293,0
A_N1_r7,A,1,7,16.47723358400026,1,297,297,0
A_N1_r7,A,1,7,16.67914447000021,1,300,300,0
A_N1_r7,A,1,7,16.88014371700001,1,304,304,0
A_N1_r7,A,1,7,17.080844264000007,1,308,308,0
A_N1_r7,A,1,7,17.281742183000006,1,312,312,0
A_N1_r7,A,1,7,17.48203349900041,1,315,315,0
A_N1_r7,A,1,7,17.682821740000236,1,319,319,0
A_N1_r7,A,1,7,17.884014075000323,1,323,323,0
A_N1_r7,A,1,7,18.08519521900007,1,326,326,0
A_N1_r7,A,1,7,18.28627116900043,1,330,330,0
A_N1_r7,A,1,7,18.487389028000052,1,334,334,0
A_N1_r7,A,1,7,18.688727353000104,1,338,338,0
A_N1_r7,A,1,7,18.889646046000053,1,342,342,0
A_N1_r7,A,1,7,19.090304890000425,1,346,346,0
A_N1_r7,A,1,7,19.291256243000134,1,349,349,0
A_N1_r7,A,1,7,19.491471542,1,353,353,0
A_N1_r7,A,1,7,19.691718699000376,1,357,357,0
A_N1_r7,A,1,7,19.892591409000033,1,360,360,0
A_N1_r7,A,1,7,20.09376123600032,1,364,364,0
A_N1_r7,A,1,7,20.29454364100002,1,368,368,0
A_N1_r7,A,1,7,20.49476705500001,1,372,372,0
A_N1_r7,A,1,7,20.695332210000288,1,375,375,0
A_N1_r7,A,1,7,20.89646927700005,1,379,379,0
A_N1_r7,A,1,7,21.097430311000153,1,383,383,0
A_N1_r7,A,1,7,21.298194745000274,1,386,386,0
A_N1_r7,A,1,7,21.499351800000113,1,390,390,0
A_N1_r7,A,1,7,21.700207581000086,1,394,394,0
A_N1_r7,A,1,7,21.901099138000063,1,397,397,0
A_N1_r7,A,1,7,22.103147786000136,1,401,401,0
A_N1_r7,A,1,7,22.303725619000033,1,404,404,0
A_N1_r7,A,1,7,22.504477898999994,1,408,408,0
A_N1_r7,A,1,7,22.704873493000377,1,412,412,0
A_N1_r7,A,1,7,22.90512998000031,1,415,415,0
A_N1_r7,A,1,7,23.106479290000152,1,419,419,0
A_N1_r7,A,1,7,23.3076636210003,1,423,423,0
A_N1_r7,A,1,7,23.50844135000034,1,426,426,0
A_N1_r7,A,1,7,23.709023938000428,1,430,430,0
A_N1_r7,A,1,7,23.910248720000254,1,434,434,0
A_N1_r7,A,1,7,24.110978911000075,1,438,438,0
A_N1_r7,A,1,7,24.312005093000153,1,441,441,0
A_N1_r7,A,1,7,24.513115715000367,1,445,445,0
A_N1_r7,A,1,7,24.713526597000055,1,449,449,0
A_N1_r7,A,1,7,24.91464380100024,1,452,452,0
A_N1_r7,A,1,7,25.115407754000444,1,456,456,0
A_N1_r7,A,1,7,25.315686700000242,1,460,460,0
A_N1_r7,A,1,7,25.516678714000136,1,463,463,0
A_N1_r7,A,1,7,25.7174473150003,1,467,467,0
A_N1_r7,A,1,7,25.918366725000396,1,471,471,0
A_N1_r7,A,1,7,26.119572403000348,1,475,475,0
A_N1_r7,A,1,7,26.319882647000213,1,478,478,0
A_N1_r7,A,1,7,26.52081771500025,1,482,482,0
A_N1_r7,A,1,7,26.7211713720003,1,486,486,0
A_N1_r7,A,1,7,26.92229038900041,1,489,489,0
A_N1_r7,A,1,7,27.124234508000427,1,493,493,0
A_N1_r7,A,1,7,27.325886798000283,1,497,497,0
A_N1_r7,A,1,7,27.52693620700029,1,501,501,0
A_N1_r7,A,1,7,27.72716890000038,1,505,505,0
A_N1_r7,A,1,7,27.928191419000086,1,508,508,0
A_N1_r7,A,1,7,28.128415015000428,1,512,512,0
A_N1_r7,A,1,7,28.32877531300028,1,516,516,0
A_N1_r7,A,1,7,28.530768141000408,1,519,519,0
A_N1_r7,A,1,7,28.731184412000403,1,523,523,0
A_N1_r7,A,1,7,28.93154129300001,1,527,527,0
A_N1_r7,A,1,7,29.13243973300041,1,530,530,0
A_N1_r7,A,1,7,29.333775461000187,1,534,534,0
A_N1_r7,A,1,7,29.534792629000094,1,538,538,0
A_N1_r7,A,1,7,29.736958656000297,1,542,542,0
A_N1_r7,A,1,7,29.93760931800034,1,546,546,0
A_N1_r7,A,1,7,30.13873417500008,1,549,549,0
A_N1_r7,A,1,7,30.33897770800013,1,553,553,0
A_N1_r7,A,1,7,30.539883429000383,1,556,556,0
A_N1_r7,A,1,7,30.7408929420003,1,560,560,0
A_N1_r7,A,1,7,30.942196928000158,1,564,564,0
A_N1_r7,A,1,7,31.14392149000014,1,568,568,0
A_N1_r7,A,1,7,31.345082858000296,1,571,571,0
A_N1_r7,A,1,7,31.54562749200022,1,574,574,0
A_N1_r7,A,1,7,31.7458628950003,1,578,578,0
A_N1_r7,A,1,7,31.946298708000086,1,582,582,0
A_N1_r7,A,1,7,32.146931444000074,1,585,585,0
A_N1_r7,A,1,7,32.34756554800015,1,589,589,0
A_N1_r7,A,1,7,32.54810398800009,1,592,592,0
A_N1_r7,A,1,7,32.74860680300026,1,596,596,0
A_N1_r7,A,1,7,32.950404358000014,1,599,599,0
A_N1_r7,A,1,7,33.15125209900043,1,603,603,0
A_N1_r7,A,1,7,33.351847080000425,1,607,607,0
A_N1_r7,A,1,7,33.553421491000336,1,610,610,0
A_N1_r7,A,1,7,33.755122445000325,1,614,614,0
A_N1_r7,A,1,7,33.95620898700008,1,618,618,0
A_N1_r7,A,1,7,34.15644608900038,1,621,621,0
A_N1_r7,A,1,7,34.35748050000029,1,625,625,0
A_N1_r7,A,1,7,34.55821397600039,1,628,628,0
A_N1_r7,A,1,7,34.75853897900015,1,632,632,0
A_N1_r7,A,1,7,34.95960041100034,1,635,635,0
A_N1_r7,A,1,7,35.16048898500003,1,639,639,0
A_N1_r7,A,1,7,35.361145717,1,643,643,0
A_N1_r7,A,1,7,35.56212098800006,1,647,647,0
A_N1_r7,A,1,7,35.76304453400007,1,650,650,0
A_N1_r7,A,1,7,35.96407578800017,1,654,654,0
A_N1_r7,A,1,7,36.164750906000336,1,658,658,0
A_N1_r7,A,1,7,36.365601986,1,661,661,0
A_N1_r7,A,1,7,36.56677368700002,1,665,665,0
A_N1_r7,A,1,7,36.76730929300038,1,668,668,0
A_N1_r7,A,1,7,36.96935015000008,1,672,672,0
A_N1_r7,A,1,7,37.17036529500001,1,676,676,0
A_N1_r7,A,1,7,37.370823355000084,1,680,680,0
A_N1_r7,A,1,7,37.571536307000315,1,683,683,0
A_N1_r7,A,1,7,37.772560032,1,687,687,0
A_N1_r7,A,1,7,37.97410148400013,1,691,691,0
A_N1_r7,A,1,7,38.175039546000335,1,694,694,0
A_N1_r7,A,1,7,38.37539683700015,1,698,698,0
A_N1_r7,A,1,7,38.57736740900009,1,702,702,0
A_N1_r7,A,1,7,38.779746445,1,706,706,0
A_N1_r7,A,1,7,38.980131838000034,1,709,709,0
A_N1_r7,A,1,7,39.18134314300005,1,713,713,0
A_N1_r7,A,1,7,39.381613301000016,1,717,717,0
A_N1_r7,A,1,7,39.582497592000436,1,721,721,0
A_N1_r7,A,1,7,39.783146920000036,1,724,724,0
A_N1_r7,A,1,7,39.98410396600002,1,728,728,0
A_N1_r7,A,1,7,40.18583405700019,1,732,732,0
A_N1_r7,A,1,7,40.386230875000365,1,735,735,0
A_N1_r7,A,1,7,40.58650031700017,1,739,739,0
A_N1_r7,A,1,7,40.78771899400044,1,743,743,0
A_N1_r7,A,1,7,40.988935356000184,1,746,746,0
A_N1_r7,A,1,7,41.18960962500023,1,750,750,0
A_N1_r7,A,1,7,41.390160994000325,1,753,753,0
A_N1_r7,A,1,7,41.59074894100013,1,757,757,0
A_N1_r7,A,1,7,41.79122289800034,1,761,761,0
A_N1_r7,A,1,7,41.9923998940003,1,764,764,0
A_N1_r7,A,1,7,42.19292558500001,1,768,768,0
A_N1_r7,A,1,7,42.39425056000027,1,772,772,0
A_N1_r7,A,1,7,42.594695159000366,1,775,775,0
A_N1_r7,A,1,7,42.79572937700004,1,779,779,0
A_N1_r7,A,1,7,42.99599154800035,1,783,783,0
A_N1_r7,A,1,7,43.19695612800024,1,786,786,0
A_N1_r7,A,1,7,43.39774765400034,1,790,790,0
A_N1_r7,A,1,7,43.59844750900038,1,794,794,0
A_N1_r7,A,1,7,43.799218637000195,1,797,797,0
A_N1_r7,A,1,7,44.00043865500038,1,801,801,0
A_N1_r7,A,1,7,44.20093522700017,1,805,805,0
A_N1_r7,A,1,7,44.40171179100025,1,808,808,0
A_N1_r7,A,1,7,44.60254489900035,1,812,812,0
A_N1_r7,A,1,7,44.803278413000044,1,816,816,0
A_N1_r7,A,1,7,45.003534955000305,1,819,819,0
A_N1_r7,A,1,7,45.20474154600015,1,823,823,0
A_N1_r7,A,1,7,45.40521501500007,1,827,827,0
A_N1_r7,A,1,7,45.60594696100043,1,830,830,0
A_N1_r7,A,1,7,45.807745701000385,1,834,834,0
A_N1_r7,A,1,7,46.00836586000014,1,837,837,0
A_N1_r7,A,1,7,46.2091887900001,1,841,841,0
A_N1_r7,A,1,7,46.410033149000355,1,845,845,0
A_N1_r7,A,1,7,46.61070176400017,1,848,848,0
A_N1_r7,A,1,7,46.81151788200032,1,852,852,0
A_N1_r7,A,1,7,47.0125547370003,1,855,855,0
A_N1_r7,A,1,7,47.21281497100017,1,859,859,0
A_N1_r7,A,1,7,47.41363192500012,1,863,863,0
A_N1_r7,A,1,7,47.61468992600021,1,866,866,0
A_N1_r7,A,1,7,47.81537964500012,1,870,870,0
A_N1_r7,A,1,7,48.015934774000016,1,874,874,0
A_N1_r7,A,1,7,48.216339061000326,1,877,877,0
A_N1_r7,A,1,7,48.41703215100006,1,881,881,0
A_N1_r7,A,1,7,48.61771832800014,1,884,884,0
A_N1_r7,A,1,7,48.81862308000018,1,888,888,0
A_N1_r7,A,1,7,49.01972680000017,1,892,892,0
A_N1_r7,A,1,7,49.22007990700013,1,895,895,0
A_N1_r7,A,1,7,49.420724282000265,1,899,899,0
A_N1_r7,A,1,7,49.62156642200034,1,903,903,0
A_N1_r7,A,1,7,49.82212524800025,1,906,906,0
A_N1_r7,A,1,7,50.02238167500036,1,910,910,0
A_N1_r7,A,1,7,50.223013814000296,1,914,914,0
A_N1_r7,A,1,7,50.42418196200015,1,918,918,0
A_N1_r7,A,1,7,50.62517570700038,1,922,922,0
A_N1_r7,A,1,7,50.825469207000424,1,925,925,0
A_N1_r7,A,1,7,51.02625833400043,1,929,929,0
A_N1_r7,A,1,7,51.22740307700042,1,933,933,0
A_N1_r7,A,1,7,51.427932908,1,937,937,0
A_N1_r7,A,1,7,51.62910782300014,1,940,940,0
A_N1_r7,A,1,7,51.8301233330003,1,944,944,0
A_N1_r7,A,1,7,52.03121391200011,1,947,947,0
A_N1_r7,A,1,7,52.23190473100021,1,951,951,0
A_N1_r7,A,1,7,52.433377251000366,1,955,955,0
A_N1_r7,A,1,7,52.63419068100029,1,958,958,0
A_N1_r7,A,1,7,52.83518220000042,1,962,962,0
A_N1_r7,A,1,7,53.035535258000436,1,965,965,0
A_N1_r7,A,1,7,53.235916919000374,1,969,969,0
A_N1_r7,A,1,7,53.436357653000414,1,973,973,0
A_N1_r7,A,1,7,53.637345500000265,1,976,976,0
A_N1_r7,A,1,7,53.83838206700011,1,980,980,0
A_N1_r7,A,1,7,54.03925317800031,1,983,983,0
A_N1_r7,A,1,7,54.239981335000266,1,987,987,0
A_N1_r7,A,1,7,54.44032254800004,1,990,990,0
A_N1_r7,A,1,7,54.64060824800026,1,994,994,0
A_N1_r7,A,1,7,54.841846953000186,1,998,998,0
A_N1_r7,A,1,7,55.04332532200033,1,1001,1001,0
A_N1_r7,A,1,7,55.24419792200024,1,1005,1005,0
A_N1_r7,A,1,7,55.4451680330003,1,1009,1009,0
A_N1_r7,A,1,7,55.64545984700044,1,1012,1012,0
A_N1_r7,A,1,7,55.84612592500025,1,1016,1016,0
A_N1_r7,A,1,7,56.0467461180001,1,1019,1019,0
A_N1_r7,A,1,7,56.24752735300035,1,1023,1023,0
A_N1_r7,A,1,7,56.44849666600021,1,1027,1027,0
A_N1_r7,A,1,7,56.64929286800043,1,1030,1030,0
A_N1_r7,A,1,7,56.850438678000046,1,1034,1034,0
A_N1_r7,A,1,7,57.05122248700036,1,1037,1037,0
A_N1_r7,A,1,7,57.25311918200032,1,1040,1040,0
A_N1_r7,A,1,7,57.45383410700015,1,1044,1044,0
A_N1_r7,A,1,7,57.65469619400028,1,1048,1048,0
A_N1_r7,A,1,7,57.85497245600027,1,1051,1051,0
A_N1_r7,A,1,7,58.05598985000006,1,1055,1055,0
A_N1_r7,A,1,7,58.25673035800037,1,1059,1059,0
A_N1_r7,A,1,7,58.45707319600024,1,1063,1063,0
A_N1_r7,A,1,7,58.65785268300033,1,1066,1066,0
A_N1_r7,A,1,7,58.8586252770001,1,1070,1070,0
A_N1_r7,A,1,7,59.05940975400017,1,1074,1074,0
A_N1_r7,A,1,7,59.26057978000017,1,1078,1078,0
A_N1_r7,A,1,7,59.461297175000254,1,1082,1082,0
A_N1_r7,A,1,7,59.66197400400006,1,1085,1085,0
A_N1_r7,A,1,7,59.86298970100006,1,1089,1089,0
A_N1_r7,A,1,7,60.06368060600016,0,1092,1092,0
A_N1_r8,A,1,8,0.005454798999835475,0,0,0,0
A_N1_r8,A,1,8,0.2066453139996156,1,3,3,0
A_N1_r8,A,1,8,0.4090581329996894,1,6,6,0
A_N1_r8,A,1,8,0.6100105749997056,1,10,10,0
A_N1_r8,A,1,8,0.8105576259999907,1,13,13,0
A_N1_r8,A,1,8,1.0110826759996598,1,17,17,0
A_N1_r8,A,1,8,1.212277802999779,1,20,20,0
A_N1_r8,A,1,8,1.4126975899998797,1,24,24,0
A_N1_r8,A,1,8,1.6142805439999393,1,28,28,0
A_N1_r8,A,1,8,1.815118615999836,1,31,31,0
A_N1_r8,A,1,8,2.0163147219996063,1,35,35,0
A_N1_r8,A,1,8,2.2174880829998074,1,39,39,0
A_N1_r8,A,1,8,2.4184992579998834,1,42,42,0
A_N1_r8,A,1,8,2.6192777520000163,1,46,46,0
A_N1_r8,A,1,8,2.8199912459999723,1,49,49,0
A_N1_r8,A,1,8,3.021669207999821,1,53,53,0
A_N1_r8,A,1,8,3.222459521000019,1,57,57,0
A_N1_r8,A,1,8,3.4230745439999737,1,61,61,0
A_N1_r8,A,1,8,3.6242026569998416,1,65,65,0
A_N1_r8,A,1,8,3.825204436999684,1,68,68,0
A_N1_r8,A,1,8,4.0264336689997435,1,72,72,0
A_N1_r8,A,1,8,4.2271248809997815,1,75,75,0
A_N1_r8,A,1,8,4.428186473999631,1,79,79,0
A_N1_r8,A,1,8,4.629405317999954,1,82,82,0
A_N1_r8,A,1,8,4.829982381999798,1,86,86,0
A_N1_r8,A,1,8,5.030657847999919,1,89,89,0
A_N1_r8,A,1,8,5.231287076999706,1,93,93,0
A_N1_r8,A,1,8,5.432357076999779,1,96,96,0
A_N1_r8,A,1,8,5.632993441999588,1,100,100,0
A_N1_r8,A,1,8,5.833922990999781,1,104,104,0
A_N1_r8,A,1,8,6.0346494729997175,1,107,107,0
A_N1_r8,A,1,8,6.235642499999813,1,111,111,0
A_N1_r8,A,1,8,6.438395792999927,1,115,115,0
A_N1_r8,A,1,8,6.6394201589996555,1,118,118,0
A_N1_r8,A,1,8,6.8405016809997505,1,122,122,0
A_N1_r8,A,1,8,7.041008045999661,1,126,126,0
A_N1_r8,A,1,8,7.241527155999847,1,129,129,0
A_N1_r8,A,1,8,7.443377724999664,1,133,133,0
A_N1_r8,A,1,8,7.644582035999974,1,137,137,0
A_N1_r8,A,1,8,7.845776007999575,1,141,141,0
A_N1_r8,A,1,8,8.046727992999877,1,144,144,0
A_N1_r8,A,1,8,8.247195647999888,1,148,148,0
A_N1_r8,A,1,8,8.44922679299998,1,152,152,0
A_N1_r8,A,1,8,8.650167705999593,1,155,155,0
A_N1_r8,A,1,8,8.850650278999638,1,159,159,0
A_N1_r8,A,1,8,9.051731413999732,1,162,162,0
A_N1_r8,A,1,8,9.252939583999705,1,166,166,0
A_N1_r8,A,1,8,9.453599114999633,1,169,169,0
A_N1_r8,A,1,8,9.654267993999838,1,173,173,0
A_N1_r8,A,1,8,9.854524176999803,1,177,177,0
A_N1_r8,A,1,8,10.055230277999726,1,181,181,0
A_N1_r8,A,1,8,10.2558726379998,1,184,184,0
A_N1_r8,A,1,8,10.456827527999849,1,188,188,0
A_N1_r8,A,1,8,10.65773615199987,1,192,192,0
A_N1_r8,A,1,8,10.85886748899975,1,195,195,0
A_N1_r8,A,1,8,11.059601263999866,1,199,199,0
A_N1_r8,A,1,8,11.260818741999628,1,203,203,0
A_N1_r8,A,1,8,11.461690306999571,1,206,206,0
A_N1_r8,A,1,8,11.662769797999772,1,210,210,0
A_N1_r8,A,1,8,11.863823431999663,1,214,214,0
A_N1_r8,A,1,8,12.065038239999922,1,217,217,0
A_N1_r8,A,1,8,12.26537314899997,1,221,221,0
A_N1_r8,A,1,8,12.46650026899988,1,225,225,0
A_N1_r8,A,1,8,12.668494427999576,1,229,229,0
A_N1_r8,A,1,8,12.869398694999745,1,232,232,0
A_N1_r8,A,1,8,13.06996283699982,1,236,236,0
A_N1_r8,A,1,8,13.270666900999913,1,240,240,0
A_N1_r8,A,1,8,13.47211824299984,1,244,244,0
A_N1_r8,A,1,8,13.67301630699967,1,248,248,0
A_N1_r8,A,1,8,13.874375998999767,1,251,251,0
A_N1_r8,A,1,8,14.075415232999603,1,255,255,0
A_N1_r8,A,1,8,14.275837152999884,1,258,258,0
A_N1_r8,A,1,8,14.476491874999738,1,262,262,0
A_N1_r8,A,1,8,14.677680377999877,1,266,266,0
A_N1_r8,A,1,8,14.87866245799978,1,269,269,0
A_N1_r8,A,1,8,15.079662872999961,1,273,273,0
A_N1_r8,A,1,8,15.28077323999969,1,276,276,0
A_N1_r8,A,1,8,15.481110411999907,1,280,280,0
A_N1_r8,A,1,8,15.681925139999748,1,284,284,0
A_N1_r8,A,1,8,15.884090246999676,1,287,287,0
A_N1_r8,A,1,8,16.08509492899975,1,291,291,0
A_N1_r8,A,1,8,16.285856337999576,1,294,294,0
A_N1_r8,A,1,8,16.486393379999754,1,297,297,0
A_N1_r8,A,1,8,16.688513291999698,1,301,301,0
A_N1_r8,A,1,8,16.88965116999998,1,304,304,0
A_N1_r8,A,1,8,17.090292556999884,1,308,308,0
A_N1_r8,A,1,8,17.291289251999842,1,311,311,0
A_N1_r8,A,1,8,17.492274295999778,1,315,315,0
A_N1_r8,A,1,8,17.692657399999916,1,318,318,0
A_N1_r8,A,1,8,17.893757446999643,1,322,322,0
A_N1_r8,A,1,8,18.09436974099981,1,325,325,0
A_N1_r8,A,1,8,18.295581063999634,1,329,329,0
A_N1_r8,A,1,8,18.496003800999915,1,332,332,0
A_N1_r8,A,1,8,18.69651407099991,1,336,336,0
A_N1_r8,A,1,8,18.897583439999835,1,340,340,0
A_N1_r8,A,1,8,19.0980596899999,1,343,343,0
A_N1_r8,A,1,8,19.299221869999656,1,347,347,0
A_N1_r8,A,1,8,19.499568274000012,1,351,351,0
A_N1_r8,A,1,8,19.69983934799984,1,354,354,0
A_N1_r8,A,1,8,19.900121351999587,1,358,358,0
A_N1_r8,A,1,8,20.10085124399984,1,362,362,0
A_N1_r8,A,1,8,20.301728762999574,1,365,365,0
A_N1_r8,A,1,8,20.502464568999585,1,369,369,0
A_N1_r8,A,1,8,20.70271131599975,1,373,373,0
A_N1_r8,A,1,8,20.90321243599965,1,376,376,0
A_N1_r8,A,1,8,21.103975096999875,1,380,380,0
A_N1_r8,A,1,8,21.305082932999994,1,384,384,0
A_N1_r8,A,1,8,21.50560636199998,1,388,388,0
A_N1_r8,A,1,8,21.706519725999897,1,392,392,0
A_N1_r8,A,1,8,21.907733818999986,1,395,395,0
A_N1_r8,A,1,8,22.108088901999963,1,399,399,0
A_N1_r8,A,1,8,22.30904211799998,1,402,402,0
A_N1_r8,A,1,8,22.510109776999798,1,406,406,0
A_N1_r8,A,1,8,22.710679049999726,1,410,410,0
A_N1_r8,A,1,8,22.911090407999836,1,414,414,0
A_N1_r8,A,1,8,23.111790281999674,1,417,417,0
A_N1_r8,A,1,8,23.312719510999614,1,421,421,0
A_N1_r8,A,1,8,23.513585773999694,1,425,425,0
A_N1_r8,A,1,8,23.71396494099963,1,428,428,0
A_N1_r8,A,1,8,23.915893527999742,1,432,432,0
A_N1_r8,A,1,8,24.116217740999673,1,436,436,0
A_N1_r8,A,1,8,24.317067469999984,1,439,439,0
A_N1_r8,A,1,8,24.51823401899992,1,443,443,0
A_N1_r8,A,1,8,24.719304458999886,1,446,446,0
A_N1_r8,A,1,8,24.920262118999744,1,450,450,0
A_N1_r8,A,1,8,25.120785470999635,1,453,453,0
A_N1_r8,A,1,8,25.321604961999583,1,457,457,0
A_N1_r8,A,1,8,25.522755338000024,1,460,460,0
A_N1_r8,A,1,8,25.723776323999573,1,464,464,0
A_N1_r8,A,1,8,25.924207831999865,1,467,467,0
A_N1_r8,A,1,8,26.12557255699994,1,471,471,0
A_N1_r8,A,1,8,26.326478054999825,1,475,475,0
A_N1_r8,A,1,8,26.527302942999995,1,478,478,0
A_N1_r8,A,1,8,26.72763248000001,1,482,482,0
A_N1_r8,A,1,8,26.928032146999612,1,485,485,0
A_N1_r8,A,1,8,27.128414682999846,1,489,489,0
A_N1_r8,A,1,8,27.32945122199999,1,492,492,0
A_N1_r8,A,1,8,27.53019487599977,1,496,496,0
A_N1_r8,A,1,8,27.73112940599958,1,499,499,0
A_N1_r8,A,1,8,27.93307342199978,1,503,503,0
A_N1_r8,A,1,8,28.134888651999972,1,506,506,0
A_N1_r8,A,1,8,28.33572082799992,1,510,510,0
A_N1_r8,A,1,8,28.536847791999662,1,513,513,0
A_N1_r8,A,1,8,28.73772418999988,1,517,517,0
A_N1_r8,A,1,8,28.938298204999683,1,521,521,0
A_N1_r8,A,1,8,29.13947060700002,1,524,524,0
A_N1_r8,A,1,8,29.339911310999923,1,528,528,0
A_N1_r8,A,1,8,29.54073398599985,1,532,532,0
A_N1_r8,A,1,8,29.741159531999983,1,535,535,0
A_N1_r8,A,1,8,29.941493226999683,1,539,539,0
A_N1_r8,A,1,8,30.14285818399958,1,543,543,0
A_N1_r8,A,1,8,30.343302931999915,1,547,547,0
A_N1_r8,A,1,8,30.544064559999697,1,550,550,0
A_N1_r8,A,1,8,30.744464353999774,1,554,554,0
A_N1_r8,A,1,8,30.94501578099971,1,558,558,0
A_N1_r8,A,1,8,31.146976474999974,1,562,562,0
A_N1_r8,A,1,8,31.347711809999964,1,565,565,0
A_N1_r8,A,1,8,31.548169978999795,1,569,569,0
A_N1_r8,A,1,8,31.74848751699983,1,573,573,0
A_N1_r8,A,1,8,31.94939029399984,1,577,577,0
A_N1_r8,A,1,8,32.15208453999958,1,581,581,0
A_N1_r8,A,1,8,32.352471863999654,1,584,584,0
A_N1_r8,A,1,8,32.55335993899962,1,588,588,0
A_N1_r8,A,1,8,32.75378977199989,1,592,592,0
A_N1_r8,A,1,8,32.95474655599992,1,595,595,0
A_N1_r8,A,1,8,33.15605351699969,1,599,599,0
A_N1_r8,A,1,8,33.35686198099984,1,603,603,0
A_N1_r8,A,1,8,33.55733707399986,1,606,606,0
A_N1_r8,A,1,8,33.75818788599963,1,610,610,0
A_N1_r8,A,1,8,33.959389801999805,1,614,614,0
A_N1_r8,A,1,8,34.15973587299959,1,617,617,0
A_N1_r8,A,1,8,34.36166861499987,1,621,621,0
A_N1_r8,A,1,8,34.56242451599974,1,625,625,0
A_N1_r8,A,1,8,34.76275503599982,1,628,628,0
A_N1_r8,A,1,8,34.96395187799999,1,632,632,0
A_N1_r8,A,1,8,35.16424825299964,1,636,636,0
A_N1_r8,A,1,8,35.36519818099987,1,639,639,0
A_N1_r8,A,1,8,35.566358620999836,1,643,643,0
A_N1_r8,A,1,8,35.76664794899989,1,647,647,0
A_N1_r8,A,1,8,35.96731528099963,1,650,650,0
A_N1_r8,A,1,8,36.16824231499959,1,654,654,0
A_N1_r8,A,1,8,36.368649087999984,1,658,658,0
A_N1_r8,A,1,8,36.569651558999794,1,661,661,0
A_N1_r8,A,1,8,36.77020658799984,1,665,665,0
A_N1_r8,A,1,8,36.97076849999985,1,668,668,0
A_N1_r8,A,1,8,37.17154827599961,1,672,672,0
A_N1_r8,A,1,8,37.37181346999978,1,676,676,0
A_N1_r8,A,1,8,37.57253382099998,1,679,679,0
A_N1_r8,A,1,8,37.773346173999926,1,683,683,0
A_N1_r8,A,1,8,37.973732192999705,1,687,687,0
A_N1_r8,A,1,8,38.174424802999965,1,690,690,0
A_N1_r8,A,1,8,38.37597330199969,1,694,694,0
A_N1_r8,A,1,8,38.576878422999926,1,698,698,0
A_N1_r8,A,1,8,38.77811029199984,1,701,701,0
A_N1_r8,A,1,8,38.97842924199995,1,705,705,0
A_N1_r8,A,1,8,39.17907611199962,1,709,709,0
A_N1_r8,A,1,8,39.380001686000014,1,713,713,0
A_N1_r8,A,1,8,39.580315118999806,1,716,716,0
A_N1_r8,A,1,8,39.78175311799987,1,720,720,0
A_N1_r8,A,1,8,39.982743772999584,1,723,723,0
A_N1_r8,A,1,8,40.18385024600002,1,727,727,0
A_N1_r8,A,1,8,40.384267678000015,1,731,731,0
A_N1_r8,A,1,8,40.5855425069999,1,734,734,0
A_N1_r8,A,1,8,40.78644235799993,1,738,738,0
A_N1_r8,A,1,8,40.987140201999864,1,741,741,0
A_N1_r8,A,1,8,41.187617276999845,1,745,745,0
A_N1_r8,A,1,8,41.38873468899965,1,749,749,0
A_N1_r8,A,1,8,41.58910428599984,1,753,753,0
A_N1_r8,A,1,8,41.78979774699974,1,756,756,0
A_N1_r8,A,1,8,41.9909864909996,1,760,760,0
A_N1_r8,A,1,8,42.19382003199962,1,764,764,0
A_N1_r8,A,1,8,42.39430311599972,1,767,767,0
A_N1_r8,A,1,8,42.59535652099976,1,771,771,0
A_N1_r8,A,1,8,42.79567965699971,1,774,774,0
A_N1_r8,A,1,8,42.996568705999834,1,778,778,0
A_N1_r8,A,1,8,43.198187930999666,1,781,781,0
A_N1_r8,A,1,8,43.39931272499962,1,785,785,0
A_N1_r8,A,1,8,43.6000910519997,1,788,788,0
A_N1_r8,A,1,8,43.80085263899991,1,792,792,0
A_N1_r8,A,1,8,44.001470015999985,1,795,795,0
A_N1_r8,A,1,8,44.20260572500001,1,799,799,0
A_N1_r8,A,1,8,44.4029184799997,1,803,803,0
A_N1_r8,A,1,8,44.603901843999665,1,806,806,0
A_N1_r8,A,1,8,44.80466726099985,1,809,809,0
A_N1_r8,A,1,8,45.005721376999645,1,813,813,0
A_N1_r8,A,1,8,45.2081619329997,1,817,817,0
A_N1_r8,A,1,8,45.409105976999854,1,820,820,0
A_N1_r8,A,1,8,45.609328747999825,1,824,824,0
A_N1_r8,A,1,8,45.80991894199997,1,827,827,0
A_N1_r8,A,1,8,46.011335096999574,1,831,831,0
A_N1_r8,A,1,8,46.21209063699962,1,834,834,0
A_N1_r8,A,1,8,46.41259278199959,1,838,838,0
A_N1_r8,A,1,8,46.61410054099997,1,841,841,0
A_N1_r8,A,1,8,46.81519657199988,1,845,845,0
A_N1_r8,A,1,8,47.0172903939997,1,849,849,0
A_N1_r8,A,1,8,47.21841691099962,1,852,852,0
A_N1_r8,A,1,8,47.419166570000016,1,856,856,0
A_N1_r8,A,1,8,47.61966043299981,1,859,859,0
A_N1_r8,A,1,8,47.82007675099976,1,863,863,0
A_N1_r8,A,1,8,48.02041853999981,1,867,867,0
A_N1_r8,A,1,8,48.220984575999864,1,870,870,0
A_N1_r8,A,1,8,48.42257233199962,1,874,874,0
A_N1_r8,A,1,8,48.62323358999993,1,877,877,0
A_N1_r8,A,1,8,48.82360414599998,1,881,881,0
A_N1_r8,A,1,8,49.0242876049997,1,884,884,0
A_N1_r8,A,1,8,49.22561210899994,1,888,888,0
A_N1_r8,A,1,8,49.426559323999754,1,892,892,0
A_N1_r8,A,1,8,49.62707887099987,1,895,895,0
A_N1_r8,A,1,8,49.82880167199983,1,899,899,0
A_N1_r8,A,1,8,50.030893921999905,1,903,903,0
A_N1_r8,A,1,8,50.232695108999906,1,907,907,0
A_N1_r8,A,1,8,50.43333600599999,1,910,910,0
A_N1_r8,A,1,8,50.633566075999624,1,914,914,0
A_N1_r8,A,1,8,50.8357495299997,1,918,918,0
A_N1_r8,A,1,8,51.03659694099997,1,921,921,0
A_N1_r8,A,1,8,51.23694657499982,1,925,925,0
A_N1_r8,A,1,8,51.43765828599999,1,929,929,0
A_N1_r8,A,1,8,51.638367512999594,1,933,933,0
A_N1_r8,A,1,8,51.83880495199992,1,936,936,0
A_N1_r8,A,1,8,52.03942637499995,1,940,940,0
A_N1_r8,A,1,8,52.241320594999706,1,944,944,0
A_N1_r8,A,1,8,52.4418770289999,1,948,948,0
A_N1_r8,A,1,8,52.642927013999724,1,951,951,0
A_N1_r8,A,1,8,52.843214867999905,1,955,955,0
A_N1_r8,A,1,8,53.04427645399983,1,958,958,0
A_N1_r8,A,1,8,53.24548013899994,1,962,962,0
A_N1_r8,A,1,8,53.4467220749998,1,966,966,0
A_N1_r8,A,1,8,53.647887717999765,1,969,969,0
A_N1_r8,A,1,8,53.8490210609998,1,973,973,0
A_N1_r8,A,1,8,54.050017660999856,1,976,976,0
A_N1_r8,A,1,8,54.25065446999997,1,980,980,0
A_N1_r8,A,1,8,54.45250772899999,1,983,983,0
A_N1_r8,A,1,8,54.6540552069996,1,987,987,0
A_N1_r8,A,1,8,54.854453610999826,1,990,990,0
A_N1_r8,A,1,8,55.05474190199993,1,994,994,0
A_N1_r8,A,1,8,55.25549377799962,1,998,998,0
A_N1_r8,A,1,8,55.456342023999696,1,1002,1002,0
A_N1_r8,A,1,8,55.65682879499991,1,1005,1005,0
A_N1_r8,A,1,8,55.85830714699978,1,1009,1009,0
A_N1_r8,A,1,8,56.05894379199981,1,1012,1012,0
A_N1_r8,A,1,8,56.26012820699998,1,1016,1016,0
A_N1_r8,A,1,8,56.460467825999785,1,1020,1020,0
A_N1_r8,A,1,8,56.66086361899988,1,1023,1023,0
A_N1_r8,A,1,8,56.86275832000001,1,1027,1027,0
A_N1_r8,A,1,8,57.06356659799985,1,1030,1030,0
A_N1_r8,A,1,8,57.26476414999979,1,1034,1034,0
A_N1_r8,A,1,8,57.466491289999794,1,1037,1037,0
A_N1_r8,A,1,8,57.66673001199979,1,1041,1041,0
A_N1_r8,A,1,8,57.86880974099995,1,1045,1045,0
A_N1_r8,A,1,8,58.07006657900001,1,1048,1048,0
A_N1_r8,A,1,8,58.27078194199976,1,1052,1052,0
A_N1_r8,A,1,8,58.47145092899973,1,1055,1055,0
A_N1_r8,A,1,8,58.67222578399969,1,1059,1059,0
A_N1_r8,A,1,8,58.873303853999914,1,1063,1063,0
A_N1_r8,A,1,8,59.07424428399963,1,1066,1066,0
A_N1_r8,A,1,8,59.276455110999905,1,1070,1070,0
A_N1_r8,A,1,8,59.477051774999836,1,1073,1073,0
A_N1_r8,A,1,8,59.67822179899986,1,1077,1077,0
A_N1_r8,A,1,8,59.879349784999704,1,1081,1081,0
A_N1_r8,A,1,8,60.0798413589996,0,1084,1084,0
A_N1_r9,A,1,9,0.00563038400014193,0,0,0,0
A_N1_r9,A,1,9,0.20667349199993623,1,3,3,0
A_N1_r9,A,1,9,0.4082708350001667,1,7,7,0
A_N1_r9,A,1,9,0.6085902919999171,1,11,11,0
A_N1_r9,A,1,9,0.8092944969998825,1,14,14,0
A_N1_r9,A,1,9,1.0107639349998863,1,18,18,0
A_N1_r9,A,1,9,1.2114737619999687,1,22,22,0
A_N1_r9,A,1,9,1.4125093779998679,1,25,25,0
A_N1_r9,A,1,9,1.6133457910000288,1,29,29,0
A_N1_r9,A,1,9,1.813876794999942,1,33,33,0
A_N1_r9,A,1,9,2.0144947130002038,1,36,36,0
A_N1_r9,A,1,9,2.216553782000119,1,40,40,0
A_N1_r9,A,1,9,2.417635634999897,1,44,44,0
A_N1_r9,A,1,9,2.6186892659998193,1,47,47,0
A_N1_r9,A,1,9,2.819272286999876,1,51,51,0
A_N1_r9,A,1,9,3.0214974400000756,1,55,55,0
A_N1_r9,A,1,9,3.2223869039999045,1,58,58,0
A_N1_r9,A,1,9,3.4229381370000738,1,62,62,0
A_N1_r9,A,1,9,3.6238505850001275,1,66,66,0
A_N1_r9,A,1,9,3.8244434459998047,1,69,69,0
A_N1_r9,A,1,9,4.02585815700013,1,73,73,0
A_N1_r9,A,1,9,4.226789451000059,1,77,77,0
A_N1_r9,A,1,9,4.427885563000018,1,80,80,0
A_N1_r9,A,1,9,4.628533005999998,1,84,84,0
A_N1_r9,A,1,9,4.829091213000083,1,88,88,0
A_N1_r9,A,1,9,5.029473435999989,1,92,92,0
A_N1_r9,A,1,9,5.230355810000219,1,95,95,0
A_N1_r9,A,1,9,5.431720282999777,1,99,99,0
A_N1_r9,A,1,9,5.632633232999979,1,103,103,0
A_N1_r9,A,1,9,5.833258835999914,1,107,107,0
A_N1_r9,A,1,9,6.03392944999996,1,111,111,0
A_N1_r9,A,1,9,6.2346947559999535,1,114,114,0
A_N1_r9,A,1,9,6.434962541000004,1,118,118,0
A_N1_r9,A,1,9,6.6352345939999395,1,122,122,0
A_N1_r9,A,1,9,6.835647779999817,1,125,125,0
A_N1_r9,A,1,9,7.036580535000212,1,129,129,0
A_N1_r9,A,1,9,7.237456415999986,1,133,133,0
A_N1_r9,A,1,9,7.438502645999961,1,137,137,0
A_N1_r9,A,1,9,7.639168135000091,1,140,140,0
A_N1_r9,A,1,9,7.839856665999832,1,144,144,0
A_N1_r9,A,1,9,8.040392439999778,1,148,148,0
A_N1_r9,A,1,9,8.242211423999834,1,152,152,0
A_N1_r9,A,1,9,8.445148147000054,1,156,156,0
A_N1_r9,A,1,9,8.645767589000116,1,159,159,0
A_N1_r9,A,1,9,8.84628607400009,1,163,163,0
A_N1_r9,A,1,9,9.04810831299983,1,167,167,0
A_N1_r9,A,1,9,9.24934046999988,1,170,170,0
A_N1_r9,A,1,9,9.450231090000216,1,174,174,0
A_N1_r9,A,1,9,9.651311543999782,1,177,177,0
A_N1_r9,A,1,9,9.853024891000132,1,181,181,0
A_N1_r9,A,1,9,10.05370037800003,1,185,185,0
A_N1_r9,A,1,9,10.254130676999921,1,189,189,0
A_N1_r9,A,1,9,10.45454067699984,1,192,192,0
A_N1_r9,A,1,9,10.65570556900002,1,196,196,0
A_N1_r9,A,1,9,10.856087546999788,1,200,200,0
A_N1_r9,A,1,9,11.057244765000178,1,203,203,0
A_N1_r9,A,1,9,11.25915586200017,1,207,207,0
A_N1_r9,A,1,9,11.459754194000197,1,211,211,0
A_N1_r9,A,1,9,11.660521371999948,1,214,214,0
A_N1_r9,A,1,9,11.861316853000062,1,218,218,0
A_N1_r9,A,1,9,12.062578777999988,1,222,222,0
A_N1_r9,A,1,9,12.263205842999923,1,225,225,0
A_N1_r9,A,1,9,12.46395627899983,1,229,229,0
A_N1_r9,A,1,9,12.664773729999979,1,233,233,0
A_N1_r9,A,1,9,12.865622129999792,1,236,236,0
A_N1_r9,A,1,9,13.067425688000185,1,240,240,0
A_N1_r9,A,1,9,13.267873578000035,1,243,243,0
A_N1_r9,A,1,9,13.46856486300021,1,247,247,0
A_N1_r9,A,1,9,13.669172101000186,1,251,251,0
A_N1_r9,A,1,9,13.870346169000186,1,254,254,0
A_N1_r9,A,1,9,14.070765317000223,1,258,258,0
A_N1_r9,A,1,9,14.271491536000212,1,262,262,0
A_N1_r9,A,1,9,14.474500454999998,1,265,265,0
A_N1_r9,A,1,9,14.67570795399979,1,269,269,0
A_N1_r9,A,1,9,14.876170381000065,1,273,273,0
A_N1_r9,A,1,9,15.076939493999816,1,276,276,0
A_N1_r9,A,1,9,15.277708962999895,1,280,280,0
A_N1_r9,A,1,9,15.479268250000132,1,284,284,0
A_N1_r9,A,1,9,15.679657428000155,1,287,287,0
A_N1_r9,A,1,9,15.88041179899983,1,291,291,0
A_N1_r9,A,1,9,16.080797976000213,1,295,295,0
A_N1_r9,A,1,9,16.282006465999984,1,298,298,0
A_N1_r9,A,1,9,16.4831727159999,1,302,302,0
A_N1_r9,A,1,9,16.684417553000003,1,306,306,0
A_N1_r9,A,1,9,16.885507421000057,1,309,309,0
A_N1_r9,A,1,9,17.0863862289998,1,313,313,0
A_N1_r9,A,1,9,17.286657914999978,1,317,317,0
A_N1_r9,A,1,9,17.486914742999943,1,321,321,0
A_N1_r9,A,1,9,17.68791705500007,1,325,325,0
A_N1_r9,A,1,9,17.888585523000074,1,329,329,0
A_N1_r9,A,1,9,18.089117301999977,1,332,332,0
A_N1_r9,A,1,9,18.290827035999882,1,336,336,0
A_N1_r9,A,1,9,18.491873720000058,1,339,339,0
A_N1_r9,A,1,9,18.69290134899984,1,343,343,0
A_N1_r9,A,1,9,18.89321735600015,1,347,347,0
A_N1_r9,A,1,9,19.09403004900014,1,351,351,0
A_N1_r9,A,1,9,19.295155588999933,1,354,354,0
A_N1_r9,A,1,9,19.49597400399989,1,358,358,0
A_N1_r9,A,1,9,19.696827526000106,1,362,362,0
A_N1_r9,A,1,9,19.897160532999806,1,365,365,0
A_N1_r9,A,1,9,20.097458451999955,1,369,369,0
A_N1_r9,A,1,9,20.29807726199988,1,372,372,0
A_N1_r9,A,1,9,20.498762846999853,1,376,376,0
A_N1_r9,A,1,9,20.699448233000112,1,380,380,0
A_N1_r9,A,1,9,20.900269562000176,1,383,383,0
A_N1_r9,A,1,9,21.100510063,1,387,387,0
A_N1_r9,A,1,9,21.300933103999796,1,390,390,0
A_N1_r9,A,1,9,21.50186352699984,1,394,394,0
A_N1_r9,A,1,9,21.70248741400019,1,398,398,0
A_N1_r9,A,1,9,21.903143943000032,1,402,402,0
A_N1_r9,A,1,9,22.103571181000007,1,405,405,0
A_N1_r9,A,1,9,22.304639749000216,1,409,409,0
A_N1_r9,A,1,9,22.505783819000044,1,413,413,0
A_N1_r9,A,1,9,22.708524445999956,1,417,417,0
A_N1_r9,A,1,9,22.909478150999803,1,420,420,0
A_N1_r9,A,1,9,23.111210720000145,1,424,424,0
A_N1_r9,A,1,9,23.31198537599994,1,428,428,0
A_N1_r9,A,1,9,23.51241363300005,1,432,432,0
A_N1_r9,A,1,9,23.713402881000093,1,435,435,0
A_N1_r9,A,1,9,23.914143103999777,1,439,439,0
A_N1_r9,A,1,9,24.11443097600022,1,442,442,0
A_N1_r9,A,1,9,24.31478035400005,1,446,446,0
A_N1_r9,A,1,9,24.514894310999807,1,450,450,0
A_N1_r9,A,1,9,24.715909124000063,1,453,453,0
A_N1_r9,A,1,9,24.91740291699989,1,457,457,0
A_N1_r9,A,1,9,25.117931686999782,1,461,461,0
A_N1_r9,A,1,9,25.318228653999995,1,464,464,0
A_N1_r9,A,1,9,25.51861924600007,1,468,468,0
A_N1_r9,A,1,9,25.719217686999855,1,472,472,0
A_N1_r9,A,1,9,25.920507776999784,1,476,476,0
A_N1_r9,A,1,9,26.121171126999798,1,479,479,0
A_N1_r9,A,1,9,26.321509688999868,1,483,483,0
A_N1_r9,A,1,9,26.522119808999832,1,487,487,0
A_N1_r9,A,1,9,26.72325960199987,1,490,490,0
A_N1_r9,A,1,9,26.923693646000174,1,494,494,0
A_N1_r9,A,1,9,27.124906441999883,1,498,498,0
A_N1_r9,A,1,9,27.32587836799985,1,502,502,0
A_N1_r9,A,1,9,27.52632176299994,1,505,505,0
A_N1_r9,A,1,9,27.727420505999817,1,509,509,0
A_N1_r9,A,1,9,27.927855400000226,1,513,513,0
A_N1_r9,A,1,9,28.128198984999926,1,516,516,0
A_N1_r9,A,1,9,28.329226561999803,1,520,520,0
A_N1_r9,A,1,9,28.529847726999833,1,524,524,0
A_N1_r9,A,1,9,28.730278305999946,1,527,527,0
A_N1_r9,A,1,9,28.930508204000034,1,531,531,0
A_N1_r9,A,1,9,29.132176467000136,1,535,535,0
A_N1_r9,A,1,9,29.33302274100015,1,538,538,0
A_N1_r9,A,1,9,29.5336906309999,1,542,542,0
A_N1_r9,A,1,9,29.73479014900022,1,546,546,0
A_N1_r9,A,1,9,29.93509489500002,1,550,550,0
A_N1_r9,A,1,9,30.13556619300016,1,553,553,0
A_N1_r9,A,1,9,30.337455568000223,1,557,557,0
A_N1_r9,A,1,9,30.537684090999846,1,561,561,0
A_N1_r9,A,1,9,30.738304097999844,1,564,564,0
A_N1_r9,A,1,9,30.938801511999827,1,568,568,0
A_N1_r9,A,1,9,31.139123638,1,572,572,0
A_N1_r9,A,1,9,31.33990915100003,1,575,575,0
A_N1_r9,A,1,9,31.540917722999893,1,579,579,0
A_N1_r9,A,1,9,31.7421667550002,1,582,582,0
A_N1_r9,A,1,9,31.94293991299992,1,586,586,0
A_N1_r9,A,1,9,32.14352984700008,1,590,590,0
A_N1_r9,A,1,9,32.345343091999894,1,594,594,0
A_N1_r9,A,1,9,32.54583224699991,1,597,597,0
A_N1_r9,A,1,9,32.74706324199997,1,601,601,0
A_N1_r9,A,1,9,32.94804744200019,1,604,604,0
A_N1_r9,A,1,9,33.14889536600003,1,608,608,0
A_N1_r9,A,1,9,33.34967692500004,1,612,612,0
A_N1_r9,A,1,9,33.55069086000003,1,615,615,0
A_N1_r9,A,1,9,33.75154544499992,1,619,619,0
A_N1_r9,A,1,9,33.95254926000007,1,623,623,0
A_N1_r9,A,1,9,34.15301474299986,1,626,626,0
A_N1_r9,A,1,9,34.353900003000035,1,630,630,0
A_N1_r9,A,1,9,34.55446956100013,1,634,634,0
A_N1_r9,A,1,9,34.75501921200021,1,637,637,0
A_N1_r9,A,1,9,34.956035937999786,1,641,641,0
A_N1_r9,A,1,9,35.15652140400016,1,645,645,0
A_N1_r9,A,1,9,35.35731763300009,1,648,648,0
A_N1_r9,A,1,9,35.558057226000074,1,652,652,0
A_N1_r9,A,1,9,35.75870215199984,1,655,655,0
A_N1_r9,A,1,9,35.959125532000144,1,659,659,0
A_N1_r9,A,1,9,36.159871703000135,1,663,663,0
A_N1_r9,A,1,9,36.36110585899996,1,667,667,0
A_N1_r9,A,1,9,36.562553854999805,1,670,670,0
A_N1_r9,A,1,9,36.76381136500004,1,674,674,0
A_N1_r9,A,1,9,36.96458005900013,1,677,677,0
A_N1_r9,A,1,9,37.16509166600008,1,681,681,0
A_N1_r9,A,1,9,37.36701690300015,1,685,685,0
A_N1_r9,A,1,9,37.56761084500022,1,689,689,0
A_N1_r9,A,1,9,37.76892634900014,1,692,692,0
A_N1_r9,A,1,9,37.97017179400018,1,696,696,0
A_N1_r9,A,1,9,38.17132773499998,1,700,700,0
A_N1_r9,A,1,9,38.37206516100014,1,704,704,0
A_N1_r9,A,1,9,38.57255795899982,1,707,707,0
A_N1_r9,A,1,9,38.772779076999996,1,711,711,0
A_N1_r9,A,1,9,38.973250847000145,1,715,715,0
A_N1_r9,A,1,9,39.17353848599987,1,718,718,0
A_N1_r9,A,1,9,39.37401602,1,722,722,0
A_N1_r9,A,1,9,39.57522973499999,1,726,726,0
A_N1_r9,A,1,9,39.77651751800022,1,729,729,0
A_N1_r9,A,1,9,39.97732629700022,1,733,733,0
A_N1_r9,A,1,9,40.17761097499988,1,737,737,0
A_N1_r9,A,1,9,40.37828371100022,1,741,741,0
A_N1_r9,A,1,9,40.57941080899991,1,744,744,0
A_N1_r9,A,1,9,40.78064434599992,1,748,748,0
A_N1_r9,A,1,9,40.98127851400022,1,752,752,0
A_N1_r9,A,1,9,41.18221137199998,1,756,756,0
A_N1_r9,A,1,9,41.38318059899984,1,760,760,0
A_N1_r9,A,1,9,41.58461222300002,1,763,763,0
A_N1_r9,A,1,9,41.78543188000003,1,767,767,0
A_N1_r9,A,1,9,41.98604629600004,1,771,771,0
A_N1_r9,A,1,9,42.18665651499987,1,775,775,0
A_N1_r9,A,1,9,42.38752281400002,1,779,779,0
A_N1_r9,A,1,9,42.58882338800004,1,782,782,0
A_N1_r9,A,1,9,42.78991701299992,1,786,786,0
A_N1_r9,A,1,9,42.990817332000006,1,790,790,0
A_N1_r9,A,1,9,43.19177763200014,1,794,794,0
A_N1_r9,A,1,9,43.392294410999966,1,797,797,0
A_N1_r9,A,1,9,43.59275458299999,1,801,801,0
A_N1_r9,A,1,9,43.79320509799982,1,805,805,0
A_N1_r9,A,1,9,43.99358934300017,1,808,808,0
A_N1_r9,A,1,9,44.19387762799988,1,812,812,0
A_N1_r9,A,1,9,44.39413276100004,1,816,816,0
A_N1_r9,A,1,9,44.59468487100003,1,819,819,0
A_N1_r9,A,1,9,44.79541013500011,1,823,823,0
A_N1_r9,A,1,9,44.99602686199978,1,827,827,0
A_N1_r9,A,1,9,45.196427873000175,1,830,830,0
A_N1_r9,A,1,9,45.39706450599988,1,834,834,0
A_N1_r9,A,1,9,45.59805696700005,1,837,837,0
A_N1_r9,A,1,9,45.79892376099997,1,841,841,0
A_N1_r9,A,1,9,46.00014083999986,1,845,845,0
A_N1_r9,A,1,9,46.20053190699991,1,848,848,0
A_N1_r9,A,1,9,46.40136635499994,1,852,852,0
A_N1_r9,A,1,9,46.60188828699984,1,856,856,0
A_N1_r9,A,1,9,46.803182578999895,1,859,859,0
A_N1_r9,A,1,9,47.00448689599989,1,863,863,0
A_N1_r9,A,1,9,47.20511015300008,1,867,867,0
A_N1_r9,A,1,9,47.40555636799991,1,871,871,0
A_N1_r9,A,1,9,47.60674519599979,1,875,875,0
A_N1_r9,A,1,9,47.80735936500014,1,878,878,0
A_N1_r9,A,1,9,48.0082908280001,1,882,882,0
A_N1_r9,A,1,9,48.2088077100002,1,885,885,0
A_N1_r9,A,1,9,48.40994502500007,1,889,889,0
A_N1_r9,A,1,9,48.611111686000186,1,892,892,0
A_N1_r9,A,1,9,48.811546073000045,1,896,896,0
A_N1_r9,A,1,9,49.01214072899984,1,899,899,0
A_N1_r9,A,1,9,49.21403957800021,1,903,903,0
A_N1_r9,A,1,9,49.415950278999844,1,906,906,0
A_N1_r9,A,1,9,49.61619684700008,1,910,910,0
A_N1_r9,A,1,9,49.81693853500019,1,914,914,0
A_N1_r9,A,1,9,50.01743919899991,1,917,917,0
A_N1_r9,A,1,9,50.21812165900019,1,921,921,0
A_N1_r9,A,1,9,50.41921920899995,1,925,925,0
A_N1_r9,A,1,9,50.61949437500016,1,928,928,0
A_N1_r9,A,1,9,50.819999713000016,1,932,932,0
A_N1_r9,A,1,9,51.0204342080001,1,936,936,0
A_N1_r9,A,1,9,51.22123795000016,1,940,940,0
A_N1_r9,A,1,9,51.42171140099981,1,943,943,0
A_N1_r9,A,1,9,51.62290682899993,1,947,947,0
A_N1_r9,A,1,9,51.823361836000004,1,951,951,0
A_N1_r9,A,1,9,52.02360159,1,954,954,0
A_N1_r9,A,1,9,52.22470163199978,1,958,958,0
A_N1_r9,A,1,9,52.42570241700014,1,962,962,0
A_N1_r9,A,1,9,52.626485282999965,1,965,965,0
A_N1_r9,A,1,9,52.827178230999834,1,969,969,0
A_N1_r9,A,1,9,53.02814040500016,1,973,973,0
A_N1_r9,A,1,9,53.228903428000194,1,976,976,0
A_N1_r9,A,1,9,53.43056242300008,1,980,980,0
A_N1_r9,A,1,9,53.63129320500002,1,984,984,0
A_N1_r9,A,1,9,53.83313675699992,1,987,987,0
A_N1_r9,A,1,9,54.03399603199978,1,991,991,0
A_N1_r9,A,1,9,54.23487307200003,1,995,995,0
A_N1_r9,A,1,9,54.43542395099985,1,998,998,0
A_N1_r9,A,1,9,54.63584907299992,1,1002,1002,0
A_N1_r9,A,1,9,54.8379743659998,1,1006,1006,0
A_N1_r9,A,1,9,55.039026227999784,1,1010,1010,0
A_N1_r9,A,1,9,55.23931712100011,1,1013,1013,0
A_N1_r9,A,1,9,55.44053665699994,1,1017,1017,0
A_N1_r9,A,1,9,55.64100981299998,1,1021,1021,0
A_N1_r9,A,1,9,55.84157524200009,1,1024,1024,0
A_N1_r9,A,1,9,56.042004086999896,1,1028,1028,0
A_N1_r9,A,1,9,56.24367184899984,1,1031,1031,0
A_N1_r9,A,1,9,56.44559832699997,1,1035,1035,0
A_N1_r9,A,1,9,56.64666536999994,1,1039,1039,0
A_N1_r9,A,1,9,56.847342242000195,1,1043,1043,0
A_N1_r9,A,1,9,57.04829021600017,1,1047,1047,0
A_N1_r9,A,1,9,57.2489832199999,1,1050,1050,0
A_N1_r9,A,1,9,57.449520612000015,1,1054,1054,0
A_N1_r9,A,1,9,57.651601622999806,1,1058,1058,0
A_N1_r9,A,1,9,57.85271534799995,1,1061,1061,0
A_N1_r9,A,1,9,58.05308994899997,1,1064,1064,0
A_N1_r9,A,1,9,58.253789790000155,1,1067,1067,0
A_N1_r9,A,1,9,58.455327102999945,1,1070,1070,0
A_N1_r9,A,1,9,58.65593000099989,1,1073,1073,0
A_N1_r9,A,1,9,58.85760431200015,1,1076,1076,0
A_N1_r9,A,1,9,59.05879211399997,1,1079,1079,0
A_N1_r9,A,1,9,59.26007442199989,1,1082,1082,0
A_N1_r9,A,1,9,59.46030986300002,1,1086,1086,0
A_N1_r9,A,1,9,59.66060065800002,1,1089,1089,0
A_N1_r9,A,1,9,59.862236919000225,1,1092,1092,0
A_N1_r9,A,1,9,60.06336825000017,0,1095,1095,0
A_N1_r10,A,1,10,0.005263405999812676,0,0,0,0
A_N1_r10,A,1,10,0.20642092199977924,1,2,2,0
A_N1_r10,A,1,10,0.4066359069997816,1,6,6,0
A_N1_r10,A,1,10,0.6074465020001298,1,9,9,0
A_N1_r10,A,1,10,0.8077970949998416,1,12,12,0
A_N1_r10,A,1,10,1.0085068319999664,1,15,15,0
A_N1_r10,A,1,10,1.2105968020000546,1,18,18,0
A_N1_r10,A,1,10,1.4114947630000643,1,21,21,0
A_N1_r10,A,1,10,1.6123678369999652,1,24,24,0
A_N1_r10,A,1,10,1.8135846509999283,1,26,26,0
A_N1_r10,A,1,10,2.0141365740000765,1,29,29,0
A_N1_r10,A,1,10,2.2154128779998246,1,33,33,0
A_N1_r10,A,1,10,2.4164450429998396,1,36,36,0
A_N1_r10,A,1,10,2.6166490629998407,1,39,39,0
A_N1_r10,A,1,10,2.8174383870000383,1,42,42,0
A_N1_r10,A,1,10,3.0177103969999735,1,45,45,0
A_N1_r10,A,1,10,3.2188553860000866,1,48,48,0
A_N1_r10,A,1,10,3.419817463000072,1,51,51,0
A_N1_r10,A,1,10,3.6205199410001114,1,54,54,0
A_N1_r10,A,1,10,3.8211517320000894,1,57,57,0
A_N1_r10,A,1,10,4.022911339000075,1,60,60,0
A_N1_r10,A,1,10,4.223818944999948,1,62,62,0
A_N1_r10,A,1,10,4.424336248000145,1,66,66,0
A_N1_r10,A,1,10,4.624973195000166,1,69,69,0
A_N1_r10,A,1,10,4.8259273550002035,1,72,72,0
A_N1_r10,A,1,10,5.028052059999936,1,74,74,0
A_N1_r10,A,1,10,5.228797923999991,1,77,77,0
A_N1_r10,A,1,10,5.42913852699985,1,80,80,0
A_N1_r10,A,1,10,5.630158255999959,1,83,83,0
A_N1_r10,A,1,10,5.830975851999938,1,85,85,0
A_N1_r10,A,1,10,6.032653679999839,1,88,88,0
A_N1_r10,A,1,10,6.233896238999932,1,91,91,0
A_N1_r10,A,1,10,6.4346137120001,1,94,94,0
A_N1_r10,A,1,10,6.635322178000024,1,97,97,0
A_N1_r10,A,1,10,6.8363614730001245,1,100,100,0
A_N1_r10,A,1,10,7.037369793999915,1,103,103,0
A_N1_r10,A,1,10,7.238143453999783,1,106,106,0
A_N1_r10,A,1,10,7.438738218999788,1,109,109,0
A_N1_r10,A,1,10,7.639076099999784,1,112,112,0
A_N1_r10,A,1,10,7.839699105999898,1,115,115,0
A_N1_r10,A,1,10,8.0404415590001,1,119,119,0
A_N1_r10,A,1,10,8.240539259999878,1,122,122,0
A_N1_r10,A,1,10,8.44252649300006,1,125,125,0
A_N1_r10,A,1,10,8.643021451000095,1,128,128,0
A_N1_r10,A,1,10,8.843431619000057,1,131,131,0
A_N1_r10,A,1,10,9.044436877999942,1,133,133,0
A_N1_r10,A,1,10,9.244841949000147,1,137,137,0
A_N1_r10,A,1,10,9.445969287000025,1,139,139,0
A_N1_r10,A,1,10,9.64638385499984,1,143,143,0
A_N1_r10,A,1,10,9.847780008999962,1,145,145,0
A_N1_r10,A,1,10,10.048411517000204,1,148,148,0
A_N1_r10,A,1,10,10.249009631999797,1,151,151,0
A_N1_r10,A,1,10,10.449700630999814,1,154,154,0
A_N1_r10,A,1,10,10.650241740000183,1,157,157,0
A_N1_r10,A,1,10,10.851213695999832,1,160,160,0
A_N1_r10,A,1,10,11.052774092000163,1,164,164,0
A_N1_r10,A,1,10,11.253304770999875,1,167,167,0
A_N1_r10,A,1,10,11.454487186999813,1,170,170,0
A_N1_r10,A,1,10,11.654815836000125,1,173,173,0
A_N1_r10,A,1,10,11.85597634099986,1,176,176,0
A_N1_r10,A,1,10,12.058176610999908,1,180,180,0
A_N1_r10,A,1,10,12.25854094899978,1,183,183,0
A_N1_r10,A,1,10,12.459679202000189,1,185,185,0
A_N1_r10,A,1,10,12.660359754000183,1,189,189,0
A_N1_r10,A,1,10,12.860711110000011,1,192,192,0
A_N1_r10,A,1,10,13.060942578999857,1,195,195,0
A_N1_r10,A,1,10,13.261693303999891,1,199,199,0
A_N1_r10,A,1,10,13.4625845139999,1,202,202,0
A_N1_r10,A,1,10,13.663574309000069,1,205,205,0
A_N1_r10,A,1,10,13.864464609000152,1,208,208,0
A_N1_r10,A,1,10,14.065220235000197,1,211,211,0
A_N1_r10,A,1,10,14.26549229200009,1,214,214,0
A_N1_r10,A,1,10,14.46590997200019,1,218,218,0
A_N1_r10,A,1,10,14.666864641999837,1,220,220,0
A_N1_r10,A,1,10,14.868001838000055,1,223,223,0
A_N1_r10,A,1,10,15.069188145000226,1,226,226,0
A_N1_r10,A,1,10,15.269439352000063,1,229,229,0
A_N1_r10,A,1,10,15.469813562000127,1,231,231,0
A_N1_r10,A,1,10,15.670681188999879,1,235,235,0
A_N1_r10,A,1,10,15.87098670200021,1,237,237,0
A_N1_r10,A,1,10,16.07132906200013,1,241,241,0
A_N1_r10,A,1,10,16.27194732099997,1,244,244,0
A_N1_r10,A,1,10,16.472762089999833,1,247,247,0
A_N1_r10,A,1,10,16.673115000000053,1,250,250,0
A_N1_r10,A,1,10,16.874133996000182,1,253,253,0
A_N1_r10,A,1,10,17.07488267100007,1,256,256,0
A_N1_r10,A,1,10,17.275312817000213,1,259,259,0
A_N1_r10,A,1,10,17.47565582900006,1,262,262,0
A_N1_r10,A,1,10,17.67683906100001,1,265,265,0
A_N1_r10,A,1,10,17.877247389999866,1,268,268,0
A_N1_r10,A,1,10,18.078902038999786,1,271,271,0
A_N1_r10,A,1,10,18.2798272670002,1,273,273,0
A_N1_r10,A,1,10,18.480252714000017,1,276,276,0
A_N1_r10,A,1,10,18.680679113000224,1,279,279,0
A_N1_r10,A,1,10,18.881472527999904,1,282,282,0
A_N1_r10,A,1,10,19.082740280000053,1,285,285,0
A_N1_r10,A,1,10,19.283437749999848,1,288,288,0
A_N1_r10,A,1,10,19.48479706399985,1,291,291,0
A_N1_r10,A,1,10,19.685325424999974,1,294,294,0
A_N1_r10,A,1,10,19.88710378299993,1,297,297,0
A_N1_r10,A,1,10,20.08755483899995,1,300,300,0
A_N1_r10,A,1,10,20.28817155700017,1,303,303,0
A_N1_r10,A,1,10,20.489294556999994,1,306,306,0
A_N1_r10,A,1,10,20.68998418199999,1,309,309,0
A_N1_r10,A,1,10,20.890735379000034,1,312,312,0
A_N1_r10,A,1,10,21.09102834799978,1,315,315,0
A_N1_r10,A,1,10,21.291874547000134,1,318,318,0
A_N1_r10,A,1,10,21.49281340100015,1,321,321,0
A_N1_r10,A,1,10,21.69345838299978,1,324,324,0
A_N1_r10,A,1,10,21.894524160999936,1,327,327,0
A_N1_r10,A,1,10,22.09539068999993,1,330,330,0
A_N1_r10,A,1,10,22.297300019999966,1,333,333,0
A_N1_r10,A,1,10,22.49829719399986,1,336,336,0
A_N1_r10,A,1,10,22.69945129300004,1,338,338,0
A_N1_r10,A,1,10,22.899789043000055,1,341,341,0
A_N1_r10,A,1,10,23.100742384000114,1,344,344,0
A_N1_r10,A,1,10,23.30112079399987,1,347,347,0
A_N1_r10,A,1,10,23.501744305000102,1,350,350,0
A_N1_r10,A,1,10,23.70235495099996,1,353,353,0
A_N1_r10,A,1,10,23.903187873000206,1,357,357,0
A_N1_r10,A,1,10,24.10378393200017,1,360,360,0
A_N1_r10,A,1,10,24.30421159300022,1,363,363,0
A_N1_r10,A,1,10,24.505191895999815,1,366,366,0
A_N1_r10,A,1,10,24.70590726899991,1,369,369,0
A_N1_r10,A,1,10,24.90707314800011,1,372,372,0
A_N1_r10,A,1,10,25.10751058799997,1,375,375,0
A_N1_r10,A,1,10,25.308140188999914,1,378,378,0
A_N1_r10,A,1,10,25.510307505000128,1,382,382,0
A_N1_r10,A,1,10,25.71154524099984,1,385,385,0
A_N1_r10,A,1,10,25.91271123100023,1,388,388,0
A_N1_r10,A,1,10,26.113327847000164,1,391,391,0
A_N1_r10,A,1,10,26.314515267999923,1,394,394,0
A_N1_r10,A,1,10,26.51561616700019,1,397,397,0
A_N1_r10,A,1,10,26.71592839999994,1,400,400,0
A_N1_r10,A,1,10,26.917083410000032,1,403,403,0
A_N1_r10,A,1,10,27.117835690999982,1,406,406,0
A_N1_r10,A,1,10,27.318805431999863,1,409,409,0
A_N1_r10,A,1,10,27.51951542400002,1,412,412,0
A_N1_r10,A,1,10,27.719971576999797,1,416,416,0
A_N1_r10,A,1,10,27.921284123000078,1,419,419,0
A_N1_r10,A,1,10,28.122059226000147,1,422,422,0
A_N1_r10,A,1,10,28.32321339400005,1,425,425,0
A_N1_r10,A,1,10,28.525841266000043,1,429,429,0
A_N1_r10,A,1,10,28.72654781099982,1,432,432,0
A_N1_r10,A,1,10,28.92746110500002,1,434,434,0
A_N1_r10,A,1,10,29.129191466000066,1,438,438,0
A_N1_r10,A,1,10,29.330034377000175,1,440,440,0
A_N1_r10,A,1,10,29.530295832999855,1,443,443,0
A_N1_r10,A,1,10,29.73090083599982,1,446,446,0
A_N1_r10,A,1,10,29.93155176600021,1,449,449,0
A_N1_r10,A,1,10,30.13268600399988,1,452,452,0
A_N1_r10,A,1,10,30.333135744000174,1,455,455,0
A_N1_r10,A,1,10,30.533567078000033,1,457,457,0
A_N1_r10,A,1,10,30.73404091300017,1,461,461,0
A_N1_r10,A,1,10,30.935607426999923,1,463,463,0
A_N1_r10,A,1,10,31.137873705999937,1,467,467,0
A_N1_r10,A,1,10,31.338759715999913,1,469,469,0
A_N1_r10,A,1,10,31.540228252999896,1,473,473,0
A_N1_r10,A,1,10,31.740543036999952,1,475,475,0
A_N1_r10,A,1,10,31.94098100600013,1,479,479,0
A_N1_r10,A,1,10,32.142704371000036,1,482,482,0
A_N1_r10,A,1,10,32.343196718999934,1,485,485,0
A_N1_r10,A,1,10,32.54395746199998,1,488,488,0
A_N1_r10,A,1,10,32.74486901799992,1,491,491,0
A_N1_r10,A,1,10,32.94574955999997,1,493,493,0
A_N1_r10,A,1,10,33.147814086999915,1,496,496,0
A_N1_r10,A,1,10,33.348701396999786,1,499,499,0
A_N1_r10,A,1,10,33.54998447200023,1,502,502,0
A_N1_r10,A,1,10,33.751198408000164,1,505,505,0
A_N1_r10,A,1,10,33.95225561999996,1,508,508,0
A_N1_r10,A,1,10,34.1530633389998,1,511,511,0
A_N1_r10,A,1,10,34.354132820999894,1,514,514,0
A_N1_r10,A,1,10,34.55506373199978,1,517,517,0
A_N1_r10,A,1,10,34.755793122999876,1,520,520,0
A_N1_r10,A,1,10,34.9567010249998,1,522,522,0
A_N1_r10,A,1,10,35.15748424599997,1,525,525,0
A_N1_r10,A,1,10,35.35824925299994,1,528,528,0
A_N1_r10,A,1,10,35.55851100200016,1,531,531,0
A_N1_r10,A,1,10,35.759038862000125,1,534,534,0
A_N1_r10,A,1,10,35.96130948000018,1,538,538,0
A_N1_r10,A,1,10,36.162285322000116,1,540,540,0
A_N1_r10,A,1,10,36.36315745899992,1,543,543,0
A_N1_r10,A,1,10,36.563895883999976,1,546,546,0
A_N1_r10,A,1,10,36.764327542000046,1,550,550,0
A_N1_r10,A,1,10,36.964771908999865,1,553,553,0
A_N1_r10,A,1,10,37.165856964999875,1,556,556,0
A_N1_r10,A,1,10,37.36693117100003,1,559,559,0
A_N1_r10,A,1,10,37.567863390000184,1,562,562,0
A_N1_r10,A,1,10,37.76917742800015,1,565,565,0
A_N1_r10,A,1,10,37.96995009200009,1,568,568,0
A_N1_r10,A,1,10,38.17093705200023,1,571,571,0
A_N1_r10,A,1,10,38.371353005999936,1,574,574,0
A_N1_r10,A,1,10,38.57269181899983,1,576,576,0
A_N1_r10,A,1,10,38.77359362900006,1,580,580,0
A_N1_r10,A,1,10,38.974244911999904,1,583,583,0
A_N1_r10,A,1,10,39.17459045199985,1,586,586,0
A_N1_r10,A,1,10,39.376088872999844,1,589,589,0
A_N1_r10,A,1,10,39.57694026599984,1,592,592,0
A_N1_r10,A,1,10,39.77772890999995,1,595,595,0
A_N1_r10,A,1,10,39.97805908800001,1,598,598,0
A_N1_r10,A,1,10,40.17854427800012,1,601,601,0
A_N1_r10,A,1,10,40.379490868000175,1,604,604,0
A_N1_r10,A,1,10,40.580572201999985,1,607,607,0
A_N1_r10,A,1,10,40.78131442699987,1,610,610,0
A_N1_r10,A,1,10,40.9823482490001,1,613,613,0
A_N1_r10,A,1,10,41.183289607000006,1,616,616,0
A_N1_r10,A,1,10,41.38393138099991,1,619,619,0
A_N1_r10,A,1,10,41.584546845000204,1,622,622,0
A_N1_r10,A,1,10,41.78533937200018,1,625,625,0
A_N1_r10,A,1,10,41.9857370740001,1,628,628,0
A_N1_r10,A,1,10,42.18671322499995,1,631,631,0
A_N1_r10,A,1,10,42.38780205900002,1,634,634,0
A_N1_r10,A,1,10,42.5885531859999,1,637,637,0
A_N1_r10,A,1,10,42.78956485500021,1,640,640,0
A_N1_r10,A,1,10,42.990603442000065,1,643,643,0
A_N1_r10,A,1,10,43.191769038000075,1,646,646,0
A_N1_r10,A,1,10,43.39379833300018,1,649,649,0
A_N1_r10,A,1,10,43.59432908200006,1,652,652,0
A_N1_r10,A,1,10,43.79478262800012,1,655,655,0
A_N1_r10,A,1,10,43.99509183700002,1,657,657,0
A_N1_r10,A,1,10,44.196123587999864,1,660,660,0
A_N1_r10,A,1,10,44.396637915000156,1,663,663,0
A_N1_r10,A,1,10,44.59701382999992,1,666,666,0
A_N1_r10,A,1,10,44.79737971800023,1,669,669,0
A_N1_r10,A,1,10,44.998097273999974,1,672,672,0
A_N1_r10,A,1,10,45.19834334300003,1,675,675,0
A_N1_r10,A,1,10,45.398929381000016,1,678,678,0
A_N1_r10,A,1,10,45.59992494200014,1,681,681,0
A_N1_r10,A,1,10,45.80025627299983,1,684,684,0
A_N1_r10,A,1,10,46.000522456,1,687,687,0
A_N1_r10,A,1,10,46.20156521299987,1,690,690,0
A_N1_r10,A,1,10,46.401966079999966,1,693,693,0
A_N1_r10,A,1,10,46.60231673299995,1,696,696,0
A_N1_r10,A,1,10,46.803617208000105,1,699,699,0
A_N1_r10,A,1,10,47.004890617,1,702,702,0
A_N1_r10,A,1,10,47.20539348400007,1,705,705,0
A_N1_r10,A,1,10,47.40754385699984,1,708,708,0
A_N1_r10,A,1,10,47.60814042999982,1,711,711,0
A_N1_r10,A,1,10,47.80930371400018,1,714,714,0
A_N1_r10,A,1,10,48.010411678999844,1,716,716,0
A_N1_r10,A,1,10,48.212599689999934,1,719,719,0
A_N1_r10,A,1,10,48.414610335999896,1,722,722,0
A_N1_r10,A,1,10,48.61529200699988,1,726,726,0
A_N1_r10,A,1,10,48.81644087299992,1,728,728,0
A_N1_r10,A,1,10,49.01682665199996,1,731,731,0
A_N1_r10,A,1,10,49.21753571199997,1,734,734,0
A_N1_r10,A,1,10,49.4186036279998,1,737,737,0
A_N1_r10,A,1,10,49.619119283000146,1,740,740,0
A_N1_r10,A,1,10,49.81968859300014,1,743,743,0
A_N1_r10,A,1,10,50.022118554999906,1,746,746,0
A_N1_r10,A,1,10,50.222539977999986,1,749,749,0
A_N1_r10,A,1,10,50.42292433200009,1,752,752,0
A_N1_r10,A,1,10,50.62348261399984,1,755,755,0
A_N1_r10,A,1,10,50.82368174400017,1,759,759,0
A_N1_r10,A,1,10,51.02425662399992,1,761,761,0
A_N1_r10,A,1,10,51.225047771999925,1,764,764,0
A_N1_r10,A,1,10,51.425382077999984,1,767,767,0
A_N1_r10,A,1,10,51.62562215700018,1,769,769,0
A_N1_r10,A,1,10,51.82617701500021,1,773,773,0
A_N1_r10,A,1,10,52.02710594000018,1,775,775,0
A_N1_r10,A,1,10,52.22782021900002,1,778,778,0
A_N1_r10,A,1,10,52.42864598899996,1,781,781,0
A_N1_r10,A,1,10,52.630056201000116,1,784,784,0
A_N1_r10,A,1,10,52.83057476800013,1,787,787,0
A_N1_r10,A,1,10,53.03177167500007,1,791,791,0
A_N1_r10,A,1,10,53.23234100699983,1,794,794,0
A_N1_r10,A,1,10,53.432920359000036,1,798,798,0
A_N1_r10,A,1,10,53.63320462399997,1,801,801,0
A_N1_r10,A,1,10,53.83426131199985,1,804,804,0
A_N1_r10,A,1,10,54.03549283099983,1,806,806,0
A_N1_r10,A,1,10,54.23729338200019,1,809,809,0
A_N1_r10,A,1,10,54.43823133700016,1,812,812,0
A_N1_r10,A,1,10,54.63896408399978,1,816,816,0
A_N1_r10,A,1,10,54.83967041899996,1,819,819,0
A_N1_r10,A,1,10,55.04013447699981,1,822,822,0
A_N1_r10,A,1,10,55.24109368800009,1,825,825,0
A_N1_r10,A,1,10,55.44209866500023,1,828,828,0
A_N1_r10,A,1,10,55.64287526199996,1,831,831,0
A_N1_r10,A,1,10,55.84335528700012,1,834,834,0
A_N1_r10,A,1,10,56.044080483000016,1,837,837,0
A_N1_r10,A,1,10,56.24455957500004,1,840,840,0
A_N1_r10,A,1,10,56.444918418999805,1,844,844,0
A_N1_r10,A,1,10,56.647147972999846,1,846,846,0
A_N1_r10,A,1,10,56.847776074000194,1,850,850,0
A_N1_r10,A,1,10,57.04818651300002,1,853,853,0
A_N1_r10,A,1,10,57.24901801499982,1,856,856,0
A_N1_r10,A,1,10,57.449616359000174,1,859,859,0
A_N1_r10,A,1,10,57.65028914100003,1,863,863,0
A_N1_r10,A,1,10,57.850950852000096,1,865,865,0
A_N1_r10,A,1,10,58.05262046200005,1,869,869,0
A_N1_r10,A,1,10,58.255738073999964,1,872,872,0
A_N1_r10,A,1,10,58.456310223999935,1,875,875,0
A_N1_r10,A,1,10,58.65678387800017,1,878,878,0
A_N1_r10,A,1,10,58.858248210000056,1,881,881,0
A_N1_r10,A,1,10,59.059177438999996,1,884,884,0
A_N1_r10,A,1,10,59.26024114199981,1,887,887,0
A_N1_r10,A,1,10,59.46150539400014,1,889,889,0
A_N1_r10,A,1,10,59.66254443900016,1,892,892,0
A_N1_r10,A,1,10,59.863321282000015,1,895,895,0
A_N1_r10,A,1,10,60.06439633199989,0,898,898,0
A_N2_r1,A,2,1,0.005304138999690622,0,0,0,0
A_N2_r1,A,2,1,0.20610499099984736,2,4,4,0
A_N2_r1,A,2,1,0.4063875469996674,2,11,11,0
A_N2_r1,A,2,1,0.6068274679996648,2,18,18,0
A_N2_r1,A,2,1,0.8075909869999123,2,24,24,0
A_N2_r1,A,2,1,1.0082954439999412,2,30,30,0
A_N2_r1,A,2,1,1.2086666019999939,2,36,36,0
A_N2_r1,A,2,1,1.4092862089996743,2,41,41,0
A_N2_r1,A,2,1,1.6096959189999325,2,48,48,0
A_N2_r1,A,2,1,1.8105189160000918,2,55,55,0
A_N2_r1,A,2,1,2.010828412999672,2,62,62,0
A_N2_r1,A,2,1,2.211324282000078,2,69,69,0
A_N2_r1,A,2,1,2.4125245989998803,2,75,75,0
A_N2_r1,A,2,1,2.6130650229997627,2,81,81,0
A_N2_r1,A,2,1,2.8134758779997355,2,85,85,0
A_N2_r1,A,2,1,3.015504655999848,2,92,92,0
A_N2_r1,A,2,1,3.2179607099997156,2,99,99,0
A_N2_r1,A,2,1,3.419050805000097,2,106,106,0
A_N2_r1,A,2,1,3.620569069999874,2,114,114,0
A_N2_r1,A,2,1,3.8214368339999965,2,122,122,0
A_N2_r1,A,2,1,4.021867479999855,2,129,129,0
A_N2_r1,A,2,1,4.222756341999684,2,137,137,0
A_N2_r1,A,2,1,4.423151762000089,2,144,144,0
A_N2_r1,A,2,1,4.623798856999656,2,148,148,0
A_N2_r1,A,2,1,4.82472664099987,2,155,155,0
A_N2_r1,A,2,1,5.026521627999955,2,162,162,0
A_N2_r1,A,2,1,5.228933018999669,2,170,170,0
A_N2_r1,A,2,1,5.429593886000021,2,177,177,0
A_N2_r1,A,2,1,5.6302265889999035,2,184,184,0
A_N2_r1,A,2,1,5.830777315999967,2,191,191,0
A_N2_r1,A,2,1,6.0321351739999045,2,196,196,0
A_N2_r1,A,2,1,6.232655840999996,2,202,202,0
A_N2_r1,A,2,1,6.434703591000016,2,208,208,0
A_N2_r1,A,2,1,6.637084290000075,2,215,215,0
A_N2_r1,A,2,1,6.838179871999728,2,222,222,0
A_N2_r1,A,2,1,7.038856207999743,2,228,228,0
A_N2_r1,A,2,1,7.246537969999736,2,231,231,0
A_N2_r1,A,2,1,7.446913477999715,2,239,239,0
A_N2_r1,A,2,1,7.647381239999959,2,247,247,0
A_N2_r1,A,2,1,7.847645980999914,2,254,254,0
A_N2_r1,A,2,1,8.049714119999862,2,262,262,0
A_N2_r1,A,2,1,8.25075763399991,2,268,268,0
A_N2_r1,A,2,1,8.452268381000067,2,276,276,0
A_N2_r1,A,2,1,8.652575534999869,2,283,283,0
A_N2_r1,A,2,1,8.852811075999853,2,291,291,0
A_N2_r1,A,2,1,9.053215998999804,2,299,299,0
A_N2_r1,A,2,1,9.25392624999995,2,308,308,0
A_N2_r1,A,2,1,9.454716680999809,2,315,315,0
A_N2_r1,A,2,1,9.656664567999997,2,322,322,0
A_N2_r1,A,2,1,9.856910433999929,2,328,328,0
A_N2_r1,A,2,1,10.057372309999664,2,336,336,0
A_N2_r1,A,2,1,10.257713708999745,2,344,344,0
A_N2_r1,A,2,1,10.45812712299994,2,351,351,0
A_N2_r1,A,2,1,10.65910804899977,2,358,358,0
A_N2_r1,A,2,1,10.861115536999932,2,366,366,0
A_N2_r1,A,2,1,11.06269496799996,2,374,374,0
A_N2_r1,A,2,1,11.263489737999862,2,382,382,0
A_N2_r1,A,2,1,11.464299585999925,2,391,391,0
A_N2_r1,A,2,1,11.665218669999831,2,398,398,0
A_N2_r1,A,2,1,11.865542182999889,2,405,405,0
A_N2_r1,A,2,1,12.066476030000103,2,411,411,0
A_N2_r1,A,2,1,12.267703360999803,2,417,417,0
A_N2_r1,A,2,1,12.468278730999828,2,424,424,0
A_N2_r1,A,2,1,12.669195424999998,2,431,431,0
A_N2_r1,A,2,1,12.870226859000013,2,438,438,0
A_N2_r1,A,2,1,13.07242128200005,2,445,445,0
A_N2_r1,A,2,1,13.273655721000068,2,452,452,0
A_N2_r1,A,2,1,13.474530750999747,2,460,460,0
A_N2_r1,A,2,1,13.67487204400004,2,467,467,0
A_N2_r1,A,2,1,13.875216676000036,2,474,474,0
A_N2_r1,A,2,1,14.075682518999656,2,478,478,0
A_N2_r1,A,2,1,14.276342937999743,2,486,486,0
A_N2_r1,A,2,1,14.476905162000094,2,492,492,0
A_N2_r1,A,2,1,14.677922124999895,2,498,498,0
A_N2_r1,A,2,1,14.880088993999834,2,506,506,0
A_N2_r1,A,2,1,15.08110763500008,2,512,512,0
A_N2_r1,A,2,1,15.283071430999826,2,520,520,0
A_N2_r1,A,2,1,15.485125016999973,2,526,526,0
A_N2_r1,A,2,1,15.686050561999764,2,534,534,0
A_N2_r1,A,2,1,15.886905486999694,2,542,542,0
A_N2_r1,A,2,1,16.087824444000034,2,548,548,0
A_N2_r1,A,2,1,16.28867960999969,2,555,555,0
A_N2_r1,A,2,1,16.489426701999946,2,564,564,0
A_N2_r1,A,2,1,16.68966473399996,2,569,569,0
A_N2_r1,A,2,1,16.89041565799971,2,576,576,0
A_N2_r1,A,2,1,17.090840604999812,2,584,584,0
A_N2_r1,A,2,1,17.291461322000032,2,592,592,0
A_N2_r1,A,2,1,17.4921378250001,2,600,600,0
A_N2_r1,A,2,1,17.6940749219998,2,606,606,0
A_N2_r1,A,2,1,17.895707754999876,2,612,612,0
A_N2_r1,A,2,1,18.096689698999853,2,618,618,0
A_N2_r1,A,2,1,18.2984288939997,2,622,622,0
A_N2_r1,A,2,1,18.49953653500006,2,630,630,0
A_N2_r1,A,2,1,18.70073193500002,2,636,636,0
A_N2_r1,A,2,1,18.90180766000003,2,642,642,0
A_N2_r1,A,2,1,19.103441060000023,2,648,648,0
A_N2_r1,A,2,1,19.304286108999804,2,655,655,0
A_N2_r1,A,2,1,19.50580379899975,2,662,662,0
A_N2_r1,A,2,1,19.706589618999715,2,669,669,0
A_N2_r1,A,2,1,19.907500396999694,2,676,676,0
A_N2_r1,A,2,1,20.10967915099991,2,683,683,0
A_N2_r1,A,2,1,20.31081149700003,2,690,690,0
A_N2_r1,A,2,1,20.512015808999877,2,698,698,0
A_N2_r1,A,2,1,20.71358638699985,2,705,705,0
A_N2_r1,A,2,1,20.915685544000098,2,713,713,0
A_N2_r1,A,2,1,21.1166136679999,2,718,718,0
A_N2_r1,A,2,1,21.317030536999937,2,725,725,0
A_N2_r1,A,2,1,21.517921691000083,2,732,732,0
A_N2_r1,A,2,1,21.71888341299973,2,739,739,0
A_N2_r1,A,2,1,21.9191639579999,2,745,745,0
A_N2_r1,A,2,1,22.12032449499975,2,752,752,0
A_N2_r1,A,2,1,22.32073317100003,2,757,757,0
A_N2_r1,A,2,1,22.52217456900007,2,763,763,0
A_N2_r1,A,2,1,22.723315062999973,2,769,769,0
A_N2_r1,A,2,1,22.92413906799993,2,776,776,0
A_N2_r1,A,2,1,23.124776900999677,2,783,783,0
A_N2_r1,A,2,1,23.325199226999757,2,789,789,0
A_N2_r1,A,2,1,23.526284875999863,2,796,796,0
A_N2_r1,A,2,1,23.727446814999894,2,803,803,0
A_N2_r1,A,2,1,23.928383767000014,2,809,809,0
A_N2_r1,A,2,1,24.130119057999764,2,813,813,0
A_N2_r1,A,2,1,24.331380672999785,2,819,819,0
A_N2_r1,A,2,1,24.53226593699992,2,826,826,0
A_N2_r1,A,2,1,24.733259071999782,2,832,832,0
A_N2_r1,A,2,1,24.933670033,2,839,839,0
A_N2_r1,A,2,1,25.136382013000002,2,848,848,0
A_N2_r1,A,2,1,25.336574691999886,2,856,856,0
A_N2_r1,A,2,1,25.53688089499974,2,864,864,0
A_N2_r1,A,2,1,25.73745068299968,2,871,871,0
A_N2_r1,A,2,1,25.93887409099989,2,879,879,0
A_N2_r1,A,2,1,26.13944102100004,2,886,886,0
A_N2_r1,A,2,1,26.340019070999915,2,893,893,0
A_N2_r1,A,2,1,26.54138469999998,2,900,900,0
A_N2_r1,A,2,1,26.742921641000066,2,908,908,0
A_N2_r1,A,2,1,26.94384105900008,2,916,916,0
A_N2_r1,A,2,1,27.144274629999927,2,925,925,0
A_N2_r1,A,2,1,27.344683914999678,2,933,933,0
A_N2_r1,A,2,1,27.545191303999673,2,941,941,0
A_N2_r1,A,2,1,27.746530724999957,2,949,949,0
A_N2_r1,A,2,1,27.94741728500003,2,957,957,0
A_N2_r1,A,2,1,28.14823797100007,2,964,964,0
A_N2_r1,A,2,1,28.349258774999726,2,971,971,0
A_N2_r1,A,2,1,28.550349861000086,2,978,978,0
A_N2_r1,A,2,1,28.75087258099984,2,985,985,0
A_N2_r1,A,2,1,28.952024806999816,2,991,991,0
A_N2_r1,A,2,1,29.15301319199989,2,998,998,0
A_N2_r1,A,2,1,29.35344493599996,2,1005,1005,0
A_N2_r1,A,2,1,29.55550605899998,2,1011,1011,0
A_N2_r1,A,2,1,29.75689261699972,2,1019,1019,0
A_N2_r1,A,2,1,29.957380478999767,2,1025,1025,0
A_N2_r1,A,2,1,30.15838501799999,2,1033,1033,0
A_N2_r1,A,2,1,30.358908637999775,2,1039,1039,0
A_N2_r1,A,2,1,30.55963931999986,2,1047,1047,0
A_N2_r1,A,2,1,30.759954464999737,2,1054,1054,0
A_N2_r1,A,2,1,30.96076426899981,2,1062,1062,0
A_N2_r1,A,2,1,31.161802654999974,2,1069,1069,0
A_N2_r1,A,2,1,31.363056057999984,2,1077,1077,0
A_N2_r1,A,2,1,31.564926877999824,2,1084,1084,0
A_N2_r1,A,2,1,31.76568707699971,2,1091,1091,0
A_N2_r1,A,2,1,31.96620738699994,2,1097,1097,0
A_N2_r1,A,2,1,32.16643179699986,2,1105,1105,0
A_N2_r1,A,2,1,32.368066693999936,2,1111,1111,0
A_N2_r1,A,2,1,32.568657896999866,2,1119,1119,0
A_N2_r1,A,2,1,32.768923795999854,2,1125,1125,0
A_N2_r1,A,2,1,32.96969832900004,2,1132,1132,0
A_N2_r1,A,2,1,33.1700446320001,2,1140,1140,0
A_N2_r1,A,2,1,33.3710297130001,2,1147,1147,0
A_N2_r1,A,2,1,33.57216878500003,2,1154,1154,0
A_N2_r1,A,2,1,33.774067744999684,2,1161,1161,0
A_N2_r1,A,2,1,33.97433263699986,2,1169,1169,0
A_N2_r1,A,2,1,34.17577497499997,2,1176,1176,0
A_N2_r1,A,2,1,34.37611769399973,2,1183,1183,0
A_N2_r1,A,2,1,34.57694701299988,2,1191,1191,0
A_N2_r1,A,2,1,34.77741373699973,2,1197,1197,0
A_N2_r1,A,2,1,34.978465028999835,2,1204,1204,0
A_N2_r1,A,2,1,35.17875910799967,2,1212,1212,0
A_N2_r1,A,2,1,35.379166280999925,2,1218,1218,0
A_N2_r1,A,2,1,35.57986581799969,2,1226,1226,0
A_N2_r1,A,2,1,35.781606584999736,2,1233,1233,0
A_N2_r1,A,2,1,35.98217787099975,2,1240,1240,0
A_N2_r1,A,2,1,36.18311793399971,2,1248,1248,0
A_N2_r1,A,2,1,36.384171602999686,2,1255,1255,0
A_N2_r1,A,2,1,36.58470422599976,2,1263,1263,0
A_N2_r1,A,2,1,36.785631737999665,2,1270,1270,0
A_N2_r1,A,2,1,36.98602999900004,2,1277,1277,0
A_N2_r1,A,2,1,37.18706601699978,2,1283,1283,0
A_N2_r1,A,2,1,37.387803860000076,2,1291,1291,0
A_N2_r1,A,2,1,37.5888423829997,2,1298,1298,0
A_N2_r1,A,2,1,37.789461172999836,2,1306,1306,0
A_N2_r1,A,2,1,37.99013295399982,2,1313,1313,0
A_N2_r1,A,2,1,38.19065560299987,2,1321,1321,0
A_N2_r1,A,2,1,38.391465916000016,2,1327,1327,0
A_N2_r1,A,2,1,38.592515119999916,2,1333,1333,0
A_N2_r1,A,2,1,38.79324783899983,2,1339,1339,0
A_N2_r1,A,2,1,38.9951064869997,2,1346,1346,0
A_N2_r1,A,2,1,39.19598604399971,2,1353,1353,0
A_N2_r1,A,2,1,39.39764523399981,2,1360,1360,0
A_N2_r1,A,2,1,39.59983410799987,2,1368,1368,0
A_N2_r1,A,2,1,39.800079878999895,2,1375,1375,0
A_N2_r1,A,2,1,40.001897971999824,2,1383,1383,0
A_N2_r1,A,2,1,40.203575198999715,2,1390,1390,0
A_N2_r1,A,2,1,40.404187892999744,2,1397,1397,0
A_N2_r1,A,2,1,40.60450788299977,2,1405,1405,0
A_N2_r1,A,2,1,40.8053577579999,2,1411,1411,0
A_N2_r1,A,2,1,41.00651368099989,2,1419,1419,0
A_N2_r1,A,2,1,41.207540269999754,2,1426,1426,0
A_N2_r1,A,2,1,41.4085066839998,2,1433,1433,0
A_N2_r1,A,2,1,41.60895436800001,2,1440,1440,0
A_N2_r1,A,2,1,41.80938495300006,2,1446,1446,0
A_N2_r1,A,2,1,42.009797200999856,2,1454,1454,0
A_N2_r1,A,2,1,42.21027767899977,2,1461,1461,0
A_N2_r1,A,2,1,42.412761235999824,2,1469,1469,0
A_N2_r1,A,2,1,42.61312146499995,2,1475,1475,0
A_N2_r1,A,2,1,42.81405240899994,2,1482,1482,0
A_N2_r1,A,2,1,43.0151224440001,2,1489,1489,0
A_N2_r1,A,2,1,43.21548890699978,2,1495,1495,0
A_N2_r1,A,2,1,43.416030883000076,2,1501,1501,0
A_N2_r1,A,2,1,43.6163575999999,2,1508,1508,0
A_N2_r1,A,2,1,43.81725772899972,2,1515,1515,0
A_N2_r1,A,2,1,44.018970782,2,1521,1521,0
A_N2_r1,A,2,1,44.21969844999967,2,1528,1528,0
A_N2_r1,A,2,1,44.421485994999784,2,1534,1534,0
A_N2_r1,A,2,1,44.62358614999994,2,1541,1541,0
A_N2_r1,A,2,1,44.823921531999986,2,1547,1547,0
A_N2_r1,A,2,1,45.02491463499973,2,1553,1553,0
A_N2_r1,A,2,1,45.225797708999835,2,1560,1560,0
A_N2_r1,A,2,1,45.42653221299997,2,1566,1566,0
A_N2_r1,A,2,1,45.626817886000026,2,1572,1572,0
A_N2_r1,A,2,1,45.82709053100007,2,1580,1580,0
A_N2_r1,A,2,1,46.02757682599986,2,1586,1586,0
A_N2_r1,A,2,1,46.229147413999726,2,1593,1593,0
A_N2_r1,A,2,1,46.430262648999815,2,1601,1601,0
A_N2_r1,A,2,1,46.6306193989999,2,1609,1609,0
A_N2_r1,A,2,1,46.83123318199978,2,1616,1616,0
A_N2_r1,A,2,1,47.03171928799975,2,1622,1622,0
A_N2_r1,A,2,1,47.23346686199966,2,1630,1630,0
A_N2_r1,A,2,1,47.43422224699998,2,1637,1637,0
A_N2_r1,A,2,1,47.63487124199992,2,1644,1644,0
A_N2_r1,A,2,1,47.83530854299988,2,1651,1651,0
A_N2_r1,A,2,1,48.03612720000001,2,1658,1658,0
A_N2_r1,A,2,1,48.23692979599991,2,1665,1665,0
A_N2_r1,A,2,1,48.437955155000054,2,1671,1671,0
A_N2_r1,A,2,1,48.63904858199976,2,1678,1678,0
A_N2_r1,A,2,1,48.84011292099967,2,1685,1685,0
A_N2_r1,A,2,1,49.04098599200006,2,1693,1693,0
A_N2_r1,A,2,1,49.241716362999796,2,1699,1699,0
A_N2_r1,A,2,1,49.44249898399994,2,1707,1707,0
A_N2_r1,A,2,1,49.64384401799998,2,1714,1714,0
A_N2_r1,A,2,1,49.84481728699984,2,1721,1721,0
A_N2_r1,A,2,1,50.04563722900002,2,1727,1727,0
A_N2_r1,A,2,1,50.246816752000086,2,1735,1735,0
A_N2_r1,A,2,1,50.44794662100003,2,1741,1741,0
A_N2_r1,A,2,1,50.649179344000004,2,1747,1747,0
A_N2_r1,A,2,1,50.8498791359998,2,1754,1754,0
A_N2_r1,A,2,1,51.050934765999955,2,1762,1762,0
A_N2_r1,A,2,1,51.25207117899981,2,1768,1768,0
A_N2_r1,A,2,1,51.45298962800007,2,1775,1775,0
A_N2_r1,A,2,1,51.65347712199991,2,1782,1782,0
A_N2_r1,A,2,1,51.854280753999774,2,1788,1788,0
A_N2_r1,A,2,1,52.05458186599981,2,1794,1794,0
A_N2_r1,A,2,1,52.2555030919998,2,1801,1801,0
A_N2_r1,A,2,1,52.456033487999775,2,1807,1807,0
A_N2_r1,A,2,1,52.65690060199995,2,1814,1814,0
A_N2_r1,A,2,1,52.8577073309998,2,1821,1821,0
A_N2_r1,A,2,1,53.05852608399982,2,1827,1827,0
A_N2_r1,A,2,1,53.25918559599995,2,1833,1833,0
A_N2_r1,A,2,1,53.46030416599979,2,1841,1841,0
A_N2_r1,A,2,1,53.660537702000056,2,1847,1847,0
A_N2_r1,A,2,1,53.861596497999926,2,1855,1855,0
A_N2_r1,A,2,1,54.06335589399987,2,1862,1862,0
A_N2_r1,A,2,1,54.26419591800004,2,1870,1870,0
A_N2_r1,A,2,1,54.46475761500005,2,1877,1877,0
A_N2_r1,A,2,1,54.665677421000055,2,1884,1884,0
A_N2_r1,A,2,1,54.86731161899979,2,1892,1892,0
A_N2_r1,A,2,1,55.0684226569997,2,1899,1899,0
A_N2_r1,A,2,1,55.26917793199982,2,1906,1906,0
A_N2_r1,A,2,1,55.47052827399966,2,1914,1914,0
A_N2_r1,A,2,1,55.671007134999854,2,1920,1920,0
A_N2_r1,A,2,1,55.87180597199995,2,1928,1928,0
A_N2_r1,A,2,1,56.07227131899981,2,1935,1935,0
A_N2_r1,A,2,1,56.272767713999656,2,1942,1942,0
A_N2_r1,A,2,1,56.47380299999986,2,1949,1949,0
A_N2_r1,A,2,1,56.67497286099979,2,1956,1956,0
A_N2_r1,A,2,1,56.875631814999906,2,1962,1962,0
A_N2_r1,A,2,1,57.076069610000104,2,1969,1969,0
A_N2_r1,A,2,1,57.27774323499989,2,1977,1977,0
A_N2_r1,A,2,1,57.47994721499981,2,1985,1985,0
A_N2_r1,A,2,1,57.680854929999896,2,1992,1992,0
A_N2_r1,A,2,1,57.88113944599991,2,1999,1999,0
A_N2_r1,A,2,1,58.082090723999954,2,2007,2007,0
A_N2_r1,A,2,1,58.282947602999684,2,2014,2014,0
A_N2_r1,A,2,1,58.4839615410001,2,2022,2022,0
A_N2_r1,A,2,1,58.6848551600001,2,2030,2030,0
A_N2_r1,A,2,1,58.88582186699978,2,2038,2038,0
A_N2_r1,A,2,1,59.0862335439997,2,2046,2046,0
A_N2_r1,A,2,1,59.28657320399998,2,2054,2054,0
A_N2_r1,A,2,1,59.48740562900002,2,2062,2062,0
A_N2_r1,A,2,1,59.68815599799973,2,2070,2070,0
A_N2_r1,A,2,1,59.889224339000066,2,2078,2078,0
A_N2_r1,A,2,1,60.09021094499985,0,2085,2085,0
A_N2_r2,A,2,2,0.005655560999912268,0,0,0,0
A_N2_r2,A,2,2,0.20645623500013244,2,6,6,0
A_N2_r2,A,2,2,0.4079915100001017,2,13,13,0
A_N2_r2,A,2,2,0.6089009000002079,2,21,21,0
A_N2_r2,A,2,2,0.809795953000048,2,29,29,0
A_N2_r2,A,2,2,1.0102938539998831,2,37,37,0
A_N2_r2,A,2,2,1.2114810200000647,2,44,44,0
A_N2_r2,A,2,2,1.4119561379998231,2,52,52,0
A_N2_r2,A,2,2,1.6130150230001163,2,60,60,0
A_N2_r2,A,2,2,1.8133158199998434,2,67,67,0
A_N2_r2,A,2,2,2.014069015000132,2,75,75,0
A_N2_r2,A,2,2,2.2149428789998638,2,83,83,0
A_N2_r2,A,2,2,2.4152648459999,2,90,90,0
A_N2_r2,A,2,2,2.6159207480000077,2,98,98,0
A_N2_r2,A,2,2,2.816172874000131,2,105,105,0
A_N2_r2,A,2,2,3.017164791000141,2,112,112,0
A_N2_r2,A,2,2,3.2178515499999776,2,120,120,0
A_N2_r2,A,2,2,3.41910017400005,2,127,127,0
A_N2_r2,A,2,2,3.62051800800009,2,134,134,0
A_N2_r2,A,2,2,3.8210429010000553,2,142,142,0
A_N2_r2,A,2,2,4.022171047000029,2,148,148,0
A_N2_r2,A,2,2,4.222936143999959,2,155,155,0
A_N2_r2,A,2,2,4.423843992000002,2,162,162,0
A_N2_r2,A,2,2,4.624398312999801,2,170,170,0
A_N2_r2,A,2,2,4.825098568000158,2,177,177,0
A_N2_r2,A,2,2,5.025402352000128,2,184,184,0
A_N2_r2,A,2,2,5.22647634499981,2,191,191,0
A_N2_r2,A,2,2,5.4280937970002014,2,198,198,0
A_N2_r2,A,2,2,5.6285828830000355,2,206,206,0
A_N2_r2,A,2,2,5.828901325000061,2,212,212,0
A_N2_r2,A,2,2,6.029600267000205,2,220,220,0
A_N2_r2,A,2,2,6.230350646999796,2,226,226,0
A_N2_r2,A,2,2,6.432303174000026,2,234,234,0
A_N2_r2,A,2,2,6.633943994000219,2,241,241,0
A_N2_r2,A,2,2,6.83426536099978,2,247,247,0
A_N2_r2,A,2,2,7.0345323649999045,2,254,254,0
A_N2_r2,A,2,2,7.235484106000058,2,261,261,0
A_N2_r2,A,2,2,7.4359073259997785,2,268,268,0
A_N2_r2,A,2,2,7.636409618000016,2,275,275,0
A_N2_r2,A,2,2,7.836881369999901,2,282,282,0
A_N2_r2,A,2,2,8.0379451230001,2,289,289,0
A_N2_r2,A,2,2,8.238609069000177,2,296,296,0
A_N2_r2,A,2,2,8.439823927999896,2,302,302,0
A_N2_r2,A,2,2,8.640857677999975,2,310,310,0
A_N2_r2,A,2,2,8.841886284999873,2,316,316,0
A_N2_r2,A,2,2,9.042830060000142,2,322,322,0
A_N2_r2,A,2,2,9.243799774999843,2,330,330,0
A_N2_r2,A,2,2,9.444322723999903,2,336,336,0
A_N2_r2,A,2,2,9.645331405999968,2,344,344,0
A_N2_r2,A,2,2,9.846327822000148,2,350,350,0
A_N2_r2,A,2,2,10.046983962000013,2,358,358,0
A_N2_r2,A,2,2,10.24815401700016,2,364,364,0
A_N2_r2,A,2,2,10.448481042999902,2,370,370,0
A_N2_r2,A,2,2,10.649551843000154,2,378,378,0
A_N2_r2,A,2,2,10.849876956000116,2,386,386,0
A_N2_r2,A,2,2,11.050278443000025,2,393,393,0
A_N2_r2,A,2,2,11.250715106999905,2,400,400,0
A_N2_r2,A,2,2,11.453115483000147,2,408,408,0
A_N2_r2,A,2,2,11.654657906000011,2,416,416,0
A_N2_r2,A,2,2,11.855192936000094,2,423,423,0
A_N2_r2,A,2,2,12.055582331000096,2,431,431,0
A_N2_r2,A,2,2,12.255966215000171,2,438,438,0
A_N2_r2,A,2,2,12.457101542000146,2,446,446,0
A_N2_r2,A,2,2,12.657407352000064,2,455,455,0
A_N2_r2,A,2,2,12.859292089000064,2,463,463,0
A_N2_r2,A,2,2,13.060591277000185,2,469,469,0
A_N2_r2,A,2,2,13.262139927000135,2,478,478,0
A_N2_r2,A,2,2,13.46238212199978,2,485,485,0
A_N2_r2,A,2,2,13.664019055000153,2,492,492,0
A_N2_r2,A,2,2,13.865221028000178,2,499,499,0
A_N2_r2,A,2,2,14.065473611000016,2,507,507,0
A_N2_r2,A,2,2,14.267206299000009,2,514,514,0
A_N2_r2,A,2,2,14.467581034999967,2,521,521,0
A_N2_r2,A,2,2,14.668891929999972,2,528,528,0
A_N2_r2,A,2,2,14.870058925000194,2,535,535,0
A_N2_r2,A,2,2,15.072160783000072,2,541,541,0
A_N2_r2,A,2,2,15.27272958499998,2,548,548,0
A_N2_r2,A,2,2,15.473755493000226,2,555,555,0
A_N2_r2,A,2,2,15.675191164999887,2,562,562,0
A_N2_r2,A,2,2,15.876619896000193,2,568,568,0
A_N2_r2,A,2,2,16.077289829000165,2,575,575,0
A_N2_r2,A,2,2,16.278610656000183,2,581,581,0
A_N2_r2,A,2,2,16.48146716300016,2,588,588,0
A_N2_r2,A,2,2,16.681782852000197,2,594,594,0
A_N2_r2,A,2,2,16.882350118999966,2,602,602,0
A_N2_r2,A,2,2,17.083386436000183,2,609,609,0
A_N2_r2,A,2,2,17.283585064999897,2,616,616,0
A_N2_r2,A,2,2,17.48426219000021,2,623,623,0
A_N2_r2,A,2,2,17.684962397000163,2,630,630,0
A_N2_r2,A,2,2,17.885241877000226,2,637,637,0
A_N2_r2,A,2,2,18.087296111999876,2,644,644,0
A_N2_r2,A,2,2,18.287628694999967,2,651,651,0
A_N2_r2,A,2,2,18.487891003000186,2,658,658,0
A_N2_r2,A,2,2,18.68880034499989,2,664,664,0
A_N2_r2,A,2,2,18.889341060999868,2,672,672,0
A_N2_r2,A,2,2,19.09045815799982,2,680,680,0
A_N2_r2,A,2,2,19.29151777700008,2,688,688,0
A_N2_r2,A,2,2,19.492409037000016,2,695,695,0
A_N2_r2,A,2,2,19.692956663000132,2,704,704,0
A_N2_r2,A,2,2,19.89447509999991,2,711,711,0
A_N2_r2,A,2,2,20.0964665649999,2,719,719,0
A_N2_r2,A,2,2,20.297186497999974,2,727,727,0
A_N2_r2,A,2,2,20.498296200999903,2,735,735,0
A_N2_r2,A,2,2,20.698825040999964,2,743,743,0
A_N2_r2,A,2,2,20.899478156999976,2,751,751,0
A_N2_r2,A,2,2,21.10111265400019,2,759,759,0
A_N2_r2,A,2,2,21.301903461000165,2,768,768,0
A_N2_r2,A,2,2,21.502834323000116,2,774,774,0
A_N2_r2,A,2,2,21.703154406000067,2,782,782,0
A_N2_r2,A,2,2,21.903635574999953,2,790,790,0
A_N2_r2,A,2,2,22.104825376999997,2,798,798,0
A_N2_r2,A,2,2,22.305612637000195,2,804,804,0
A_N2_r2,A,2,2,22.50656063999986,2,810,810,0
A_N2_r2,A,2,2,22.706918593999944,2,818,818,0
A_N2_r2,A,2,2,22.907407024999884,2,826,826,0
A_N2_r2,A,2,2,23.10824108199995,2,835,835,0
A_N2_r2,A,2,2,23.308689678000064,2,842,842,0
A_N2_r2,A,2,2,23.50960452800018,2,851,851,0
A_N2_r2,A,2,2,23.71267058500007,2,859,859,0
A_N2_r2,A,2,2,23.91288099800022,2,867,867,0
A_N2_r2,A,2,2,24.113869616000102,2,873,873,0
A_N2_r2,A,2,2,24.31410316199981,2,882,882,0
A_N2_r2,A,2,2,24.514742037999895,2,889,889,0
A_N2_r2,A,2,2,24.71543511500022,2,897,897,0
A_N2_r2,A,2,2,24.916479787999833,2,905,905,0
A_N2_r2,A,2,2,25.11728039799982,2,913,913,0
A_N2_r2,A,2,2,25.31800339199981,2,921,921,0
A_N2_r2,A,2,2,25.518255010999837,2,929,929,0
A_N2_r2,A,2,2,25.719343926999954,2,937,937,0
A_N2_r2,A,2,2,25.919825400999798,2,944,944,0
A_N2_r2,A,2,2,26.120291234999968,2,951,951,0
A_N2_r2,A,2,2,26.321573115999854,2,958,958,0
A_N2_r2,A,2,2,26.52187417899995,2,965,965,0
A_N2_r2,A,2,2,26.722635812000135,2,971,971,0
A_N2_r2,A,2,2,26.924846824999804,2,979,979,0
A_N2_r2,A,2,2,27.125311535000037,2,985,985,0
A_N2_r2,A,2,2,27.327024160999827,2,993,993,0
A_N2_r2,A,2,2,27.529618952999954,2,1001,1001,0
A_N2_r2,A,2,2,27.73020008200001,2,1008,1008,0
A_N2_r2,A,2,2,27.933283027000016,2,1016,1016,0
A_N2_r2,A,2,2,28.133928818000186,2,1023,1023,0
A_N2_r2,A,2,2,28.335331536000012,2,1031,1031,0
A_N2_r2,A,2,2,28.53615716200011,2,1039,1039,0
A_N2_r2,A,2,2,28.736626027000057,2,1047,1047,0
A_N2_r2,A,2,2,28.937876092999886,2,1054,1054,0
A_N2_r2,A,2,2,29.138980833999995,2,1061,1061,0
A_N2_r2,A,2,2,29.339445870999953,2,1069,1069,0
A_N2_r2,A,2,2,29.540001233000112,2,1076,1076,0
A_N2_r2,A,2,2,29.741450174999954,2,1083,1083,0
A_N2_r2,A,2,2,29.942551586999798,2,1091,1091,0
A_N2_r2,A,2,2,30.14370883599986,2,1098,1098,0
A_N2_r2,A,2,2,30.34413374499991,2,1106,1106,0
A_N2_r2,A,2,2,30.544957664999856,2,1113,1113,0
A_N2_r2,A,2,2,30.74635398500004,2,1121,1121,0
A_N2_r2,A,2,2,30.947068542000125,2,1129,1129,0
A_N2_r2,A,2,2,31.147866437000175,2,1136,1136,0
A_N2_r2,A,2,2,31.348593146999974,2,1144,1144,0
A_N2_r2,A,2,2,31.54911161600012,2,1150,1150,0
A_N2_r2,A,2,2,31.751259669999854,2,1157,1157,0
A_N2_r2,A,2,2,31.95206759199982,2,1164,1164,0
A_N2_r2,A,2,2,32.1532467080001,2,1172,1172,0
A_N2_r2,A,2,2,32.35449669899981,2,1180,1180,0
A_N2_r2,A,2,2,32.55494294900018,2,1188,1188,0
A_N2_r2,A,2,2,32.755843465,2,1196,1196,0
A_N2_r2,A,2,2,32.95666836700002,2,1204,1204,0
A_N2_r2,A,2,2,33.157141953000064,2,1213,1213,0
A_N2_r2,A,2,2,33.35775734800018,2,1221,1221,0
A_N2_r2,A,2,2,33.55925312799991,2,1229,1229,0
A_N2_r2,A,2,2,33.75981465799987,2,1238,1238,0
A_N2_r2,A,2,2,33.96132340599979,2,1246,1246,0
A_N2_r2,A,2,2,34.16243182400012,2,1255,1255,0
A_N2_r2,A,2,2,34.36364365899999,2,1264,1264,0
A_N2_r2,A,2,2,34.56459271899985,2,1272,1272,0
A_N2_r2,A,2,2,34.76570579400004,2,1278,1278,0
A_N2_r2,A,2,2,34.966720802000054,2,1287,1287,0
A_N2_r2,A,2,2,35.168432692999886,2,1296,1296,0
A_N2_r2,A,2,2,35.36900041299987,2,1304,1304,0
A_N2_r2,A,2,2,35.57075656400002,2,1312,1312,0
A_N2_r2,A,2,2,35.771138559000065,2,1320,1320,0
A_N2_r2,A,2,2,35.97184892799987,2,1329,1329,0
A_N2_r2,A,2,2,36.17273996999984,2,1337,1337,0
A_N2_r2,A,2,2,36.37307121799995,2,1346,1346,0
A_N2_r2,A,2,2,36.573438632000034,2,1354,1354,0
A_N2_r2,A,2,2,36.77465888500001,2,1362,1362,0
A_N2_r2,A,2,2,36.97667357699993,2,1370,1370,0
A_N2_r2,A,2,2,37.17727352300017,2,1377,1377,0
A_N2_r2,A,2,2,37.37849119200018,2,1385,1385,0
A_N2_r2,A,2,2,37.579129789000035,2,1392,1392,0
A_N2_r2,A,2,2,37.77991110699986,2,1400,1400,0
A_N2_r2,A,2,2,37.98078934000023,2,1408,1408,0
A_N2_r2,A,2,2,38.181347123999785,2,1417,1417,0
A_N2_r2,A,2,2,38.38262633800014,2,1425,1425,0
A_N2_r2,A,2,2,38.5833512549998,2,1432,1432,0
A_N2_r2,A,2,2,38.78437096300013,2,1440,1440,0
A_N2_r2,A,2,2,38.984825209000064,2,1446,1446,0
A_N2_r2,A,2,2,39.186004310000044,2,1454,1454,0
A_N2_r2,A,2,2,39.38678171899983,2,1462,1462,0
A_N2_r2,A,2,2,39.587217045000216,2,1470,1470,0
A_N2_r2,A,2,2,39.788256548999925,2,1478,1478,0
A_N2_r2,A,2,2,39.98896259899993,2,1486,1486,0
A_N2_r2,A,2,2,40.1893186960001,2,1492,1492,0
A_N2_r2,A,2,2,40.39059683200003,2,1501,1501,0
A_N2_r2,A,2,2,40.59176454599992,2,1509,1509,0
A_N2_r2,A,2,2,40.79294369199988,2,1517,1517,0
A_N2_r2,A,2,2,40.99370288099999,2,1525,1525,0
A_N2_r2,A,2,2,41.193937515000016,2,1532,1532,0
A_N2_r2,A,2,2,41.39431436799987,2,1541,1541,0
A_N2_r2,A,2,2,41.59507310400022,2,1548,1548,0
A_N2_r2,A,2,2,41.79573914399998,2,1556,1556,0
A_N2_r2,A,2,2,41.99766056599992,2,1564,1564,0
A_N2_r2,A,2,2,42.19834336699978,2,1572,1572,0
A_N2_r2,A,2,2,42.39900840500013,2,1580,1580,0
A_N2_r2,A,2,2,42.600535026000216,2,1588,1588,0
A_N2_r2,A,2,2,42.801119066999945,2,1595,1595,0
A_N2_r2,A,2,2,43.002425699000014,2,1603,1603,0
A_N2_r2,A,2,2,43.20334583900012,2,1611,1611,0
A_N2_r2,A,2,2,43.40417238000009,2,1618,1618,0
A_N2_r2,A,2,2,43.604810672999974,2,1626,1626,0
A_N2_r2,A,2,2,43.80537976300002,2,1634,1634,0
A_N2_r2,A,2,2,44.00641432600014,2,1641,1641,0
A_N2_r2,A,2,2,44.20868716999985,2,1649,1649,0
A_N2_r2,A,2,2,44.409443646,2,1657,1657,0
A_N2_r2,A,2,2,44.61094887099989,2,1666,1666,0
A_N2_r2,A,2,2,44.81153681400019,2,1673,1673,0
A_N2_r2,A,2,2,45.01206497400017,2,1681,1681,0
A_N2_r2,A,2,2,45.21257294499992,2,1689,1689,0
A_N2_r2,A,2,2,45.41395802099987,2,1697,1697,0
A_N2_r2,A,2,2,45.616378150999935,2,1705,1705,0
A_N2_r2,A,2,2,45.81754161400022,2,1712,1712,0
A_N2_r2,A,2,2,46.01873647599996,2,1719,1719,0
A_N2_r2,A,2,2,46.21907559400006,2,1726,1726,0
A_N2_r2,A,2,2,46.42107817899978,2,1734,1734,0
A_N2_r2,A,2,2,46.6218191490002,2,1741,1741,0
A_N2_r2,A,2,2,46.82216555800005,2,1749,1749,0
A_N2_r2,A,2,2,47.022733918000085,2,1757,1757,0
A_N2_r2,A,2,2,47.22331775600014,2,1764,1764,0
A_N2_r2,A,2,2,47.42362825700002,2,1773,1773,0
A_N2_r2,A,2,2,47.62434256400002,2,1780,1780,0
A_N2_r2,A,2,2,47.824973408999995,2,1788,1788,0
A_N2_r2,A,2,2,48.0254471369999,2,1794,1794,0
A_N2_r2,A,2,2,48.225707218000025,2,1802,1802,0
A_N2_r2,A,2,2,48.426801564000016,2,1808,1808,0
A_N2_r2,A,2,2,48.62754424100012,2,1816,1816,0
A_N2_r2,A,2,2,48.82816928300008,2,1824,1824,0
A_N2_r2,A,2,2,49.02868588799993,2,1831,1831,0
A_N2_r2,A,2,2,49.229857317000096,2,1839,1839,0
A_N2_r2,A,2,2,49.43027641700019,2,1846,1846,0
A_N2_r2,A,2,2,49.631098313000166,2,1854,1854,0
A_N2_r2,A,2,2,49.831662184999914,2,1861,1861,0
A_N2_r2,A,2,2,50.03188688299997,2,1868,1868,0
A_N2_r2,A,2,2,50.234018620999905,2,1875,1875,0
A_N2_r2,A,2,2,50.43508474700002,2,1881,1881,0
A_N2_r2,A,2,2,50.635694135999984,2,1889,1889,0
A_N2_r2,A,2,2,50.83707686900016,2,1895,1895,0
A_N2_r2,A,2,2,51.03791440799978,2,1901,1901,0
A_N2_r2,A,2,2,51.23851191999984,2,1908,1908,0
A_N2_r2,A,2,2,51.43956393600001,2,1916,1916,0
A_N2_r2,A,2,2,51.6408078569998,2,1923,1923,0
A_N2_r2,A,2,2,51.84153134600001,2,1930,1930,0
A_N2_r2,A,2,2,52.04270915699999,2,1938,1938,0
A_N2_r2,A,2,2,52.24418301000014,2,1945,1945,0
A_N2_r2,A,2,2,52.44555345700019,2,1953,1953,0
A_N2_r2,A,2,2,52.646711781999784,2,1960,1960,0
A_N2_r2,A,2,2,52.84710694400019,2,1967,1967,0
A_N2_r2,A,2,2,53.048197485999935,2,1974,1974,0
A_N2_r2,A,2,2,53.24913879499991,2,1981,1981,0
A_N2_r2,A,2,2,53.45046374100002,2,1988,1988,0
A_N2_r2,A,2,2,53.650968613999794,2,1996,1996,0
A_N2_r2,A,2,2,53.85166789899995,2,2003,2003,0
A_N2_r2,A,2,2,54.052708663999965,2,2010,2010,0
A_N2_r2,A,2,2,54.25329941300015,2,2018,2018,0
A_N2_r2,A,2,2,54.453948904999834,2,2026,2026,0
A_N2_r2,A,2,2,54.65422446699995,2,2033,2033,0
A_N2_r2,A,2,2,54.85528241100019,2,2040,2040,0
A_N2_r2,A,2,2,55.056142057000216,2,2047,2047,0
A_N2_r2,A,2,2,55.25645008599986,2,2054,2054,0
A_N2_r2,A,2,2,55.4575877809998,2,2062,2062,0
A_N2_r2,A,2,2,55.65795285100012,2,2069,2069,0
A_N2_r2,A,2,2,55.85826579600007,2,2076,2076,0
A_N2_r2,A,2,2,56.059395322,2,2083,2083,0
A_N2_r2,A,2,2,56.26119732500001,2,2091,2091,0
A_N2_r2,A,2,2,56.46146449300022,2,2098,2098,0
A_N2_r2,A,2,2,56.66194499799985,2,2106,2106,0
A_N2_r2,A,2,2,56.86244478500021,2,2113,2113,0
A_N2_r2,A,2,2,57.06338546799998,2,2120,2120,0
A_N2_r2,A,2,2,57.263768492000054,2,2128,2128,0
A_N2_r2,A,2,2,57.46493760000021,2,2135,2135,0
A_N2_r2,A,2,2,57.665595018000204,2,2143,2143,0
A_N2_r2,A,2,2,57.86641060000011,2,2149,2149,0
A_N2_r2,A,2,2,58.06800727600012,2,2157,2157,0
A_N2_r2,A,2,2,58.26903537099997,2,2164,2164,0
A_N2_r2,A,2,2,58.46956705399998,2,2170,2170,0
A_N2_r2,A,2,2,58.670160016999944,2,2177,2177,0
A_N2_r2,A,2,2,58.871034518000215,2,2184,2184,0
A_N2_r2,A,2,2,59.07150286600017,2,2191,2191,0
A_N2_r2,A,2,2,59.27227499199989,2,2198,2198,0
A_N2_r2,A,2,2,59.472873678999804,2,2205,2205,0
A_N2_r2,A,2,2,59.673237441999845,2,2211,2211,0
A_N2_r2,A,2,2,59.873812871000155,2,2217,2217,0
A_N2_r2,A,2,2,60.07467255900019,0,2223,2223,0
A_N2_r3,A,2,3,0.008450279000044247,0,0,0,0
A_N2_r3,A,2,3,0.20883341300032043,2,6,6,0
A_N2_r3,A,2,3,0.40993434500023795,2,12,12,0
A_N2_r3,A,2,3,0.6106148790004227,2,20,20,0
A_N2_r3,A,2,3,0.8112245990000702,2,28,28,0
A_N2_r3,A,2,3,1.0120825910003077,2,35,35,0
A_N2_r3,A,2,3,1.2129856569999902,2,43,43,0
A_N2_r3,A,2,3,1.4137589030001436,2,50,50,0
A_N2_r3,A,2,3,1.6149330110001756,2,57,57,0
A_N2_r3,A,2,3,1.8158203340003638,2,65,65,0
A_N2_r3,A,2,3,2.0166429939999944,2,72,72,0
A_N2_r3,A,2,3,2.2176602140002615,2,80,80,0
A_N2_r3,A,2,3,2.418478432000029,2,87,87,0
A_N2_r3,A,2,3,2.6189330189999964,2,95,95,0
A_N2_r3,A,2,3,2.8194847810000283,2,102,102,0
A_N2_r3,A,2,3,3.020481127000039,2,110,110,0
A_N2_r3,A,2,3,3.222285748000104,2,118,118,0
A_N2_r3,A,2,3,3.422660430000178,2,125,125,0
A_N2_r3,A,2,3,3.6233169260003706,2,132,132,0
A_N2_r3,A,2,3,3.8237515509999866,2,140,140,0
A_N2_r3,A,2,3,4.025240519000363,2,147,147,0
A_N2_r3,A,2,3,4.225684282000202,2,155,155,0
A_N2_r3,A,2,3,4.426555794000251,2,162,162,0
A_N2_r3,A,2,3,4.627074915000321,2,169,169,0
A_N2_r3,A,2,3,4.828151436000098,2,176,176,0
A_N2_r3,A,2,3,5.029093911000018,2,182,182,0
A_N2_r3,A,2,3,5.230663208000351,2,188,188,0
A_N2_r3,A,2,3,5.431468550000318,2,196,196,0
A_N2_r3,A,2,3,5.631780363000416,2,203,203,0
A_N2_r3,A,2,3,5.833479201000046,2,209,209,0
A_N2_r3,A,2,3,6.034282909000012,2,217,217,0
A_N2_r3,A,2,3,6.235440399000254,2,225,225,0
A_N2_r3,A,2,3,6.436244395000358,2,232,232,0
A_N2_r3,A,2,3,6.637272846000087,2,239,239,0
A_N2_r3,A,2,3,6.838157263000085,2,247,247,0
A_N2_r3,A,2,3,7.038718716000403,2,254,254,0
A_N2_r3,A,2,3,7.239816148000045,2,260,260,0
A_N2_r3,A,2,3,7.440632633000405,2,268,268,0
A_N2_r3,A,2,3,7.641285065000375,2,274,274,0
A_N2_r3,A,2,3,7.842345071000182,2,281,281,0
A_N2_r3,A,2,3,8.042695068000285,2,289,289,0
A_N2_r3,A,2,3,8.243102044000352,2,295,295,0
A_N2_r3,A,2,3,8.443948333000208,2,303,303,0
A_N2_r3,A,2,3,8.644687093000357,2,310,310,0
A_N2_r3,A,2,3,8.845530614000381,2,317,317,0
A_N2_r3,A,2,3,9.046766350000325,2,324,324,0
A_N2_r3,A,2,3,9.24813470800018,2,331,331,0
A_N2_r3,A,2,3,9.448798474000341,2,338,338,0
A_N2_r3,A,2,3,9.649030108000261,2,345,345,0
A_N2_r3,A,2,3,9.849405755000134,2,353,353,0
A_N2_r3,A,2,3,10.049724464000064,2,359,359,0
A_N2_r3,A,2,3,10.250790874000359,2,367,367,0
A_N2_r3,A,2,3,10.452788642000087,2,373,373,0
A_N2_r3,A,2,3,10.653693660000044,2,380,380,0
A_N2_r3,A,2,3,10.854818696000166,2,388,388,0
A_N2_r3,A,2,3,11.055745286000274,2,395,395,0
A_N2_r3,A,2,3,11.256342259000121,2,402,402,0
A_N2_r3,A,2,3,11.45721052700037,2,410,410,0
A_N2_r3,A,2,3,11.657665826000084,2,417,417,0
A_N2_r3,A,2,3,11.858760080000138,2,424,424,0
A_N2_r3,A,2,3,12.059214016000169,2,432,432,0
A_N2_r3,A,2,3,12.259520503000203,2,438,438,0
A_N2_r3,A,2,3,12.460499035000339,2,446,446,0
A_N2_r3,A,2,3,12.661191571000018,2,454,454,0
A_N2_r3,A,2,3,12.861585749000369,2,460,460,0
A_N2_r3,A,2,3,13.061841103999996,2,468,468,0
A_N2_r3,A,2,3,13.26278646000037,2,474,474,0
A_N2_r3,A,2,3,13.463210966000133,2,481,481,0
A_N2_r3,A,2,3,13.66432124000039,2,488,488,0
A_N2_r3,A,2,3,13.86579754100012,2,495,495,0
A_N2_r3,A,2,3,14.066301533000114,2,502,502,0
A_N2_r3,A,2,3,14.267489545999979,2,508,508,0
A_N2_r3,A,2,3,14.469036790000246,2,516,516,0
A_N2_r3,A,2,3,14.669756528000107,2,523,523,0
A_N2_r3,A,2,3,14.87061921700024,2,530,530,0
A_N2_r3,A,2,3,15.071301683999991,2,537,537,0
A_N2_r3,A,2,3,15.271975364000355,2,544,544,0
A_N2_r3,A,2,3,15.472522455000217,2,551,551,0
A_N2_r3,A,2,3,15.674516890000177,2,558,558,0
A_N2_r3,A,2,3,15.875743226000395,2,565,565,0
A_N2_r3,A,2,3,16.076346547000412,2,572,572,0
A_N2_r3,A,2,3,16.27704779500027,2,579,579,0
A_N2_r3,A,2,3,16.478176155000256,2,586,586,0
A_N2_r3,A,2,3,16.67930298700003,2,593,593,0
A_N2_r3,A,2,3,16.880364404000375,2,600,600,0
A_N2_r3,A,2,3,17.08099585400032,2,607,607,0
A_N2_r3,A,2,3,17.281739067000217,2,614,614,0
A_N2_r3,A,2,3,17.48205672200038,2,622,622,0
A_N2_r3,A,2,3,17.68270979800036,2,630,630,0
A_N2_r3,A,2,3,17.883275950000098,2,636,636,0
A_N2_r3,A,2,3,18.083568932000162,2,643,643,0
A_N2_r3,A,2,3,18.284460742000192,2,651,651,0
A_N2_r3,A,2,3,18.486051691000284,2,658,658,0
A_N2_r3,A,2,3,18.68639589600025,2,665,665,0
A_N2_r3,A,2,3,18.88744389800013,2,672,672,0
A_N2_r3,A,2,3,19.088332147000074,2,680,680,0
A_N2_r3,A,2,3,19.289468948000376,2,687,687,0
A_N2_r3,A,2,3,19.490568549000272,2,694,694,0
A_N2_r3,A,2,3,19.691432395999982,2,701,701,0
A_N2_r3,A,2,3,19.89186796900003,2,708,708,0
A_N2_r3,A,2,3,20.092925364000166,2,714,714,0
A_N2_r3,A,2,3,20.294015110000146,2,721,721,0
A_N2_r3,A,2,3,20.49503091800034,2,729,729,0
A_N2_r3,A,2,3,20.695319687000392,2,736,736,0
A_N2_r3,A,2,3,20.896277597000335,2,742,742,0
A_N2_r3,A,2,3,21.097139255000002,2,749,749,0
A_N2_r3,A,2,3,21.299267090000285,2,756,756,0
A_N2_r3,A,2,3,21.500365479000266,2,764,764,0
A_N2_r3,A,2,3,21.701043893000133,2,771,771,0
A_N2_r3,A,2,3,21.90213700600043,2,778,778,0
A_N2_r3,A,2,3,22.102842021000015,2,785,785,0
A_N2_r3,A,2,3,22.30371106800021,2,792,792,0
A_N2_r3,A,2,3,22.504285237000204,2,798,798,0
A_N2_r3,A,2,3,22.704553196000234,2,805,805,0
A_N2_r3,A,2,3,22.90570053600004,2,812,812,0
A_N2_r3,A,2,3,23.1063412540002,2,820,820,0
A_N2_r3,A,2,3,23.30679285100041,2,827,827,0
A_N2_r3,A,2,3,23.5085440820003,2,835,835,0
A_N2_r3,A,2,3,23.709264385000097,2,842,842,0
A_N2_r3,A,2,3,23.90990556800034,2,850,850,0
A_N2_r3,A,2,3,24.11030296800027,2,856,856,0
A_N2_r3,A,2,3,24.312186493000354,2,863,863,0
A_N2_r3,A,2,3,24.512652215000344,2,871,871,0
A_N2_r3,A,2,3,24.713618641000267,2,878,878,0
A_N2_r3,A,2,3,24.914717219000067,2,887,887,0
A_N2_r3,A,2,3,25.11514500000021,2,895,895,0
A_N2_r3,A,2,3,25.316591529000107,2,903,903,0
A_N2_r3,A,2,3,25.517421899000055,2,912,912,0
A_N2_r3,A,2,3,25.717995673000132,2,920,920,0
A_N2_r3,A,2,3,25.91907579000008,2,927,927,0
A_N2_r3,A,2,3,26.12032276400032,2,935,935,0
A_N2_r3,A,2,3,26.320630583000366,2,943,943,0
A_N2_r3,A,2,3,26.52133508900033,2,951,951,0
A_N2_r3,A,2,3,26.72165877200041,2,957,957,0
A_N2_r3,A,2,3,26.9220541210002,2,965,965,0
A_N2_r3,A,2,3,27.12417486100003,2,973,973,0
A_N2_r3,A,2,3,27.326074060000337,2,979,979,0
A_N2_r3,A,2,3,27.526626030999978,2,987,987,0
A_N2_r3,A,2,3,27.72900701000026,2,995,995,0
A_N2_r3,A,2,3,27.930340288000025,2,1003,1003,0
A_N2_r3,A,2,3,28.131195867000315,2,1011,1011,0
A_N2_r3,A,2,3,28.33181869300006,2,1019,1019,0
A_N2_r3,A,2,3,28.53345156400019,2,1027,1027,0
A_N2_r3,A,2,3,28.734528308000336,2,1034,1034,0
A_N2_r3,A,2,3,28.935717275000115,2,1041,1041,0
A_N2_r3,A,2,3,29.136875945000156,2,1049,1049,0
A_N2_r3,A,2,3,29.33990074300027,2,1056,1056,0
A_N2_r3,A,2,3,29.540242785000373,2,1064,1064,0
A_N2_r3,A,2,3,29.74127483800021,2,1072,1072,0
A_N2_r3,A,2,3,29.942325237000205,2,1079,1079,0
A_N2_r3,A,2,3,30.142869392000193,2,1087,1087,0
A_N2_r3,A,2,3,30.343595805000405,2,1095,1095,0
A_N2_r3,A,2,3,30.544208575000084,2,1103,1103,0
A_N2_r3,A,2,3,30.745305256000393,2,1111,1111,0
A_N2_r3,A,2,3,30.945923496000432,2,1119,1119,0
A_N2_r3,A,2,3,31.14706246800006,2,1127,1127,0
A_N2_r3,A,2,3,31.348036395000236,2,1135,1135,0
A_N2_r3,A,2,3,31.54875617300013,2,1143,1143,0
A_N2_r3,A,2,3,31.749136646000352,2,1150,1150,0
A_N2_r3,A,2,3,31.950540816000284,2,1158,1158,0
A_N2_r3,A,2,3,32.15163960500013,2,1166,1166,0
A_N2_r3,A,2,3,32.35239583300017,2,1174,1174,0
A_N2_r3,A,2,3,32.55321207000043,2,1182,1182,0
A_N2_r3,A,2,3,32.75400408900032,2,1190,1190,0
A_N2_r3,A,2,3,32.9546060280004,2,1199,1199,0
A_N2_r3,A,2,3,33.1554124850004,2,1207,1207,0
A_N2_r3,A,2,3,33.3558771830003,2,1214,1214,0
A_N2_r3,A,2,3,33.55694603300026,2,1221,1221,0
A_N2_r3,A,2,3,33.757225583000036,2,1229,1229,0
A_N2_r3,A,2,3,33.95797068800039,2,1237,1237,0
A_N2_r3,A,2,3,34.15985962800005,2,1243,1243,0
A_N2_r3,A,2,3,34.360429060000115,2,1251,1251,0
A_N2_r3,A,2,3,34.56143972400014,2,1259,1259,0
A_N2_r3,A,2,3,34.762139266000304,2,1267,1267,0
A_N2_r3,A,2,3,34.96245442700001,2,1275,1275,0
A_N2_r3,A,2,3,35.16505616800032,2,1282,1282,0
A_N2_r3,A,2,3,35.366803945000356,2,1290,1290,0
A_N2_r3,A,2,3,35.56803540300007,2,1297,1297,0
A_N2_r3,A,2,3,35.76835553800038,2,1305,1305,0
A_N2_r3,A,2,3,35.968755023000085,2,1312,1312,0
A_N2_r3,A,2,3,36.16960223000024,2,1320,1320,0
A_N2_r3,A,2,3,36.37027591900005,2,1328,1328,0
A_N2_r3,A,2,3,36.57091553500004,2,1335,1335,0
A_N2_r3,A,2,3,36.77155102400002,2,1342,1342,0
A_N2_r3,A,2,3,36.97195804800003,2,1350,1350,0
A_N2_r3,A,2,3,37.172331859000224,2,1358,1358,0
A_N2_r3,A,2,3,37.373408959000244,2,1364,1364,0
A_N2_r3,A,2,3,37.57456759700017,2,1374,1374,0
A_N2_r3,A,2,3,37.77514963700014,2,1381,1381,0
A_N2_r3,A,2,3,37.975412581,2,1389,1389,0
A_N2_r3,A,2,3,38.17660148599998,2,1397,1397,0
A_N2_r3,A,2,3,38.37742078000019,2,1405,1405,0
A_N2_r3,A,2,3,38.57775942200033,2,1412,1412,0
A_N2_r3,A,2,3,38.7786475490002,2,1420,1420,0
A_N2_r3,A,2,3,38.980197134000264,2,1428,1428,0
A_N2_r3,A,2,3,39.18110563900018,2,1436,1436,0
A_N2_r3,A,2,3,39.38204862400016,2,1444,1444,0
A_N2_r3,A,2,3,39.58359386400025,2,1453,1453,0
A_N2_r3,A,2,3,39.78470975800019,2,1462,1462,0
A_N2_r3,A,2,3,39.985513739,2,1469,1469,0
A_N2_r3,A,2,3,40.186516097000094,2,1477,1477,0
A_N2_r3,A,2,3,40.38757499500025,2,1486,1486,0
A_N2_r3,A,2,3,40.588548212000205,2,1494,1494,0
A_N2_r3,A,2,3,40.78886654200005,2,1502,1502,0
A_N2_r3,A,2,3,40.99134402000027,2,1511,1511,0
A_N2_r3,A,2,3,41.191846461000296,2,1520,1520,0
A_N2_r3,A,2,3,41.39254999700006,2,1528,1528,0
A_N2_r3,A,2,3,41.59349559500015,2,1537,1537,0
A_N2_r3,A,2,3,41.79419437300021,2,1544,1544,0
A_N2_r3,A,2,3,41.99453611100034,2,1552,1552,0
A_N2_r3,A,2,3,42.195530321000206,2,1560,1560,0
A_N2_r3,A,2,3,42.39688084400041,2,1568,1568,0
A_N2_r3,A,2,3,42.59725695200041,2,1576,1576,0
A_N2_r3,A,2,3,42.7975639780002,2,1584,1584,0
A_N2_r3,A,2,3,42.99821114100041,2,1593,1593,0
A_N2_r3,A,2,3,43.19856913500007,2,1601,1601,0
A_N2_r3,A,2,3,43.39975601800006,2,1610,1610,0
A_N2_r3,A,2,3,43.60084497600019,2,1618,1618,0
A_N2_r3,A,2,3,43.801323532000424,2,1626,1626,0
A_N2_r3,A,2,3,44.00256572100034,2,1634,1634,0
A_N2_r3,A,2,3,44.202958935000424,2,1643,1643,0
A_N2_r3,A,2,3,44.40409176100002,2,1651,1651,0
A_N2_r3,A,2,3,44.60488784500012,2,1659,1659,0
A_N2_r3,A,2,3,44.80634194100003,2,1667,1667,0
A_N2_r3,A,2,3,45.00659787700033,2,1675,1675,0
A_N2_r3,A,2,3,45.207244186000025,2,1684,1684,0
A_N2_r3,A,2,3,45.40846777700017,2,1692,1692,0
A_N2_r3,A,2,3,45.60956209200003,2,1701,1701,0
A_N2_r3,A,2,3,45.810169861000304,2,1709,1709,0
A_N2_r3,A,2,3,46.01112153500026,2,1718,1718,0
A_N2_r3,A,2,3,46.21177534200024,2,1724,1724,0
A_N2_r3,A,2,3,46.412462186000084,2,1731,1731,0
A_N2_r3,A,2,3,46.61317578000035,2,1739,1739,0
A_N2_r3,A,2,3,46.81390193700008,2,1747,1747,0
A_N2_r3,A,2,3,47.01470941000025,2,1755,1755,0
A_N2_r3,A,2,3,47.21505153700036,2,1763,1763,0
A_N2_r3,A,2,3,47.415489302000424,2,1769,1769,0
A_N2_r3,A,2,3,47.61636161100023,2,1777,1777,0
A_N2_r3,A,2,3,47.81704550200038,2,1785,1785,0
A_N2_r3,A,2,3,48.01825827900029,2,1791,1791,0
A_N2_r3,A,2,3,48.21943744300006,2,1800,1800,0
A_N2_r3,A,2,3,48.420998267000414,2,1808,1808,0
A_N2_r3,A,2,3,48.62172185700001,2,1816,1816,0
A_N2_r3,A,2,3,48.82286484400038,2,1824,1824,0
A_N2_r3,A,2,3,49.024639475000185,2,1832,1832,0
A_N2_r3,A,2,3,49.22557641000003,2,1840,1840,0
A_N2_r3,A,2,3,49.42668627100011,2,1848,1848,0
A_N2_r3,A,2,3,49.62749861300017,2,1856,1856,0
A_N2_r3,A,2,3,49.828239900000426,2,1866,1866,0
A_N2_r3,A,2,3,50.02864900400027,2,1874,1874,0
A_N2_r3,A,2,3,50.2307893430002,2,1882,1882,0
A_N2_r3,A,2,3,50.43414303700001,2,1889,1889,0
A_N2_r3,A,2,3,50.636147601000175,2,1897,1897,0
A_N2_r3,A,2,3,50.8373391680002,2,1905,1905,0
A_N2_r3,A,2,3,51.038769780000166,2,1913,1913,0
A_N2_r3,A,2,3,51.239899189000425,2,1919,1919,0
A_N2_r3,A,2,3,51.44015768600002,2,1927,1927,0
A_N2_r3,A,2,3,51.640444674000264,2,1935,1935,0
A_N2_r3,A,2,3,51.84069691700006,2,1943,1943,0
A_N2_r3,A,2,3,52.04105796600015,2,1951,1951,0
A_N2_r3,A,2,3,52.24306903600018,2,1960,1960,0
A_N2_r3,A,2,3,52.443841926999994,2,1968,1968,0
A_N2_r3,A,2,3,52.644164877000094,2,1976,1976,0
A_N2_r3,A,2,3,52.84635280600014,2,1983,1983,0
A_N2_r3,A,2,3,53.046915934000026,2,1991,1991,0
A_N2_r3,A,2,3,53.24783448700009,2,1999,1999,0
A_N2_r3,A,2,3,53.448130954000135,2,2007,2007,0
A_N2_r3,A,2,3,53.649315757000295,2,2013,2013,0
A_N2_r3,A,2,3,53.851200082000105,2,2021,2021,0
A_N2_r3,A,2,3,54.051512836000256,2,2029,2029,0
A_N2_r3,A,2,3,54.25174353400007,2,2037,2037,0
A_N2_r3,A,2,3,54.45321255500039,2,2045,2045,0
A_N2_r3,A,2,3,54.65441342200029,2,2051,2051,0
A_N2_r3,A,2,3,54.85509030200001,2,2057,2057,0
A_N2_r3,A,2,3,55.05583017200024,2,2065,2065,0
A_N2_r3,A,2,3,55.25664353100001,2,2071,2071,0
A_N2_r3,A,2,3,55.45766052700037,2,2079,2079,0
A_N2_r3,A,2,3,55.658553481000126,2,2085,2085,0
A_N2_r3,A,2,3,55.85933142600015,2,2093,2093,0
A_N2_r3,A,2,3,56.06057353599999,2,2099,2099,0
A_N2_r3,A,2,3,56.26126753100016,2,2105,2105,0
A_N2_r3,A,2,3,56.46177978800006,2,2112,2112,0
A_N2_r3,A,2,3,56.66237372600017,2,2119,2119,0
A_N2_r3,A,2,3,56.864303958000164,2,2126,2126,0
A_N2_r3,A,2,3,57.064710299000126,2,2132,2132,0
A_N2_r3,A,2,3,57.26507435900021,2,2139,2139,0
A_N2_r3,A,2,3,57.46609457700015,2,2145,2145,0
A_N2_r3,A,2,3,57.66774520900026,2,2152,2152,0
A_N2_r3,A,2,3,57.868896100000256,2,2156,2156,0
A_N2_r3,A,2,3,58.069821011000386,2,2164,2164,0
A_N2_r3,A,2,3,58.270778022000286,2,2170,2170,0
A_N2_r3,A,2,3,58.47138321300008,2,2177,2177,0
A_N2_r3,A,2,3,58.67250071300032,2,2186,2186,0
A_N2_r3,A,2,3,58.87280417300008,2,2194,2194,0
A_N2_r3,A,2,3,59.07339447000004,2,2202,2202,0
A_N2_r3,A,2,3,59.27408718200013,2,2209,2209,0
A_N2_r3,A,2,3,59.474981936000404,2,2216,2216,0
A_N2_r3,A,2,3,59.675757328000145,2,2224,2224,0
A_N2_r3,A,2,3,59.876384237000366,2,2233,2233,0
A_N2_r3,A,2,3,60.077272023000205,0,2239,2239,0
A_N2_r4,A,2,4,0.005670584999734274,0,0,0,0
A_N2_r4,A,2,4,0.2062768480000159,2,6,6,0
A_N2_r4,A,2,4,0.4070528829997784,2,14,14,0
A_N2_r4,A,2,4,0.6077320649997091,2,22,22,0
A_N2_r4,A,2,4,0.8083270459997038,2,30,30,0
A_N2_r4,A,2,4,1.0087120969997159,2,37,37,0
A_N2_r4,A,2,4,1.2090036730000975,2,44,44,0
A_N2_r4,A,2,4,1.409809457999927,2,52,52,0
A_N2_r4,A,2,4,1.612709268999879,2,59,59,0
A_N2_r4,A,2,4,1.8131442879998758,2,67,67,0
A_N2_r4,A,2,4,2.0142901809999785,2,75,75,0
A_N2_r4,A,2,4,2.2155235119998906,2,83,83,0
A_N2_r4,A,2,4,2.416423578999911,2,91,91,0
A_N2_r4,A,2,4,2.616804067999965,2,99,99,0
A_N2_r4,A,2,4,2.8179677269999956,2,107,107,0
A_N2_r4,A,2,4,3.018587780999951,2,115,115,0
A_N2_r4,A,2,4,3.2193069669997385,2,122,122,0
A_N2_r4,A,2,4,3.419920141000148,2,130,130,0
A_N2_r4,A,2,4,3.6203738310000517,2,137,137,0
A_N2_r4,A,2,4,3.821968272000049,2,145,145,0
A_N2_r4,A,2,4,4.022632162999798,2,152,152,0
A_N2_r4,A,2,4,4.223010942999736,2,159,159,0
A_N2_r4,A,2,4,4.4250050279997595,2,167,167,0
A_N2_r4,A,2,4,4.626921476000007,2,175,175,0
A_N2_r4,A,2,4,4.827568205999796,2,182,182,0
A_N2_r4,A,2,4,5.029148051999982,2,189,189,0
A_N2_r4,A,2,4,5.2301002479998715,2,197,197,0
A_N2_r4,A,2,4,5.4311353499997495,2,205,205,0
A_N2_r4,A,2,4,5.632618113999797,2,212,212,0
A_N2_r4,A,2,4,5.833751873999972,2,220,220,0
A_N2_r4,A,2,4,6.034207532999972,2,228,228,0
A_N2_r4,A,2,4,6.2350944559998425,2,234,234,0
A_N2_r4,A,2,4,6.436479345999942,2,241,241,0
A_N2_r4,A,2,4,6.63675513499993,2,249,249,0
A_N2_r4,A,2,4,6.838218314999722,2,257,257,0
A_N2_r4,A,2,4,7.039324744999703,2,265,265,0
A_N2_r4,A,2,4,7.239526175999799,2,273,273,0
A_N2_r4,A,2,4,7.440288965000036,2,281,281,0
A_N2_r4,A,2,4,7.641415856000094,2,288,288,0
A_N2_r4,A,2,4,7.8432286239999485,2,295,295,0
A_N2_r4,A,2,4,8.044464011999935,2,302,302,0
A_N2_r4,A,2,4,8.245150821000152,2,310,310,0
A_N2_r4,A,2,4,8.445416714999737,2,317,317,0
A_N2_r4,A,2,4,8.645748455000103,2,325,325,0
A_N2_r4,A,2,4,8.84609062499976,2,332,332,0
A_N2_r4,A,2,4,9.047217929999988,2,340,340,0
A_N2_r4,A,2,4,9.24845078899989,2,347,347,0
A_N2_r4,A,2,4,9.449264950999805,2,354,354,0
A_N2_r4,A,2,4,9.649584258999766,2,362,362,0
A_N2_r4,A,2,4,9.850056879000022,2,370,370,0
A_N2_r4,A,2,4,10.051031235999744,2,377,377,0
A_N2_r4,A,2,4,10.252567625999745,2,384,384,0
A_N2_r4,A,2,4,10.45287953299976,2,392,392,0
A_N2_r4,A,2,4,10.654035005999958,2,399,399,0
A_N2_r4,A,2,4,10.856240498999796,2,407,407,0
A_N2_r4,A,2,4,11.05710939599976,2,414,414,0
A_N2_r4,A,2,4,11.258333494999988,2,422,422,0
A_N2_r4,A,2,4,11.460432075999961,2,428,428,0
A_N2_r4,A,2,4,11.661084352999751,2,435,435,0
A_N2_r4,A,2,4,11.861676506000094,2,442,442,0
A_N2_r4,A,2,4,12.06220496700007,2,449,449,0
A_N2_r4,A,2,4,12.262811461999718,2,456,456,0
A_N2_r4,A,2,4,12.46306339900002,2,462,462,0
A_N2_r4,A,2,4,12.665146152000034,2,470,470,0
A_N2_r4,A,2,4,12.865745580999828,2,478,478,0
A_N2_r4,A,2,4,13.066646152999965,2,485,485,0
A_N2_r4,A,2,4,13.269063728999754,2,493,493,0
A_N2_r4,A,2,4,13.469697936000102,2,500,500,0
A_N2_r4,A,2,4,13.67084134300012,2,508,508,0
A_N2_r4,A,2,4,13.872605070999725,2,515,515,0
A_N2_r4,A,2,4,14.07449150299999,2,522,522,0
A_N2_r4,A,2,4,14.274858617000064,2,529,529,0
A_N2_r4,A,2,4,14.476996801000041,2,536,536,0
A_N2_r4,A,2,4,14.67813933799971,2,543,543,0
A_N2_r4,A,2,4,14.879277565999928,2,549,549,0
A_N2_r4,A,2,4,15.080577592999816,2,556,556,0
A_N2_r4,A,2,4,15.281591241000115,2,563,563,0
A_N2_r4,A,2,4,15.482081166999706,2,569,569,0
A_N2_r4,A,2,4,15.684155190999718,2,576,576,0
A_N2_r4,A,2,4,15.885382411000137,2,583,583,0
A_N2_r4,A,2,4,16.086041299000044,2,590,590,0
A_N2_r4,A,2,4,16.286553653999817,2,597,597,0
A_N2_r4,A,2,4,16.487745057999746,2,604,604,0
A_N2_r4,A,2,4,16.688191263000135,2,611,611,0
A_N2_r4,A,2,4,16.889792918999774,2,617,617,0
A_N2_r4,A,2,4,17.090622293999786,2,625,625,0
A_N2_r4,A,2,4,17.290969205999772,2,631,631,0
A_N2_r4,A,2,4,17.491723619999902,2,637,637,0
A_N2_r4,A,2,4,17.692462414000147,2,644,644,0
A_N2_r4,A,2,4,17.89342132799993,2,651,651,0
A_N2_r4,A,2,4,18.093724843000018,2,658,658,0
A_N2_r4,A,2,4,18.29404752099981,2,665,665,0
A_N2_r4,A,2,4,18.495235702999707,2,673,673,0
A_N2_r4,A,2,4,18.695641013000113,2,680,680,0
A_N2_r4,A,2,4,18.89740676500014,2,687,687,0
A_N2_r4,A,2,4,19.09843227800002,2,694,694,0
A_N2_r4,A,2,4,19.298750329000086,2,700,700,0
A_N2_r4,A,2,4,19.49925463999989,2,708,708,0
A_N2_r4,A,2,4,19.699607342000036,2,715,715,0
A_N2_r4,A,2,4,19.900188719999733,2,722,722,0
A_N2_r4,A,2,4,20.100453234999804,2,730,730,0
A_N2_r4,A,2,4,20.301661663999766,2,736,736,0
A_N2_r4,A,2,4,20.50198422099993,2,743,743,0
A_N2_r4,A,2,4,20.70275697499983,2,751,751,0
A_N2_r4,A,2,4,20.90331908799999,2,757,757,0
A_N2_r4,A,2,4,21.103614944000128,2,765,765,0
A_N2_r4,A,2,4,21.305597511000087,2,773,773,0
A_N2_r4,A,2,4,21.50742787099989,2,780,780,0
A_N2_r4,A,2,4,21.707738817000063,2,788,788,0
A_N2_r4,A,2,4,21.908090901999913,2,795,795,0
A_N2_r4,A,2,4,22.108465700000124,2,802,802,0
A_N2_r4,A,2,4,22.30957745900014,2,808,808,0
A_N2_r4,A,2,4,22.509880150999834,2,816,816,0
A_N2_r4,A,2,4,22.71141311700012,2,822,822,0
A_N2_r4,A,2,4,22.912729278999905,2,830,830,0
A_N2_r4,A,2,4,23.11312930699978,2,836,836,0
A_N2_r4,A,2,4,23.314348813999914,2,843,843,0
A_N2_r4,A,2,4,23.515245138999944,2,849,849,0
A_N2_r4,A,2,4,23.71655300800012,2,857,857,0
A_N2_r4,A,2,4,23.91774375299974,2,864,864,0
A_N2_r4,A,2,4,24.118495813999743,2,872,872,0
A_N2_r4,A,2,4,24.319047128999955,2,880,880,0
A_N2_r4,A,2,4,24.519454803999906,2,887,887,0
A_N2_r4,A,2,4,24.71999341899982,2,894,894,0
A_N2_r4,A,2,4,24.922127603999797,2,902,902,0
A_N2_r4,A,2,4,25.12285049000002,2,910,910,0
A_N2_r4,A,2,4,25.323200242999974,2,916,916,0
A_N2_r4,A,2,4,25.52345581999998,2,924,924,0
A_N2_r4,A,2,4,25.72452539799997,2,931,931,0
A_N2_r4,A,2,4,25.92511572300009,2,938,938,0
A_N2_r4,A,2,4,26.12557545899972,2,944,944,0
A_N2_r4,A,2,4,26.326434914999936,2,952,952,0
A_N2_r4,A,2,4,26.527404403999753,2,959,959,0
A_N2_r4,A,2,4,26.72922347199983,2,966,966,0
A_N2_r4,A,2,4,26.93006950500012,2,973,973,0
A_N2_r4,A,2,4,27.131753885999842,2,980,980,0
A_N2_r4,A,2,4,27.332669340999928,2,987,987,0
A_N2_r4,A,2,4,27.533073413999773,2,994,994,0
A_N2_r4,A,2,4,27.734007346,2,1001,1001,0
A_N2_r4,A,2,4,27.934919767999872,2,1008,1008,0
A_N2_r4,A,2,4,28.13588358800007,2,1015,1015,0
A_N2_r4,A,2,4,28.337162094999712,2,1022,1022,0
A_N2_r4,A,2,4,28.537882122000156,2,1030,1030,0
A_N2_r4,A,2,4,28.738226933000078,2,1036,1036,0
A_N2_r4,A,2,4,28.939520612999786,2,1042,1042,0
A_N2_r4,A,2,4,29.140757083000153,2,1050,1050,0
A_N2_r4,A,2,4,29.341266969000117,2,1057,1057,0
A_N2_r4,A,2,4,29.541530175999924,2,1064,1064,0
A_N2_r4,A,2,4,29.741977674999816,2,1072,1072,0
A_N2_r4,A,2,4,29.942372463000083,2,1078,1078,0
A_N2_r4,A,2,4,30.143282221999925,2,1086,1086,0
A_N2_r4,A,2,4,30.34411599499981,2,1093,1093,0
A_N2_r4,A,2,4,30.544885648999752,2,1099,1099,0
A_N2_r4,A,2,4,30.745703414999753,2,1105,1105,0
A_N2_r4,A,2,4,30.946874642999774,2,1111,1111,0
A_N2_r4,A,2,4,31.14791626499982,2,1119,1119,0
A_N2_r4,A,2,4,31.348881049999818,2,1125,1125,0
A_N2_r4,A,2,4,31.54964132699979,2,1131,1131,0
A_N2_r4,A,2,4,31.75060703600002,2,1139,1139,0
A_N2_r4,A,2,4,31.95175533199972,2,1146,1146,0
A_N2_r4,A,2,4,32.15467099599982,2,1154,1154,0
A_N2_r4,A,2,4,32.355433577999975,2,1161,1161,0
A_N2_r4,A,2,4,32.55744491099995,2,1169,1169,0
A_N2_r4,A,2,4,32.75846739799999,2,1176,1176,0
A_N2_r4,A,2,4,32.96017971099991,2,1184,1184,0
A_N2_r4,A,2,4,33.160910452999815,2,1192,1192,0
A_N2_r4,A,2,4,33.36347517000013,2,1199,1199,0
A_N2_r4,A,2,4,33.56405325200012,2,1206,1206,0
A_N2_r4,A,2,4,33.76430982200009,2,1214,1214,0
A_N2_r4,A,2,4,33.96713801299984,2,1222,1222,0
A_N2_r4,A,2,4,34.16799286200012,2,1228,1228,0
A_N2_r4,A,2,4,34.36846986299997,2,1235,1235,0
A_N2_r4,A,2,4,34.569501920999755,2,1242,1242,0
A_N2_r4,A,2,4,34.769893798999874,2,1248,1248,0
A_N2_r4,A,2,4,34.970770081999945,2,1255,1255,0
A_N2_r4,A,2,4,35.171129287999975,2,1262,1262,0
A_N2_r4,A,2,4,35.371416799000144,2,1269,1269,0
A_N2_r4,A,2,4,35.57294306099993,2,1275,1275,0
A_N2_r4,A,2,4,35.774163649,2,1281,1281,0
A_N2_r4,A,2,4,35.97525196700008,2,1289,1289,0
A_N2_r4,A,2,4,36.17570772799991,2,1296,1296,0
A_N2_r4,A,2,4,36.37610851499994,2,1303,1303,0
A_N2_r4,A,2,4,36.57648015799987,2,1310,1310,0
A_N2_r4,A,2,4,36.77659857699973,2,1318,1318,0
A_N2_r4,A,2,4,36.976954378999835,2,1324,1324,0
A_N2_r4,A,2,4,37.17799893399979,2,1331,1331,0
A_N2_r4,A,2,4,37.37903838000011,2,1337,1337,0
A_N2_r4,A,2,4,37.57946345499977,2,1344,1344,0
A_N2_r4,A,2,4,37.780519452000135,2,1351,1351,0
A_N2_r4,A,2,4,37.9811680329999,2,1357,1357,0
A_N2_r4,A,2,4,38.18161671400003,2,1364,1364,0
A_N2_r4,A,2,4,38.38229582399981,2,1370,1370,0
A_N2_r4,A,2,4,38.58266105599978,2,1376,1376,0
A_N2_r4,A,2,4,38.78453849100015,2,1382,1382,0
A_N2_r4,A,2,4,38.98620421099986,2,1390,1390,0
A_N2_r4,A,2,4,39.18732864999993,2,1398,1398,0
A_N2_r4,A,2,4,39.38919092700007,2,1404,1404,0
A_N2_r4,A,2,4,39.59097596599986,2,1412,1412,0
A_N2_r4,A,2,4,39.79185828399977,2,1419,1419,0
A_N2_r4,A,2,4,39.9930474570001,2,1426,1426,0
A_N2_r4,A,2,4,40.19417616700002,2,1434,1434,0
A_N2_r4,A,2,4,40.394977560999905,2,1441,1441,0
A_N2_r4,A,2,4,40.595238295999934,2,1448,1448,0
A_N2_r4,A,2,4,40.795976751000126,2,1456,1456,0
A_N2_r4,A,2,4,40.99631106600009,2,1463,1463,0
A_N2_r4,A,2,4,41.197465356000066,2,1470,1470,0
A_N2_r4,A,2,4,41.39773249300015,2,1478,1478,0
A_N2_r4,A,2,4,41.59838366299982,2,1485,1485,0
A_N2_r4,A,2,4,41.79932346199985,2,1492,1492,0
A_N2_r4,A,2,4,42.000055575999795,2,1498,1498,0
A_N2_r4,A,2,4,42.2005299399998,2,1506,1506,0
A_N2_r4,A,2,4,42.40140181100014,2,1513,1513,0
A_N2_r4,A,2,4,42.60182686100006,2,1520,1520,0
A_N2_r4,A,2,4,42.802363131999755,2,1527,1527,0
A_N2_r4,A,2,4,43.00322323,2,1534,1534,0
A_N2_r4,A,2,4,43.20371079100005,2,1541,1541,0
A_N2_r4,A,2,4,43.40483526399976,2,1548,1548,0
A_N2_r4,A,2,4,43.60590378100005,2,1555,1555,0
A_N2_r4,A,2,4,43.80807937700001,2,1562,1562,0
A_N2_r4,A,2,4,44.00860403800016,2,1569,1569,0
A_N2_r4,A,2,4,44.209078684999895,2,1576,1576,0
A_N2_r4,A,2,4,44.41058745100008,2,1583,1583,0
A_N2_r4,A,2,4,44.61260769299997,2,1589,1589,0
A_N2_r4,A,2,4,44.814236577999964,2,1596,1596,0
A_N2_r4,A,2,4,45.01487465599985,2,1603,1603,0
A_N2_r4,A,2,4,45.21695398199972,2,1609,1609,0
A_N2_r4,A,2,4,45.41737599699991,2,1617,1617,0
A_N2_r4,A,2,4,45.61809767399973,2,1624,1624,0
A_N2_r4,A,2,4,45.81869815099981,2,1630,1630,0
A_N2_r4,A,2,4,46.019106701000055,2,1636,1636,0
A_N2_r4,A,2,4,46.219473133000065,2,1644,1644,0
A_N2_r4,A,2,4,46.42096589999983,2,1651,1651,0
A_N2_r4,A,2,4,46.62183462799976,2,1657,1657,0
A_N2_r4,A,2,4,46.82311475999995,2,1665,1665,0
A_N2_r4,A,2,4,47.023954261999734,2,1672,1672,0
A_N2_r4,A,2,4,47.22428643100011,2,1679,1679,0
A_N2_r4,A,2,4,47.42476642800011,2,1685,1685,0
A_N2_r4,A,2,4,47.62591427899997,2,1693,1693,0
A_N2_r4,A,2,4,47.82627062099982,2,1699,1699,0
A_N2_r4,A,2,4,48.02743366999994,2,1707,1707,0
A_N2_r4,A,2,4,48.227876108000146,2,1713,1713,0
A_N2_r4,A,2,4,48.428589030999774,2,1719,1719,0
A_N2_r4,A,2,4,48.6300321650001,2,1725,1725,0
A_N2_r4,A,2,4,48.83077480400016,2,1731,1731,0
A_N2_r4,A,2,4,49.03168778700001,2,1738,1738,0
A_N2_r4,A,2,4,49.232608578000054,2,1745,1745,0
A_N2_r4,A,2,4,49.432975952000106,2,1752,1752,0
A_N2_r4,A,2,4,49.633808101999875,2,1759,1759,0
A_N2_r4,A,2,4,49.83441596400007,2,1766,1766,0
A_N2_r4,A,2,4,50.035573744999965,2,1773,1773,0
A_N2_r4,A,2,4,50.236100005000026,2,1781,1781,0
A_N2_r4,A,2,4,50.436586044999785,2,1788,1788,0
A_N2_r4,A,2,4,50.63694111599989,2,1795,1795,0
A_N2_r4,A,2,4,50.83783812999991,2,1803,1803,0
A_N2_r4,A,2,4,51.04031870300014,2,1811,1811,0
A_N2_r4,A,2,4,51.242295210000066,2,1818,1818,0
A_N2_r4,A,2,4,51.443224585999815,2,1826,1826,0
A_N2_r4,A,2,4,51.643487380999886,2,1833,1833,0
A_N2_r4,A,2,4,51.843921752999904,2,1841,1841,0
A_N2_r4,A,2,4,52.04487010599996,2,1848,1848,0
A_N2_r4,A,2,4,52.2454168459999,2,1856,1856,0
A_N2_r4,A,2,4,52.44608474400002,2,1864,1864,0
A_N2_r4,A,2,4,52.647098000999904,2,1872,1872,0
A_N2_r4,A,2,4,52.84802918100013,2,1879,1879,0
A_N2_r4,A,2,4,53.04897930700008,2,1887,1887,0
A_N2_r4,A,2,4,53.25123867299999,2,1894,1894,0
A_N2_r4,A,2,4,53.45176746600009,2,1901,1901,0
A_N2_r4,A,2,4,53.652257945999736,2,1907,1907,0
A_N2_r4,A,2,4,53.85276772299994,2,1916,1916,0
A_N2_r4,A,2,4,54.0540943179999,2,1923,1923,0
A_N2_r4,A,2,4,54.25535582299972,2,1930,1930,0
A_N2_r4,A,2,4,54.456393125999966,2,1938,1938,0
A_N2_r4,A,2,4,54.658114181999736,2,1946,1946,0
A_N2_r4,A,2,4,54.86021906099995,2,1953,1953,0
A_N2_r4,A,2,4,55.061743592999846,2,1961,1961,0
A_N2_r4,A,2,4,55.26236999699995,2,1968,1968,0
A_N2_r4,A,2,4,55.46321456299984,2,1975,1975,0
A_N2_r4,A,2,4,55.66370681699982,2,1983,1983,0
A_N2_r4,A,2,4,55.86407893199976,2,1989,1989,0
A_N2_r4,A,2,4,56.065143887999966,2,1997,1997,0
A_N2_r4,A,2,4,56.26562080699978,2,2004,2004,0
A_N2_r4,A,2,4,56.46619626999973,2,2012,2012,0
A_N2_r4,A,2,4,56.666553887999726,2,2020,2020,0
A_N2_r4,A,2,4,56.86703651400012,2,2026,2026,0
A_N2_r4,A,2,4,57.06824227900006,2,2034,2034,0
A_N2_r4,A,2,4,57.26930186999971,2,2041,2041,0
A_N2_r4,A,2,4,57.47043735099987,2,2048,2048,0
A_N2_r4,A,2,4,57.6709296959998,2,2056,2056,0
A_N2_r4,A,2,4,57.87135139500015,2,2063,2063,0
A_N2_r4,A,2,4,58.07368018199986,2,2070,2070,0
A_N2_r4,A,2,4,58.27478092199999,2,2078,2078,0
A_N2_r4,A,2,4,58.475390630999755,2,2085,2085,0
A_N2_r4,A,2,4,58.67643230299973,2,2093,2093,0
A_N2_r4,A,2,4,58.877052542,2,2100,2100,0
A_N2_r4,A,2,4,59.07854358099985,2,2108,2108,0
A_N2_r4,A,2,4,59.279688153999814,2,2115,2115,0
A_N2_r4,A,2,4,59.48067638500015,2,2122,2122,0
A_N2_r4,A,2,4,59.68111204199977,2,2130,2130,0
A_N2_r4,A,2,4,59.88177789800011,2,2137,2137,0
A_N2_r4,A,2,4,60.08251486900008,0,2144,2144,0
A_N2_r5,A,2,5,0.005413232999671891,0,0,0,0
A_N2_r5,A,2,5,0.2064724090000709,2,6,6,0
A_N2_r5,A,2,5,0.40717808099998365,2,13,13,0
A_N2_r5,A,2,5,0.6075421909999932,2,20,20,0
A_N2_r5,A,2,5,0.8081745829999818,2,28,28,0
A_N2_r5,A,2,5,1.0091881329999524,2,35,35,0
A_N2_r5,A,2,5,1.2100614339997264,2,43,43,0
A_N2_r5,A,2,5,1.4116313839999748,2,49,49,0
A_N2_r5,A,2,5,1.6128009509998265,2,58,58,0
A_N2_r5,A,2,5,1.81391613400001,2,65,65,0
A_N2_r5,A,2,5,2.01475451899978,2,72,72,0
A_N2_r5,A,2,5,2.2154758409997157,2,79,79,0
A_N2_r5,A,2,5,2.4164082649999727,2,86,86,0
A_N2_r5,A,2,5,2.6175529439997263,2,94,94,0
A_N2_r5,A,2,5,2.8178030969997963,2,101,101,0
A_N2_r5,A,2,5,3.0184466309997333,2,108,108,0
A_N2_r5,A,2,5,3.2192072779998853,2,116,116,0
A_N2_r5,A,2,5,3.419763383999907,2,123,123,0
A_N2_r5,A,2,5,3.620923792999747,2,131,131,0
A_N2_r5,A,2,5,3.8213511240001026,2,138,138,0
A_N2_r5,A,2,5,4.023539445000097,2,145,145,0
A_N2_r5,A,2,5,4.224028232999899,2,153,153,0
A_N2_r5,A,2,5,4.42437165399997,2,160,160,0
A_N2_r5,A,2,5,4.6255502779999915,2,167,167,0
A_N2_r5,A,2,5,4.826526855999873,2,175,175,0
A_N2_r5,A,2,5,5.027108493000014,2,182,182,0
A_N2_r5,A,2,5,5.229159289000108,2,189,189,0
A_N2_r5,A,2,5,5.430202093999924,2,196,196,0
A_N2_r5,A,2,5,5.63224683999988,2,203,203,0
A_N2_r5,A,2,5,5.832718875999944,2,211,211,0
A_N2_r5,A,2,5,6.035025040999699,2,218,218,0
A_N2_r5,A,2,5,6.235864156999924,2,225,225,0
A_N2_r5,A,2,5,6.436234167999828,2,233,233,0
A_N2_r5,A,2,5,6.636432192000029,2,240,240,0
A_N2_r5,A,2,5,6.836902563999956,2,247,247,0
A_N2_r5,A,2,5,7.037981909999871,2,254,254,0
A_N2_r5,A,2,5,7.238714962999893,2,261,261,0
A_N2_r5,A,2,5,7.439267682999798,2,268,268,0
A_N2_r5,A,2,5,7.640194164999684,2,274,274,0
A_N2_r5,A,2,5,7.84182805699993,2,282,282,0
A_N2_r5,A,2,5,8.04225672199982,2,288,288,0
A_N2_r5,A,2,5,8.242612404999818,2,295,295,0
A_N2_r5,A,2,5,8.443440970999745,2,303,303,0
A_N2_r5,A,2,5,8.64388481199967,2,311,311,0
A_N2_r5,A,2,5,8.844871899999816,2,317,317,0
A_N2_r5,A,2,5,9.045618941999692,2,324,324,0
A_N2_r5,A,2,5,9.246058374999848,2,331,331,0
A_N2_r5,A,2,5,9.446518977999858,2,338,338,0
A_N2_r5,A,2,5,9.647603040999911,2,345,345,0
A_N2_r5,A,2,5,9.848228718999962,2,352,352,0
A_N2_r5,A,2,5,10.048692850999942,2,359,359,0
A_N2_r5,A,2,5,10.249749099999917,2,366,366,0
A_N2_r5,A,2,5,10.451114549000067,2,373,373,0
A_N2_r5,A,2,5,10.651568468999812,2,380,380,0
A_N2_r5,A,2,5,10.852224003999709,2,386,386,0
A_N2_r5,A,2,5,11.054296563999742,2,392,392,0
A_N2_r5,A,2,5,11.255111011999816,2,399,399,0
A_N2_r5,A,2,5,11.456079592999686,2,406,406,0
A_N2_r5,A,2,5,11.65744596400009,2,413,413,0
A_N2_r5,A,2,5,11.858244480999929,2,421,421,0
A_N2_r5,A,2,5,12.058539329999803,2,427,427,0
A_N2_r5,A,2,5,12.259493363999809,2,434,434,0
A_N2_r5,A,2,5,12.459886856999674,2,441,441,0
A_N2_r5,A,2,5,12.660966290000033,2,448,448,0
A_N2_r5,A,2,5,12.861904733999836,2,455,455,0
A_N2_r5,A,2,5,13.062963950999801,2,462,462,0
A_N2_r5,A,2,5,13.26402065000002,2,468,468,0
A_N2_r5,A,2,5,13.464359999999942,2,475,475,0
A_N2_r5,A,2,5,13.664732152999932,2,482,482,0
A_N2_r5,A,2,5,13.865285010999742,2,489,489,0
A_N2_r5,A,2,5,14.066244977999759,2,496,496,0
A_N2_r5,A,2,5,14.26668162299984,2,503,503,0
A_N2_r5,A,2,5,14.467080345999875,2,510,510,0
A_N2_r5,A,2,5,14.667885073999969,2,517,517,0
A_N2_r5,A,2,5,14.868988190999971,2,524,524,0
A_N2_r5,A,2,5,15.07069056499995,2,530,530,0
A_N2_r5,A,2,5,15.271735269999681,2,537,537,0
A_N2_r5,A,2,5,15.472271193999859,2,545,545,0
A_N2_r5,A,2,5,15.672545460000038,2,551,551,0
A_N2_r5,A,2,5,15.873470395999902,2,558,558,0
A_N2_r5,A,2,5,16.074054606000118,2,565,565,0
A_N2_r5,A,2,5,16.275074242999835,2,571,571,0
A_N2_r5,A,2,5,16.4758216299997,2,579,579,0
A_N2_r5,A,2,5,16.676316606,2,586,586,0
A_N2_r5,A,2,5,16.87691830499989,2,594,594,0
A_N2_r5,A,2,5,17.077397964999818,2,601,601,0
A_N2_r5,A,2,5,17.278530636999676,2,609,609,0
A_N2_r5,A,2,5,17.480512649000048,2,616,616,0
A_N2_r5,A,2,5,17.68156644999999,2,623,623,0
A_N2_r5,A,2,5,17.883453601999918,2,631,631,0
A_N2_r5,A,2,5,18.083795708999787,2,638,638,0
A_N2_r5,A,2,5,18.2842428619997,2,645,645,0
A_N2_r5,A,2,5,18.485442611000053,2,653,653,0
A_N2_r5,A,2,5,18.686115255000004,2,659,659,0
A_N2_r5,A,2,5,18.88667461199975,2,667,667,0
A_N2_r5,A,2,5,19.08693088600012,2,674,674,0
A_N2_r5,A,2,5,19.28783709399977,2,680,680,0
A_N2_r5,A,2,5,19.488580090999676,2,688,688,0
A_N2_r5,A,2,5,19.68955923900012,2,695,695,0
A_N2_r5,A,2,5,19.89082766799993,2,702,702,0
A_N2_r5,A,2,5,20.09123394700009,2,710,710,0
A_N2_r5,A,2,5,20.292213163999804,2,718,718,0
A_N2_r5,A,2,5,20.492488778999814,2,726,726,0
A_N2_r5,A,2,5,20.693341323999903,2,734,734,0
A_N2_r5,A,2,5,20.893595818999984,2,741,741,0
A_N2_r5,A,2,5,21.095171588000085,2,749,749,0
A_N2_r5,A,2,5,21.295513006999954,2,757,757,0
A_N2_r5,A,2,5,21.496502142999816,2,764,764,0
A_N2_r5,A,2,5,21.697392409999793,2,772,772,0
A_N2_r5,A,2,5,21.89778011699991,2,779,779,0
A_N2_r5,A,2,5,22.098320250999677,2,787,787,0
A_N2_r5,A,2,5,22.298586445999717,2,794,794,0
A_N2_r5,A,2,5,22.500439448999714,2,802,802,0
A_N2_r5,A,2,5,22.700719811,2,810,810,0
A_N2_r5,A,2,5,22.901033647000077,2,817,817,0
A_N2_r5,A,2,5,23.101438761999816,2,825,825,0
A_N2_r5,A,2,5,23.302226120999876,2,832,832,0
A_N2_r5,A,2,5,23.50286944399977,2,840,840,0
A_N2_r5,A,2,5,23.704082474999723,2,847,847,0
A_N2_r5,A,2,5,23.905087579999872,2,855,855,0
A_N2_r5,A,2,5,24.107045897999797,2,862,862,0
A_N2_r5,A,2,5,24.307898008999928,2,869,869,0
A_N2_r5,A,2,5,24.509193436999794,2,877,877,0
A_N2_r5,A,2,5,24.71035024899993,2,883,883,0
A_N2_r5,A,2,5,24.910843896999722,2,891,891,0
A_N2_r5,A,2,5,25.113017866000064,2,898,898,0
A_N2_r5,A,2,5,25.3137543859998,2,905,905,0
A_N2_r5,A,2,5,25.514728679999735,2,913,913,0
A_N2_r5,A,2,5,25.715238187000068,2,921,921,0
A_N2_r5,A,2,5,25.915928989999884,2,928,928,0
A_N2_r5,A,2,5,26.116786626999783,2,935,935,0
A_N2_r5,A,2,5,26.317836152999917,2,943,943,0
A_N2_r5,A,2,5,26.51888507800004,2,950,950,0
A_N2_r5,A,2,5,26.719393601999855,2,957,957,0
A_N2_r5,A,2,5,26.920582253999783,2,965,965,0
A_N2_r5,A,2,5,27.1218485899999,2,971,971,0
A_N2_r5,A,2,5,27.32218194899997,2,977,977,0
A_N2_r5,A,2,5,27.522935168999993,2,983,983,0
A_N2_r5,A,2,5,27.72394908599972,2,990,990,0
A_N2_r5,A,2,5,27.924606222999955,2,997,997,0
A_N2_r5,A,2,5,28.12534358899984,2,1004,1004,0
A_N2_r5,A,2,5,28.325960486999975,2,1011,1011,0
A_N2_r5,A,2,5,28.526819739000075,2,1018,1018,0
A_N2_r5,A,2,5,28.7279812769998,2,1026,1026,0
A_N2_r5,A,2,5,28.92844011399984,2,1033,1033,0
A_N2_r5,A,2,5,29.129638217999855,2,1040,1040,0
A_N2_r5,A,2,5,29.331120017000103,2,1048,1048,0
A_N2_r5,A,2,5,29.532181021999804,2,1055,1055,0
A_N2_r5,A,2,5,29.733093934999943,2,1062,1062,0
A_N2_r5,A,2,5,29.933359842999835,2,1069,1069,0
A_N2_r5,A,2,5,30.134507219999705,2,1078,1078,0
A_N2_r5,A,2,5,30.335562433999712,2,1085,1085,0
A_N2_r5,A,2,5,30.536230668999906,2,1092,1092,0
A_N2_r5,A,2,5,30.73732350399996,2,1099,1099,0
A_N2_r5,A,2,5,30.938313052000012,2,1106,1106,0
A_N2_r5,A,2,5,31.140416211999764,2,1113,1113,0
A_N2_r5,A,2,5,31.34077576599975,2,1121,1121,0
A_N2_r5,A,2,5,31.541827671999727,2,1128,1128,0
A_N2_r5,A,2,5,31.743818780999845,2,1135,1135,0
A_N2_r5,A,2,5,31.944419174999894,2,1142,1142,0
A_N2_r5,A,2,5,32.144746164000026,2,1149,1149,0
A_N2_r5,A,2,5,32.34519230299975,2,1155,1155,0
A_N2_r5,A,2,5,32.54650006599968,2,1163,1163,0
A_N2_r5,A,2,5,32.74819782299983,2,1170,1170,0
A_N2_r5,A,2,5,32.94839245200001,2,1178,1178,0
A_N2_r5,A,2,5,33.14905586199984,2,1184,1184,0
A_N2_r5,A,2,5,33.349434260999715,2,1192,1192,0
A_N2_r5,A,2,5,33.5499275279999,2,1199,1199,0
A_N2_r5,A,2,5,33.75086931199985,2,1206,1206,0
A_N2_r5,A,2,5,33.951431259999936,2,1214,1214,0
A_N2_r5,A,2,5,34.15210781499991,2,1220,1220,0
A_N2_r5,A,2,5,34.35263566799995,2,1227,1227,0
A_N2_r5,A,2,5,34.55288351599984,2,1234,1234,0
A_N2_r5,A,2,5,34.75349645999995,2,1240,1240,0
A_N2_r5,A,2,5,34.954380902999674,2,1247,1247,0
A_N2_r5,A,2,5,35.15506010199988,2,1253,1253,0
A_N2_r5,A,2,5,35.35607481199986,2,1260,1260,0
A_N2_r5,A,2,5,35.55713626199986,2,1267,1267,0
A_N2_r5,A,2,5,35.75796471600006,2,1273,1273,0
A_N2_r5,A,2,5,35.95835653799986,2,1280,1280,0
A_N2_r5,A,2,5,36.158778514000005,2,1287,1287,0
A_N2_r5,A,2,5,36.35991374300011,2,1293,1293,0
A_N2_r5,A,2,5,36.561043060999964,2,1300,1300,0
A_N2_r5,A,2,5,36.76216883200004,2,1306,1306,0
A_N2_r5,A,2,5,36.96356372699984,2,1312,1312,0
A_N2_r5,A,2,5,37.16498130199989,2,1319,1319,0
A_N2_r5,A,2,5,37.36555799400003,2,1326,1326,0
A_N2_r5,A,2,5,37.566208857999754,2,1333,1333,0
A_N2_r5,A,2,5,37.767415351999716,2,1340,1340,0
A_N2_r5,A,2,5,37.96863832700001,2,1348,1348,0
A_N2_r5,A,2,5,38.17040603999976,2,1354,1354,0
A_N2_r5,A,2,5,38.37094168299973,2,1362,1362,0
A_N2_r5,A,2,5,38.57278667399987,2,1370,1370,0
A_N2_r5,A,2,5,38.77324114199973,2,1377,1377,0
A_N2_r5,A,2,5,38.973736065999674,2,1384,1384,0
A_N2_r5,A,2,5,39.17441640099969,2,1391,1391,0
A_N2_r5,A,2,5,39.37539693200006,2,1397,1397,0
A_N2_r5,A,2,5,39.576404422999985,2,1404,1404,0
A_N2_r5,A,2,5,39.77739720699992,2,1411,1411,0
A_N2_r5,A,2,5,39.97826434999979,2,1418,1418,0
A_N2_r5,A,2,5,40.17933727399986,2,1425,1425,0
A_N2_r5,A,2,5,40.37986061999982,2,1432,1432,0
A_N2_r5,A,2,5,40.580979152000054,2,1438,1438,0
A_N2_r5,A,2,5,40.782895887999985,2,1445,1445,0
A_N2_r5,A,2,5,40.983647108999776,2,1452,1452,0
A_N2_r5,A,2,5,41.1838910890001,2,1458,1458,0
A_N2_r5,A,2,5,41.384594166999705,2,1464,1464,0
A_N2_r5,A,2,5,41.58487002899983,2,1472,1472,0
A_N2_r5,A,2,5,41.78595210000003,2,1478,1478,0
A_N2_r5,A,2,5,41.98690834099989,2,1485,1485,0
A_N2_r5,A,2,5,42.189114135999716,2,1491,1491,0
A_N2_r5,A,2,5,42.38939166,2,1498,1498,0
A_N2_r5,A,2,5,42.59069494200003,2,1505,1505,0
A_N2_r5,A,2,5,42.79128342900003,2,1511,1511,0
A_N2_r5,A,2,5,42.99231035399998,2,1517,1517,0
A_N2_r5,A,2,5,43.19286334199978,2,1525,1525,0
A_N2_r5,A,2,5,43.39331065799979,2,1531,1531,0
A_N2_r5,A,2,5,43.593646541,2,1538,1538,0
A_N2_r5,A,2,5,43.79450361999989,2,1546,1546,0
A_N2_r5,A,2,5,43.995608833000006,2,1553,1553,0
A_N2_r5,A,2,5,44.19641741699979,2,1560,1560,0
A_N2_r5,A,2,5,44.39741749699988,2,1566,1566,0
A_N2_r5,A,2,5,44.59859111800006,2,1574,1574,0
A_N2_r5,A,2,5,44.799282538999705,2,1581,1581,0
A_N2_r5,A,2,5,44.99964413099997,2,1588,1588,0
A_N2_r5,A,2,5,45.20029505299999,2,1595,1595,0
A_N2_r5,A,2,5,45.40049238799975,2,1603,1603,0
A_N2_r5,A,2,5,45.60146627699987,2,1610,1610,0
A_N2_r5,A,2,5,45.802703518999806,2,1616,1616,0
A_N2_r5,A,2,5,46.0033295129997,2,1624,1624,0
A_N2_r5,A,2,5,46.205294242000036,2,1631,1631,0
A_N2_r5,A,2,5,46.40566275399988,2,1638,1638,0
A_N2_r5,A,2,5,46.60692827699995,2,1645,1645,0
A_N2_r5,A,2,5,46.80756536199988,2,1653,1653,0
A_N2_r5,A,2,5,47.007899397000074,2,1660,1660,0
A_N2_r5,A,2,5,47.21008752099988,2,1667,1667,0
A_N2_r5,A,2,5,47.41029438199985,2,1674,1674,0
A_N2_r5,A,2,5,47.61303945899999,2,1681,1681,0
A_N2_r5,A,2,5,47.81388337599992,2,1688,1688,0
A_N2_r5,A,2,5,48.01435615599985,2,1696,1696,0
A_N2_r5,A,2,5,48.2154233870001,2,1703,1703,0
A_N2_r5,A,2,5,48.416632790999756,2,1710,1710,0
A_N2_r5,A,2,5,48.617464151999684,2,1718,1718,0
A_N2_r5,A,2,5,48.81850119699993,2,1725,1725,0
A_N2_r5,A,2,5,49.01918902499983,2,1732,1732,0
A_N2_r5,A,2,5,49.22001273099977,2,1740,1740,0
A_N2_r5,A,2,5,49.42036520600004,2,1747,1747,0
A_N2_r5,A,2,5,49.6207248249998,2,1753,1753,0
A_N2_r5,A,2,5,49.82107796199989,2,1760,1760,0
A_N2_r5,A,2,5,50.02140117399995,2,1767,1767,0
A_N2_r5,A,2,5,50.221997973999805,2,1773,1773,0
A_N2_r5,A,2,5,50.42263119399968,2,1780,1780,0
A_N2_r5,A,2,5,50.623325159999695,2,1787,1787,0
A_N2_r5,A,2,5,50.82440706699981,2,1793,1793,0
A_N2_r5,A,2,5,51.0247203670001,2,1801,1801,0
A_N2_r5,A,2,5,51.225928974,2,1807,1807,0
A_N2_r5,A,2,5,51.42618478099985,2,1815,1815,0
A_N2_r5,A,2,5,51.626802419999876,2,1822,1822,0
A_N2_r5,A,2,5,51.827539475999856,2,1829,1829,0
A_N2_r5,A,2,5,52.02856855099981,2,1837,1837,0
A_N2_r5,A,2,5,52.22940130899997,2,1844,1844,0
A_N2_r5,A,2,5,52.43036363300007,2,1851,1851,0
A_N2_r5,A,2,5,52.630972993999876,2,1858,1858,0
A_N2_r5,A,2,5,52.83133619599994,2,1866,1866,0
A_N2_r5,A,2,5,53.0320773389999,2,1873,1873,0
A_N2_r5,A,2,5,53.23364687100002,2,1880,1880,0
A_N2_r5,A,2,5,53.43405202099984,2,1886,1886,0
A_N2_r5,A,2,5,53.63506941900005,2,1893,1893,0
A_N2_r5,A,2,5,53.83568780499991,2,1900,1900,0
A_N2_r5,A,2,5,54.036141339000096,2,1907,1907,0
A_N2_r5,A,2,5,54.23671490700008,2,1914,1914,0
A_N2_r5,A,2,5,54.43719609999971,2,1921,1921,0
A_N2_r5,A,2,5,54.63913142899992,2,1928,1928,0
A_N2_r5,A,2,5,54.83963974299968,2,1935,1935,0
A_N2_r5,A,2,5,55.0402472679998,2,1941,1941,0
A_N2_r5,A,2,5,55.24100028800012,2,1949,1949,0
A_N2_r5,A,2,5,55.44249904199978,2,1956,1956,0
A_N2_r5,A,2,5,55.6434928409999,2,1963,1963,0
A_N2_r5,A,2,5,55.84385251000003,2,1970,1970,0
A_N2_r5,A,2,5,56.04463838399988,2,1977,1977,0
A_N2_r5,A,2,5,56.245939378,2,1985,1985,0
A_N2_r5,A,2,5,56.44690202599986,2,1993,1993,0
A_N2_r5,A,2,5,56.647721460999946,2,2000,2000,0
A_N2_r5,A,2,5,56.84985811999968,2,2007,2007,0
A_N2_r5,A,2,5,57.05092547000004,2,2015,2015,0
A_N2_r5,A,2,5,57.25115849299982,2,2023,2023,0
A_N2_r5,A,2,5,57.45214619699982,2,2030,2030,0
A_N2_r5,A,2,5,57.653505820999726,2,2038,2038,0
A_N2_r5,A,2,5,57.853848453999944,2,2044,2044,0
A_N2_r5,A,2,5,58.054817723999804,2,2052,2052,0
A_N2_r5,A,2,5,58.255754458999945,2,2059,2059,0
A_N2_r5,A,2,5,58.45725455899992,2,2066,2066,0
A_N2_r5,A,2,5,58.657576098999925,2,2073,2073,0
A_N2_r5,A,2,5,58.85780482199971,2,2081,2081,0
A_N2_r5,A,2,5,59.058473136999964,2,2087,2087,0
A_N2_r5,A,2,5,59.2596260119999,2,2095,2095,0
A_N2_r5,A,2,5,59.460821528999986,2,2102,2102,0
A_N2_r5,A,2,5,59.661862149999706,2,2110,2110,0
A_N2_r5,A,2,5,59.86279056700005,2,2117,2117,0
A_N2_r5,A,2,5,60.06345065300002,0,2124,2124,0
A_N2_r6,A,2,6,0.005956084999979794,0,0,0,0
A_N2_r6,A,2,6,0.20611954900005003,2,6,6,0
A_N2_r6,A,2,6,0.406721589999961,2,12,12,0
A_N2_r6,A,2,6,0.6087846519999403,2,20,20,0
A_N2_r6,A,2,6,0.8091419259999384,2,26,26,0
A_N2_r6,A,2,6,1.0107019930001115,2,33,33,0
A_N2_r6,A,2,6,1.2110682719999204,2,40,40,0
A_N2_r6,A,2,6,1.4120147490002637,2,47,47,0
A_N2_r6,A,2,6,1.6124663519999558,2,54,54,0
A_N2_r6,A,2,6,1.8129903019998892,2,61,61,0
A_N2_r6,A,2,6,2.0141764830000284,2,68,68,0
A_N2_r6,A,2,6,2.2146997400000146,2,74,74,0
A_N2_r6,A,2,6,2.415130741000212,2,80,80,0
A_N2_r6,A,2,6,2.617023573000097,2,87,87,0
A_N2_r6,A,2,6,2.818221087999973,2,94,94,0
A_N2_r6,A,2,6,3.019219780000185,2,100,100,0
A_N2_r6,A,2,6,3.2196301090002635,2,108,108,0
A_N2_r6,A,2,6,3.4202806369999053,2,114,114,0
A_N2_r6,A,2,6,3.622267256000214,2,121,121,0
A_N2_r6,A,2,6,3.822773467999923,2,128,128,0
A_N2_r6,A,2,6,4.023250361000009,2,135,135,0
A_N2_r6,A,2,6,4.224027298000237,2,143,143,0
A_N2_r6,A,2,6,4.425203807999878,2,149,149,0
A_N2_r6,A,2,6,4.626009510000131,2,157,157,0
A_N2_r6,A,2,6,4.82714943100018,2,163,163,0
A_N2_r6,A,2,6,5.027735960999962,2,171,171,0
A_N2_r6,A,2,6,5.228344514000128,2,179,179,0
A_N2_r6,A,2,6,5.428782231000241,2,186,186,0
A_N2_r6,A,2,6,5.62992216900011,2,194,194,0
A_N2_r6,A,2,6,5.830795388000297,2,201,201,0
A_N2_r6,A,2,6,6.0314332440002545,2,208,208,0
A_N2_r6,A,2,6,6.233259320999878,2,214,214,0
A_N2_r6,A,2,6,6.433988582999973,2,222,222,0
A_N2_r6,A,2,6,6.635505128000204,2,229,229,0
A_N2_r6,A,2,6,6.836432778000017,2,236,236,0
A_N2_r6,A,2,6,7.03708242599987,2,243,243,0
A_N2_r6,A,2,6,7.237830309999936,2,250,250,0
A_N2_r6,A,2,6,7.438857740000003,2,258,258,0
A_N2_r6,A,2,6,7.639682671000173,2,265,265,0
A_N2_r6,A,2,6,7.840217079000013,2,272,272,0
A_N2_r6,A,2,6,8.040506855999865,2,279,279,0
A_N2_r6,A,2,6,8.241241713999898,2,286,286,0
A_N2_r6,A,2,6,8.441604500000267,2,293,293,0
A_N2_r6,A,2,6,8.643156679000185,2,300,300,0
A_N2_r6,A,2,6,8.843448691000049,2,307,307,0
A_N2_r6,A,2,6,9.044540427999891,2,314,314,0
A_N2_r6,A,2,6,9.245437613999911,2,321,321,0
A_N2_r6,A,2,6,9.447649028999876,2,328,328,0
A_N2_r6,A,2,6,9.648254478000126,2,335,335,0
A_N2_r6,A,2,6,9.849630859000172,2,343,343,0
A_N2_r6,A,2,6,10.051179105000301,2,350,350,0
A_N2_r6,A,2,6,10.252269908000017,2,357,357,0
A_N2_r6,A,2,6,10.45292518899987,2,365,365,0
A_N2_r6,A,2,6,10.65372924500025,2,372,372,0
A_N2_r6,A,2,6,10.855796102000113,2,381,381,0
A_N2_r6,A,2,6,11.05696412999987,2,389,389,0
A_N2_r6,A,2,6,11.258133010000165,2,397,397,0
A_N2_r6,A,2,6,11.458941712000069,2,406,406,0
A_N2_r6,A,2,6,11.660078961000181,2,412,412,0
A_N2_r6,A,2,6,11.861424489000001,2,420,420,0
A_N2_r6,A,2,6,12.062482374999945,2,426,426,0
A_N2_r6,A,2,6,12.263227041999926,2,434,434,0
A_N2_r6,A,2,6,12.464120453000305,2,442,442,0
A_N2_r6,A,2,6,12.66447166900025,2,449,449,0
A_N2_r6,A,2,6,12.865195777000281,2,457,457,0
A_N2_r6,A,2,6,13.06601241899989,2,463,463,0
A_N2_r6,A,2,6,13.266516945000149,2,471,471,0
A_N2_r6,A,2,6,13.467363373999888,2,477,477,0
A_N2_r6,A,2,6,13.667684478999945,2,483,483,0
A_N2_r6,A,2,6,13.868689862999872,2,490,490,0
A_N2_r6,A,2,6,14.069402624000304,2,497,497,0
A_N2_r6,A,2,6,14.269635679000203,2,503,503,0
A_N2_r6,A,2,6,14.470773492000262,2,511,511,0
A_N2_r6,A,2,6,14.671803650000129,2,517,517,0
A_N2_r6,A,2,6,14.87267311100004,2,524,524,0
A_N2_r6,A,2,6,15.07336883700009,2,531,531,0
A_N2_r6,A,2,6,15.273754912000186,2,538,538,0
A_N2_r6,A,2,6,15.475357410000015,2,545,545,0
A_N2_r6,A,2,6,15.675724888999866,2,551,551,0
A_N2_r6,A,2,6,15.876132617000167,2,558,558,0
A_N2_r6,A,2,6,16.076635072000045,2,564,564,0
A_N2_r6,A,2,6,16.278828175999934,2,573,573,0
A_N2_r6,A,2,6,16.479385164000178,2,580,580,0
A_N2_r6,A,2,6,16.679993561000174,2,587,587,0
A_N2_r6,A,2,6,16.881120449000264,2,594,594,0
A_N2_r6,A,2,6,17.08250594800029,2,601,601,0
A_N2_r6,A,2,6,17.283386993000022,2,608,608,0
A_N2_r6,A,2,6,17.484798803000103,2,615,615,0
A_N2_r6,A,2,6,17.68543512999986,2,623,623,0
A_N2_r6,A,2,6,17.887100375000045,2,630,630,0
A_N2_r6,A,2,6,18.087438360000306,2,638,638,0
A_N2_r6,A,2,6,18.28783655999996,2,645,645,0
A_N2_r6,A,2,6,18.48841703900007,2,651,651,0
A_N2_r6,A,2,6,18.68876658599993,2,659,659,0
A_N2_r6,A,2,6,18.890939748000164,2,666,666,0
A_N2_r6,A,2,6,19.092780161000064,2,674,674,0
A_N2_r6,A,2,6,19.293247360999885,2,682,682,0
A_N2_r6,A,2,6,19.49355096699992,2,689,689,0
A_N2_r6,A,2,6,19.694671044000188,2,697,697,0
A_N2_r6,A,2,6,19.895489205000104,2,705,705,0
A_N2_r6,A,2,6,20.096682219000286,2,713,713,0
A_N2_r6,A,2,6,20.29763991200025,2,721,721,0
A_N2_r6,A,2,6,20.49900399299986,2,729,729,0
A_N2_r6,A,2,6,20.700255348000155,2,737,737,0
A_N2_r6,A,2,6,20.901333373999933,2,745,745,0
A_N2_r6,A,2,6,21.101786962000006,2,753,753,0
A_N2_r6,A,2,6,21.30276624399994,2,762,762,0
A_N2_r6,A,2,6,21.504574240000238,2,770,770,0
A_N2_r6,A,2,6,21.70497597900021,2,778,778,0
A_N2_r6,A,2,6,21.906005049000214,2,786,786,0
A_N2_r6,A,2,6,22.106372559000192,2,794,794,0
A_N2_r6,A,2,6,22.307514860000083,2,801,801,0
A_N2_r6,A,2,6,22.50822317200027,2,809,809,0
A_N2_r6,A,2,6,22.70931386500024,2,817,817,0
A_N2_r6,A,2,6,22.90986489900024,2,825,825,0
A_N2_r6,A,2,6,23.11040868400005,2,832,832,0
A_N2_r6,A,2,6,23.311459667000236,2,840,840,0
A_N2_r6,A,2,6,23.512024021999878,2,848,848,0
A_N2_r6,A,2,6,23.712751297000068,2,856,856,0
A_N2_r6,A,2,6,23.91402479899989,2,864,864,0
A_N2_r6,A,2,6,24.11492417999989,2,872,872,0
A_N2_r6,A,2,6,24.315241068999967,2,879,879,0
A_N2_r6,A,2,6,24.51598061499999,2,887,887,0
A_N2_r6,A,2,6,24.716181662000054,2,895,895,0
A_N2_r6,A,2,6,24.917210373000216,2,903,903,0
A_N2_r6,A,2,6,25.11813979899989,2,911,911,0
A_N2_r6,A,2,6,25.31864191900013,2,919,919,0
A_N2_r6,A,2,6,25.519517312000062,2,927,927,0
A_N2_r6,A,2,6,25.720255712999915,2,935,935,0
A_N2_r6,A,2,6,25.920338495000124,2,944,944,0
A_N2_r6,A,2,6,26.121190611000202,2,951,951,0
A_N2_r6,A,2,6,26.32176472600031,2,958,958,0
A_N2_r6,A,2,6,26.522214883000288,2,966,966,0
A_N2_r6,A,2,6,26.723072579000018,2,973,973,0
A_N2_r6,A,2,6,26.92420845000015,2,980,980,0
A_N2_r6,A,2,6,27.124964869999985,2,988,988,0
A_N2_r6,A,2,6,27.3255729360003,2,995,995,0
A_N2_r6,A,2,6,27.526235025999995,2,1003,1003,0
A_N2_r6,A,2,6,27.727283484000054,2,1010,1010,0
A_N2_r6,A,2,6,27.92845328700014,2,1018,1018,0
A_N2_r6,A,2,6,28.129096608000054,2,1026,1026,0
A_N2_r6,A,2,6,28.330764806999923,2,1033,1033,0
A_N2_r6,A,2,6,28.53190921600026,2,1041,1041,0
A_N2_r6,A,2,6,28.733299374000126,2,1048,1048,0
A_N2_r6,A,2,6,28.933887702999982,2,1055,1055,0
A_N2_r6,A,2,6,29.134321,2,1063,1063,0
A_N2_r6,A,2,6,29.33484681400023,2,1070,1070,0
A_N2_r6,A,2,6,29.536850179999874,2,1078,1078,0
A_N2_r6,A,2,6,29.737908961999892,2,1085,1085,0
A_N2_r6,A,2,6,29.93915662900008,2,1093,1093,0
A_N2_r6,A,2,6,30.13979622700026,2,1100,1100,0
A_N2_r6,A,2,6,30.34098895199986,2,1107,1107,0
A_N2_r6,A,2,6,30.5419402360003,2,1115,1115,0
A_N2_r6,A,2,6,30.74277993600026,2,1122,1122,0
A_N2_r6,A,2,6,30.943582500000048,2,1130,1130,0
A_N2_r6,A,2,6,31.143925438000224,2,1137,1137,0
A_N2_r6,A,2,6,31.34511116700014,2,1145,1145,0
A_N2_r6,A,2,6,31.545543636000275,2,1152,1152,0
A_N2_r6,A,2,6,31.746152082000208,2,1160,1160,0
A_N2_r6,A,2,6,31.947067297000103,2,1168,1168,0
A_N2_r6,A,2,6,32.14744335500018,2,1176,1176,0
A_N2_r6,A,2,6,32.34864000200014,2,1184,1184,0
A_N2_r6,A,2,6,32.54963618600004,2,1191,1191,0
A_N2_r6,A,2,6,32.75087713699986,2,1199,1199,0
A_N2_r6,A,2,6,32.95119112100019,2,1207,1207,0
A_N2_r6,A,2,6,33.15190282799995,2,1213,1213,0
A_N2_r6,A,2,6,33.35264475200029,2,1221,1221,0
A_N2_r6,A,2,6,33.55306526300001,2,1228,1228,0
A_N2_r6,A,2,6,33.753563271000075,2,1234,1234,0
A_N2_r6,A,2,6,33.95474171400019,2,1242,1242,0
A_N2_r6,A,2,6,34.155334520999986,2,1250,1250,0
A_N2_r6,A,2,6,34.35644425600003,2,1258,1258,0
A_N2_r6,A,2,6,34.556645975000265,2,1266,1266,0
A_N2_r6,A,2,6,34.757025524000255,2,1274,1274,0
A_N2_r6,A,2,6,34.957850579000024,2,1282,1282,0
A_N2_r6,A,2,6,35.158940251999866,2,1290,1290,0
A_N2_r6,A,2,6,35.35971297900005,2,1297,1297,0
A_N2_r6,A,2,6,35.56010620100005,2,1304,1304,0
A_N2_r6,A,2,6,35.76092453599995,2,1312,1312,0
A_N2_r6,A,2,6,35.9619225790002,2,1320,1320,0
A_N2_r6,A,2,6,36.1622223899999,2,1328,1328,0
A_N2_r6,A,2,6,36.36228434500026,2,1336,1336,0
A_N2_r6,A,2,6,36.56341754899995,2,1342,1342,0
A_N2_r6,A,2,6,36.764608022000175,2,1348,1348,0
A_N2_r6,A,2,6,36.9648869560001,2,1356,1356,0
A_N2_r6,A,2,6,37.165564815999915,2,1363,1363,0
A_N2_r6,A,2,6,37.366612653000175,2,1370,1370,0
A_N2_r6,A,2,6,37.56714665900017,2,1377,1377,0
A_N2_r6,A,2,6,37.767742632000136,2,1384,1384,0
A_N2_r6,A,2,6,37.9682390400003,2,1390,1390,0
A_N2_r6,A,2,6,38.16897520800012,2,1398,1398,0
A_N2_r6,A,2,6,38.3699219680002,2,1405,1405,0
A_N2_r6,A,2,6,38.57183850299998,2,1412,1412,0
A_N2_r6,A,2,6,38.773321128000134,2,1420,1420,0
A_N2_r6,A,2,6,38.97352115600006,2,1427,1427,0
A_N2_r6,A,2,6,39.17413260300009,2,1434,1434,0
A_N2_r6,A,2,6,39.37500445700016,2,1441,1441,0
A_N2_r6,A,2,6,39.5753646940002,2,1448,1448,0
A_N2_r6,A,2,6,39.776367217999905,2,1455,1455,0
A_N2_r6,A,2,6,39.9774109949999,2,1463,1463,0
A_N2_r6,A,2,6,40.17787168099994,2,1469,1469,0
A_N2_r6,A,2,6,40.37894069899994,2,1476,1476,0
A_N2_r6,A,2,6,40.57951852799988,2,1484,1484,0
A_N2_r6,A,2,6,40.779853743999865,2,1491,1491,0
A_N2_r6,A,2,6,40.98010240900021,2,1498,1498,0
A_N2_r6,A,2,6,41.18098419600028,2,1504,1504,0
A_N2_r6,A,2,6,41.38181316200007,2,1512,1512,0
A_N2_r6,A,2,6,41.58258672300008,2,1518,1518,0
A_N2_r6,A,2,6,41.78483560299992,2,1526,1526,0
A_N2_r6,A,2,6,41.985782178000136,2,1533,1533,0
A_N2_r6,A,2,6,42.186774372999935,2,1540,1540,0
A_N2_r6,A,2,6,42.3871119370001,2,1548,1548,0
A_N2_r6,A,2,6,42.588155139000264,2,1554,1554,0
A_N2_r6,A,2,6,42.78860139000017,2,1562,1562,0
A_N2_r6,A,2,6,42.98928203500009,2,1569,1569,0
A_N2_r6,A,2,6,43.18985687900022,2,1577,1577,0
A_N2_r6,A,2,6,43.39080598800001,2,1584,1584,0
A_N2_r6,A,2,6,43.59122295999987,2,1591,1591,0
A_N2_r6,A,2,6,43.791859492000185,2,1599,1599,0
A_N2_r6,A,2,6,43.99329373299997,2,1607,1607,0
A_N2_r6,A,2,6,44.19374198200012,2,1615,1615,0
A_N2_r6,A,2,6,44.39609480099989,2,1623,1623,0
A_N2_r6,A,2,6,44.596343327999875,2,1629,1629,0
A_N2_r6,A,2,6,44.796933077000176,2,1636,1636,0
A_N2_r6,A,2,6,44.997992458000226,2,1644,1644,0
A_N2_r6,A,2,6,45.19870264400015,2,1651,1651,0
A_N2_r6,A,2,6,45.399757329000295,2,1658,1658,0
A_N2_r6,A,2,6,45.60007028500013,2,1664,1664,0
A_N2_r6,A,2,6,45.80129318099989,2,1672,1672,0
A_N2_r6,A,2,6,46.00163039000017,2,1679,1679,0
A_N2_r6,A,2,6,46.20346668499997,2,1686,1686,0
A_N2_r6,A,2,6,46.40448033800021,2,1693,1693,0
A_N2_r6,A,2,6,46.60560144600004,2,1701,1701,0
A_N2_r6,A,2,6,46.80617752199987,2,1708,1708,0
A_N2_r6,A,2,6,47.00704489000009,2,1715,1715,0
A_N2_r6,A,2,6,47.20919794800011,2,1721,1721,0
A_N2_r6,A,2,6,47.40979885800016,2,1728,1728,0
A_N2_r6,A,2,6,47.61011571600011,2,1736,1736,0
A_N2_r6,A,2,6,47.811180182000044,2,1742,1742,0
A_N2_r6,A,2,6,48.011897881000095,2,1749,1749,0
A_N2_r6,A,2,6,48.212647211999865,2,1756,1756,0
A_N2_r6,A,2,6,48.41443822400015,2,1763,1763,0
A_N2_r6,A,2,6,48.61469936100002,2,1770,1770,0
A_N2_r6,A,2,6,48.814959527000156,2,1776,1776,0
A_N2_r6,A,2,6,49.01606010400019,2,1783,1783,0
A_N2_r6,A,2,6,49.21669607500007,2,1790,1790,0
A_N2_r6,A,2,6,49.41713597099988,2,1797,1797,0
A_N2_r6,A,2,6,49.618228934999934,2,1804,1804,0
A_N2_r6,A,2,6,49.81917560900001,2,1810,1810,0
A_N2_r6,A,2,6,50.01944201900005,2,1817,1817,0
A_N2_r6,A,2,6,50.220545290000246,2,1824,1824,0
A_N2_r6,A,2,6,50.42141290900008,2,1832,1832,0
A_N2_r6,A,2,6,50.62221376100024,2,1840,1840,0
A_N2_r6,A,2,6,50.822703359000116,2,1846,1846,0
A_N2_r6,A,2,6,51.02401788899988,2,1853,1853,0
A_N2_r6,A,2,6,51.22446498199997,2,1860,1860,0
A_N2_r6,A,2,6,51.42596717200013,2,1867,1867,0
A_N2_r6,A,2,6,51.6270962880003,2,1875,1875,0
A_N2_r6,A,2,6,51.82802632399989,2,1883,1883,0
A_N2_r6,A,2,6,52.02871552500028,2,1891,1891,0
A_N2_r6,A,2,6,52.23049891900018,2,1898,1898,0
A_N2_r6,A,2,6,52.43156393900017,2,1906,1906,0
A_N2_r6,A,2,6,52.63200384399988,2,1914,1914,0
A_N2_r6,A,2,6,52.832976747999965,2,1922,1922,0
A_N2_r6,A,2,6,53.033984846000294,2,1929,1929,0
A_N2_r6,A,2,6,53.23476621999998,2,1937,1937,0
A_N2_r6,A,2,6,53.43578107100029,2,1945,1945,0
A_N2_r6,A,2,6,53.63666602400008,2,1953,1953,0
A_N2_r6,A,2,6,53.8368697840001,2,1961,1961,0
A_N2_r6,A,2,6,54.03835384800004,2,1969,1969,0
A_N2_r6,A,2,6,54.23863329000005,2,1977,1977,0
A_N2_r6,A,2,6,54.44026337300011,2,1984,1984,0
A_N2_r6,A,2,6,54.64106086499987,2,1992,1992,0
A_N2_r6,A,2,6,54.84176367600003,2,1999,1999,0
A_N2_r6,A,2,6,55.04339664100007,2,2007,2007,0
A_N2_r6,A,2,6,55.24378530800004,2,2014,2014,0
A_N2_r6,A,2,6,55.44485615800022,2,2022,2022,0
A_N2_r6,A,2,6,55.64544885500027,2,2029,2029,0
A_N2_r6,A,2,6,55.84710203900022,2,2036,2036,0
A_N2_r6,A,2,6,56.04741868600013,2,2044,2044,0
A_N2_r6,A,2,6,56.24850291800021,2,2052,2052,0
A_N2_r6,A,2,6,56.44877703200018,2,2060,2060,0
A_N2_r6,A,2,6,56.64973306999991,2,2068,2068,0
A_N2_r6,A,2,6,56.85001338600023,2,2075,2075,0
A_N2_r6,A,2,6,57.05034050799986,2,2081,2081,0
A_N2_r6,A,2,6,57.250994294000066,2,2088,2088,0
A_N2_r6,A,2,6,57.4517557260001,2,2095,2095,0
A_N2_r6,A,2,6,57.65289837699993,2,2102,2102,0
A_N2_r6,A,2,6,57.85452279900028,2,2108,2108,0
A_N2_r6,A,2,6,58.05488156699994,2,2116,2116,0
A_N2_r6,A,2,6,58.25547107700004,2,2122,2122,0
A_N2_r6,A,2,6,58.45663187900027,2,2130,2130,0
A_N2_r6,A,2,6,58.65693686500026,2,2138,2138,0
A_N2_r6,A,2,6,58.8587708340001,2,2145,2145,0
A_N2_r6,A,2,6,59.05969475000029,2,2153,2153,0
A_N2_r6,A,2,6,59.2615256590002,2,2161,2161,0
A_N2_r6,A,2,6,59.462047686000005,2,2167,2167,0
A_N2_r6,A,2,6,59.6623037950003,2,2175,2175,0
A_N2_r6,A,2,6,59.862770877,2,2182,2182,0
A_N2_r6,A,2,6,60.06334585200011,0,2189,2189,0
A_N2_r7,A,2,7,0.005008755999824643,0,0,0,0
A_N2_r7,A,2,7,0.20570166599964068,2,6,6,0
A_N2_r7,A,2,7,0.40630931299983786,2,12,12,0
A_N2_r7,A,2,7,0.6074824809998063,2,18,18,0
A_N2_r7,A,2,7,0.8082824799998889,2,26,26,0
A_N2_r7,A,2,7,1.0088320819995715,2,34,34,0
A_N2_r7,A,2,7,1.2090815999999904,2,41,41,0
A_N2_r7,A,2,7,1.4099234010000146,2,49,49,0
A_N2_r7,A,2,7,1.610102815999653,2,56,56,0
A_N2_r7,A,2,7,1.8108458919996337,2,63,63,0
A_N2_r7,A,2,7,2.012302785999964,2,71,71,0
A_N2_r7,A,2,7,2.213311491999775,2,78,78,0
A_N2_r7,A,2,7,2.413682738999796,2,86,86,0
A_N2_r7,A,2,7,2.6140954659999807,2,93,93,0
A_N2_r7,A,2,7,2.815205008999783,2,100,100,0
A_N2_r7,A,2,7,3.017117569999755,2,108,108,0
A_N2_r7,A,2,7,3.218334820999644,2,115,115,0
A_N2_r7,A,2,7,3.4187064259999715,2,122,122,0
A_N2_r7,A,2,7,3.6196526489998178,2,130,130,0
A_N2_r7,A,2,7,3.8200795029997607,2,138,138,0
A_N2_r7,A,2,7,4.023180852999758,2,146,146,0
A_N2_r7,A,2,7,4.226130021999779,2,153,153,0
A_N2_r7,A,2,7,4.427309586999854,2,161,161,0
A_N2_r7,A,2,7,4.628219556999738,2,168,168,0
A_N2_r7,A,2,7,4.830138309999711,2,175,175,0
A_N2_r7,A,2,7,5.0310750979997465,2,183,183,0
A_N2_r7,A,2,7,5.231659190999835,2,191,191,0
A_N2_r7,A,2,7,5.432300423000015,2,199,199,0
A_N2_r7,A,2,7,5.633035233999635,2,207,207,0
A_N2_r7,A,2,7,5.833278509999673,2,216,216,0
A_N2_r7,A,2,7,6.035360923999633,2,222,222,0
A_N2_r7,A,2,7,6.236029424999742,2,230,230,0
A_N2_r7,A,2,7,6.437548360999699,2,237,237,0
A_N2_r7,A,2,7,6.638808793999942,2,245,245,0
A_N2_r7,A,2,7,6.839260635999835,2,252,252,0
A_N2_r7,A,2,7,7.0394305789996,2,260,260,0
A_N2_r7,A,2,7,7.240625952999835,2,267,267,0
A_N2_r7,A,2,7,7.441592479999599,2,275,275,0
A_N2_r7,A,2,7,7.6419993959998465,2,283,283,0
A_N2_r7,A,2,7,7.843059025000002,2,290,290,0
A_N2_r7,A,2,7,8.043754980999893,2,297,297,0
A_N2_r7,A,2,7,8.244378407999648,2,305,305,0
A_N2_r7,A,2,7,8.444682983999883,2,311,311,0
A_N2_r7,A,2,7,8.645159169999715,2,319,319,0
A_N2_r7,A,2,7,8.846301251999648,2,327,327,0
A_N2_r7,A,2,7,9.04769858499958,2,334,334,0
A_N2_r7,A,2,7,9.248578017,2,341,341,0
A_N2_r7,A,2,7,9.448828636999679,2,349,349,0
A_N2_r7,A,2,7,9.649441219999972,2,355,355,0
A_N2_r7,A,2,7,9.850149338999927,2,361,361,0
A_N2_r7,A,2,7,10.050352944999759,2,368,368,0
A_N2_r7,A,2,7,10.251497699999618,2,375,375,0
A_N2_r7,A,2,7,10.452553555999657,2,383,383,0
A_N2_r7,A,2,7,10.653061092999906,2,391,391,0
A_N2_r7,A,2,7,10.854123655999956,2,398,398,0
A_N2_r7,A,2,7,11.054405477999808,2,406,406,0
A_N2_r7,A,2,7,11.255874739999854,2,413,413,0
A_N2_r7,A,2,7,11.45618240099975,2,420,420,0
A_N2_r7,A,2,7,11.657326010999896,2,428,428,0
A_N2_r7,A,2,7,11.858060182999907,2,435,435,0
A_N2_r7,A,2,7,12.058692489999885,2,443,443,0
A_N2_r7,A,2,7,12.260468444999788,2,451,451,0
A_N2_r7,A,2,7,12.461098217999734,2,457,457,0
A_N2_r7,A,2,7,12.661587231999874,2,464,464,0
A_N2_r7,A,2,7,12.863001230000009,2,471,471,0
A_N2_r7,A,2,7,13.063331074999951,2,478,478,0
A_N2_r7,A,2,7,13.264030056999673,2,484,484,0
A_N2_r7,A,2,7,13.464898030999848,2,492,492,0
A_N2_r7,A,2,7,13.665591351999865,2,498,498,0
A_N2_r7,A,2,7,13.865943544999936,2,506,506,0
A_N2_r7,A,2,7,14.0662436599996,2,514,514,0
A_N2_r7,A,2,7,14.26653129999977,2,522,522,0
A_N2_r7,A,2,7,14.4676133199996,2,529,529,0
A_N2_r7,A,2,7,14.668740796999828,2,536,536,0
A_N2_r7,A,2,7,14.869505333999768,2,542,542,0
A_N2_r7,A,2,7,15.070040714999777,2,550,550,0
A_N2_r7,A,2,7,15.270450484999856,2,558,558,0
A_N2_r7,A,2,7,15.471368025999709,2,565,565,0
A_N2_r7,A,2,7,15.673045540999738,2,571,571,0
A_N2_r7,A,2,7,15.873605193000003,2,578,578,0
A_N2_r7,A,2,7,16.073971334999896,2,585,585,0
A_N2_r7,A,2,7,16.274862671999927,2,593,593,0
A_N2_r7,A,2,7,16.475220369,2,600,600,0
A_N2_r7,A,2,7,16.676357775999804,2,606,606,0
A_N2_r7,A,2,7,16.877053814999726,2,613,613,0
A_N2_r7,A,2,7,17.0781353819998,2,619,619,0
A_N2_r7,A,2,7,17.278492041999925,2,627,627,0
A_N2_r7,A,2,7,17.479639845999827,2,633,633,0
A_N2_r7,A,2,7,17.680085856999995,2,641,641,0
A_N2_r7,A,2,7,17.881181064999964,2,648,648,0
A_N2_r7,A,2,7,18.082134161999875,2,655,655,0
A_N2_r7,A,2,7,18.28311475199962,2,662,662,0
A_N2_r7,A,2,7,18.48433232399975,2,670,670,0
A_N2_r7,A,2,7,18.685486685999876,2,677,677,0
A_N2_r7,A,2,7,18.88573889899999,2,685,685,0
A_N2_r7,A,2,7,19.086955353999656,2,692,692,0
A_N2_r7,A,2,7,19.287492321999707,2,700,700,0
A_N2_r7,A,2,7,19.488131162999707,2,707,707,0
A_N2_r7,A,2,7,19.689265191999766,2,715,715,0
A_N2_r7,A,2,7,19.890606512999966,2,723,723,0
A_N2_r7,A,2,7,20.09205284499967,2,731,731,0
A_N2_r7,A,2,7,20.29301846699991,2,738,738,0
A_N2_r7,A,2,7,20.494123125999977,2,745,745,0
A_N2_r7,A,2,7,20.694743196999752,2,753,753,0
A_N2_r7,A,2,7,20.895239948999915,2,759,759,0
A_N2_r7,A,2,7,21.095944116999817,2,767,767,0
A_N2_r7,A,2,7,21.29713465499981,2,773,773,0
A_N2_r7,A,2,7,21.497580749999997,2,779,779,0
A_N2_r7,A,2,7,21.698105334999582,2,787,787,0
A_N2_r7,A,2,7,21.90014388099962,2,795,795,0
A_N2_r7,A,2,7,22.100998372999584,2,804,804,0
A_N2_r7,A,2,7,22.301729067999986,2,811,811,0
A_N2_r7,A,2,7,22.502897628999563,2,818,818,0
A_N2_r7,A,2,7,22.70327607099989,2,824,824,0
A_N2_r7,A,2,7,22.904054983999686,2,832,832,0
A_N2_r7,A,2,7,23.10520937399997,2,840,840,0
A_N2_r7,A,2,7,23.305476888999692,2,847,847,0
A_N2_r7,A,2,7,23.505961298999864,2,855,855,0
A_N2_r7,A,2,7,23.70683025399967,2,861,861,0
A_N2_r7,A,2,7,23.90843907999988,2,869,869,0
A_N2_r7,A,2,7,24.1089319609996,2,877,877,0
A_N2_r7,A,2,7,24.30947494799966,2,885,885,0
A_N2_r7,A,2,7,24.511403455999698,2,894,894,0
A_N2_r7,A,2,7,24.71270367199986,2,902,902,0
A_N2_r7,A,2,7,24.91468879299964,2,909,909,0
A_N2_r7,A,2,7,25.115185196999846,2,917,917,0
A_N2_r7,A,2,7,25.31590764299972,2,925,925,0
A_N2_r7,A,2,7,25.51696914799959,2,931,931,0
A_N2_r7,A,2,7,25.718896929999573,2,939,939,0
A_N2_r7,A,2,7,25.919842007999705,2,947,947,0
A_N2_r7,A,2,7,26.120075043999805,2,954,954,0
A_N2_r7,A,2,7,26.320770885,2,962,962,0
A_N2_r7,A,2,7,26.521578960999705,2,969,969,0
A_N2_r7,A,2,7,26.7232984999996,2,978,978,0
A_N2_r7,A,2,7,26.9236524629996,2,985,985,0
A_N2_r7,A,2,7,27.124524736999774,2,993,993,0
A_N2_r7,A,2,7,27.32578884099985,2,1000,1000,0
A_N2_r7,A,2,7,27.526210351999907,2,1008,1008,0
A_N2_r7,A,2,7,27.726516834999984,2,1016,1016,0
A_N2_r7,A,2,7,27.92674968199981,2,1023,1023,0
A_N2_r7,A,2,7,28.127194964999944,2,1030,1030,0
A_N2_r7,A,2,7,28.32753565799976,2,1038,1038,0
A_N2_r7,A,2,7,28.52793381099991,2,1046,1046,0
A_N2_r7,A,2,7,28.728656284999943,2,1053,1053,0
A_N2_r7,A,2,7,28.929308880999997,2,1061,1061,0
A_N2_r7,A,2,7,29.130865314999937,2,1068,1068,0
A_N2_r7,A,2,7,29.331586690999757,2,1076,1076,0
A_N2_r7,A,2,7,29.532546754999657,2,1083,1083,0
A_N2_r7,A,2,7,29.732887794999897,2,1091,1091,0
A_N2_r7,A,2,7,29.933461093999995,2,1097,1097,0
A_N2_r7,A,2,7,30.134016879999763,2,1105,1105,0
A_N2_r7,A,2,7,30.334791032999874,2,1112,1112,0
A_N2_r7,A,2,7,30.536308177999672,2,1120,1120,0
A_N2_r7,A,2,7,30.73669029299981,2,1128,1128,0
A_N2_r7,A,2,7,30.936984753999695,2,1135,1135,0
A_N2_r7,A,2,7,31.137745537999763,2,1142,1142,0
A_N2_r7,A,2,7,31.338456935999602,2,1150,1150,0
A_N2_r7,A,2,7,31.539235443999587,2,1158,1158,0
A_N2_r7,A,2,7,31.73987256199962,2,1164,1164,0
A_N2_r7,A,2,7,31.940806751999844,2,1171,1171,0
A_N2_r7,A,2,7,32.143005941999945,2,1178,1178,0
A_N2_r7,A,2,7,32.343302843999936,2,1185,1185,0
A_N2_r7,A,2,7,32.544364738999775,2,1192,1192,0
A_N2_r7,A,2,7,32.745440180999594,2,1199,1199,0
A_N2_r7,A,2,7,32.945730985999944,2,1206,1206,0
A_N2_r7,A,2,7,33.14664157699963,2,1213,1213,0
A_N2_r7,A,2,7,33.34758576299964,2,1220,1220,0
A_N2_r7,A,2,7,33.548507675999645,2,1227,1227,0
A_N2_r7,A,2,7,33.749423296999794,2,1234,1234,0
A_N2_r7,A,2,7,33.95141316899981,2,1240,1240,0
A_N2_r7,A,2,7,34.15248512399967,2,1248,1248,0
A_N2_r7,A,2,7,34.35358021299999,2,1254,1254,0
A_N2_r7,A,2,7,34.554569028999595,2,1261,1261,0
A_N2_r7,A,2,7,34.75488236499996,2,1268,1268,0
A_N2_r7,A,2,7,34.95540181899969,2,1276,1276,0
A_N2_r7,A,2,7,35.15625641299994,2,1282,1282,0
A_N2_r7,A,2,7,35.35684335699989,2,1290,1290,0
A_N2_r7,A,2,7,35.55788583099957,2,1297,1297,0
A_N2_r7,A,2,7,35.758661736999784,2,1305,1305,0
A_N2_r7,A,2,7,35.95972501599999,2,1312,1312,0
A_N2_r7,A,2,7,36.16013353399967,2,1319,1319,0
A_N2_r7,A,2,7,36.36076433599965,2,1327,1327,0
A_N2_r7,A,2,7,36.562530559999686,2,1335,1335,0
A_N2_r7,A,2,7,36.764085902999796,2,1342,1342,0
A_N2_r7,A,2,7,36.96457252499977,2,1349,1349,0
A_N2_r7,A,2,7,37.164927364999585,2,1357,1357,0
A_N2_r7,A,2,7,37.36563830599971,2,1365,1365,0
A_N2_r7,A,2,7,37.566372270999636,2,1372,1372,0
A_N2_r7,A,2,7,37.76733588699972,2,1380,1380,0
A_N2_r7,A,2,7,37.96884362799983,2,1387,1387,0
A_N2_r7,A,2,7,38.169275169999764,2,1395,1395,0
A_N2_r7,A,2,7,38.37007959499988,2,1402,1402,0
A_N2_r7,A,2,7,38.5717609379999,2,1409,1409,0
A_N2_r7,A,2,7,38.77219358399998,2,1417,1417,0
A_N2_r7,A,2,7,38.974425806,2,1424,1424,0
A_N2_r7,A,2,7,39.1748498689999,2,1432,1432,0
A_N2_r7,A,2,7,39.37584238999989,2,1439,1439,0
A_N2_r7,A,2,7,39.57656618599958,2,1447,1447,0
A_N2_r7,A,2,7,39.77730518399994,2,1454,1454,0
A_N2_r7,A,2,7,39.97807194799998,2,1461,1461,0
A_N2_r7,A,2,7,40.178650731999824,2,1469,1469,0
A_N2_r7,A,2,7,40.379475135999655,2,1477,1477,0
A_N2_r7,A,2,7,40.580040775999805,2,1485,1485,0
A_N2_r7,A,2,7,40.780499833999784,2,1492,1492,0
A_N2_r7,A,2,7,40.9826958069998,2,1499,1499,0
A_N2_r7,A,2,7,41.183009088999825,2,1507,1507,0
A_N2_r7,A,2,7,41.383649246000004,2,1513,1513,0
A_N2_r7,A,2,7,41.58413731199971,2,1520,1520,0
A_N2_r7,A,2,7,41.7850975639999,2,1528,1528,0
A_N2_r7,A,2,7,41.985355634999905,2,1534,1534,0
A_N2_r7,A,2,7,42.187268001999655,2,1542,1542,0
A_N2_r7,A,2,7,42.387740673999815,2,1549,1549,0
A_N2_r7,A,2,7,42.5882748439999,2,1556,1556,0
A_N2_r7,A,2,7,42.7891413819998,2,1563,1563,0
A_N2_r7,A,2,7,42.989886802,2,1570,1570,0
A_N2_r7,A,2,7,43.19096951599977,2,1576,1576,0
A_N2_r7,A,2,7,43.39237190199992,2,1584,1584,0
A_N2_r7,A,2,7,43.592817276999995,2,1590,1590,0
A_N2_r7,A,2,7,43.79339818499966,2,1596,1596,0
A_N2_r7,A,2,7,43.9936941699998,2,1604,1604,0
A_N2_r7,A,2,7,44.19533215199999,2,1611,1611,0
A_N2_r7,A,2,7,44.39565968699981,2,1618,1618,0
A_N2_r7,A,2,7,44.59658453499969,2,1626,1626,0
A_N2_r7,A,2,7,44.797713024999666,2,1633,1633,0
A_N2_r7,A,2,7,44.99878844599971,2,1640,1640,0
A_N2_r7,A,2,7,45.199274558999605,2,1649,1649,0
A_N2_r7,A,2,7,45.400409574999685,2,1655,1655,0
A_N2_r7,A,2,7,45.60144795499991,2,1663,1663,0
A_N2_r7,A,2,7,45.8025529749998,2,1671,1671,0
A_N2_r7,A,2,7,46.00469949099988,2,1679,1679,0
A_N2_r7,A,2,7,46.20487667899988,2,1687,1687,0
A_N2_r7,A,2,7,46.405167594999966,2,1693,1693,0
A_N2_r7,A,2,7,46.60543448399994,2,1701,1701,0
A_N2_r7,A,2,7,46.806305231999886,2,1708,1708,0
A_N2_r7,A,2,7,47.00692098399986,2,1716,1716,0
A_N2_r7,A,2,7,47.20792179299997,2,1724,1724,0
A_N2_r7,A,2,7,47.408957328999804,2,1731,1731,0
A_N2_r7,A,2,7,47.60941462799974,2,1739,1739,0
A_N2_r7,A,2,7,47.810532814,2,1746,1746,0
A_N2_r7,A,2,7,48.01158771199971,2,1754,1754,0
A_N2_r7,A,2,7,48.2121150199996,2,1762,1762,0
A_N2_r7,A,2,7,48.41283301299973,2,1769,1769,0
A_N2_r7,A,2,7,48.61323325799958,2,1777,1777,0
A_N2_r7,A,2,7,48.81356380299985,2,1785,1785,0
A_N2_r7,A,2,7,49.01467486399997,2,1792,1792,0
A_N2_r7,A,2,7,49.215695049999795,2,1801,1801,0
A_N2_r7,A,2,7,49.41672872199979,2,1808,1808,0
A_N2_r7,A,2,7,49.61710730099958,2,1816,1816,0
A_N2_r7,A,2,7,49.818099738,2,1824,1824,0
A_N2_r7,A,2,7,50.01883772999963,2,1832,1832,0
A_N2_r7,A,2,7,50.21942007399957,2,1839,1839,0
A_N2_r7,A,2,7,50.419939346999854,2,1847,1847,0
A_N2_r7,A,2,7,50.62040898499981,2,1855,1855,0
A_N2_r7,A,2,7,50.8210063409997,2,1863,1863,0
A_N2_r7,A,2,7,51.02128469899981,2,1871,1871,0
A_N2_r7,A,2,7,51.221936470999935,2,1878,1878,0
A_N2_r7,A,2,7,51.42287102399996,2,1886,1886,0
A_N2_r7,A,2,7,51.62383768799964,2,1893,1893,0
A_N2_r7,A,2,7,51.82411872399962,2,1900,1900,0
A_N2_r7,A,2,7,52.024996602999636,2,1906,1906,0
A_N2_r7,A,2,7,52.226917469,2,1914,1914,0
A_N2_r7,A,2,7,52.427360205999776,2,1922,1922,0
A_N2_r7,A,2,7,52.62771349199966,2,1930,1930,0
A_N2_r7,A,2,7,52.82790901899989,2,1938,1938,0
A_N2_r7,A,2,7,53.028392939999776,2,1946,1946,0
A_N2_r7,A,2,7,53.229566450999755,2,1953,1953,0
A_N2_r7,A,2,7,53.43121984899972,2,1960,1960,0
A_N2_r7,A,2,7,53.63143713999989,2,1968,1968,0
A_N2_r7,A,2,7,53.83355638399962,2,1974,1974,0
A_N2_r7,A,2,7,54.03438794499971,2,1981,1981,0
A_N2_r7,A,2,7,54.23481200699962,2,1989,1989,0
A_N2_r7,A,2,7,54.435752717000014,2,1995,1995,0
A_N2_r7,A,2,7,54.636416887999985,2,2001,2001,0
A_N2_r7,A,2,7,54.83758095799976,2,2008,2008,0
A_N2_r7,A,2,7,55.038646082000014,2,2015,2015,0
A_N2_r7,A,2,7,55.23919200099999,2,2022,2022,0
A_N2_r7,A,2,7,55.43980457899988,2,2028,2028,0
A_N2_r7,A,2,7,55.64117182999962,2,2036,2036,0
A_N2_r7,A,2,7,55.84204516099999,2,2043,2043,0
A_N2_r7,A,2,7,56.042427972999576,2,2050,2050,0
A_N2_r7,A,2,7,56.243472691999614,2,2058,2058,0
A_N2_r7,A,2,7,56.44413932799989,2,2065,2065,0
A_N2_r7,A,2,7,56.646286506999786,2,2071,2071,0
A_N2_r7,A,2,7,56.846792900999844,2,2080,2080,0
A_N2_r7,A,2,7,57.047376862999954,2,2086,2086,0
A_N2_r7,A,2,7,57.247878467999726,2,2094,2094,0
A_N2_r7,A,2,7,57.449695830999644,2,2101,2101,0
A_N2_r7,A,2,7,57.650353604999964,2,2108,2108,0
A_N2_r7,A,2,7,57.851138355999865,2,2114,2114,0
A_N2_r7,A,2,7,58.05299070000001,2,2122,2122,0
A_N2_r7,A,2,7,58.25510399399991,2,2131,2131,0
A_N2_r7,A,2,7,58.45620009199956,2,2137,2137,0
A_N2_r7,A,2,7,58.65740013899995,2,2145,2145,0
A_N2_r7,A,2,7,58.8588459599996,2,2152,2152,0
A_N2_r7,A,2,7,59.060693309999806,2,2160,2160,0
A_N2_r7,A,2,7,59.26152885399961,2,2168,2168,0
A_N2_r7,A,2,7,59.461783395999646,2,2175,2175,0
A_N2_r7,A,2,7,59.66220852499964,2,2183,2183,0
A_N2_r7,A,2,7,59.8634950859996,2,2191,2191,0
A_N2_r7,A,2,7,60.06546370399974,0,2197,2197,0
A_N2_r8,A,2,8,0.005348034000235202,0,0,0,0
A_N2_r8,A,2,8,0.20652178000000276,2,6,6,0
A_N2_r8,A,2,8,0.40768130900005417,2,13,13,0
A_N2_r8,A,2,8,0.6080002210001112,2,22,22,0
A_N2_r8,A,2,8,0.8085226160001184,2,30,30,0
A_N2_r8,A,2,8,1.009312872999999,2,39,39,0
A_N2_r8,A,2,8,1.2096285020002142,2,48,48,0
A_N2_r8,A,2,8,1.4114959409998846,2,56,56,0
A_N2_r8,A,2,8,1.6130410949999714,2,64,64,0
A_N2_r8,A,2,8,1.8135725420002018,2,73,73,0
A_N2_r8,A,2,8,2.014096374000019,2,81,81,0
A_N2_r8,A,2,8,2.2149489759999597,2,90,90,0
A_N2_r8,A,2,8,2.4157863579998775,2,97,97,0
A_N2_r8,A,2,8,2.6175863349999418,2,104,104,0
A_N2_r8,A,2,8,2.819672682000146,2,112,112,0
A_N2_r8,A,2,8,3.0208380170001874,2,119,119,0
A_N2_r8,A,2,8,3.2217182959998354,2,126,126,0
A_N2_r8,A,2,8,3.4225360860000364,2,133,133,0
A_N2_r8,A,2,8,3.6231104530002085,2,140,140,0
A_N2_r8,A,2,8,3.823839949000103,2,148,148,0
A_N2_r8,A,2,8,4.024649538000176,2,155,155,0
A_N2_r8,A,2,8,4.226722334999977,2,163,163,0
A_N2_r8,A,2,8,4.427179629999955,2,171,171,0
A_N2_r8,A,2,8,4.629229664999912,2,177,177,0
A_N2_r8,A,2,8,4.830034098999931,2,185,185,0
A_N2_r8,A,2,8,5.031249900000148,2,191,191,0
A_N2_r8,A,2,8,5.231577732000005,2,198,198,0
A_N2_r8,A,2,8,5.431872862000091,2,206,206,0
A_N2_r8,A,2,8,5.632596903999911,2,213,213,0
A_N2_r8,A,2,8,5.833086400999946,2,221,221,0
A_N2_r8,A,2,8,6.034464107000076,2,227,227,0
A_N2_r8,A,2,8,6.234794387999955,2,235,235,0
A_N2_r8,A,2,8,6.436691337999946,2,241,241,0
A_N2_r8,A,2,8,6.638256345000173,2,249,249,0
A_N2_r8,A,2,8,6.839447948999805,2,255,255,0
A_N2_r8,A,2,8,7.040504275999865,2,263,263,0
A_N2_r8,A,2,8,7.241112053000052,2,271,271,0
A_N2_r8,A,2,8,7.441880167999898,2,278,278,0
A_N2_r8,A,2,8,7.642545937999785,2,285,285,0
A_N2_r8,A,2,8,7.843417676000172,2,293,293,0
A_N2_r8,A,2,8,8.043703913000172,2,299,299,0
A_N2_r8,A,2,8,8.24428794000005,2,307,307,0
A_N2_r8,A,2,8,8.445858906000012,2,314,314,0
A_N2_r8,A,2,8,8.646607198999845,2,322,322,0
A_N2_r8,A,2,8,8.847845313000107,2,329,329,0
A_N2_r8,A,2,8,9.048777922000227,2,337,337,0
A_N2_r8,A,2,8,9.249808657999893,2,344,344,0
A_N2_r8,A,2,8,9.45077425999989,2,352,352,0
A_N2_r8,A,2,8,9.651646415999949,2,359,359,0
A_N2_r8,A,2,8,9.852636039000117,2,366,366,0
A_N2_r8,A,2,8,10.053033547999803,2,374,374,0
A_N2_r8,A,2,8,10.253572277999865,2,381,381,0
A_N2_r8,A,2,8,10.454332901999805,2,388,388,0
A_N2_r8,A,2,8,10.654560851000042,2,395,395,0
A_N2_r8,A,2,8,10.856371610000224,2,402,402,0
A_N2_r8,A,2,8,11.058450071000152,2,410,410,0
A_N2_r8,A,2,8,11.258688110000094,2,417,417,0
A_N2_r8,A,2,8,11.459553489999962,2,425,425,0
A_N2_r8,A,2,8,11.660417138999946,2,432,432,0
A_N2_r8,A,2,8,11.861655917999997,2,439,439,0
A_N2_r8,A,2,8,12.06225281900015,2,446,446,0
A_N2_r8,A,2,8,12.263036726999871,2,453,453,0
A_N2_r8,A,2,8,12.465197501000148,2,461,461,0
A_N2_r8,A,2,8,12.665808721999838,2,469,469,0
A_N2_r8,A,2,8,12.866467465999904,2,477,477,0
A_N2_r8,A,2,8,13.067045445000076,2,483,483,0
A_N2_r8,A,2,8,13.267330784000023,2,491,491,0
A_N2_r8,A,2,8,13.468173068999931,2,499,499,0
A_N2_r8,A,2,8,13.668803019999814,2,506,506,0
A_N2_r8,A,2,8,13.869896460999826,2,514,514,0
A_N2_r8,A,2,8,14.070403228000032,2,522,522,0
A_N2_r8,A,2,8,14.271843753000212,2,529,529,0
A_N2_r8,A,2,8,14.472832522999852,2,537,537,0
A_N2_r8,A,2,8,14.673383888999979,2,544,544,0
A_N2_r8,A,2,8,14.874219971999992,2,552,552,0
A_N2_r8,A,2,8,15.075096230999861,2,561,561,0
A_N2_r8,A,2,8,15.277215278999847,2,569,569,0
A_N2_r8,A,2,8,15.480121964999853,2,578,578,0
A_N2_r8,A,2,8,15.68051060400012,2,584,584,0
A_N2_r8,A,2,8,15.88136967499986,2,592,592,0
A_N2_r8,A,2,8,16.08209378799984,2,600,600,0
A_N2_r8,A,2,8,16.282512106000013,2,608,608,0
A_N2_r8,A,2,8,16.4830469970002,2,615,615,0
A_N2_r8,A,2,8,16.68430686800002,2,623,623,0
A_N2_r8,A,2,8,16.88535988500007,2,630,630,0
A_N2_r8,A,2,8,17.08628855500001,2,638,638,0
A_N2_r8,A,2,8,17.286567340000147,2,644,644,0
A_N2_r8,A,2,8,17.4869613259998,2,652,652,0
A_N2_r8,A,2,8,17.68723933199999,2,659,659,0
A_N2_r8,A,2,8,17.888085437999962,2,667,667,0
A_N2_r8,A,2,8,18.08862712200016,2,674,674,0
A_N2_r8,A,2,8,18.28900290699994,2,681,681,0
A_N2_r8,A,2,8,18.49012269600007,2,688,688,0
A_N2_r8,A,2,8,18.69077132800021,2,696,696,0
A_N2_r8,A,2,8,18.891577572000188,2,704,704,0
A_N2_r8,A,2,8,19.091881705000105,2,711,711,0
A_N2_r8,A,2,8,19.29348715900005,2,719,719,0
A_N2_r8,A,2,8,19.49376634400005,2,725,725,0
A_N2_r8,A,2,8,19.695343056000183,2,733,733,0
A_N2_r8,A,2,8,19.896174323000196,2,740,740,0
A_N2_r8,A,2,8,20.096450968000227,2,746,746,0
A_N2_r8,A,2,8,20.297325337000075,2,753,753,0
A_N2_r8,A,2,8,20.497665392999806,2,760,760,0
A_N2_r8,A,2,8,20.698566978000144,2,766,766,0
A_N2_r8,A,2,8,20.898999234999792,2,773,773,0
A_N2_r8,A,2,8,21.100957734000076,2,780,780,0
A_N2_r8,A,2,8,21.30172080500006,2,786,786,0
A_N2_r8,A,2,8,21.502649021999787,2,793,793,0
A_N2_r8,A,2,8,21.703487019000022,2,800,800,0
A_N2_r8,A,2,8,21.904007079000166,2,807,807,0
A_N2_r8,A,2,8,22.104799460999857,2,814,814,0
A_N2_r8,A,2,8,22.305418420000024,2,822,822,0
A_N2_r8,A,2,8,22.505630369999835,2,830,830,0
A_N2_r8,A,2,8,22.706663345999914,2,838,838,0
A_N2_r8,A,2,8,22.90710735499988,2,846,846,0
A_N2_r8,A,2,8,23.108739828000125,2,854,854,0
A_N2_r8,A,2,8,23.30940468000017,2,861,861,0
A_N2_r8,A,2,8,23.510552907000147,2,869,869,0
A_N2_r8,A,2,8,23.711655811000128,2,877,877,0
A_N2_r8,A,2,8,23.91251052100006,2,886,886,0
A_N2_r8,A,2,8,24.113032053000097,2,893,893,0
A_N2_r8,A,2,8,24.31381080700021,2,902,902,0
A_N2_r8,A,2,8,24.513971217999824,2,910,910,0
A_N2_r8,A,2,8,24.715032306000012,2,917,917,0
A_N2_r8,A,2,8,24.91604028399979,2,924,924,0
A_N2_r8,A,2,8,25.11659851000013,2,932,932,0
A_N2_r8,A,2,8,25.317635193000115,2,940,940,0
A_N2_r8,A,2,8,25.51822157400011,2,948,948,0
A_N2_r8,A,2,8,25.718873283999983,2,957,957,0
A_N2_r8,A,2,8,25.920686527999806,2,965,965,0
A_N2_r8,A,2,8,26.121810962999916,2,973,973,0
A_N2_r8,A,2,8,26.32292825400009,2,981,981,0
A_N2_r8,A,2,8,26.52348831900008,2,989,989,0
A_N2_r8,A,2,8,26.724090829000033,2,997,997,0
A_N2_r8,A,2,8,26.9250717230002,2,1005,1005,0
A_N2_r8,A,2,8,27.125932849000037,2,1012,1012,0
A_N2_r8,A,2,8,27.326292344000194,2,1021,1021,0
A_N2_r8,A,2,8,27.527751583999816,2,1029,1029,0
A_N2_r8,A,2,8,27.728161399999863,2,1037,1037,0
A_N2_r8,A,2,8,27.929441572000087,2,1044,1044,0
A_N2_r8,A,2,8,28.130521972000224,2,1052,1052,0
A_N2_r8,A,2,8,28.332300056999884,2,1059,1059,0
A_N2_r8,A,2,8,28.5327414530002,2,1067,1067,0
A_N2_r8,A,2,8,28.733367397000166,2,1075,1075,0
A_N2_r8,A,2,8,28.93431605900014,2,1083,1083,0
A_N2_r8,A,2,8,29.13487859199995,2,1091,1091,0
A_N2_r8,A,2,8,29.33550431599997,2,1099,1099,0
A_N2_r8,A,2,8,29.53657831800001,2,1107,1107,0
A_N2_r8,A,2,8,29.73694630199998,2,1114,1114,0
A_N2_r8,A,2,8,29.938622330999806,2,1122,1122,0
A_N2_r8,A,2,8,30.138852050999958,2,1129,1129,0
A_N2_r8,A,2,8,30.339380103000167,2,1137,1137,0
A_N2_r8,A,2,8,30.540537217999827,2,1145,1145,0
A_N2_r8,A,2,8,30.740978577000078,2,1153,1153,0
A_N2_r8,A,2,8,30.942046496999865,2,1162,1162,0
A_N2_r8,A,2,8,31.143221190000077,2,1169,1169,0
A_N2_r8,A,2,8,31.343743925000126,2,1176,1176,0
A_N2_r8,A,2,8,31.54479420100006,2,1183,1183,0
A_N2_r8,A,2,8,31.745660298000075,2,1190,1190,0
A_N2_r8,A,2,8,31.94655991899981,2,1196,1196,0
A_N2_r8,A,2,8,32.147371131,2,1202,1202,0
A_N2_r8,A,2,8,32.34764829100004,2,1210,1210,0
A_N2_r8,A,2,8,32.548692098000174,2,1217,1217,0
A_N2_r8,A,2,8,32.7490088479999,2,1225,1225,0
A_N2_r8,A,2,8,32.949781521000205,2,1232,1232,0
A_N2_r8,A,2,8,33.15074030000005,2,1240,1240,0
A_N2_r8,A,2,8,33.351601051000216,2,1247,1247,0
A_N2_r8,A,2,8,33.55268813700013,2,1254,1254,0
A_N2_r8,A,2,8,33.75289080199991,2,1262,1262,0
A_N2_r8,A,2,8,33.95342862000007,2,1269,1269,0
A_N2_r8,A,2,8,34.15370551800015,2,1277,1277,0
A_N2_r8,A,2,8,34.354887227999825,2,1285,1285,0
A_N2_r8,A,2,8,34.55542689899994,2,1292,1292,0
A_N2_r8,A,2,8,34.75635040899988,2,1298,1298,0
A_N2_r8,A,2,8,34.95688622699981,2,1306,1306,0
A_N2_r8,A,2,8,35.15747768199981,2,1312,1312,0
A_N2_r8,A,2,8,35.358281372999954,2,1319,1319,0
A_N2_r8,A,2,8,35.55880141999978,2,1327,1327,0
A_N2_r8,A,2,8,35.75996432300008,2,1334,1334,0
A_N2_r8,A,2,8,35.96109911199983,2,1342,1342,0
A_N2_r8,A,2,8,36.16273153400016,2,1350,1350,0
A_N2_r8,A,2,8,36.36357953400011,2,1357,1357,0
A_N2_r8,A,2,8,36.5646941949999,2,1365,1365,0
A_N2_r8,A,2,8,36.76534225600017,2,1372,1372,0
A_N2_r8,A,2,8,36.966302455000005,2,1380,1380,0
A_N2_r8,A,2,8,37.167533533000096,2,1388,1388,0
A_N2_r8,A,2,8,37.36929262100011,2,1396,1396,0
A_N2_r8,A,2,8,37.56988030799994,2,1403,1403,0
A_N2_r8,A,2,8,37.77205259099992,2,1410,1410,0
A_N2_r8,A,2,8,37.97303120000015,2,1418,1418,0
A_N2_r8,A,2,8,38.173429296999984,2,1426,1426,0
A_N2_r8,A,2,8,38.37443633000021,2,1433,1433,0
A_N2_r8,A,2,8,38.574823757000104,2,1440,1440,0
A_N2_r8,A,2,8,38.77530430700017,2,1446,1446,0
A_N2_r8,A,2,8,38.975641542000176,2,1454,1454,0
A_N2_r8,A,2,8,39.1759125399999,2,1460,1460,0
A_N2_r8,A,2,8,39.37672118799992,2,1467,1467,0
A_N2_r8,A,2,8,39.57778165799982,2,1473,1473,0
A_N2_r8,A,2,8,39.778118035999796,2,1481,1481,0
A_N2_r8,A,2,8,39.97905153600004,2,1488,1488,0
A_N2_r8,A,2,8,40.181214831000034,2,1495,1495,0
A_N2_r8,A,2,8,40.38288217699983,2,1503,1503,0
A_N2_r8,A,2,8,40.58454314099981,2,1510,1510,0
A_N2_r8,A,2,8,40.78539156299985,2,1518,1518,0
A_N2_r8,A,2,8,40.98625574500011,2,1525,1525,0
A_N2_r8,A,2,8,41.18705540400015,2,1532,1532,0
A_N2_r8,A,2,8,41.387974330999896,2,1539,1539,0
A_N2_r8,A,2,8,41.589998626000124,2,1547,1547,0
A_N2_r8,A,2,8,41.79077783999992,2,1555,1555,0
A_N2_r8,A,2,8,41.99116110600016,2,1562,1562,0
A_N2_r8,A,2,8,42.192427983000016,2,1570,1570,0
A_N2_r8,A,2,8,42.393608145000144,2,1577,1577,0
A_N2_r8,A,2,8,42.593958980000025,2,1584,1584,0
A_N2_r8,A,2,8,42.79494600599992,2,1593,1593,0
A_N2_r8,A,2,8,42.99725510300004,2,1600,1600,0
A_N2_r8,A,2,8,43.19820801300011,2,1607,1607,0
A_N2_r8,A,2,8,43.399038419000135,2,1615,1615,0
A_N2_r8,A,2,8,43.60051981300012,2,1623,1623,0
A_N2_r8,A,2,8,43.80227828899979,2,1630,1630,0
A_N2_r8,A,2,8,44.00327278399982,2,1637,1637,0
A_N2_r8,A,2,8,44.20451244800006,2,1645,1645,0
A_N2_r8,A,2,8,44.40648466399989,2,1652,1652,0
A_N2_r8,A,2,8,44.60721733799983,2,1659,1659,0
A_N2_r8,A,2,8,44.8075530860001,2,1667,1667,0
A_N2_r8,A,2,8,45.00814812999988,2,1675,1675,0
A_N2_r8,A,2,8,45.20872892599982,2,1682,1682,0
A_N2_r8,A,2,8,45.40894885199987,2,1690,1690,0
A_N2_r8,A,2,8,45.60941642299986,2,1698,1698,0
A_N2_r8,A,2,8,45.80970080599991,2,1706,1706,0
A_N2_r8,A,2,8,46.010323597000024,2,1713,1713,0
A_N2_r8,A,2,8,46.210798175000036,2,1721,1721,0
A_N2_r8,A,2,8,46.411448818999816,2,1728,1728,0
A_N2_r8,A,2,8,46.61307213700002,2,1736,1736,0
A_N2_r8,A,2,8,46.813727695000125,2,1744,1744,0
A_N2_r8,A,2,8,47.014583326999855,2,1751,1751,0
A_N2_r8,A,2,8,47.215631696999935,2,1759,1759,0
A_N2_r8,A,2,8,47.41608553800006,2,1766,1766,0
A_N2_r8,A,2,8,47.61711564500001,2,1774,1774,0
A_N2_r8,A,2,8,47.81886666399987,2,1781,1781,0
A_N2_r8,A,2,8,48.01946505700016,2,1789,1789,0
A_N2_r8,A,2,8,48.22005165700011,2,1796,1796,0
A_N2_r8,A,2,8,48.421063801999935,2,1803,1803,0
A_N2_r8,A,2,8,48.622452459000215,2,1811,1811,0
A_N2_r8,A,2,8,48.823657277000166,2,1817,1817,0
A_N2_r8,A,2,8,49.024019451000186,2,1825,1825,0
A_N2_r8,A,2,8,49.2249020119998,2,1833,1833,0
A_N2_r8,A,2,8,49.42623985499995,2,1840,1840,0
A_N2_r8,A,2,8,49.62649062799983,2,1848,1848,0
A_N2_r8,A,2,8,49.82732291699995,2,1854,1854,0
A_N2_r8,A,2,8,50.0285243620001,2,1862,1862,0
A_N2_r8,A,2,8,50.22967735500015,2,1870,1870,0
A_N2_r8,A,2,8,50.432098787000086,2,1877,1877,0
A_N2_r8,A,2,8,50.63264975799984,2,1884,1884,0
A_N2_r8,A,2,8,50.83351859100003,2,1892,1892,0
A_N2_r8,A,2,8,51.03396746999988,2,1899,1899,0
A_N2_r8,A,2,8,51.234395018000214,2,1906,1906,0
A_N2_r8,A,2,8,51.43529343699993,2,1913,1913,0
A_N2_r8,A,2,8,51.636145398999815,2,1920,1920,0
A_N2_r8,A,2,8,51.8368060570001,2,1926,1926,0
A_N2_r8,A,2,8,52.0380339620001,2,1934,1934,0
A_N2_r8,A,2,8,52.23885633000009,2,1940,1940,0
A_N2_r8,A,2,8,52.43936796200023,2,1947,1947,0
A_N2_r8,A,2,8,52.64015226899983,2,1954,1954,0
A_N2_r8,A,2,8,52.84197125999981,2,1961,1961,0
A_N2_r8,A,2,8,53.0430747700002,2,1968,1968,0
A_N2_r8,A,2,8,53.243355214000076,2,1976,1976,0
A_N2_r8,A,2,8,53.445380860000114,2,1983,1983,0
A_N2_r8,A,2,8,53.646348993000174,2,1990,1990,0
A_N2_r8,A,2,8,53.846743438999965,2,1997,1997,0
A_N2_r8,A,2,8,54.04710387000023,2,2004,2004,0
A_N2_r8,A,2,8,54.24782327999992,2,2011,2011,0
A_N2_r8,A,2,8,54.45010551099995,2,2018,2018,0
A_N2_r8,A,2,8,54.650225223000234,2,2027,2027,0
A_N2_r8,A,2,8,54.850703003000035,2,2033,2033,0
A_N2_r8,A,2,8,55.052059826999994,2,2041,2041,0
A_N2_r8,A,2,8,55.254327914999976,2,2048,2048,0
A_N2_r8,A,2,8,55.45500296299997,2,2055,2055,0
A_N2_r8,A,2,8,55.655316871000196,2,2063,2063,0
A_N2_r8,A,2,8,55.85645309600022,2,2069,2069,0
A_N2_r8,A,2,8,56.05667228499988,2,2077,2077,0
A_N2_r8,A,2,8,56.25690719400018,2,2084,2084,0
A_N2_r8,A,2,8,56.45839547300011,2,2091,2091,0
A_N2_r8,A,2,8,56.659152493999954,2,2098,2098,0
A_N2_r8,A,2,8,56.86042682800007,2,2106,2106,0
A_N2_r8,A,2,8,57.06069250000019,2,2113,2113,0
A_N2_r8,A,2,8,57.26170642399984,2,2119,2119,0
A_N2_r8,A,2,8,57.46289804900016,2,2127,2127,0
A_N2_r8,A,2,8,57.66388465399996,2,2133,2133,0
A_N2_r8,A,2,8,57.864989527000034,2,2141,2141,0
A_N2_r8,A,2,8,58.06562291699993,2,2147,2147,0
A_N2_r8,A,2,8,58.265824319999865,2,2155,2155,0
A_N2_r8,A,2,8,58.46654955599979,2,2162,2162,0
A_N2_r8,A,2,8,58.66745535000018,2,2170,2170,0
A_N2_r8,A,2,8,58.86847989299986,2,2178,2178,0
A_N2_r8,A,2,8,59.06867636100014,2,2186,2186,0
A_N2_r8,A,2,8,59.269891508,2,2193,2193,0
A_N2_r8,A,2,8,59.47036673999992,2,2200,2200,0
A_N2_r8,A,2,8,59.67138118599996,2,2207,2207,0
A_N2_r8,A,2,8,59.87259433400004,2,2214,2214,0
A_N2_r8,A,2,8,60.07306625299998,0,2221,2221,0
A_N2_r9,A,2,9,0.005270512000151939,0,0,0,0
A_N2_r9,A,2,9,0.20547037999995155,2,6,6,0
A_N2_r9,A,2,9,0.4072681980001107,2,14,14,0
A_N2_r9,A,2,9,0.6080177220001133,2,21,21,0
A_N2_r9,A,2,9,0.8088828280001508,2,27,27,0
A_N2_r9,A,2,9,1.0093625660001635,2,35,35,0
A_N2_r9,A,2,9,1.2101761220001208,2,41,41,0
A_N2_r9,A,2,9,1.411068821000299,2,49,49,0
A_N2_r9,A,2,9,1.6118101239999305,2,56,56,0
A_N2_r9,A,2,9,1.8126416590002918,2,64,64,0
A_N2_r9,A,2,9,2.0141829429999234,2,71,71,0
A_N2_r9,A,2,9,2.2150179449999996,2,79,79,0
A_N2_r9,A,2,9,2.415898714999912,2,86,86,0
A_N2_r9,A,2,9,2.6168910220003454,2,93,93,0
A_N2_r9,A,2,9,2.8185548149999704,2,100,100,0
A_N2_r9,A,2,9,3.0200370000002295,2,108,108,0
A_N2_r9,A,2,9,3.220481237000058,2,116,116,0
A_N2_r9,A,2,9,3.4211707350000324,2,122,122,0
A_N2_r9,A,2,9,3.6213254819999747,2,130,130,0
A_N2_r9,A,2,9,3.8218630020001,2,137,137,0
A_N2_r9,A,2,9,4.022785169000144,2,144,144,0
A_N2_r9,A,2,9,4.2233231590003015,2,151,151,0
A_N2_r9,A,2,9,4.423638745000062,2,159,159,0
A_N2_r9,A,2,9,4.6246245269999235,2,166,166,0
A_N2_r9,A,2,9,4.824859221000224,2,174,174,0
A_N2_r9,A,2,9,5.0259564670000145,2,181,181,0
A_N2_r9,A,2,9,5.227158613000029,2,189,189,0
A_N2_r9,A,2,9,5.4279713250002715,2,194,194,0
A_N2_r9,A,2,9,5.62934382200001,2,202,202,0
A_N2_r9,A,2,9,5.829964689000008,2,209,209,0
A_N2_r9,A,2,9,6.030957217999912,2,217,217,0
A_N2_r9,A,2,9,6.231296226000268,2,225,225,0
A_N2_r9,A,2,9,6.431770223000058,2,232,232,0
A_N2_r9,A,2,9,6.632308475000173,2,240,240,0
A_N2_r9,A,2,9,6.83254620300022,2,247,247,0
A_N2_r9,A,2,9,7.033220897000319,2,255,255,0
A_N2_r9,A,2,9,7.233551963000082,2,263,263,0
A_N2_r9,A,2,9,7.435516548000123,2,270,270,0
A_N2_r9,A,2,9,7.636449961999915,2,278,278,0
A_N2_r9,A,2,9,7.837393014000099,2,285,285,0
A_N2_r9,A,2,9,8.038297101000353,2,293,293,0
A_N2_r9,A,2,9,8.238886626000294,2,301,301,0
A_N2_r9,A,2,9,8.439899192000212,2,308,308,0
A_N2_r9,A,2,9,8.640552563000256,2,316,316,0
A_N2_r9,A,2,9,8.841484688000037,2,323,323,0
A_N2_r9,A,2,9,9.043106424000143,2,331,331,0
A_N2_r9,A,2,9,9.24357286600025,2,339,339,0
A_N2_r9,A,2,9,9.445451375000175,2,346,346,0
A_N2_r9,A,2,9,9.647455415999957,2,354,354,0
A_N2_r9,A,2,9,9.847734082999978,2,360,360,0
A_N2_r9,A,2,9,10.047945832000096,2,367,367,0
A_N2_r9,A,2,9,10.249840363000203,2,374,374,0
A_N2_r9,A,2,9,10.450418345000344,2,381,381,0
A_N2_r9,A,2,9,10.651637137000307,2,387,387,0
A_N2_r9,A,2,9,10.85220802699996,2,395,395,0
A_N2_r9,A,2,9,11.052636495000115,2,403,403,0
A_N2_r9,A,2,9,11.253047239000352,2,410,410,0
A_N2_r9,A,2,9,11.455578375000186,2,418,418,0
A_N2_r9,A,2,9,11.65608946500015,2,424,424,0
A_N2_r9,A,2,9,11.856742596000004,2,432,432,0
A_N2_r9,A,2,9,12.058756082999935,2,440,440,0
A_N2_r9,A,2,9,12.26042969900027,2,449,449,0
A_N2_r9,A,2,9,12.461222490000182,2,456,456,0
A_N2_r9,A,2,9,12.661909860999913,2,465,465,0
A_N2_r9,A,2,9,12.862314491000234,2,473,473,0
A_N2_r9,A,2,9,13.062896620000174,2,481,481,0
A_N2_r9,A,2,9,13.263854409000032,2,489,489,0
A_N2_r9,A,2,9,13.464604411999971,2,497,497,0
A_N2_r9,A,2,9,13.665271217000281,2,505,505,0
A_N2_r9,A,2,9,13.866479920000074,2,513,513,0
A_N2_r9,A,2,9,14.068362985000022,2,522,522,0
A_N2_r9,A,2,9,14.269260362000296,2,530,530,0
A_N2_r9,A,2,9,14.469916569000361,2,537,537,0
A_N2_r9,A,2,9,14.670312029000343,2,545,545,0
A_N2_r9,A,2,9,14.871464047000245,2,553,553,0
A_N2_r9,A,2,9,15.07208747300001,2,560,560,0
A_N2_r9,A,2,9,15.272715357999914,2,568,568,0
A_N2_r9,A,2,9,15.474640228000226,2,575,575,0
A_N2_r9,A,2,9,15.675699703000191,2,583,583,0
A_N2_r9,A,2,9,15.87714504700034,2,591,591,0
A_N2_r9,A,2,9,16.077573823999955,2,599,599,0
A_N2_r9,A,2,9,16.278264943000067,2,606,606,0
A_N2_r9,A,2,9,16.478773776000253,2,615,615,0
A_N2_r9,A,2,9,16.679697524999938,2,622,622,0
A_N2_r9,A,2,9,16.88078766200033,2,631,631,0
A_N2_r9,A,2,9,17.0828534770003,2,639,639,0
A_N2_r9,A,2,9,17.283260497000356,2,648,648,0
A_N2_r9,A,2,9,17.484700084999986,2,656,656,0
A_N2_r9,A,2,9,17.685209123000277,2,664,664,0
A_N2_r9,A,2,9,17.886019017000308,2,672,672,0
A_N2_r9,A,2,9,18.08754241800034,2,680,680,0
A_N2_r9,A,2,9,18.28806862900001,2,688,688,0
A_N2_r9,A,2,9,18.48837391899997,2,696,696,0
A_N2_r9,A,2,9,18.689337220000198,2,704,704,0
A_N2_r9,A,2,9,18.889974848000293,2,712,712,0
A_N2_r9,A,2,9,19.090689995000048,2,721,721,0
A_N2_r9,A,2,9,19.292143776000103,2,729,729,0
A_N2_r9,A,2,9,19.493012889000056,2,737,737,0
A_N2_r9,A,2,9,19.694057821000115,2,745,745,0
A_N2_r9,A,2,9,19.895251386999917,2,754,754,0
A_N2_r9,A,2,9,20.096273484999983,2,762,762,0
A_N2_r9,A,2,9,20.29706788700014,2,771,771,0
A_N2_r9,A,2,9,20.498258850000184,2,777,777,0
A_N2_r9,A,2,9,20.699378458999945,2,783,783,0
A_N2_r9,A,2,9,20.899929258000157,2,791,791,0
A_N2_r9,A,2,9,21.100910481000028,2,799,799,0
A_N2_r9,A,2,9,21.301858000000266,2,806,806,0
A_N2_r9,A,2,9,21.50280316599992,2,813,813,0
A_N2_r9,A,2,9,21.704459557000064,2,820,820,0
A_N2_r9,A,2,9,21.90523494900026,2,827,827,0
A_N2_r9,A,2,9,22.106068442999913,2,834,834,0
A_N2_r9,A,2,9,22.30652081800008,2,841,841,0
A_N2_r9,A,2,9,22.507116618000055,2,849,849,0
A_N2_r9,A,2,9,22.70817558800036,2,856,856,0
A_N2_r9,A,2,9,22.908825804000116,2,864,864,0
A_N2_r9,A,2,9,23.110163547999946,2,870,870,0
A_N2_r9,A,2,9,23.311152874000072,2,877,877,0
A_N2_r9,A,2,9,23.51155025800017,2,885,885,0
A_N2_r9,A,2,9,23.712395672000184,2,891,891,0
A_N2_r9,A,2,9,23.914285737000228,2,899,899,0
A_N2_r9,A,2,9,24.114659428000323,2,907,907,0
A_N2_r9,A,2,9,24.31505383800004,2,913,913,0
A_N2_r9,A,2,9,24.515957966000315,2,920,920,0
A_N2_r9,A,2,9,24.717010330999983,2,928,928,0
A_N2_r9,A,2,9,24.917776155999945,2,935,935,0
A_N2_r9,A,2,9,25.118326138000157,2,942,942,0
A_N2_r9,A,2,9,25.31947942500028,2,948,948,0
A_N2_r9,A,2,9,25.52052704200014,2,955,955,0
A_N2_r9,A,2,9,25.720815176000087,2,962,962,0
A_N2_r9,A,2,9,25.92191083700027,2,969,969,0
A_N2_r9,A,2,9,26.12250020700003,2,977,977,0
A_N2_r9,A,2,9,26.323344526000255,2,985,985,0
A_N2_r9,A,2,9,26.524202394999975,2,992,992,0
A_N2_r9,A,2,9,26.72528303900026,2,1000,1000,0
A_N2_r9,A,2,9,26.927445207000346,2,1008,1008,0
A_N2_r9,A,2,9,27.1285915870003,2,1015,1015,0
A_N2_r9,A,2,9,27.330004269000256,2,1022,1022,0
A_N2_r9,A,2,9,27.530833174000236,2,1030,1030,0
A_N2_r9,A,2,9,27.731871873000273,2,1037,1037,0
A_N2_r9,A,2,9,27.933726493999984,2,1045,1045,0
A_N2_r9,A,2,9,28.1346299730003,2,1053,1053,0
A_N2_r9,A,2,9,28.335939561000032,2,1059,1059,0
A_N2_r9,A,2,9,28.536666705000243,2,1067,1067,0
A_N2_r9,A,2,9,28.73723367299999,2,1075,1075,0
A_N2_r9,A,2,9,28.938982875999955,2,1082,1082,0
A_N2_r9,A,2,9,29.140164843000093,2,1090,1090,0
A_N2_r9,A,2,9,29.340630948000125,2,1098,1098,0
A_N2_r9,A,2,9,29.54099089200008,2,1106,1106,0
A_N2_r9,A,2,9,29.74153593200026,2,1113,1113,0
A_N2_r9,A,2,9,29.941892330999963,2,1121,1121,0
A_N2_r9,A,2,9,30.142554916000336,2,1128,1128,0
A_N2_r9,A,2,9,30.344229840000025,2,1135,1135,0
A_N2_r9,A,2,9,30.54563156400036,2,1143,1143,0
A_N2_r9,A,2,9,30.74799575199995,2,1150,1150,0
A_N2_r9,A,2,9,30.948522219000097,2,1157,1157,0
A_N2_r9,A,2,9,31.149260323000362,2,1165,1165,0
A_N2_r9,A,2,9,31.3502775500001,2,1173,1173,0
A_N2_r9,A,2,9,31.551380575000167,2,1181,1181,0
A_N2_r9,A,2,9,31.752018971000325,2,1189,1189,0
A_N2_r9,A,2,9,31.95247700200025,2,1197,1197,0
A_N2_r9,A,2,9,32.153177225000036,2,1206,1206,0
A_N2_r9,A,2,9,32.354001788000005,2,1214,1214,0
A_N2_r9,A,2,9,32.554300505000356,2,1221,1221,0
A_N2_r9,A,2,9,32.75465709500031,2,1229,1229,0
A_N2_r9,A,2,9,32.9551821770001,2,1238,1238,0
A_N2_r9,A,2,9,33.155803402999936,2,1246,1246,0
A_N2_r9,A,2,9,33.3562398160002,2,1254,1254,0
A_N2_r9,A,2,9,33.5569716670002,2,1263,1263,0
A_N2_r9,A,2,9,33.758437975000106,2,1271,1271,0
A_N2_r9,A,2,9,33.95899415000031,2,1277,1277,0
A_N2_r9,A,2,9,34.15915629000028,2,1286,1286,0
A_N2_r9,A,2,9,34.36102539100011,2,1293,1293,0
A_N2_r9,A,2,9,34.56133937499999,2,1300,1300,0
A_N2_r9,A,2,9,34.76294622600017,2,1307,1307,0
A_N2_r9,A,2,9,34.96401456300009,2,1315,1315,0
A_N2_r9,A,2,9,35.16510229300002,2,1323,1323,0
A_N2_r9,A,2,9,35.365826390000166,2,1331,1331,0
A_N2_r9,A,2,9,35.56763121500035,2,1338,1338,0
A_N2_r9,A,2,9,35.768003862000114,2,1345,1345,0
A_N2_r9,A,2,9,35.96878027699995,2,1352,1352,0
A_N2_r9,A,2,9,36.16976454199994,2,1359,1359,0
A_N2_r9,A,2,9,36.37134096,2,1366,1366,0
A_N2_r9,A,2,9,36.5727211100002,2,1374,1374,0
A_N2_r9,A,2,9,36.774701540000024,2,1381,1381,0
A_N2_r9,A,2,9,36.97570499199992,2,1389,1389,0
A_N2_r9,A,2,9,37.17706836200023,2,1396,1396,0
A_N2_r9,A,2,9,37.37768332299993,2,1403,1403,0
A_N2_r9,A,2,9,37.5782584020003,2,1410,1410,0
A_N2_r9,A,2,9,37.778635108000344,2,1417,1417,0
A_N2_r9,A,2,9,37.97930215600036,2,1424,1424,0
A_N2_r9,A,2,9,38.17974858000025,2,1432,1432,0
A_N2_r9,A,2,9,38.38049447200001,2,1439,1439,0
A_N2_r9,A,2,9,38.582550123000146,2,1446,1446,0
A_N2_r9,A,2,9,38.78364831099998,2,1453,1453,0
A_N2_r9,A,2,9,38.98437803500019,2,1461,1461,0
A_N2_r9,A,2,9,39.18581622500005,2,1468,1468,0
A_N2_r9,A,2,9,39.38772736200008,2,1475,1475,0
A_N2_r9,A,2,9,39.58891660800009,2,1482,1482,0
A_N2_r9,A,2,9,39.78990389399996,2,1489,1489,0
A_N2_r9,A,2,9,39.99098314999992,2,1496,1496,0
A_N2_r9,A,2,9,40.19160739100016,2,1503,1503,0
A_N2_r9,A,2,9,40.39257678700005,2,1511,1511,0
A_N2_r9,A,2,9,40.59366852700032,2,1517,1517,0
A_N2_r9,A,2,9,40.794586748000256,2,1524,1524,0
A_N2_r9,A,2,9,40.99521621000031,2,1531,1531,0
A_N2_r9,A,2,9,41.195686812000076,2,1538,1538,0
A_N2_r9,A,2,9,41.39581693300033,2,1546,1546,0
A_N2_r9,A,2,9,41.59743306300015,2,1553,1553,0
A_N2_r9,A,2,9,41.79780710000023,2,1560,1560,0
A_N2_r9,A,2,9,41.998235295000086,2,1568,1568,0
A_N2_r9,A,2,9,42.198547839000184,2,1575,1575,0
A_N2_r9,A,2,9,42.399654359000124,2,1582,1582,0
A_N2_r9,A,2,9,42.60054169700015,2,1590,1590,0
A_N2_r9,A,2,9,42.80202510400022,2,1596,1596,0
A_N2_r9,A,2,9,43.00297739100006,2,1602,1602,0
A_N2_r9,A,2,9,43.20337394900025,2,1610,1610,0
A_N2_r9,A,2,9,43.40436636300001,2,1618,1618,0
A_N2_r9,A,2,9,43.60502863800002,2,1626,1626,0
A_N2_r9,A,2,9,43.80535643200028,2,1633,1633,0
A_N2_r9,A,2,9,44.005833407999944,2,1641,1641,0
A_N2_r9,A,2,9,44.20699757400007,2,1649,1649,0
A_N2_r9,A,2,9,44.40757915600034,2,1657,1657,0
A_N2_r9,A,2,9,44.60874678900018,2,1664,1664,0
A_N2_r9,A,2,9,44.80975664200014,2,1672,1672,0
A_N2_r9,A,2,9,45.01023453100015,2,1679,1679,0
A_N2_r9,A,2,9,45.21076711100022,2,1686,1686,0
A_N2_r9,A,2,9,45.41176586000029,2,1694,1694,0
A_N2_r9,A,2,9,45.61334960400018,2,1701,1701,0
A_N2_r9,A,2,9,45.81385074700029,2,1708,1708,0
A_N2_r9,A,2,9,46.01594788300008,2,1716,1716,0
A_N2_r9,A,2,9,46.21646960299995,2,1724,1724,0
A_N2_r9,A,2,9,46.417311155000334,2,1731,1731,0
A_N2_r9,A,2,9,46.61951666999994,2,1739,1739,0
A_N2_r9,A,2,9,46.82164675700005,2,1747,1747,0
A_N2_r9,A,2,9,47.02201249200016,2,1754,1754,0
A_N2_r9,A,2,9,47.22315249600024,2,1761,1761,0
A_N2_r9,A,2,9,47.42388950800023,2,1769,1769,0
A_N2_r9,A,2,9,47.62437581500035,2,1776,1776,0
A_N2_r9,A,2,9,47.826288344000204,2,1783,1783,0
A_N2_r9,A,2,9,48.02740391399993,2,1791,1791,0
A_N2_r9,A,2,9,48.227964347000125,2,1799,1799,0
A_N2_r9,A,2,9,48.42822169200008,2,1807,1807,0
A_N2_r9,A,2,9,48.62948819900021,2,1813,1813,0
A_N2_r9,A,2,9,48.829805337999915,2,1821,1821,0
A_N2_r9,A,2,9,49.030840230000194,2,1829,1829,0
A_N2_r9,A,2,9,49.23223946999997,2,1837,1837,0
A_N2_r9,A,2,9,49.43301283200026,2,1844,1844,0
A_N2_r9,A,2,9,49.63422443900026,2,1851,1851,0
A_N2_r9,A,2,9,49.83596924300036,2,1859,1859,0
A_N2_r9,A,2,9,50.03722311799993,2,1867,1867,0
A_N2_r9,A,2,9,50.23767574400017,2,1874,1874,0
A_N2_r9,A,2,9,50.43834894500014,2,1882,1882,0
A_N2_r9,A,2,9,50.63871691700024,2,1889,1889,0
A_N2_r9,A,2,9,50.83976405300018,2,1896,1896,0
A_N2_r9,A,2,9,51.040003189000345,2,1903,1903,0
A_N2_r9,A,2,9,51.24083606300019,2,1910,1910,0
A_N2_r9,A,2,9,51.44130582200023,2,1918,1918,0
A_N2_r9,A,2,9,51.642295714000284,2,1925,1925,0
A_N2_r9,A,2,9,51.84288428100035,2,1933,1933,0
A_N2_r9,A,2,9,52.04524870200021,2,1940,1940,0
A_N2_r9,A,2,9,52.24607310100009,2,1947,1947,0
A_N2_r9,A,2,9,52.446432718000324,2,1955,1955,0
A_N2_r9,A,2,9,52.64755028500031,2,1963,1963,0
A_N2_r9,A,2,9,52.84788352500027,2,1969,1969,0
A_N2_r9,A,2,9,53.04903728800036,2,1977,1977,0
A_N2_r9,A,2,9,53.25108584000009,2,1985,1985,0
A_N2_r9,A,2,9,53.451726624,2,1991,1991,0
A_N2_r9,A,2,9,53.65267608300019,2,1999,1999,0
A_N2_r9,A,2,9,53.85318039599997,2,2007,2007,0
A_N2_r9,A,2,9,54.053716539000106,2,2013,2013,0
A_N2_r9,A,2,9,54.254649668000184,2,2022,2022,0
A_N2_r9,A,2,9,54.45535407000034,2,2029,2029,0
A_N2_r9,A,2,9,54.65565579200029,2,2037,2037,0
A_N2_r9,A,2,9,54.856082123000306,2,2045,2045,0
A_N2_r9,A,2,9,55.05647876900002,2,2052,2052,0
A_N2_r9,A,2,9,55.25686757099993,2,2060,2060,0
A_N2_r9,A,2,9,55.457615483000154,2,2067,2067,0
A_N2_r9,A,2,9,55.65820337000014,2,2074,2074,0
A_N2_r9,A,2,9,55.859330175000196,2,2082,2082,0
A_N2_r9,A,2,9,56.05972771300003,2,2090,2090,0
A_N2_r9,A,2,9,56.26138206500036,2,2097,2097,0
A_N2_r9,A,2,9,56.46194837500025,2,2105,2105,0
A_N2_r9,A,2,9,56.66261383500023,2,2113,2113,0
A_N2_r9,A,2,9,56.864663460999964,2,2121,2121,0
A_N2_r9,A,2,9,57.065524389000075,2,2128,2128,0
A_N2_r9,A,2,9,57.266711946000214,2,2135,2135,0
A_N2_r9,A,2,9,57.467943947000094,2,2143,2143,0
A_N2_r9,A,2,9,57.66999708100002,2,2150,2150,0
A_N2_r9,A,2,9,57.87100585999997,2,2158,2158,0
A_N2_r9,A,2,9,58.07177986800025,2,2164,2164,0
A_N2_r9,A,2,9,58.27239085800011,2,2172,2172,0
A_N2_r9,A,2,9,58.473104290000265,2,2179,2179,0
A_N2_r9,A,2,9,58.674005803,2,2187,2187,0
A_N2_r9,A,2,9,58.87448827800017,2,2195,2195,0
A_N2_r9,A,2,9,59.07543448200022,2,2202,2202,0
A_N2_r9,A,2,9,59.27568613300036,2,2210,2210,0
A_N2_r9,A,2,9,59.476399305000086,2,2218,2218,0
A_N2_r9,A,2,9,59.67678179600034,2,2225,2225,0
A_N2_r9,A,2,9,59.87719844100002,2,2233,2233,0
A_N2_r9,A,2,9,60.07808834200023,0,2239,2239,0
A_N2_r10,A,2,10,0.005271935000109806,0,0,0,0
A_N2_r10,A,2,10,0.20597561499971562,2,6,6,0
A_N2_r10,A,2,10,0.4062727589998758,2,13,13,0
A_N2_r10,A,2,10,0.6071584329997677,2,20,20,0
A_N2_r10,A,2,10,0.8079315099998894,2,27,27,0
A_N2_r10,A,2,10,1.0093473460001405,2,35,35,0
A_N2_r10,A,2,10,1.2103165119997357,2,42,42,0
A_N2_r10,A,2,10,1.4111444199998004,2,49,49,0
A_N2_r10,A,2,10,1.611945848999767,2,57,57,0
A_N2_r10,A,2,10,1.8125390370000787,2,64,64,0
A_N2_r10,A,2,10,2.0131998279998697,2,71,71,0
A_N2_r10,A,2,10,2.214490724999905,2,79,79,0
A_N2_r10,A,2,10,2.4151964590000716,2,85,85,0
A_N2_r10,A,2,10,2.6180402229997526,2,93,93,0
A_N2_r10,A,2,10,2.819789459999811,2,99,99,0
A_N2_r10,A,2,10,3.0205123350001486,2,107,107,0
A_N2_r10,A,2,10,3.221310918999734,2,115,115,0
A_N2_r10,A,2,10,3.422432354999728,2,121,121,0
A_N2_r10,A,2,10,3.624588949000099,2,129,129,0
A_N2_r10,A,2,10,3.8256193480001457,2,135,135,0
A_N2_r10,A,2,10,4.026222563999909,2,143,143,0
A_N2_r10,A,2,10,4.22682402800001,2,149,149,0
A_N2_r10,A,2,10,4.427245088999825,2,157,157,0
A_N2_r10,A,2,10,4.628448595999998,2,165,165,0
A_N2_r10,A,2,10,4.829355067000051,2,173,173,0
A_N2_r10,A,2,10,5.030362253000021,2,180,180,0
A_N2_r10,A,2,10,5.23161464199984,2,188,188,0
A_N2_r10,A,2,10,5.4322220949998155,2,196,196,0
A_N2_r10,A,2,10,5.632670695999877,2,204,204,0
A_N2_r10,A,2,10,5.83354207299999,2,211,211,0
A_N2_r10,A,2,10,6.034690327000135,2,219,219,0
A_N2_r10,A,2,10,6.235220431000016,2,227,227,0
A_N2_r10,A,2,10,6.435578665999856,2,233,233,0
A_N2_r10,A,2,10,6.63756050999973,2,241,241,0
A_N2_r10,A,2,10,6.838716117999866,2,249,249,0
A_N2_r10,A,2,10,7.039769778999926,2,257,257,0
A_N2_r10,A,2,10,7.240107840999826,2,264,264,0
A_N2_r10,A,2,10,7.44066014100008,2,271,271,0
A_N2_r10,A,2,10,7.641585146000125,2,279,279,0
A_N2_r10,A,2,10,7.842004603000078,2,287,287,0
A_N2_r10,A,2,10,8.043200004000028,2,294,294,0
A_N2_r10,A,2,10,8.244249712000055,2,302,302,0
A_N2_r10,A,2,10,8.445113363000019,2,310,310,0
A_N2_r10,A,2,10,8.645693213999948,2,318,318,0
A_N2_r10,A,2,10,8.846657830999902,2,326,326,0
A_N2_r10,A,2,10,9.047243552000054,2,334,334,0
A_N2_r10,A,2,10,9.24959545999991,2,342,342,0
A_N2_r10,A,2,10,9.450184316000104,2,349,349,0
A_N2_r10,A,2,10,9.651830493000034,2,356,356,0
A_N2_r10,A,2,10,9.852434036999966,2,364,364,0
A_N2_r10,A,2,10,10.053360965000138,2,372,372,0
A_N2_r10,A,2,10,10.255822923999858,2,380,380,0
A_N2_r10,A,2,10,10.456523414000003,2,389,389,0
A_N2_r10,A,2,10,10.657676425999853,2,397,397,0
A_N2_r10,A,2,10,10.859043149999707,2,404,404,0
A_N2_r10,A,2,10,11.060188596999978,2,411,411,0
A_N2_r10,A,2,10,11.261175130000083,2,419,419,0
A_N2_r10,A,2,10,11.462177724999947,2,427,427,0
A_N2_r10,A,2,10,11.662898692999988,2,435,435,0
A_N2_r10,A,2,10,11.863899664999735,2,443,443,0
A_N2_r10,A,2,10,12.064333124999848,2,451,451,0
A_N2_r10,A,2,10,12.265122986999813,2,459,459,0
A_N2_r10,A,2,10,12.466225103999932,2,467,467,0
A_N2_r10,A,2,10,12.66656008300015,2,474,474,0
A_N2_r10,A,2,10,12.867292972000087,2,481,481,0
A_N2_r10,A,2,10,13.06837732699978,2,489,489,0
A_N2_r10,A,2,10,13.26921085899994,2,497,497,0
A_N2_r10,A,2,10,13.470122975999857,2,505,505,0
A_N2_r10,A,2,10,13.671033511000132,2,512,512,0
A_N2_r10,A,2,10,13.871534573999725,2,519,519,0
A_N2_r10,A,2,10,14.072439888999725,2,526,526,0
A_N2_r10,A,2,10,14.273219922999942,2,534,534,0
A_N2_r10,A,2,10,14.473739488999854,2,541,541,0
A_N2_r10,A,2,10,14.674448171999757,2,548,548,0
A_N2_r10,A,2,10,14.875616087999788,2,554,554,0
A_N2_r10,A,2,10,15.076708575999874,2,560,560,0
A_N2_r10,A,2,10,15.278236752999874,2,568,568,0
A_N2_r10,A,2,10,15.47849060999988,2,576,576,0
A_N2_r10,A,2,10,15.67954231199974,2,582,582,0
A_N2_r10,A,2,10,15.88038711399986,2,590,590,0
A_N2_r10,A,2,10,16.081645154999933,2,597,597,0
A_N2_r10,A,2,10,16.28269407200014,2,605,605,0
A_N2_r10,A,2,10,16.484289180999895,2,612,612,0
A_N2_r10,A,2,10,16.685113143999843,2,619,619,0
A_N2_r10,A,2,10,16.886167980999744,2,627,627,0
A_N2_r10,A,2,10,17.087104860999716,2,633,633,0
A_N2_r10,A,2,10,17.28792389599994,2,641,641,0
A_N2_r10,A,2,10,17.4887321289998,2,648,648,0
A_N2_r10,A,2,10,17.69073147900008,2,655,655,0
A_N2_r10,A,2,10,17.891505499999766,2,663,663,0
A_N2_r10,A,2,10,18.092470540999784,2,670,670,0
A_N2_r10,A,2,10,18.29310864299987,2,677,677,0
A_N2_r10,A,2,10,18.493559469000047,2,684,684,0
A_N2_r10,A,2,10,18.6957183720001,2,691,691,0
A_N2_r10,A,2,10,18.89612235200002,2,698,698,0
A_N2_r10,A,2,10,19.096879741000066,2,706,706,0
A_N2_r10,A,2,10,19.297177979000026,2,713,713,0
A_N2_r10,A,2,10,19.49795928100002,2,721,721,0
A_N2_r10,A,2,10,19.699388372000158,2,729,729,0
A_N2_r10,A,2,10,19.89963031299976,2,737,737,0
A_N2_r10,A,2,10,20.09995661899984,2,744,744,0
A_N2_r10,A,2,10,20.300561861000006,2,751,751,0
A_N2_r10,A,2,10,20.50117987099975,2,759,759,0
A_N2_r10,A,2,10,20.702190642999994,2,767,767,0
A_N2_r10,A,2,10,20.90266826600009,2,774,774,0
A_N2_r10,A,2,10,21.103657788999953,2,781,781,0
A_N2_r10,A,2,10,21.304201095999815,2,789,789,0
A_N2_r10,A,2,10,21.505395463999776,2,797,797,0
A_N2_r10,A,2,10,21.706543096000132,2,803,803,0
A_N2_r10,A,2,10,21.907296194000082,2,810,810,0
A_N2_r10,A,2,10,22.108514114999707,2,817,817,0
A_N2_r10,A,2,10,22.310077314999944,2,824,824,0
A_N2_r10,A,2,10,22.510708516999784,2,832,832,0
A_N2_r10,A,2,10,22.711662151999917,2,839,839,0
A_N2_r10,A,2,10,22.91188397299993,2,846,846,0
A_N2_r10,A,2,10,23.113096723000126,2,853,853,0
A_N2_r10,A,2,10,23.313900145999924,2,860,860,0
A_N2_r10,A,2,10,23.514916894999715,2,868,868,0
A_N2_r10,A,2,10,23.71551841099972,2,874,874,0
A_N2_r10,A,2,10,23.91724440300004,2,882,882,0
A_N2_r10,A,2,10,24.117811526999958,2,889,889,0
A_N2_r10,A,2,10,24.318131301999983,2,897,897,0
A_N2_r10,A,2,10,24.518809837999925,2,903,903,0
A_N2_r10,A,2,10,24.719186099000126,2,909,909,0
A_N2_r10,A,2,10,24.920510682999975,2,917,917,0
A_N2_r10,A,2,10,25.121686613999827,2,924,924,0
A_N2_r10,A,2,10,25.322803480999937,2,931,931,0
A_N2_r10,A,2,10,25.523308306999752,2,939,939,0
A_N2_r10,A,2,10,25.72429321499976,2,945,945,0
A_N2_r10,A,2,10,25.924967813999956,2,953,953,0
A_N2_r10,A,2,10,26.12613168100006,2,961,961,0
A_N2_r10,A,2,10,26.326980564999758,2,968,968,0
A_N2_r10,A,2,10,26.528000146000068,2,976,976,0
A_N2_r10,A,2,10,26.728752846000134,2,983,983,0
A_N2_r10,A,2,10,26.929588929000147,2,991,991,0
A_N2_r10,A,2,10,27.131306030999895,2,998,998,0
A_N2_r10,A,2,10,27.33228146700003,2,1006,1006,0
A_N2_r10,A,2,10,27.532570683999893,2,1013,1013,0
A_N2_r10,A,2,10,27.733273761999953,2,1020,1020,0
A_N2_r10,A,2,10,27.933717481999793,2,1028,1028,0
A_N2_r10,A,2,10,28.13430355499986,2,1036,1036,0
A_N2_r10,A,2,10,28.334551893000025,2,1043,1043,0
A_N2_r10,A,2,10,28.535111775000132,2,1050,1050,0
A_N2_r10,A,2,10,28.736494539999967,2,1058,1058,0
A_N2_r10,A,2,10,28.937192245999995,2,1066,1066,0
A_N2_r10,A,2,10,29.138267415999962,2,1074,1074,0
A_N2_r10,A,2,10,29.339072576000035,2,1082,1082,0
A_N2_r10,A,2,10,29.539799985999707,2,1090,1090,0
A_N2_r10,A,2,10,29.742317252999783,2,1098,1098,0
A_N2_r10,A,2,10,29.942725875999713,2,1104,1104,0
A_N2_r10,A,2,10,30.143899305000105,2,1111,1111,0
A_N2_r10,A,2,10,30.344666074000088,2,1119,1119,0
A_N2_r10,A,2,10,30.545740458999717,2,1126,1126,0
A_N2_r10,A,2,10,30.74693364199993,2,1133,1133,0
A_N2_r10,A,2,10,30.94782702500015,2,1140,1140,0
A_N2_r10,A,2,10,31.14853123900002,2,1147,1147,0
A_N2_r10,A,2,10,31.34958281099989,2,1155,1155,0
A_N2_r10,A,2,10,31.55053339599999,2,1161,1161,0
A_N2_r10,A,2,10,31.751358240999707,2,1168,1168,0
A_N2_r10,A,2,10,31.952079744999992,2,1175,1175,0
A_N2_r10,A,2,10,32.1525654269999,2,1183,1183,0
A_N2_r10,A,2,10,32.35336960299992,2,1190,1190,0
A_N2_r10,A,2,10,32.55393339500006,2,1196,1196,0
A_N2_r10,A,2,10,32.75418829,2,1204,1204,0
A_N2_r10,A,2,10,32.95444321600007,2,1211,1211,0
A_N2_r10,A,2,10,33.15481177899983,2,1219,1219,0
A_N2_r10,A,2,10,33.35525420900012,2,1227,1227,0
A_N2_r10,A,2,10,33.55650661599975,2,1234,1234,0
A_N2_r10,A,2,10,33.75723651199996,2,1242,1242,0
A_N2_r10,A,2,10,33.95809138799996,2,1250,1250,0
A_N2_r10,A,2,10,34.1589432589999,2,1256,1256,0
A_N2_r10,A,2,10,34.36039151499972,2,1264,1264,0
A_N2_r10,A,2,10,34.56062897399988,2,1270,1270,0
A_N2_r10,A,2,10,34.76255489699997,2,1278,1278,0
A_N2_r10,A,2,10,34.96353640500001,2,1284,1284,0
A_N2_r10,A,2,10,35.164177956,2,1290,1290,0
A_N2_r10,A,2,10,35.36514196200005,2,1298,1298,0
A_N2_r10,A,2,10,35.56609307100007,2,1304,1304,0
A_N2_r10,A,2,10,35.76636717400015,2,1311,1311,0
A_N2_r10,A,2,10,35.96880309300013,2,1319,1319,0
A_N2_r10,A,2,10,36.16965915799983,2,1325,1325,0
A_N2_r10,A,2,10,36.37007645799986,2,1331,1331,0
A_N2_r10,A,2,10,36.5711453519998,2,1339,1339,0
A_N2_r10,A,2,10,36.77204827000014,2,1345,1345,0
A_N2_r10,A,2,10,36.972381692,2,1352,1352,0
A_N2_r10,A,2,10,37.17305295400001,2,1360,1360,0
A_N2_r10,A,2,10,37.37336383599995,2,1367,1367,0
A_N2_r10,A,2,10,37.57353232200012,2,1376,1376,0
A_N2_r10,A,2,10,37.77405459900001,2,1383,1383,0
A_N2_r10,A,2,10,37.9750347879999,2,1390,1390,0
A_N2_r10,A,2,10,38.17555811700004,2,1397,1397,0
A_N2_r10,A,2,10,38.37652774799972,2,1404,1404,0
A_N2_r10,A,2,10,38.57719231400006,2,1411,1411,0
A_N2_r10,A,2,10,38.778136042999904,2,1417,1417,0
A_N2_r10,A,2,10,38.980008349999935,2,1424,1424,0
A_N2_r10,A,2,10,39.180851033999716,2,1431,1431,0
A_N2_r10,A,2,10,39.38141950599993,2,1437,1437,0
A_N2_r10,A,2,10,39.58181542600005,2,1445,1445,0
A_N2_r10,A,2,10,39.78257268000016,2,1451,1451,0
A_N2_r10,A,2,10,39.98365669399982,2,1458,1458,0
A_N2_r10,A,2,10,40.18425621799997,2,1466,1466,0
A_N2_r10,A,2,10,40.3850495329998,2,1473,1473,0
A_N2_r10,A,2,10,40.586796584999774,2,1481,1481,0
A_N2_r10,A,2,10,40.78778538300003,2,1489,1489,0
A_N2_r10,A,2,10,40.988893039999766,2,1497,1497,0
A_N2_r10,A,2,10,41.189950943999975,2,1505,1505,0
A_N2_r10,A,2,10,41.39092584199989,2,1512,1512,0
A_N2_r10,A,2,10,41.59170362899977,2,1520,1520,0
A_N2_r10,A,2,10,41.793544742999984,2,1527,1527,0
A_N2_r10,A,2,10,41.99465118499984,2,1534,1534,0
A_N2_r10,A,2,10,42.195642775000124,2,1542,1542,0
A_N2_r10,A,2,10,42.39664106400005,2,1550,1550,0
A_N2_r10,A,2,10,42.59775756199997,2,1557,1557,0
A_N2_r10,A,2,10,42.79848790999995,2,1564,1564,0
A_N2_r10,A,2,10,42.99895366100009,2,1572,1572,0
A_N2_r10,A,2,10,43.19994105199976,2,1578,1578,0
A_N2_r10,A,2,10,43.40110634599978,2,1586,1586,0
A_N2_r10,A,2,10,43.601578265999706,2,1592,1592,0
A_N2_r10,A,2,10,43.802580642000066,2,1600,1600,0
A_N2_r10,A,2,10,44.003766927000015,2,1606,1606,0
A_N2_r10,A,2,10,44.2052500169998,2,1614,1614,0
A_N2_r10,A,2,10,44.405638158999864,2,1620,1620,0
A_N2_r10,A,2,10,44.60662913099986,2,1627,1627,0
A_N2_r10,A,2,10,44.8083648339998,2,1635,1635,0
A_N2_r10,A,2,10,45.00941305200013,2,1642,1642,0
A_N2_r10,A,2,10,45.20983064999973,2,1649,1649,0
A_N2_r10,A,2,10,45.41073329699975,2,1656,1656,0
A_N2_r10,A,2,10,45.611050907999925,2,1662,1662,0
A_N2_r10,A,2,10,45.81159061800008,2,1669,1669,0
A_N2_r10,A,2,10,46.01220093699976,2,1675,1675,0
A_N2_r10,A,2,10,46.212697016999755,2,1683,1683,0
A_N2_r10,A,2,10,46.4139431640001,2,1691,1691,0
A_N2_r10,A,2,10,46.61505536499999,2,1698,1698,0
A_N2_r10,A,2,10,46.815655392999815,2,1705,1705,0
A_N2_r10,A,2,10,47.016696582999884,2,1713,1713,0
A_N2_r10,A,2,10,47.21781614800011,2,1721,1721,0
A_N2_r10,A,2,10,47.419015085999945,2,1728,1728,0
A_N2_r10,A,2,10,47.620002484,2,1735,1735,0
A_N2_r10,A,2,10,47.82065520600008,2,1743,1743,0
A_N2_r10,A,2,10,48.02285857300012,2,1751,1751,0
A_N2_r10,A,2,10,48.22456207000005,2,1758,1758,0
A_N2_r10,A,2,10,48.42485270399993,2,1764,1764,0
A_N2_r10,A,2,10,48.625407303999964,2,1772,1772,0
A_N2_r10,A,2,10,48.826960289,2,1778,1778,0
A_N2_r10,A,2,10,49.028563889,2,1784,1784,0
A_N2_r10,A,2,10,49.22900014200013,2,1792,1792,0
A_N2_r10,A,2,10,49.42992540199975,2,1799,1799,0
A_N2_r10,A,2,10,49.6305159640001,2,1807,1807,0
A_N2_r10,A,2,10,49.83072009499983,2,1815,1815,0
A_N2_r10,A,2,10,50.032667234999735,2,1822,1822,0
A_N2_r10,A,2,10,50.23341306600014,2,1831,1831,0
A_N2_r10,A,2,10,50.43361720499979,2,1838,1838,0
A_N2_r10,A,2,10,50.6355804320001,2,1845,1845,0
A_N2_r10,A,2,10,50.83761162300016,2,1853,1853,0
A_N2_r10,A,2,10,51.0382956049998,2,1860,1860,0
A_N2_r10,A,2,10,51.23948832699989,2,1868,1868,0
A_N2_r10,A,2,10,51.44065985299994,2,1874,1874,0
A_N2_r10,A,2,10,51.64171407399999,2,1882,1882,0
A_N2_r10,A,2,10,51.842514346999906,2,1888,1888,0
A_N2_r10,A,2,10,52.04305580399978,2,1896,1896,0
A_N2_r10,A,2,10,52.24371155500012,2,1903,1903,0
A_N2_r10,A,2,10,52.44504062899978,2,1911,1911,0
A_N2_r10,A,2,10,52.64539187199989,2,1919,1919,0
A_N2_r10,A,2,10,52.84689117900007,2,1927,1927,0
A_N2_r10,A,2,10,53.04741302699995,2,1933,1933,0
A_N2_r10,A,2,10,53.24784474399985,2,1941,1941,0
A_N2_r10,A,2,10,53.448739985999964,2,1949,1949,0
A_N2_r10,A,2,10,53.64948786600007,2,1955,1955,0
A_N2_r10,A,2,10,53.850942327999746,2,1963,1963,0
A_N2_r10,A,2,10,54.052331689999846,2,1969,1969,0
A_N2_r10,A,2,10,54.25275327500003,2,1977,1977,0
A_N2_r10,A,2,10,54.453709825999795,2,1985,1985,0
A_N2_r10,A,2,10,54.65516261199991,2,1992,1992,0
A_N2_r10,A,2,10,54.855821165999714,2,1999,1999,0
A_N2_r10,A,2,10,55.05684401000008,2,2006,2006,0
A_N2_r10,A,2,10,55.25871543199992,2,2014,2014,0
A_N2_r10,A,2,10,55.459760924999955,2,2022,2022,0
A_N2_r10,A,2,10,55.659970668999904,2,2030,2030,0
A_N2_r10,A,2,10,55.86140156200008,2,2036,2036,0
A_N2_r10,A,2,10,56.06218689499974,2,2044,2044,0
A_N2_r10,A,2,10,56.26323339600003,2,2050,2050,0
A_N2_r10,A,2,10,56.4637126130001,2,2058,2058,0
A_N2_r10,A,2,10,56.66427293000015,2,2065,2065,0
A_N2_r10,A,2,10,56.86510139999973,2,2073,2073,0
A_N2_r10,A,2,10,57.066054989999884,2,2080,2080,0
A_N2_r10,A,2,10,57.266885311999886,2,2088,2088,0
A_N2_r10,A,2,10,57.46961637200002,2,2095,2095,0
A_N2_r10,A,2,10,57.67088228400007,2,2102,2102,0
A_N2_r10,A,2,10,57.871851219999826,2,2109,2109,0
A_N2_r10,A,2,10,58.07280676099981,2,2116,2116,0
A_N2_r10,A,2,10,58.273502049999934,2,2124,2124,0
A_N2_r10,A,2,10,58.47580138300009,2,2132,2132,0
A_N2_r10,A,2,10,58.67699714299988,2,2140,2140,0
A_N2_r10,A,2,10,58.877373603999786,2,2146,2146,0
A_N2_r10,A,2,10,59.077750425999966,2,2154,2154,0
A_N2_r10,A,2,10,59.27850237799976,2,2162,2162,0
A_N2_r10,A,2,10,59.479603680999844,2,2169,2169,0
A_N2_r10,A,2,10,59.68154660399978,2,2177,2177,0
A_N2_r10,A,2,10,59.88238883999975,2,2184,2184,0
A_N2_r10,A,2,10,60.083265327999925,0,2190,2190,0
A_N4_r1,A,4,1,0.005141589000231761,0,0,0,0
A_N4_r1,A,4,1,0.20547158299996227,4,12,12,0
A_N4_r1,A,4,1,0.4066467590000684,4,27,27,0
A_N4_r1,A,4,1,0.6085759739999048,4,40,40,0
A_N4_r1,A,4,1,0.8091247960001056,4,53,53,0
A_N4_r1,A,4,1,1.0097693840002648,4,67,67,0
A_N4_r1,A,4,1,1.211305376999917,4,82,82,0
A_N4_r1,A,4,1,1.4124922010000773,4,96,96,0
A_N4_r1,A,4,1,1.6133859139999913,4,110,110,0
A_N4_r1,A,4,1,1.8137306779999562,4,125,125,0
A_N4_r1,A,4,1,2.014450281000336,4,139,139,0
A_N4_r1,A,4,1,2.216219139000259,4,153,153,0
A_N4_r1,A,4,1,2.4175840580001022,4,167,167,0
A_N4_r1,A,4,1,2.6179792500001895,4,180,180,0
A_N4_r1,A,4,1,2.8183188100001644,4,196,196,0
A_N4_r1,A,4,1,3.0190982600001917,4,210,210,0
A_N4_r1,A,4,1,3.220624369000234,4,226,226,0
A_N4_r1,A,4,1,3.4215864420002617,4,242,242,0
A_N4_r1,A,4,1,3.6225083610002002,4,256,256,0
A_N4_r1,A,4,1,3.8232406010001796,4,272,272,0
A_N4_r1,A,4,1,4.024333525000202,4,284,284,0
A_N4_r1,A,4,1,4.224727204999908,4,300,300,0
A_N4_r1,A,4,1,4.424993172000086,4,312,312,0
A_N4_r1,A,4,1,4.62573888299994,4,328,328,0
A_N4_r1,A,4,1,4.826447055000244,4,342,342,0
A_N4_r1,A,4,1,5.027818890000162,4,356,356,0
A_N4_r1,A,4,1,5.228552463000142,4,371,371,0
A_N4_r1,A,4,1,5.42944462000014,4,386,386,0
A_N4_r1,A,4,1,5.630157917999895,4,399,399,0
A_N4_r1,A,4,1,5.831267816000036,4,415,415,0
A_N4_r1,A,4,1,6.0314994760001355,4,429,429,0
A_N4_r1,A,4,1,6.232310728999892,4,444,444,0
A_N4_r1,A,4,1,6.432914291000088,4,459,459,0
A_N4_r1,A,4,1,6.6333470489998945,4,474,474,0
A_N4_r1,A,4,1,6.8350092310001855,4,488,488,0
A_N4_r1,A,4,1,7.035413666000295,4,502,502,0
A_N4_r1,A,4,1,7.236588435000158,4,515,515,0
A_N4_r1,A,4,1,7.438096280000082,4,530,530,0
A_N4_r1,A,4,1,7.638357737000206,4,545,545,0
A_N4_r1,A,4,1,7.838894032000098,4,560,560,0
A_N4_r1,A,4,1,8.039521084000171,4,575,575,0
A_N4_r1,A,4,1,8.240486073000284,4,589,589,0
A_N4_r1,A,4,1,8.441747410000062,4,603,603,0
A_N4_r1,A,4,1,8.642325147000065,4,617,617,0
A_N4_r1,A,4,1,8.843954511999982,4,632,632,0
A_N4_r1,A,4,1,9.044559479000327,4,645,645,0
A_N4_r1,A,4,1,9.245119839999916,4,660,660,0
A_N4_r1,A,4,1,9.44742780200022,4,675,675,0
A_N4_r1,A,4,1,9.647888630000125,4,688,688,0
A_N4_r1,A,4,1,9.848248069999954,4,702,702,0
A_N4_r1,A,4,1,10.048776393000026,4,717,717,0
A_N4_r1,A,4,1,10.250686959000177,4,731,731,0
A_N4_r1,A,4,1,10.45174163799993,4,746,746,0
A_N4_r1,A,4,1,10.652571140999953,4,761,761,0
A_N4_r1,A,4,1,10.8531093470001,4,776,776,0
A_N4_r1,A,4,1,11.054722374999983,4,790,790,0
A_N4_r1,A,4,1,11.255110922000313,4,804,804,0
A_N4_r1,A,4,1,11.457054144000267,4,819,819,0
A_N4_r1,A,4,1,11.657943664999948,4,831,831,0
A_N4_r1,A,4,1,11.8582603990003,4,846,846,0
A_N4_r1,A,4,1,12.059231341000213,4,861,861,0
A_N4_r1,A,4,1,12.260091402999933,4,875,875,0
A_N4_r1,A,4,1,12.460417270000107,4,889,889,0
A_N4_r1,A,4,1,12.661946215000171,4,905,905,0
A_N4_r1,A,4,1,12.862843966000128,4,919,919,0
A_N4_r1,A,4,1,13.06352538100009,4,934,934,0
A_N4_r1,A,4,1,13.265087173000211,4,948,948,0
A_N4_r1,A,4,1,13.465902408000147,4,962,962,0
A_N4_r1,A,4,1,13.66624961000025,4,976,976,0
A_N4_r1,A,4,1,13.866837506000138,4,990,990,0
A_N4_r1,A,4,1,14.067844378000245,4,1005,1005,0
A_N4_r1,A,4,1,14.268130844000098,4,1020,1020,0
A_N4_r1,A,4,1,14.469082616999913,4,1035,1035,0
A_N4_r1,A,4,1,14.670080245000008,4,1048,1048,0
A_N4_r1,A,4,1,14.870599771000343,4,1063,1063,0
A_N4_r1,A,4,1,15.07175449100032,4,1077,1077,0
A_N4_r1,A,4,1,15.272669462000067,4,1092,1092,0
A_N4_r1,A,4,1,15.473430268999891,4,1109,1109,0
A_N4_r1,A,4,1,15.674620127000253,4,1123,1123,0
A_N4_r1,A,4,1,15.875075631000072,4,1138,1138,0
A_N4_r1,A,4,1,16.075469514999895,4,1151,1151,0
A_N4_r1,A,4,1,16.27637424300019,4,1164,1164,0
A_N4_r1,A,4,1,16.47813700300003,4,1180,1180,0
A_N4_r1,A,4,1,16.678671658999974,4,1196,1196,0
A_N4_r1,A,4,1,16.878882418000103,4,1209,1209,0
A_N4_r1,A,4,1,17.080725320000056,4,1224,1224,0
A_N4_r1,A,4,1,17.281135933000314,4,1238,1238,0
A_N4_r1,A,4,1,17.481834576999972,4,1252,1252,0
A_N4_r1,A,4,1,17.682566061000216,4,1268,1268,0
A_N4_r1,A,4,1,17.883773253000072,4,1281,1281,0
A_N4_r1,A,4,1,18.08524950600031,4,1295,1295,0
A_N4_r1,A,4,1,18.28563032000011,4,1311,1311,0
A_N4_r1,A,4,1,18.487041774000318,4,1325,1325,0
A_N4_r1,A,4,1,18.687777903000097,4,1338,1338,0
A_N4_r1,A,4,1,18.88805210999999,4,1350,1350,0
A_N4_r1,A,4,1,19.089431059000162,4,1363,1363,0
A_N4_r1,A,4,1,19.290581257000213,4,1378,1378,0
A_N4_r1,A,4,1,19.49130375599998,4,1393,1393,0
A_N4_r1,A,4,1,19.692127342000276,4,1408,1408,0
A_N4_r1,A,4,1,19.892774072000066,4,1423,1423,0
A_N4_r1,A,4,1,20.093293864000316,4,1439,1439,0
A_N4_r1,A,4,1,20.294305742000233,4,1453,1453,0
A_N4_r1,A,4,1,20.495114837000074,4,1468,1468,0
A_N4_r1,A,4,1,20.69562428900008,4,1483,1483,0
A_N4_r1,A,4,1,20.896746562000317,4,1497,1497,0
A_N4_r1,A,4,1,21.09863731800033,4,1512,1512,0
A_N4_r1,A,4,1,21.299500408000313,4,1527,1527,0
A_N4_r1,A,4,1,21.50061307900023,4,1544,1544,0
A_N4_r1,A,4,1,21.701268345000244,4,1559,1559,0
A_N4_r1,A,4,1,21.902885035000054,4,1574,1574,0
A_N4_r1,A,4,1,22.10328102099993,4,1588,1588,0
A_N4_r1,A,4,1,22.30489012299995,4,1602,1602,0
A_N4_r1,A,4,1,22.50604774200019,4,1618,1618,0
A_N4_r1,A,4,1,22.707184322000103,4,1633,1633,0
A_N4_r1,A,4,1,22.90771667800027,4,1645,1645,0
A_N4_r1,A,4,1,23.1090178190002,4,1661,1661,0
A_N4_r1,A,4,1,23.31044842700021,4,1677,1677,0
A_N4_r1,A,4,1,23.510821333999957,4,1691,1691,0
A_N4_r1,A,4,1,23.711684445000174,4,1704,1704,0
A_N4_r1,A,4,1,23.912641609000275,4,1717,1717,0
A_N4_r1,A,4,1,24.113683249000132,4,1732,1732,0
A_N4_r1,A,4,1,24.313894282000092,4,1746,1746,0
A_N4_r1,A,4,1,24.515291825000077,4,1760,1760,0
A_N4_r1,A,4,1,24.71613318100026,4,1775,1775,0
A_N4_r1,A,4,1,24.91732418299989,4,1789,1789,0
A_N4_r1,A,4,1,25.11781878900001,4,1802,1802,0
A_N4_r1,A,4,1,25.319017670999983,4,1817,1817,0
A_N4_r1,A,4,1,25.521113167000294,4,1831,1831,0
A_N4_r1,A,4,1,25.721665304999988,4,1845,1845,0
A_N4_r1,A,4,1,25.922600590000002,4,1861,1861,0
A_N4_r1,A,4,1,26.12352279100014,4,1874,1874,0
A_N4_r1,A,4,1,26.324924421000105,4,1889,1889,0
A_N4_r1,A,4,1,26.525818276000336,4,1903,1903,0
A_N4_r1,A,4,1,26.726889036000102,4,1917,1917,0
A_N4_r1,A,4,1,26.92865003099996,4,1931,1931,0
A_N4_r1,A,4,1,27.130306162000124,4,1946,1946,0
A_N4_r1,A,4,1,27.330953145999956,4,1959,1959,0
A_N4_r1,A,4,1,27.531937954000114,4,1974,1974,0
A_N4_r1,A,4,1,27.732178087000193,4,1987,1987,0
A_N4_r1,A,4,1,27.933277596000153,4,2001,2001,0
A_N4_r1,A,4,1,28.134013104000132,4,2015,2015,0
A_N4_r1,A,4,1,28.334702041000128,4,2030,2030,0
A_N4_r1,A,4,1,28.534984547000022,4,2043,2043,0
A_N4_r1,A,4,1,28.736041142999966,4,2058,2058,0
A_N4_r1,A,4,1,28.936819915000342,4,2072,2072,0
A_N4_r1,A,4,1,29.137628635000056,4,2086,2086,0
A_N4_r1,A,4,1,29.33919293200006,4,2101,2101,0
A_N4_r1,A,4,1,29.539983652000046,4,2116,2116,0
A_N4_r1,A,4,1,29.74081369400028,4,2129,2129,0
A_N4_r1,A,4,1,29.941680023000117,4,2145,2145,0
A_N4_r1,A,4,1,30.142009112000324,4,2158,2158,0
A_N4_r1,A,4,1,30.343521019000036,4,2172,2172,0
A_N4_r1,A,4,1,30.544196270000157,4,2186,2186,0
A_N4_r1,A,4,1,30.74500516900025,4,2201,2201,0
A_N4_r1,A,4,1,30.94553413099993,4,2215,2215,0
A_N4_r1,A,4,1,31.145788057000118,4,2230,2230,0
A_N4_r1,A,4,1,31.34693181900002,4,2245,2245,0
A_N4_r1,A,4,1,31.547670812999968,4,2258,2258,0
A_N4_r1,A,4,1,31.748136192999937,4,2274,2274,0
A_N4_r1,A,4,1,31.948655881999912,4,2289,2289,0
A_N4_r1,A,4,1,32.149227681999946,4,2303,2303,0
A_N4_r1,A,4,1,32.35006664599996,4,2319,2319,0
A_N4_r1,A,4,1,32.55059449600003,4,2332,2332,0
A_N4_r1,A,4,1,32.751190210000004,4,2346,2346,0
A_N4_r1,A,4,1,32.95236427300006,4,2361,2361,0
A_N4_r1,A,4,1,33.15378211999996,4,2373,2373,0
A_N4_r1,A,4,1,33.35532857499993,4,2388,2388,0
A_N4_r1,A,4,1,33.55605867300028,4,2403,2403,0
A_N4_r1,A,4,1,33.75786044999995,4,2418,2418,0
A_N4_r1,A,4,1,33.958272130000296,4,2431,2431,0
A_N4_r1,A,4,1,34.16000548400007,4,2446,2446,0
A_N4_r1,A,4,1,34.361801686000035,4,2459,2459,0
A_N4_r1,A,4,1,34.562213360999976,4,2473,2473,0
A_N4_r1,A,4,1,34.76284664500008,4,2488,2488,0
A_N4_r1,A,4,1,34.96362571899999,4,2502,2502,0
A_N4_r1,A,4,1,35.165474943999925,4,2516,2516,0
A_N4_r1,A,4,1,35.36598405299992,4,2528,2528,0
A_N4_r1,A,4,1,35.56683571600024,4,2543,2543,0
A_N4_r1,A,4,1,35.76752561000012,4,2556,2556,0
A_N4_r1,A,4,1,35.968360141000176,4,2570,2570,0
A_N4_r1,A,4,1,36.16931445899991,4,2584,2584,0
A_N4_r1,A,4,1,36.37020187200005,4,2599,2599,0
A_N4_r1,A,4,1,36.57103417400003,4,2613,2613,0
A_N4_r1,A,4,1,36.771312863000276,4,2626,2626,0
A_N4_r1,A,4,1,36.97159576000013,4,2641,2641,0
A_N4_r1,A,4,1,37.17226521600014,4,2654,2654,0
A_N4_r1,A,4,1,37.372680743000274,4,2669,2669,0
A_N4_r1,A,4,1,37.57341973800021,4,2685,2685,0
A_N4_r1,A,4,1,37.77433247299996,4,2699,2699,0
A_N4_r1,A,4,1,37.9765208230001,4,2713,2713,0
A_N4_r1,A,4,1,38.178632329000266,4,2728,2728,0
A_N4_r1,A,4,1,38.37948012900006,4,2741,2741,0
A_N4_r1,A,4,1,38.58069293300014,4,2754,2754,0
A_N4_r1,A,4,1,38.782494443999894,4,2770,2770,0
A_N4_r1,A,4,1,38.98295110200024,4,2783,2783,0
A_N4_r1,A,4,1,39.18378349000022,4,2798,2798,0
A_N4_r1,A,4,1,39.38474244000008,4,2813,2813,0
A_N4_r1,A,4,1,39.58583464599997,4,2827,2827,0
A_N4_r1,A,4,1,39.78660378600034,4,2841,2841,0
A_N4_r1,A,4,1,39.9869780060003,4,2857,2857,0
A_N4_r1,A,4,1,40.188258056999985,4,2870,2870,0
A_N4_r1,A,4,1,40.38856777199999,4,2885,2885,0
A_N4_r1,A,4,1,40.58928131399989,4,2899,2899,0
A_N4_r1,A,4,1,40.7908260600002,4,2913,2913,0
A_N4_r1,A,4,1,40.9911357660003,4,2927,2927,0
A_N4_r1,A,4,1,41.19324503300004,4,2943,2943,0
A_N4_r1,A,4,1,41.3938592049999,4,2957,2957,0
A_N4_r1,A,4,1,41.59430916400015,4,2972,2972,0
A_N4_r1,A,4,1,41.79485404900015,4,2987,2987,0
A_N4_r1,A,4,1,41.99531545900027,4,3002,3002,0
A_N4_r1,A,4,1,42.19610362200001,4,3017,3017,0
A_N4_r1,A,4,1,42.396736563000104,4,3030,3030,0
A_N4_r1,A,4,1,42.597278577,4,3045,3045,0
A_N4_r1,A,4,1,42.797432324000056,4,3060,3060,0
A_N4_r1,A,4,1,42.998096393000196,4,3075,3075,0
A_N4_r1,A,4,1,43.199001467000016,4,3089,3089,0
A_N4_r1,A,4,1,43.39941903499994,4,3103,3103,0
A_N4_r1,A,4,1,43.59982480100007,4,3119,3119,0
A_N4_r1,A,4,1,43.80069852199995,4,3132,3132,0
A_N4_r1,A,4,1,44.003002396000284,4,3149,3149,0
A_N4_r1,A,4,1,44.20322279900029,4,3163,3163,0
A_N4_r1,A,4,1,44.4036639750002,4,3178,3178,0
A_N4_r1,A,4,1,44.604647402999944,4,3191,3191,0
A_N4_r1,A,4,1,44.806108855000275,4,3205,3205,0
A_N4_r1,A,4,1,45.00742674100002,4,3222,3222,0
A_N4_r1,A,4,1,45.208064020000165,4,3236,3236,0
A_N4_r1,A,4,1,45.409857469000144,4,3250,3250,0
A_N4_r1,A,4,1,45.61092639000026,4,3264,3264,0
A_N4_r1,A,4,1,45.81129325300026,4,3280,3280,0
A_N4_r1,A,4,1,46.01183363700011,4,3294,3294,0
A_N4_r1,A,4,1,46.21236288199998,4,3307,3307,0
A_N4_r1,A,4,1,46.41375106600026,4,3322,3322,0
A_N4_r1,A,4,1,46.61459704000026,4,3337,3337,0
A_N4_r1,A,4,1,46.81553779800015,4,3351,3351,0
A_N4_r1,A,4,1,47.01597879300016,4,3365,3365,0
A_N4_r1,A,4,1,47.21639318999996,4,3380,3380,0
A_N4_r1,A,4,1,47.41805287100033,4,3394,3394,0
A_N4_r1,A,4,1,47.619079372000215,4,3409,3409,0
A_N4_r1,A,4,1,47.81936914200014,4,3423,3423,0
A_N4_r1,A,4,1,48.02044884099996,4,3438,3438,0
A_N4_r1,A,4,1,48.22185164800021,4,3452,3452,0
A_N4_r1,A,4,1,48.42252041300026,4,3465,3465,0
A_N4_r1,A,4,1,48.62300657000014,4,3478,3478,0
A_N4_r1,A,4,1,48.82413559399993,4,3492,3492,0
A_N4_r1,A,4,1,49.02508276300023,4,3507,3507,0
A_N4_r1,A,4,1,49.225998595999954,4,3522,3522,0
A_N4_r1,A,4,1,49.426329761000034,4,3536,3536,0
A_N4_r1,A,4,1,49.62858944000027,4,3551,3551,0
A_N4_r1,A,4,1,49.82908406700017,4,3565,3565,0
A_N4_r1,A,4,1,50.02970853400029,4,3579,3579,0
A_N4_r1,A,4,1,50.23075782800015,4,3593,3593,0
A_N4_r1,A,4,1,50.431857046000005,4,3606,3606,0
A_N4_r1,A,4,1,50.63206150099995,4,3621,3621,0
A_N4_r1,A,4,1,50.83255310699997,4,3635,3635,0
A_N4_r1,A,4,1,51.033514018999995,4,3650,3650,0
A_N4_r1,A,4,1,51.234125378000044,4,3664,3664,0
A_N4_r1,A,4,1,51.434768888000235,4,3677,3677,0
A_N4_r1,A,4,1,51.63515611499997,4,3690,3690,0
A_N4_r1,A,4,1,51.83578561000013,4,3703,3703,0
A_N4_r1,A,4,1,52.03660169900013,4,3718,3718,0
A_N4_r1,A,4,1,52.23753985700023,4,3730,3730,0
A_N4_r1,A,4,1,52.43781719500021,4,3743,3743,0
A_N4_r1,A,4,1,52.638481568000316,4,3759,3759,0
A_N4_r1,A,4,1,52.839366258000155,4,3771,3771,0
A_N4_r1,A,4,1,53.04008375900003,4,3787,3787,0
A_N4_r1,A,4,1,53.241063118000056,4,3801,3801,0
A_N4_r1,A,4,1,53.44125749600016,4,3816,3816,0
A_N4_r1,A,4,1,53.64205535000019,4,3831,3831,0
A_N4_r1,A,4,1,53.84255426100026,4,3846,3846,0
A_N4_r1,A,4,1,54.043613538000045,4,3860,3860,0
A_N4_r1,A,4,1,54.244295140000304,4,3876,3876,0
A_N4_r1,A,4,1,54.44504011100025,4,3888,3888,0
A_N4_r1,A,4,1,54.64629271900003,4,3904,3904,0
A_N4_r1,A,4,1,54.846472834999986,4,3919,3919,0
A_N4_r1,A,4,1,55.04729928500001,4,3933,3933,0
A_N4_r1,A,4,1,55.247877732000234,4,3948,3948,0
A_N4_r1,A,4,1,55.44908787600025,4,3964,3964,0
A_N4_r1,A,4,1,55.64977461200033,4,3979,3979,0
A_N4_r1,A,4,1,55.850497094000275,4,3993,3993,0
A_N4_r1,A,4,1,56.05205635400034,4,4007,4007,0
A_N4_r1,A,4,1,56.252634584000134,4,4022,4022,0
A_N4_r1,A,4,1,56.45335494600022,4,4038,4038,0
A_N4_r1,A,4,1,56.65450022499999,4,4051,4051,0
A_N4_r1,A,4,1,56.85619113100029,4,4067,4067,0
A_N4_r1,A,4,1,57.056544447000306,4,4081,4081,0
A_N4_r1,A,4,1,57.2579201640001,4,4096,4096,0
A_N4_r1,A,4,1,57.45945283300034,4,4108,4108,0
A_N4_r1,A,4,1,57.6598769709999,4,4123,4123,0
A_N4_r1,A,4,1,57.86203107900019,4,4138,4138,0
A_N4_r1,A,4,1,58.0630526330001,4,4151,4151,0
A_N4_r1,A,4,1,58.26386615599995,4,4165,4165,0
A_N4_r1,A,4,1,58.46483274100001,4,4181,4181,0
A_N4_r1,A,4,1,58.66581883300023,4,4195,4195,0
A_N4_r1,A,4,1,58.86598885500007,4,4210,4210,0
A_N4_r1,A,4,1,59.066469965000124,4,4224,4224,0
A_N4_r1,A,4,1,59.267291255000146,4,4238,4238,0
A_N4_r1,A,4,1,59.46825188399998,4,4253,4253,0
A_N4_r1,A,4,1,59.669269346999954,4,4268,4268,0
A_N4_r1,A,4,1,59.869500446000075,4,4282,4282,0
A_N4_r1,A,4,1,60.070736706999924,0,4295,4295,0
A_N4_r2,A,4,2,0.005283710999719915,0,0,0,0
A_N4_r2,A,4,2,0.20592424200003734,4,12,12,0
A_N4_r2,A,4,2,0.40665440699967803,4,25,25,0
A_N4_r2,A,4,2,0.6069824589999371,4,41,41,0
A_N4_r2,A,4,2,0.8072921869998027,4,55,55,0
A_N4_r2,A,4,2,1.0087022729999262,4,69,69,0
A_N4_r2,A,4,2,1.2109542569996847,4,83,83,0
A_N4_r2,A,4,2,1.411557380999966,4,98,98,0
A_N4_r2,A,4,2,1.6119105429997944,4,113,113,0
A_N4_r2,A,4,2,1.812552850999964,4,128,128,0
A_N4_r2,A,4,2,2.013303941999766,4,144,144,0
A_N4_r2,A,4,2,2.213666224000008,4,158,158,0
A_N4_r2,A,4,2,2.414605654999832,4,174,174,0
A_N4_r2,A,4,2,2.615753119999681,4,186,186,0
A_N4_r2,A,4,2,2.8160340219997124,4,201,201,0
A_N4_r2,A,4,2,3.016580538999733,4,215,215,0
A_N4_r2,A,4,2,3.2170908589996543,4,231,231,0
A_N4_r2,A,4,2,3.4174256339997555,4,246,246,0
A_N4_r2,A,4,2,3.6180035989996213,4,261,261,0
A_N4_r2,A,4,2,3.818986713999948,4,277,277,0
A_N4_r2,A,4,2,4.019849769999837,4,290,290,0
A_N4_r2,A,4,2,4.221955964999779,4,306,306,0
A_N4_r2,A,4,2,4.422661870999946,4,322,322,0
A_N4_r2,A,4,2,4.6232509199999186,4,337,337,0
A_N4_r2,A,4,2,4.824225873999694,4,351,351,0
A_N4_r2,A,4,2,5.025579181000012,4,366,366,0
A_N4_r2,A,4,2,5.226620599999933,4,380,380,0
A_N4_r2,A,4,2,5.428492415999699,4,396,396,0
A_N4_r2,A,4,2,5.62949624599969,4,409,409,0
A_N4_r2,A,4,2,5.829803819999597,4,424,424,0
A_N4_r2,A,4,2,6.031412120999903,4,439,439,0
A_N4_r2,A,4,2,6.233490022999831,4,455,455,0
A_N4_r2,A,4,2,6.4354712439999275,4,469,469,0
A_N4_r2,A,4,2,6.636570243999813,4,483,483,0
A_N4_r2,A,4,2,6.837414012999943,4,499,499,0
A_N4_r2,A,4,2,7.0378301419996205,4,514,514,0
A_N4_r2,A,4,2,7.238505040999826,4,529,529,0
A_N4_r2,A,4,2,7.439984447999905,4,544,544,0
A_N4_r2,A,4,2,7.640806377999979,4,560,560,0
A_N4_r2,A,4,2,7.841475178999644,4,574,574,0
A_N4_r2,A,4,2,8.041823485999885,4,588,588,0
A_N4_r2,A,4,2,8.243009312999675,4,603,603,0
A_N4_r2,A,4,2,8.444070969999757,4,616,616,0
A_N4_r2,A,4,2,8.645862377999947,4,631,631,0
A_N4_r2,A,4,2,8.84660002999999,4,645,645,0
A_N4_r2,A,4,2,9.047177964999719,4,660,660,0
A_N4_r2,A,4,2,9.247761680999702,4,676,676,0
A_N4_r2,A,4,2,9.448289273999762,4,688,688,0
A_N4_r2,A,4,2,9.648546345999875,4,703,703,0
A_N4_r2,A,4,2,9.84900965299994,4,717,717,0
A_N4_r2,A,4,2,10.050979666999865,4,732,732,0
A_N4_r2,A,4,2,10.251878529999885,4,746,746,0
A_N4_r2,A,4,2,10.45218038899975,4,760,760,0
A_N4_r2,A,4,2,10.652495069999986,4,774,774,0
A_N4_r2,A,4,2,10.85440394599982,4,789,789,0
A_N4_r2,A,4,2,11.05463084899975,4,802,802,0
A_N4_r2,A,4,2,11.255491184999755,4,817,817,0
A_N4_r2,A,4,2,11.45573214299975,4,830,830,0
A_N4_r2,A,4,2,11.656572310999763,4,846,846,0
A_N4_r2,A,4,2,11.856856864999827,4,860,860,0
A_N4_r2,A,4,2,12.057726559999992,4,873,873,0
A_N4_r2,A,4,2,12.258733990999644,4,888,888,0
A_N4_r2,A,4,2,12.459196471999803,4,901,901,0
A_N4_r2,A,4,2,12.660181750999982,4,914,914,0
A_N4_r2,A,4,2,12.860523122999894,4,929,929,0
A_N4_r2,A,4,2,13.060939942999994,4,941,941,0
A_N4_r2,A,4,2,13.262083578999864,4,956,956,0
A_N4_r2,A,4,2,13.463688207999894,4,972,972,0
A_N4_r2,A,4,2,13.664698826999938,4,987,987,0
A_N4_r2,A,4,2,13.865201672999774,4,1003,1003,0
A_N4_r2,A,4,2,14.066368163999869,4,1015,1015,0
A_N4_r2,A,4,2,14.267255126999771,4,1030,1030,0
A_N4_r2,A,4,2,14.467774559999725,4,1045,1045,0
A_N4_r2,A,4,2,14.667987075999918,4,1058,1058,0
A_N4_r2,A,4,2,14.86913573999982,4,1073,1073,0
A_N4_r2,A,4,2,15.070565610999893,4,1088,1088,0
A_N4_r2,A,4,2,15.271281490999627,4,1102,1102,0
A_N4_r2,A,4,2,15.472099399999934,4,1118,1118,0
A_N4_r2,A,4,2,15.67319785799964,4,1132,1132,0
A_N4_r2,A,4,2,15.874060114999793,4,1147,1147,0
A_N4_r2,A,4,2,16.074568122999608,4,1162,1162,0
A_N4_r2,A,4,2,16.275736784999935,4,1176,1176,0
A_N4_r2,A,4,2,16.476787667999815,4,1190,1190,0
A_N4_r2,A,4,2,16.67824985199968,4,1205,1205,0
A_N4_r2,A,4,2,16.878802039999755,4,1220,1220,0
A_N4_r2,A,4,2,17.07927014699999,4,1234,1234,0
A_N4_r2,A,4,2,17.28005274599991,4,1249,1249,0
A_N4_r2,A,4,2,17.48100203399963,4,1261,1261,0
A_N4_r2,A,4,2,17.68184305199975,4,1277,1277,0
A_N4_r2,A,4,2,17.882492612999613,4,1292,1292,0
A_N4_r2,A,4,2,18.083126789999824,4,1306,1306,0
A_N4_r2,A,4,2,18.284414817999732,4,1321,1321,0
A_N4_r2,A,4,2,18.486049768999692,4,1335,1335,0
A_N4_r2,A,4,2,18.686307318999752,4,1348,1348,0
A_N4_r2,A,4,2,18.88734281699999,4,1363,1363,0
A_N4_r2,A,4,2,19.088165065999874,4,1376,1376,0
A_N4_r2,A,4,2,19.289091106999877,4,1391,1391,0
A_N4_r2,A,4,2,19.48970047099965,4,1405,1405,0
A_N4_r2,A,4,2,19.69039202799968,4,1419,1419,0
A_N4_r2,A,4,2,19.890761245999784,4,1433,1433,0
A_N4_r2,A,4,2,20.091716473999895,4,1449,1449,0
A_N4_r2,A,4,2,20.292317996999827,4,1465,1465,0
A_N4_r2,A,4,2,20.492544083999746,4,1479,1479,0
A_N4_r2,A,4,2,20.692757848999918,4,1494,1494,0
A_N4_r2,A,4,2,20.89343006199988,4,1510,1510,0
A_N4_r2,A,4,2,21.094001160999596,4,1525,1525,0
A_N4_r2,A,4,2,21.295353766999597,4,1538,1538,0
A_N4_r2,A,4,2,21.49632701099972,4,1552,1552,0
A_N4_r2,A,4,2,21.69849073899968,4,1568,1568,0
A_N4_r2,A,4,2,21.899585707999904,4,1583,1583,0
A_N4_r2,A,4,2,22.10003383200001,4,1598,1598,0
A_N4_r2,A,4,2,22.300697835999927,4,1614,1614,0
A_N4_r2,A,4,2,22.501651896999647,4,1628,1628,0
A_N4_r2,A,4,2,22.702856772999894,4,1643,1643,0
A_N4_r2,A,4,2,22.903424317999907,4,1657,1657,0
A_N4_r2,A,4,2,23.104533960000026,4,1671,1671,0
A_N4_r2,A,4,2,23.3051383359998,4,1686,1686,0
A_N4_r2,A,4,2,23.505968750999727,4,1701,1701,0
A_N4_r2,A,4,2,23.70686027900001,4,1715,1715,0
A_N4_r2,A,4,2,23.908023841999693,4,1729,1729,0
A_N4_r2,A,4,2,24.108725219999997,4,1744,1744,0
A_N4_r2,A,4,2,24.309635955999966,4,1759,1759,0
A_N4_r2,A,4,2,24.510176455999954,4,1774,1774,0
A_N4_r2,A,4,2,24.71213659599971,4,1789,1789,0
A_N4_r2,A,4,2,24.912593763999666,4,1803,1803,0
A_N4_r2,A,4,2,25.113833390999844,4,1818,1818,0
A_N4_r2,A,4,2,25.315801558999738,4,1832,1832,0
A_N4_r2,A,4,2,25.516458507999687,4,1848,1848,0
A_N4_r2,A,4,2,25.717125604999637,4,1863,1863,0
A_N4_r2,A,4,2,25.91761637799982,4,1878,1878,0
A_N4_r2,A,4,2,26.117895298999883,4,1893,1893,0
A_N4_r2,A,4,2,26.31853761299999,4,1908,1908,0
A_N4_r2,A,4,2,26.518793982999796,4,1922,1922,0
A_N4_r2,A,4,2,26.7194651599998,4,1934,1934,0
A_N4_r2,A,4,2,26.91976703599994,4,1948,1948,0
A_N4_r2,A,4,2,27.120809783999903,4,1962,1962,0
A_N4_r2,A,4,2,27.321211035000033,4,1976,1976,0
A_N4_r2,A,4,2,27.5228425829996,4,1990,1990,0
A_N4_r2,A,4,2,27.72372949299961,4,2005,2005,0
A_N4_r2,A,4,2,27.925823602000037,4,2019,2019,0
A_N4_r2,A,4,2,28.126990051999655,4,2034,2034,0
A_N4_r2,A,4,2,28.32789179199972,4,2048,2048,0
A_N4_r2,A,4,2,28.528540772999804,4,2063,2063,0
A_N4_r2,A,4,2,28.73047571699999,4,2077,2077,0
A_N4_r2,A,4,2,28.93155482899965,4,2092,2092,0
A_N4_r2,A,4,2,29.131918735,4,2106,2106,0
A_N4_r2,A,4,2,29.333626980999725,4,2122,2122,0
A_N4_r2,A,4,2,29.534296162999908,4,2136,2136,0
A_N4_r2,A,4,2,29.73465952699962,4,2150,2150,0
A_N4_r2,A,4,2,29.935126477999802,4,2165,2165,0
A_N4_r2,A,4,2,30.13621814399994,4,2179,2179,0
A_N4_r2,A,4,2,30.337042925999867,4,2194,2194,0
A_N4_r2,A,4,2,30.537562181999874,4,2209,2209,0
A_N4_r2,A,4,2,30.739766850999786,4,2223,2223,0
A_N4_r2,A,4,2,30.941229157999715,4,2236,2236,0
A_N4_r2,A,4,2,31.141618084999664,4,2249,2249,0
A_N4_r2,A,4,2,31.3431869179999,4,2264,2264,0
A_N4_r2,A,4,2,31.544239253999876,4,2277,2277,0
A_N4_r2,A,4,2,31.74483717799967,4,2292,2292,0
A_N4_r2,A,4,2,31.945474579999882,4,2305,2305,0
A_N4_r2,A,4,2,32.146605623999676,4,2320,2320,0
A_N4_r2,A,4,2,32.34795734699992,4,2333,2333,0
A_N4_r2,A,4,2,32.54876791799961,4,2348,2348,0
A_N4_r2,A,4,2,32.749387252999895,4,2362,2362,0
A_N4_r2,A,4,2,32.94992576499999,4,2376,2376,0
A_N4_r2,A,4,2,33.150882007999826,4,2390,2390,0
A_N4_r2,A,4,2,33.351287148999745,4,2405,2405,0
A_N4_r2,A,4,2,33.55194092099964,4,2420,2420,0
A_N4_r2,A,4,2,33.75239007399978,4,2433,2433,0
A_N4_r2,A,4,2,33.95293982799967,4,2449,2449,0
A_N4_r2,A,4,2,34.15395919999992,4,2462,2462,0
A_N4_r2,A,4,2,34.35573933199976,4,2477,2477,0
A_N4_r2,A,4,2,34.55701539899974,4,2491,2491,0
A_N4_r2,A,4,2,34.758343091999905,4,2505,2505,0
A_N4_r2,A,4,2,34.95941817399989,4,2519,2519,0
A_N4_r2,A,4,2,35.16001820099973,4,2534,2534,0
A_N4_r2,A,4,2,35.36080237899978,4,2548,2548,0
A_N4_r2,A,4,2,35.56183360499972,4,2562,2562,0
A_N4_r2,A,4,2,35.76403940799992,4,2578,2578,0
A_N4_r2,A,4,2,35.96492574099966,4,2592,2592,0
A_N4_r2,A,4,2,36.16759304199968,4,2605,2605,0
A_N4_r2,A,4,2,36.36935507399994,4,2618,2618,0
A_N4_r2,A,4,2,36.57001355199964,4,2631,2631,0
A_N4_r2,A,4,2,36.771504742999696,4,2646,2646,0
A_N4_r2,A,4,2,36.97221880999996,4,2661,2661,0
A_N4_r2,A,4,2,37.172765592999895,4,2676,2676,0
A_N4_r2,A,4,2,37.37367203199983,4,2690,2690,0
A_N4_r2,A,4,2,37.57422459500003,4,2705,2705,0
A_N4_r2,A,4,2,37.77503079799999,4,2720,2720,0
A_N4_r2,A,4,2,37.9754364559999,4,2735,2735,0
A_N4_r2,A,4,2,38.1759958939997,4,2749,2749,0
A_N4_r2,A,4,2,38.376460095999846,4,2763,2763,0
A_N4_r2,A,4,2,38.57768354399968,4,2778,2778,0
A_N4_r2,A,4,2,38.77837212099985,4,2792,2792,0
A_N4_r2,A,4,2,38.97934078599974,4,2807,2807,0
A_N4_r2,A,4,2,39.180903985999976,4,2821,2821,0
A_N4_r2,A,4,2,39.38125136300005,4,2835,2835,0
A_N4_r2,A,4,2,39.582249564999984,4,2850,2850,0
A_N4_r2,A,4,2,39.78336413499983,4,2864,2864,0
A_N4_r2,A,4,2,39.98355140299964,4,2878,2878,0
A_N4_r2,A,4,2,40.185710730999745,4,2892,2892,0
A_N4_r2,A,4,2,40.38661563300002,4,2905,2905,0
A_N4_r2,A,4,2,40.587375476000034,4,2919,2919,0
A_N4_r2,A,4,2,40.789121086999785,4,2933,2933,0
A_N4_r2,A,4,2,40.99009944499994,4,2947,2947,0
A_N4_r2,A,4,2,41.19059466899989,4,2961,2961,0
A_N4_r2,A,4,2,41.39112867499989,4,2975,2975,0
A_N4_r2,A,4,2,41.591543740999896,4,2990,2990,0
A_N4_r2,A,4,2,41.791794192,4,3003,3003,0
A_N4_r2,A,4,2,41.992708672999925,4,3018,3018,0
A_N4_r2,A,4,2,42.193799553999725,4,3032,3032,0
A_N4_r2,A,4,2,42.39406020499973,4,3045,3045,0
A_N4_r2,A,4,2,42.59628541899974,4,3059,3059,0
A_N4_r2,A,4,2,42.797429749,4,3074,3074,0
A_N4_r2,A,4,2,42.99837909799999,4,3089,3089,0
A_N4_r2,A,4,2,43.19972681699983,4,3103,3103,0
A_N4_r2,A,4,2,43.40066018699963,4,3118,3118,0
A_N4_r2,A,4,2,43.60145664399988,4,3132,3132,0
A_N4_r2,A,4,2,43.80207265599984,4,3146,3146,0
A_N4_r2,A,4,2,44.00304070199991,4,3160,3160,0
A_N4_r2,A,4,2,44.20378314999971,4,3175,3175,0
A_N4_r2,A,4,2,44.40425738099975,4,3189,3189,0
A_N4_r2,A,4,2,44.60475172899987,4,3204,3204,0
A_N4_r2,A,4,2,44.80589628300004,4,3218,3218,0
A_N4_r2,A,4,2,45.00674476899985,4,3231,3231,0
A_N4_r2,A,4,2,45.2082693389998,4,3246,3246,0
A_N4_r2,A,4,2,45.409851756999615,4,3259,3259,0
A_N4_r2,A,4,2,45.610019761999865,4,3274,3274,0
A_N4_r2,A,4,2,45.81157223399987,4,3289,3289,0
A_N4_r2,A,4,2,46.01336679699989,4,3303,3303,0
A_N4_r2,A,4,2,46.213903327000025,4,3319,3319,0
A_N4_r2,A,4,2,46.41500988400003,4,3332,3332,0
A_N4_r2,A,4,2,46.61546318899991,4,3347,3347,0
A_N4_r2,A,4,2,46.81690277400003,4,3360,3360,0
A_N4_r2,A,4,2,47.01794585499965,4,3375,3375,0
A_N4_r2,A,4,2,47.218774568999834,4,3388,3388,0
A_N4_r2,A,4,2,47.41944018999993,4,3404,3404,0
A_N4_r2,A,4,2,47.62047301099983,4,3417,3417,0
A_N4_r2,A,4,2,47.821638770999925,4,3432,3432,0
A_N4_r2,A,4,2,48.02240980899978,4,3445,3445,0
A_N4_r2,A,4,2,48.22330317399974,4,3461,3461,0
A_N4_r2,A,4,2,48.424311722999846,4,3474,3474,0
A_N4_r2,A,4,2,48.62491780499977,4,3488,3488,0
A_N4_r2,A,4,2,48.82540365499972,4,3503,3503,0
A_N4_r2,A,4,2,49.02621637199991,4,3518,3518,0
A_N4_r2,A,4,2,49.22719518799977,4,3533,3533,0
A_N4_r2,A,4,2,49.42829586799962,4,3548,3548,0
A_N4_r2,A,4,2,49.62853288699989,4,3561,3561,0
A_N4_r2,A,4,2,49.829417078999995,4,3576,3576,0
A_N4_r2,A,4,2,50.03117518099998,4,3589,3589,0
A_N4_r2,A,4,2,50.23148576699987,4,3603,3603,0
A_N4_r2,A,4,2,50.432127939999646,4,3617,3617,0
A_N4_r2,A,4,2,50.6328883809997,4,3633,3633,0
A_N4_r2,A,4,2,50.83380150799985,4,3647,3647,0
A_N4_r2,A,4,2,51.03405373899977,4,3663,3663,0
A_N4_r2,A,4,2,51.23479905299973,4,3676,3676,0
A_N4_r2,A,4,2,51.43545676599979,4,3691,3691,0
A_N4_r2,A,4,2,51.6371426249998,4,3706,3706,0
A_N4_r2,A,4,2,51.83776977399975,4,3720,3720,0
A_N4_r2,A,4,2,52.038388285999645,4,3735,3735,0
A_N4_r2,A,4,2,52.238723820999894,4,3750,3750,0
A_N4_r2,A,4,2,52.43963148900002,4,3765,3765,0
A_N4_r2,A,4,2,52.64052980899987,4,3780,3780,0
A_N4_r2,A,4,2,52.84121734099972,4,3795,3795,0
A_N4_r2,A,4,2,53.04178512899989,4,3810,3810,0
A_N4_r2,A,4,2,53.24272144099996,4,3824,3824,0
A_N4_r2,A,4,2,53.44485775999965,4,3839,3839,0
A_N4_r2,A,4,2,53.64536128899999,4,3854,3854,0
A_N4_r2,A,4,2,53.84679753299997,4,3867,3867,0
A_N4_r2,A,4,2,54.04702183499967,4,3882,3882,0
A_N4_r2,A,4,2,54.24732690699966,4,3897,3897,0
A_N4_r2,A,4,2,54.44761084999982,4,3912,3912,0
A_N4_r2,A,4,2,54.6480538779997,4,3927,3927,0
A_N4_r2,A,4,2,54.84907811899984,4,3943,3943,0
A_N4_r2,A,4,2,55.05016455199984,4,3956,3956,0
A_N4_r2,A,4,2,55.25094618000003,4,3972,3972,0
A_N4_r2,A,4,2,55.452054873999714,4,3985,3985,0
A_N4_r2,A,4,2,55.653822170999774,4,4000,4000,0
A_N4_r2,A,4,2,55.85417036999979,4,4013,4013,0
A_N4_r2,A,4,2,56.055106274999616,4,4029,4029,0
A_N4_r2,A,4,2,56.25554947599994,4,4043,4043,0
A_N4_r2,A,4,2,56.45649185299999,4,4057,4057,0
A_N4_r2,A,4,2,56.657598034999864,4,4073,4073,0
A_N4_r2,A,4,2,56.858395449,4,4087,4087,0
A_N4_r2,A,4,2,57.059034573999725,4,4102,4102,0
A_N4_r2,A,4,2,57.260691509000026,4,4115,4115,0
A_N4_r2,A,4,2,57.46184930799973,4,4130,4130,0
A_N4_r2,A,4,2,57.66303298399998,4,4143,4143,0
A_N4_r2,A,4,2,57.863945211999635,4,4159,4159,0
A_N4_r2,A,4,2,58.06502815199974,4,4174,4174,0
A_N4_r2,A,4,2,58.26533437099988,4,4188,4188,0
A_N4_r2,A,4,2,58.46568675699973,4,4202,4202,0
A_N4_r2,A,4,2,58.66637521499979,4,4217,4217,0
A_N4_r2,A,4,2,58.866569421999884,4,4233,4233,0
A_N4_r2,A,4,2,59.06750859699969,4,4245,4245,0
A_N4_r2,A,4,2,59.26816697100003,4,4260,4260,0
A_N4_r2,A,4,2,59.46945147699989,4,4274,4274,0
A_N4_r2,A,4,2,59.67026161299964,4,4288,4288,0
A_N4_r2,A,4,2,59.87051307699994,4,4302,4302,0
A_N4_r2,A,4,2,60.07234864699967,0,4314,4314,0
A_N4_r3,A,4,3,0.005235226999957376,0,0,0,0
A_N4_r3,A,4,3,0.2061812860001737,4,11,11,0
A_N4_r3,A,4,3,0.4073543370000152,4,25,25,0
A_N4_r3,A,4,3,0.6079009370000676,4,38,38,0
A_N4_r3,A,4,3,0.809233444000256,4,51,51,0
A_N4_r3,A,4,3,1.0097336769999856,4,66,66,0
A_N4_r3,A,4,3,1.2102243919998728,4,78,78,0
A_N4_r3,A,4,3,1.4122946180000326,4,92,92,0
A_N4_r3,A,4,3,1.612767303000055,4,106,106,0
A_N4_r3,A,4,3,1.8148090680001587,4,122,122,0
A_N4_r3,A,4,3,2.0151683899998716,4,137,137,0
A_N4_r3,A,4,3,2.2154095330001837,4,152,152,0
A_N4_r3,A,4,3,2.4160992279998936,4,167,167,0
A_N4_r3,A,4,3,2.616419640999993,4,180,180,0
A_N4_r3,A,4,3,2.8171658619999107,4,194,194,0
A_N4_r3,A,4,3,3.018243137999889,4,211,211,0
A_N4_r3,A,4,3,3.219352883999818,4,224,224,0
A_N4_r3,A,4,3,3.41976865200013,4,240,240,0
A_N4_r3,A,4,3,3.620425490999878,4,254,254,0
A_N4_r3,A,4,3,3.8214393090001977,4,270,270,0
A_N4_r3,A,4,3,4.022370525000042,4,282,282,0
A_N4_r3,A,4,3,4.222882912999921,4,298,298,0
A_N4_r3,A,4,3,4.423510524999983,4,313,313,0
A_N4_r3,A,4,3,4.624066807999952,4,328,328,0
A_N4_r3,A,4,3,4.824808421999933,4,342,342,0
A_N4_r3,A,4,3,5.025851986999896,4,356,356,0
A_N4_r3,A,4,3,5.2261649170000055,4,371,371,0
A_N4_r3,A,4,3,5.427133302000129,4,383,383,0
A_N4_r3,A,4,3,5.628090360999977,4,398,398,0
A_N4_r3,A,4,3,5.828997353999966,4,411,411,0
A_N4_r3,A,4,3,6.030813564000255,4,427,427,0
A_N4_r3,A,4,3,6.231518230999882,4,440,440,0
A_N4_r3,A,4,3,6.433260364000034,4,452,452,0
A_N4_r3,A,4,3,6.633540137000182,4,468,468,0
A_N4_r3,A,4,3,6.834524183000212,4,481,481,0
A_N4_r3,A,4,3,7.035818515999836,4,496,496,0
A_N4_r3,A,4,3,7.237400813000022,4,510,510,0
A_N4_r3,A,4,3,7.438313967999875,4,524,524,0
A_N4_r3,A,4,3,7.6385182809999606,4,538,538,0
A_N4_r3,A,4,3,7.839111371999934,4,552,552,0
A_N4_r3,A,4,3,8.039850023999861,4,566,566,0
A_N4_r3,A,4,3,8.240890636000131,4,580,580,0
A_N4_r3,A,4,3,8.441942199000096,4,595,595,0
A_N4_r3,A,4,3,8.643049711000003,4,609,609,0
A_N4_r3,A,4,3,8.843339790999835,4,623,623,0
A_N4_r3,A,4,3,9.044036655000127,4,637,637,0
A_N4_r3,A,4,3,9.244662728000094,4,652,652,0
A_N4_r3,A,4,3,9.445734108000124,4,665,665,0
A_N4_r3,A,4,3,9.646181205000175,4,680,680,0
A_N4_r3,A,4,3,9.847188316000029,4,695,695,0
A_N4_r3,A,4,3,10.049168946000009,4,708,708,0
A_N4_r3,A,4,3,10.25070123200021,4,721,721,0
A_N4_r3,A,4,3,10.451047246000144,4,736,736,0
A_N4_r3,A,4,3,10.652150643999903,4,750,750,0
A_N4_r3,A,4,3,10.852753134000068,4,764,764,0
A_N4_r3,A,4,3,11.053744847999951,4,777,777,0
A_N4_r3,A,4,3,11.255647674000102,4,793,793,0
A_N4_r3,A,4,3,11.45713151100017,4,807,807,0
A_N4_r3,A,4,3,11.658432536999953,4,820,820,0
A_N4_r3,A,4,3,11.859271416999945,4,834,834,0
A_N4_r3,A,4,3,12.05957386099999,4,849,849,0
A_N4_r3,A,4,3,12.26005463599995,4,864,864,0
A_N4_r3,A,4,3,12.460858992999874,4,877,877,0
A_N4_r3,A,4,3,12.662402620000194,4,892,892,0
A_N4_r3,A,4,3,12.863015100000212,4,906,906,0
A_N4_r3,A,4,3,13.063785133000238,4,920,920,0
A_N4_r3,A,4,3,13.264044566999928,4,935,935,0
A_N4_r3,A,4,3,13.4643963540002,4,949,949,0
A_N4_r3,A,4,3,13.66549797100015,4,964,964,0
A_N4_r3,A,4,3,13.866833574999873,4,980,980,0
A_N4_r3,A,4,3,14.067897585000082,4,994,994,0
A_N4_r3,A,4,3,14.268503082999814,4,1009,1009,0
A_N4_r3,A,4,3,14.468797702999836,4,1023,1023,0
A_N4_r3,A,4,3,14.66973972400001,4,1037,1037,0
A_N4_r3,A,4,3,14.871028532999844,4,1052,1052,0
A_N4_r3,A,4,3,15.071997376000127,4,1068,1068,0
A_N4_r3,A,4,3,15.272879678000209,4,1083,1083,0
A_N4_r3,A,4,3,15.473680690000037,4,1098,1098,0
A_N4_r3,A,4,3,15.674690759999976,4,1113,1113,0
A_N4_r3,A,4,3,15.875569756999994,4,1126,1126,0
A_N4_r3,A,4,3,16.07668935999982,4,1141,1141,0
A_N4_r3,A,4,3,16.277775332000147,4,1155,1155,0
A_N4_r3,A,4,3,16.47896870300019,4,1170,1170,0
A_N4_r3,A,4,3,16.68045307500006,4,1183,1183,0
A_N4_r3,A,4,3,16.880903446000048,4,1198,1198,0
A_N4_r3,A,4,3,17.082687664999867,4,1213,1213,0
A_N4_r3,A,4,3,17.28307946699988,4,1227,1227,0
A_N4_r3,A,4,3,17.483995993999997,4,1240,1240,0
A_N4_r3,A,4,3,17.68516887800024,4,1254,1254,0
A_N4_r3,A,4,3,17.88548175400001,4,1268,1268,0
A_N4_r3,A,4,3,18.086651602000074,4,1281,1281,0
A_N4_r3,A,4,3,18.288061365999965,4,1296,1296,0
A_N4_r3,A,4,3,18.488384270000097,4,1310,1310,0
A_N4_r3,A,4,3,18.68932596500008,4,1324,1324,0
A_N4_r3,A,4,3,18.890787315000125,4,1339,1339,0
A_N4_r3,A,4,3,19.091309761000048,4,1353,1353,0
A_N4_r3,A,4,3,19.29230670800007,4,1368,1368,0
A_N4_r3,A,4,3,19.49295963700024,4,1383,1383,0
A_N4_r3,A,4,3,19.69436120699993,4,1397,1397,0
A_N4_r3,A,4,3,19.895205270000133,4,1411,1411,0
A_N4_r3,A,4,3,20.096341677000055,4,1425,1425,0
A_N4_r3,A,4,3,20.296743319000143,4,1440,1440,0
A_N4_r3,A,4,3,20.497024736000185,4,1456,1456,0
A_N4_r3,A,4,3,20.69774839799993,4,1469,1469,0
A_N4_r3,A,4,3,20.898658474000058,4,1485,1485,0
A_N4_r3,A,4,3,21.09998098799997,4,1499,1499,0
A_N4_r3,A,4,3,21.301104800999838,4,1514,1514,0
A_N4_r3,A,4,3,21.502169214999867,4,1528,1528,0
A_N4_r3,A,4,3,21.702634086000216,4,1544,1544,0
A_N4_r3,A,4,3,21.90359153999998,4,1558,1558,0
A_N4_r3,A,4,3,22.10406727999998,4,1573,1573,0
A_N4_r3,A,4,3,22.30503002500018,4,1588,1588,0
A_N4_r3,A,4,3,22.505685707999874,4,1601,1601,0
A_N4_r3,A,4,3,22.70674576600004,4,1615,1615,0
A_N4_r3,A,4,3,22.907067368999833,4,1630,1630,0
A_N4_r3,A,4,3,23.107677858999978,4,1644,1644,0
A_N4_r3,A,4,3,23.308139803999893,4,1658,1658,0
A_N4_r3,A,4,3,23.50842102200022,4,1672,1672,0
A_N4_r3,A,4,3,23.70958315000007,4,1686,1686,0
A_N4_r3,A,4,3,23.910819313000047,4,1700,1700,0
A_N4_r3,A,4,3,24.11246633000019,4,1714,1714,0
A_N4_r3,A,4,3,24.3130713999999,4,1728,1728,0
A_N4_r3,A,4,3,24.51409190200002,4,1743,1743,0
A_N4_r3,A,4,3,24.71450680099997,4,1757,1757,0
A_N4_r3,A,4,3,24.915322954000203,4,1771,1771,0
A_N4_r3,A,4,3,25.116546413999913,4,1785,1785,0
A_N4_r3,A,4,3,25.317415514999993,4,1801,1801,0
A_N4_r3,A,4,3,25.518286869999883,4,1816,1816,0
A_N4_r3,A,4,3,25.71863498699986,4,1829,1829,0
A_N4_r3,A,4,3,25.91910107900003,4,1843,1843,0
A_N4_r3,A,4,3,26.119420567999896,4,1856,1856,0
A_N4_r3,A,4,3,26.321089596000093,4,1869,1869,0
A_N4_r3,A,4,3,26.521919414999957,4,1884,1884,0
A_N4_r3,A,4,3,26.722264173999974,4,1896,1896,0
A_N4_r3,A,4,3,26.92295620599998,4,1911,1911,0
A_N4_r3,A,4,3,27.123342480000247,4,1925,1925,0
A_N4_r3,A,4,3,27.324863883000035,4,1941,1941,0
A_N4_r3,A,4,3,27.52547702899983,4,1955,1955,0
A_N4_r3,A,4,3,27.72585902899982,4,1971,1971,0
A_N4_r3,A,4,3,27.92656968600022,4,1985,1985,0
A_N4_r3,A,4,3,28.12874302099999,4,2001,2001,0
A_N4_r3,A,4,3,28.330202239999835,4,2017,2017,0
A_N4_r3,A,4,3,28.531407645999934,4,2030,2030,0
A_N4_r3,A,4,3,28.732925438000166,4,2046,2046,0
A_N4_r3,A,4,3,28.933717186000194,4,2060,2060,0
A_N4_r3,A,4,3,29.134095614000216,4,2075,2075,0
A_N4_r3,A,4,3,29.334482799999932,4,2091,2091,0
A_N4_r3,A,4,3,29.53473827000016,4,2106,2106,0
A_N4_r3,A,4,3,29.7361845989999,4,2120,2120,0
A_N4_r3,A,4,3,29.936800177999885,4,2135,2135,0
A_N4_r3,A,4,3,30.138450080999974,4,2150,2150,0
A_N4_r3,A,4,3,30.339509044999886,4,2165,2165,0
A_N4_r3,A,4,3,30.54017422700008,4,2180,2180,0
A_N4_r3,A,4,3,30.740503811000053,4,2194,2194,0
A_N4_r3,A,4,3,30.941551103000165,4,2208,2208,0
A_N4_r3,A,4,3,31.142470367999977,4,2223,2223,0
A_N4_r3,A,4,3,31.343033259000094,4,2237,2237,0
A_N4_r3,A,4,3,31.543850634000137,4,2251,2251,0
A_N4_r3,A,4,3,31.745320727000035,4,2267,2267,0
A_N4_r3,A,4,3,31.945961904999876,4,2281,2281,0
A_N4_r3,A,4,3,32.14638207999997,4,2295,2295,0
A_N4_r3,A,4,3,32.346685319000244,4,2310,2310,0
A_N4_r3,A,4,3,32.5481503179999,4,2325,2325,0
A_N4_r3,A,4,3,32.74914541899989,4,2340,2340,0
A_N4_r3,A,4,3,32.95053125100003,4,2353,2353,0
A_N4_r3,A,4,3,33.151139926999804,4,2369,2369,0
A_N4_r3,A,4,3,33.353240237000136,4,2382,2382,0
A_N4_r3,A,4,3,33.55504010899995,4,2397,2397,0
A_N4_r3,A,4,3,33.755473085000176,4,2411,2411,0
A_N4_r3,A,4,3,33.956339931,4,2426,2426,0
A_N4_r3,A,4,3,34.156690618000084,4,2440,2440,0
A_N4_r3,A,4,3,34.35728044899997,4,2454,2454,0
A_N4_r3,A,4,3,34.55798442200012,4,2468,2468,0
A_N4_r3,A,4,3,34.75806221699986,4,2481,2481,0
A_N4_r3,A,4,3,34.95824320800011,4,2495,2495,0
A_N4_r3,A,4,3,35.15862054299987,4,2510,2510,0
A_N4_r3,A,4,3,35.3597176369999,4,2525,2525,0
A_N4_r3,A,4,3,35.56172017500012,4,2538,2538,0
A_N4_r3,A,4,3,35.76399297299986,4,2552,2552,0
A_N4_r3,A,4,3,35.96421213500025,4,2566,2566,0
A_N4_r3,A,4,3,36.165165030000026,4,2581,2581,0
A_N4_r3,A,4,3,36.36574108500008,4,2595,2595,0
A_N4_r3,A,4,3,36.566783206999844,4,2609,2609,0
A_N4_r3,A,4,3,36.768113531999916,4,2624,2624,0
A_N4_r3,A,4,3,36.96845456900019,4,2638,2638,0
A_N4_r3,A,4,3,37.16971360400021,4,2651,2651,0
A_N4_r3,A,4,3,37.370034554000085,4,2666,2666,0
A_N4_r3,A,4,3,37.571131186,4,2679,2679,0
A_N4_r3,A,4,3,37.77206149799986,4,2694,2694,0
A_N4_r3,A,4,3,37.97325072300009,4,2709,2709,0
A_N4_r3,A,4,3,38.17393902499998,4,2723,2723,0
A_N4_r3,A,4,3,38.374670869000056,4,2738,2738,0
A_N4_r3,A,4,3,38.57566626300013,4,2753,2753,0
A_N4_r3,A,4,3,38.776330129000144,4,2767,2767,0
A_N4_r3,A,4,3,38.97762782400014,4,2781,2781,0
A_N4_r3,A,4,3,39.179328108999925,4,2796,2796,0
A_N4_r3,A,4,3,39.381338400000004,4,2811,2811,0
A_N4_r3,A,4,3,39.58295809499987,4,2824,2824,0
A_N4_r3,A,4,3,39.783730904000095,4,2839,2839,0
A_N4_r3,A,4,3,39.984654754000076,4,2852,2852,0
A_N4_r3,A,4,3,40.18643874400004,4,2867,2867,0
A_N4_r3,A,4,3,40.387463973000195,4,2880,2880,0
A_N4_r3,A,4,3,40.58968375299992,4,2895,2895,0
A_N4_r3,A,4,3,40.79079349799986,4,2908,2908,0
A_N4_r3,A,4,3,40.991830518999905,4,2922,2922,0
A_N4_r3,A,4,3,41.19349092799985,4,2938,2938,0
A_N4_r3,A,4,3,41.39382984900021,4,2951,2951,0
A_N4_r3,A,4,3,41.59427007100021,4,2966,2966,0
A_N4_r3,A,4,3,41.79552340200007,4,2979,2979,0
A_N4_r3,A,4,3,41.99574793000011,4,2995,2995,0
A_N4_r3,A,4,3,42.19625953200011,4,3010,3010,0
A_N4_r3,A,4,3,42.397847447000004,4,3024,3024,0
A_N4_r3,A,4,3,42.598685898999975,4,3037,3037,0
A_N4_r3,A,4,3,42.79895042999988,4,3052,3052,0
A_N4_r3,A,4,3,42.99986195600013,4,3066,3066,0
A_N4_r3,A,4,3,43.20241915299994,4,3081,3081,0
A_N4_r3,A,4,3,43.403522063999844,4,3094,3094,0
A_N4_r3,A,4,3,43.603844364999986,4,3109,3109,0
A_N4_r3,A,4,3,43.80482760299992,4,3122,3122,0
A_N4_r3,A,4,3,44.00541702800001,4,3137,3137,0
A_N4_r3,A,4,3,44.20657942000025,4,3152,3152,0
A_N4_r3,A,4,3,44.40689211100016,4,3166,3166,0
A_N4_r3,A,4,3,44.607647156999974,4,3180,3180,0
A_N4_r3,A,4,3,44.80882646000009,4,3193,3193,0
A_N4_r3,A,4,3,45.00961815099981,4,3207,3207,0
A_N4_r3,A,4,3,45.210861342000044,4,3221,3221,0
A_N4_r3,A,4,3,45.412655407999864,4,3235,3235,0
A_N4_r3,A,4,3,45.6128577049999,4,3248,3248,0
A_N4_r3,A,4,3,45.81407807300002,4,3263,3263,0
A_N4_r3,A,4,3,46.014604098999826,4,3277,3277,0
A_N4_r3,A,4,3,46.21560700300006,4,3290,3290,0
A_N4_r3,A,4,3,46.415901808999934,4,3306,3306,0
A_N4_r3,A,4,3,46.616539526,4,3320,3320,0
A_N4_r3,A,4,3,46.81717496500005,4,3333,3333,0
A_N4_r3,A,4,3,47.01750842199999,4,3349,3349,0
A_N4_r3,A,4,3,47.21900804899997,4,3362,3362,0
A_N4_r3,A,4,3,47.419846015000076,4,3378,3378,0
A_N4_r3,A,4,3,47.621944358999826,4,3391,3391,0
A_N4_r3,A,4,3,47.824207145999935,4,3407,3407,0
A_N4_r3,A,4,3,48.02511909900022,4,3420,3420,0
A_N4_r3,A,4,3,48.22578411199993,4,3435,3435,0
A_N4_r3,A,4,3,48.42778846800002,4,3449,3449,0
A_N4_r3,A,4,3,48.62912488500024,4,3464,3464,0
A_N4_r3,A,4,3,48.82939823800007,4,3478,3478,0
A_N4_r3,A,4,3,49.031863109999904,4,3492,3492,0
A_N4_r3,A,4,3,49.23229537999987,4,3506,3506,0
A_N4_r3,A,4,3,49.43343447500001,4,3520,3520,0
A_N4_r3,A,4,3,49.6338759260002,4,3534,3534,0
A_N4_r3,A,4,3,49.834817402000226,4,3550,3550,0
A_N4_r3,A,4,3,50.03544025500014,4,3563,3563,0
A_N4_r3,A,4,3,50.235588285000176,4,3578,3578,0
A_N4_r3,A,4,3,50.43617705399993,4,3593,3593,0
A_N4_r3,A,4,3,50.637996078000015,4,3608,3608,0
A_N4_r3,A,4,3,50.838522451000244,4,3622,3622,0
A_N4_r3,A,4,3,51.03886796699999,4,3636,3636,0
A_N4_r3,A,4,3,51.23943789099985,4,3649,3649,0
A_N4_r3,A,4,3,51.439866230999996,4,3664,3664,0
A_N4_r3,A,4,3,51.64043617000016,4,3677,3677,0
A_N4_r3,A,4,3,51.84085044299991,4,3693,3693,0
A_N4_r3,A,4,3,52.04307740000013,4,3707,3707,0
A_N4_r3,A,4,3,52.24430895400019,4,3721,3721,0
A_N4_r3,A,4,3,52.44551979000016,4,3735,3735,0
A_N4_r3,A,4,3,52.64647272100001,4,3751,3751,0
A_N4_r3,A,4,3,52.84698157899993,4,3765,3765,0
A_N4_r3,A,4,3,53.04728009600012,4,3780,3780,0
A_N4_r3,A,4,3,53.24749659899999,4,3793,3793,0
A_N4_r3,A,4,3,53.448720288000004,4,3808,3808,0
A_N4_r3,A,4,3,53.649581829,4,3821,3821,0
A_N4_r3,A,4,3,53.85032876900004,4,3836,3836,0
A_N4_r3,A,4,3,54.05179522900016,4,3849,3849,0
A_N4_r3,A,4,3,54.25295064000011,4,3863,3863,0
A_N4_r3,A,4,3,54.45370352100008,4,3878,3878,0
A_N4_r3,A,4,3,54.65403042600019,4,3891,3891,0
A_N4_r3,A,4,3,54.854219877000105,4,3905,3905,0
A_N4_r3,A,4,3,55.05535835499995,4,3918,3918,0
A_N4_r3,A,4,3,55.255622355000014,4,3932,3932,0
A_N4_r3,A,4,3,55.4572726360002,4,3946,3946,0
A_N4_r3,A,4,3,55.657875132999834,4,3960,3960,0
A_N4_r3,A,4,3,55.85819022700025,4,3976,3976,0
A_N4_r3,A,4,3,56.05915495099998,4,3989,3989,0
A_N4_r3,A,4,3,56.25958102200002,4,4004,4004,0
A_N4_r3,A,4,3,56.45984567200003,4,4017,4017,0
A_N4_r3,A,4,3,56.660425183999905,4,4033,4033,0
A_N4_r3,A,4,3,56.86130926700025,4,4046,4046,0
A_N4_r3,A,4,3,57.06148960900009,4,4061,4061,0
A_N4_r3,A,4,3,57.26228834299991,4,4074,4074,0
A_N4_r3,A,4,3,57.46302591199992,4,4088,4088,0
A_N4_r3,A,4,3,57.66447451300019,4,4101,4101,0
A_N4_r3,A,4,3,57.86529448500005,4,4115,4115,0
A_N4_r3,A,4,3,58.065540859000066,4,4131,4131,0
A_N4_r3,A,4,3,58.26632949199984,4,4144,4144,0
A_N4_r3,A,4,3,58.467027917999985,4,4159,4159,0
A_N4_r3,A,4,3,58.66760298999998,4,4173,4173,0
A_N4_r3,A,4,3,58.868457104999834,4,4187,4187,0
A_N4_r3,A,4,3,59.069539674000225,4,4202,4202,0
A_N4_r3,A,4,3,59.27045992100011,4,4217,4217,0
A_N4_r3,A,4,3,59.471035246000156,4,4232,4232,0
A_N4_r3,A,4,3,59.671938370000134,4,4245,4245,0
A_N4_r3,A,4,3,59.87284766599987,4,4260,4260,0
A_N4_r3,A,4,3,60.073784723000244,0,4274,4274,0
A_N4_r4,A,4,4,0.005201165000016772,0,0,0,0
A_N4_r4,A,4,4,0.2061256689999027,4,10,10,0
A_N4_r4,A,4,4,0.4067512510000597,4,26,26,0
A_N4_r4,A,4,4,0.6079329230001349,4,39,39,0
A_N4_r4,A,4,4,0.8088293840000915,4,54,54,0
A_N4_r4,A,4,4,1.0110105160001694,4,68,68,0
A_N4_r4,A,4,4,1.2112173230002554,4,83,83,0
A_N4_r4,A,4,4,1.412551723999968,4,97,97,0
A_N4_r4,A,4,4,1.6136785020003117,4,113,113,0
A_N4_r4,A,4,4,1.8154641270002685,4,128,128,0
A_N4_r4,A,4,4,2.0165458510000462,4,144,144,0
A_N4_r4,A,4,4,2.217750855000304,4,158,158,0
A_N4_r4,A,4,4,2.4185857659999783,4,174,174,0
A_N4_r4,A,4,4,2.619523020000088,4,188,188,0
A_N4_r4,A,4,4,2.819830120000006,4,203,203,0
A_N4_r4,A,4,4,3.0203139290001673,4,217,217,0
A_N4_r4,A,4,4,3.221359816000131,4,233,233,0
A_N4_r4,A,4,4,3.422046199000306,4,246,246,0
A_N4_r4,A,4,4,3.6223579659999814,4,260,260,0
A_N4_r4,A,4,4,3.8233247930002108,4,275,275,0
A_N4_r4,A,4,4,4.023798072000318,4,288,288,0
A_N4_r4,A,4,4,4.224895263000235,4,302,302,0
A_N4_r4,A,4,4,4.425693994000085,4,317,317,0
A_N4_r4,A,4,4,4.626686737999989,4,330,330,0
A_N4_r4,A,4,4,4.827125151000018,4,345,345,0
A_N4_r4,A,4,4,5.028265370000099,4,359,359,0
A_N4_r4,A,4,4,5.2288303780001115,4,374,374,0
A_N4_r4,A,4,4,5.429860497999925,4,388,388,0
A_N4_r4,A,4,4,5.630677793999894,4,402,402,0
A_N4_r4,A,4,4,5.831060781999895,4,418,418,0
A_N4_r4,A,4,4,6.031476210000164,4,431,431,0
A_N4_r4,A,4,4,6.232587664000221,4,445,445,0
A_N4_r4,A,4,4,6.4343300909999925,4,461,461,0
A_N4_r4,A,4,4,6.635499111000172,4,473,473,0
A_N4_r4,A,4,4,6.836420659999931,4,488,488,0
A_N4_r4,A,4,4,7.0385778810000375,4,502,502,0
A_N4_r4,A,4,4,7.239039783999942,4,517,517,0
A_N4_r4,A,4,4,7.43990917300016,4,529,529,0
A_N4_r4,A,4,4,7.640750451000258,4,544,544,0
A_N4_r4,A,4,4,7.841970615000264,4,557,557,0
A_N4_r4,A,4,4,8.042542942000182,4,573,573,0
A_N4_r4,A,4,4,8.242817633999948,4,585,585,0
A_N4_r4,A,4,4,8.443913545000214,4,600,600,0
A_N4_r4,A,4,4,8.644082599000285,4,614,614,0
A_N4_r4,A,4,4,8.845290968999961,4,628,628,0
A_N4_r4,A,4,4,9.046400476000144,4,641,641,0
A_N4_r4,A,4,4,9.247366244000204,4,657,657,0
A_N4_r4,A,4,4,9.447824594999929,4,670,670,0
A_N4_r4,A,4,4,9.649959760999991,4,684,684,0
A_N4_r4,A,4,4,9.850712209999983,4,699,699,0
A_N4_r4,A,4,4,10.051505065000129,4,712,712,0
A_N4_r4,A,4,4,10.252545952000219,4,727,727,0
A_N4_r4,A,4,4,10.45448092300012,4,741,741,0
A_N4_r4,A,4,4,10.655006869000317,4,757,757,0
A_N4_r4,A,4,4,10.855861688000005,4,772,772,0
A_N4_r4,A,4,4,11.056592545000058,4,786,786,0
A_N4_r4,A,4,4,11.257130022000183,4,802,802,0
A_N4_r4,A,4,4,11.457508583000163,4,814,814,0
A_N4_r4,A,4,4,11.658325418999993,4,828,828,0
A_N4_r4,A,4,4,11.859016980999968,4,841,841,0
A_N4_r4,A,4,4,12.060190051000063,4,856,856,0
A_N4_r4,A,4,4,12.261968479000188,4,869,869,0
A_N4_r4,A,4,4,12.46310011100013,4,884,884,0
A_N4_r4,A,4,4,12.663330012000188,4,898,898,0
A_N4_r4,A,4,4,12.863768101000005,4,913,913,0
A_N4_r4,A,4,4,13.064601435999975,4,926,926,0
A_N4_r4,A,4,4,13.265636177000033,4,942,942,0
A_N4_r4,A,4,4,13.46695672900023,4,956,956,0
A_N4_r4,A,4,4,13.668098957999973,4,971,971,0
A_N4_r4,A,4,4,13.868510656000126,4,986,986,0
A_N4_r4,A,4,4,14.069168382000043,4,1001,1001,0
A_N4_r4,A,4,4,14.269497455999954,4,1015,1015,0
A_N4_r4,A,4,4,14.470145615000092,4,1029,1029,0
A_N4_r4,A,4,4,14.670412169999963,4,1044,1044,0
A_N4_r4,A,4,4,14.871363993000159,4,1057,1057,0
A_N4_r4,A,4,4,15.07166698600031,4,1072,1072,0
A_N4_r4,A,4,4,15.271946595999907,4,1086,1086,0
A_N4_r4,A,4,4,15.472695491000195,4,1101,1101,0
A_N4_r4,A,4,4,15.673539461000018,4,1114,1114,0
A_N4_r4,A,4,4,15.875265735000085,4,1128,1128,0
A_N4_r4,A,4,4,16.076424882000083,4,1141,1141,0
A_N4_r4,A,4,4,16.29914462700026,4,1154,1154,0
A_N4_r4,A,4,4,16.49993502999996,4,1169,1169,0
A_N4_r4,A,4,4,16.701572968000164,4,1182,1182,0
A_N4_r4,A,4,4,16.902163212000232,4,1195,1195,0
A_N4_r4,A,4,4,17.102513640000325,4,1210,1210,0
A_N4_r4,A,4,4,17.302852196000003,4,1226,1226,0
A_N4_r4,A,4,4,17.503420284000185,4,1239,1239,0
A_N4_r4,A,4,4,17.70447617500031,4,1254,1254,0
A_N4_r4,A,4,4,17.905053212999974,4,1268,1268,0
A_N4_r4,A,4,4,18.10616168200022,4,1284,1284,0
A_N4_r4,A,4,4,18.307027579000078,4,1298,1298,0
A_N4_r4,A,4,4,18.507660786000088,4,1313,1313,0
A_N4_r4,A,4,4,18.708161722000114,4,1329,1329,0
A_N4_r4,A,4,4,18.908884299999954,4,1342,1342,0
A_N4_r4,A,4,4,19.10924437199992,4,1357,1357,0
A_N4_r4,A,4,4,19.31057608500032,4,1371,1371,0
A_N4_r4,A,4,4,19.512486321000324,4,1385,1385,0
A_N4_r4,A,4,4,19.71343916600017,4,1398,1398,0
A_N4_r4,A,4,4,19.91451284699997,4,1413,1413,0
A_N4_r4,A,4,4,20.11531151400004,4,1427,1427,0
A_N4_r4,A,4,4,20.316300686999966,4,1440,1440,0
A_N4_r4,A,4,4,20.51843509900027,4,1455,1455,0
A_N4_r4,A,4,4,20.719564121000076,4,1469,1469,0
A_N4_r4,A,4,4,20.921359563999886,4,1483,1483,0
A_N4_r4,A,4,4,21.121655983999972,4,1499,1499,0
A_N4_r4,A,4,4,21.323445577000257,4,1513,1513,0
A_N4_r4,A,4,4,21.523600098000315,4,1528,1528,0
A_N4_r4,A,4,4,21.724395063999964,4,1542,1542,0
A_N4_r4,A,4,4,21.925095574999887,4,1555,1555,0
A_N4_r4,A,4,4,22.126060859000063,4,1571,1571,0
A_N4_r4,A,4,4,22.326481719000185,4,1585,1585,0
A_N4_r4,A,4,4,22.527218882999932,4,1599,1599,0
A_N4_r4,A,4,4,22.728035698999975,4,1613,1613,0
A_N4_r4,A,4,4,22.929313213000114,4,1626,1626,0
A_N4_r4,A,4,4,23.129811254000288,4,1640,1640,0
A_N4_r4,A,4,4,23.33165600600023,4,1654,1654,0
A_N4_r4,A,4,4,23.532638616999975,4,1669,1669,0
A_N4_r4,A,4,4,23.733314367000276,4,1682,1682,0
A_N4_r4,A,4,4,23.93371424299994,4,1697,1697,0
A_N4_r4,A,4,4,24.134051293000084,4,1711,1711,0
A_N4_r4,A,4,4,24.334754414000145,4,1726,1726,0
A_N4_r4,A,4,4,24.53571810700032,4,1739,1739,0
A_N4_r4,A,4,4,24.736289150000175,4,1752,1752,0
A_N4_r4,A,4,4,24.936994253000194,4,1767,1767,0
A_N4_r4,A,4,4,25.137782471000264,4,1782,1782,0
A_N4_r4,A,4,4,25.33818215500014,4,1796,1796,0
A_N4_r4,A,4,4,25.53917335799997,4,1811,1811,0
A_N4_r4,A,4,4,25.739525801000127,4,1825,1825,0
A_N4_r4,A,4,4,25.940568672000154,4,1840,1840,0
A_N4_r4,A,4,4,26.141338163,4,1853,1853,0
A_N4_r4,A,4,4,26.341569270000036,4,1868,1868,0
A_N4_r4,A,4,4,26.542814745000214,4,1881,1881,0
A_N4_r4,A,4,4,26.74356004900028,4,1896,1896,0
A_N4_r4,A,4,4,26.944015090999983,4,1910,1910,0
A_N4_r4,A,4,4,27.14497776999997,4,1924,1924,0
A_N4_r4,A,4,4,27.345562774999962,4,1938,1938,0
A_N4_r4,A,4,4,27.547313290000147,4,1952,1952,0
A_N4_r4,A,4,4,27.748135736000222,4,1966,1966,0
A_N4_r4,A,4,4,27.948465772999953,4,1981,1981,0
A_N4_r4,A,4,4,28.150549590000082,4,1997,1997,0
A_N4_r4,A,4,4,28.35095245299999,4,2009,2009,0
A_N4_r4,A,4,4,28.55226641199988,4,2024,2024,0
A_N4_r4,A,4,4,28.752711882000312,4,2038,2038,0
A_N4_r4,A,4,4,28.953981919999933,4,2052,2052,0
A_N4_r4,A,4,4,29.15513395700009,4,2067,2067,0
A_N4_r4,A,4,4,29.35570645400003,4,2082,2082,0
A_N4_r4,A,4,4,29.556385668000075,4,2096,2096,0
A_N4_r4,A,4,4,29.75728215700019,4,2109,2109,0
A_N4_r4,A,4,4,29.958106660999874,4,2124,2124,0
A_N4_r4,A,4,4,30.15881388700018,4,2140,2140,0
A_N4_r4,A,4,4,30.359636629000306,4,2155,2155,0
A_N4_r4,A,4,4,30.559985183000208,4,2168,2168,0
A_N4_r4,A,4,4,30.76021234100017,4,2183,2183,0
A_N4_r4,A,4,4,30.96124497200026,4,2197,2197,0
A_N4_r4,A,4,4,31.162110760999894,4,2211,2211,0
A_N4_r4,A,4,4,31.362859844000013,4,2223,2223,0
A_N4_r4,A,4,4,31.564682104999974,4,2239,2239,0
A_N4_r4,A,4,4,31.765255335999882,4,2252,2252,0
A_N4_r4,A,4,4,31.9655111750003,4,2266,2266,0
A_N4_r4,A,4,4,32.16558728900009,4,2282,2282,0
A_N4_r4,A,4,4,32.367139036000026,4,2297,2297,0
A_N4_r4,A,4,4,32.568604509000124,4,2311,2311,0
A_N4_r4,A,4,4,32.77063887300028,4,2326,2326,0
A_N4_r4,A,4,4,32.971138384999904,4,2341,2341,0
A_N4_r4,A,4,4,33.172230921999926,4,2355,2355,0
A_N4_r4,A,4,4,33.373439768000026,4,2369,2369,0
A_N4_r4,A,4,4,33.57459823599993,4,2384,2384,0
A_N4_r4,A,4,4,33.775307386999884,4,2398,2398,0
A_N4_r4,A,4,4,33.97561051899993,4,2410,2410,0
A_N4_r4,A,4,4,34.17679321200012,4,2426,2426,0
A_N4_r4,A,4,4,34.37770236699998,4,2440,2440,0
A_N4_r4,A,4,4,34.57822328300017,4,2455,2455,0
A_N4_r4,A,4,4,34.779105873999924,4,2468,2468,0
A_N4_r4,A,4,4,34.97944027299991,4,2482,2482,0
A_N4_r4,A,4,4,35.18142738400002,4,2497,2497,0
A_N4_r4,A,4,4,35.38345168700016,4,2511,2511,0
A_N4_r4,A,4,4,35.584295141999974,4,2524,2524,0
A_N4_r4,A,4,4,35.78536150400032,4,2540,2540,0
A_N4_r4,A,4,4,35.98573750700007,4,2554,2554,0
A_N4_r4,A,4,4,36.186540096000044,4,2568,2568,0
A_N4_r4,A,4,4,36.38739878300021,4,2582,2582,0
A_N4_r4,A,4,4,36.58769336200021,4,2597,2597,0
A_N4_r4,A,4,4,36.78866795900012,4,2610,2610,0
A_N4_r4,A,4,4,36.989215851000154,4,2624,2624,0
A_N4_r4,A,4,4,37.19152583999994,4,2639,2639,0
A_N4_r4,A,4,4,37.392383062000135,4,2653,2653,0
A_N4_r4,A,4,4,37.59333188900018,4,2667,2667,0
A_N4_r4,A,4,4,37.79410473799999,4,2682,2682,0
A_N4_r4,A,4,4,37.99535259200002,4,2698,2698,0
A_N4_r4,A,4,4,38.1959851900001,4,2711,2711,0
A_N4_r4,A,4,4,38.396485082000254,4,2726,2726,0
A_N4_r4,A,4,4,38.597546646999945,4,2740,2740,0
A_N4_r4,A,4,4,38.79940903600027,4,2754,2754,0
A_N4_r4,A,4,4,39.00041467600022,4,2767,2767,0
A_N4_r4,A,4,4,39.20112754999991,4,2783,2783,0
A_N4_r4,A,4,4,39.40217307900002,4,2797,2797,0
A_N4_r4,A,4,4,39.60249007199991,4,2811,2811,0
A_N4_r4,A,4,4,39.80288199500001,4,2825,2825,0
A_N4_r4,A,4,4,40.003389352999875,4,2839,2839,0
A_N4_r4,A,4,4,40.20376052700021,4,2853,2853,0
A_N4_r4,A,4,4,40.404826390999915,4,2867,2867,0
A_N4_r4,A,4,4,40.60636994000015,4,2882,2882,0
A_N4_r4,A,4,4,40.80709256699993,4,2897,2897,0
A_N4_r4,A,4,4,41.0081391990002,4,2911,2911,0
A_N4_r4,A,4,4,41.20903853600021,4,2926,2926,0
A_N4_r4,A,4,4,41.40934733499989,4,2939,2939,0
A_N4_r4,A,4,4,41.609844048000014,4,2953,2953,0
A_N4_r4,A,4,4,41.81049820499993,4,2967,2967,0
A_N4_r4,A,4,4,42.01073111599999,4,2982,2982,0
A_N4_r4,A,4,4,42.21117311600028,4,2997,2997,0
A_N4_r4,A,4,4,42.41317776699998,4,3012,3012,0
A_N4_r4,A,4,4,42.61452084700022,4,3026,3026,0
A_N4_r4,A,4,4,42.814915547000055,4,3040,3040,0
A_N4_r4,A,4,4,43.016832998000154,4,3053,3053,0
A_N4_r4,A,4,4,43.21731960900024,4,3069,3069,0
A_N4_r4,A,4,4,43.41952829899992,4,3083,3083,0
A_N4_r4,A,4,4,43.62138283000013,4,3097,3097,0
A_N4_r4,A,4,4,43.82246335700029,4,3112,3112,0
A_N4_r4,A,4,4,44.02370420200032,4,3126,3126,0
A_N4_r4,A,4,4,44.22569800300016,4,3140,3140,0
A_N4_r4,A,4,4,44.42602325600001,4,3155,3155,0
A_N4_r4,A,4,4,44.627529144000164,4,3169,3169,0
A_N4_r4,A,4,4,44.82845973800022,4,3183,3183,0
A_N4_r4,A,4,4,45.02935705000027,4,3198,3198,0
A_N4_r4,A,4,4,45.22977699100011,4,3211,3211,0
A_N4_r4,A,4,4,45.429959857000085,4,3227,3227,0
A_N4_r4,A,4,4,45.63108077300012,4,3240,3240,0
A_N4_r4,A,4,4,45.83173313599991,4,3255,3255,0
A_N4_r4,A,4,4,46.033006015999945,4,3268,3268,0
A_N4_r4,A,4,4,46.23349915100016,4,3281,3281,0
A_N4_r4,A,4,4,46.4337369560003,4,3296,3296,0
A_N4_r4,A,4,4,46.63428516000022,4,3311,3311,0
A_N4_r4,A,4,4,46.83558092000021,4,3325,3325,0
A_N4_r4,A,4,4,47.0361909799999,4,3343,3343,0
A_N4_r4,A,4,4,47.23645352199992,4,3358,3358,0
A_N4_r4,A,4,4,47.43764152800031,4,3374,3374,0
A_N4_r4,A,4,4,47.63854054500007,4,3390,3390,0
A_N4_r4,A,4,4,47.83954659100027,4,3404,3404,0
A_N4_r4,A,4,4,48.040216090000285,4,3418,3418,0
A_N4_r4,A,4,4,48.24106716599999,4,3432,3432,0
A_N4_r4,A,4,4,48.44186745600018,4,3444,3444,0
A_N4_r4,A,4,4,48.6425084980001,4,3460,3460,0
A_N4_r4,A,4,4,48.842950157999894,4,3475,3475,0
A_N4_r4,A,4,4,49.04319902799989,4,3489,3489,0
A_N4_r4,A,4,4,49.243797391000044,4,3505,3505,0
A_N4_r4,A,4,4,49.44421084600026,4,3518,3518,0
A_N4_r4,A,4,4,49.64629569999988,4,3534,3534,0
A_N4_r4,A,4,4,49.84666158600021,4,3548,3548,0
A_N4_r4,A,4,4,50.04705160599997,4,3563,3563,0
A_N4_r4,A,4,4,50.248581174000265,4,3578,3578,0
A_N4_r4,A,4,4,50.44943325500026,4,3593,3593,0
A_N4_r4,A,4,4,50.64977668600022,4,3606,3606,0
A_N4_r4,A,4,4,50.85032911600001,4,3623,3623,0
A_N4_r4,A,4,4,51.0513705000003,4,3638,3638,0
A_N4_r4,A,4,4,51.25164412000004,4,3652,3652,0
A_N4_r4,A,4,4,51.4531760079999,4,3667,3667,0
A_N4_r4,A,4,4,51.6554159960001,4,3681,3681,0
A_N4_r4,A,4,4,51.85641475700004,4,3697,3697,0
A_N4_r4,A,4,4,52.05725140499999,4,3713,3713,0
A_N4_r4,A,4,4,52.258119161000195,4,3726,3726,0
A_N4_r4,A,4,4,52.45928209700014,4,3741,3741,0
A_N4_r4,A,4,4,52.65959381199991,4,3754,3754,0
A_N4_r4,A,4,4,52.86164178900026,4,3769,3769,0
A_N4_r4,A,4,4,53.06245224500026,4,3784,3784,0
A_N4_r4,A,4,4,53.262814314000025,4,3797,3797,0
A_N4_r4,A,4,4,53.463862795000296,4,3813,3813,0
A_N4_r4,A,4,4,53.664178514000014,4,3827,3827,0
A_N4_r4,A,4,4,53.86446057100011,4,3839,3839,0
A_N4_r4,A,4,4,54.06521326600023,4,3855,3855,0
A_N4_r4,A,4,4,54.26548528400008,4,3869,3869,0
A_N4_r4,A,4,4,54.46645738799998,4,3883,3883,0
A_N4_r4,A,4,4,54.666973809999945,4,3896,3896,0
A_N4_r4,A,4,4,54.86749732399994,4,3912,3912,0
A_N4_r4,A,4,4,55.06857511299995,4,3927,3927,0
A_N4_r4,A,4,4,55.27010506600027,4,3941,3941,0
A_N4_r4,A,4,4,55.47097049900003,4,3955,3955,0
A_N4_r4,A,4,4,55.671755287999986,4,3969,3969,0
A_N4_r4,A,4,4,55.872750429999996,4,3985,3985,0
A_N4_r4,A,4,4,56.07369733199994,4,3998,3998,0
A_N4_r4,A,4,4,56.274567911000304,4,4013,4013,0
A_N4_r4,A,4,4,56.47566015400025,4,4027,4027,0
A_N4_r4,A,4,4,56.67588498400028,4,4040,4040,0
A_N4_r4,A,4,4,56.877025673999924,4,4055,4055,0
A_N4_r4,A,4,4,57.077563718999954,4,4070,4070,0
A_N4_r4,A,4,4,57.27810634300022,4,4085,4085,0
A_N4_r4,A,4,4,57.478679144000125,4,4099,4099,0
A_N4_r4,A,4,4,57.67962175999992,4,4113,4113,0
A_N4_r4,A,4,4,57.881866038000226,4,4127,4127,0
A_N4_r4,A,4,4,58.0829074799999,4,4141,4141,0
A_N4_r4,A,4,4,58.283386111000254,4,4156,4156,0
A_N4_r4,A,4,4,58.484246886000165,4,4169,4169,0
A_N4_r4,A,4,4,58.68479943200009,4,4184,4184,0
A_N4_r4,A,4,4,58.885053490000246,4,4198,4198,0
A_N4_r4,A,4,4,59.0860140069999,4,4212,4212,0
A_N4_r4,A,4,4,59.28628973600007,4,4225,4225,0
A_N4_r4,A,4,4,59.4867212070003,4,4239,4239,0
A_N4_r4,A,4,4,59.68763863000004,4,4253,4253,0
A_N4_r4,A,4,4,59.8879241540003,4,4267,4267,0
A_N4_r4,A,4,4,60.08842327699995,0,4279,4279,0
A_N4_r5,A,4,5,0.005369396000332927,0,0,0,0
A_N4_r5,A,4,5,0.20572100100025636,4,12,12,0
A_N4_r5,A,4,5,0.40672413100037375,4,27,27,0
A_N4_r5,A,4,5,0.6076825480004118,4,41,41,0
A_N4_r5,A,4,5,0.8088150810003754,4,55,55,0
A_N4_r5,A,4,5,1.0102620200000274,4,70,70,0
A_N4_r5,A,4,5,1.2105426990001433,4,85,85,0
A_N4_r5,A,4,5,1.4118756920001942,4,100,100,0
A_N4_r5,A,4,5,1.613289707000149,4,116,116,0
A_N4_r5,A,4,5,1.8138628500000777,4,132,132,0
A_N4_r5,A,4,5,2.014316020000024,4,147,147,0
A_N4_r5,A,4,5,2.216738016000363,4,161,161,0
A_N4_r5,A,4,5,2.4176187910002227,4,176,176,0
A_N4_r5,A,4,5,2.6178945760002534,4,190,190,0
A_N4_r5,A,4,5,2.819029025000418,4,205,205,0
A_N4_r5,A,4,5,3.019997083000362,4,220,220,0
A_N4_r5,A,4,5,3.2211443950000103,4,233,233,0
A_N4_r5,A,4,5,3.422593839000001,4,248,248,0
A_N4_r5,A,4,5,3.623038706999978,4,263,263,0
A_N4_r5,A,4,5,3.8237616630003686,4,277,277,0
A_N4_r5,A,4,5,4.02428012900009,4,292,292,0
A_N4_r5,A,4,5,4.226449175000198,4,306,306,0
A_N4_r5,A,4,5,4.42711751700017,4,320,320,0
A_N4_r5,A,4,5,4.628121315000044,4,335,335,0
A_N4_r5,A,4,5,4.828404768000382,4,349,349,0
A_N4_r5,A,4,5,5.0305874069999845,4,364,364,0
A_N4_r5,A,4,5,5.2315010070001335,4,378,378,0
A_N4_r5,A,4,5,5.43267308600025,4,391,391,0
A_N4_r5,A,4,5,5.634045108000009,4,404,404,0
A_N4_r5,A,4,5,5.834543990000384,4,419,419,0
A_N4_r5,A,4,5,6.035036069000398,4,433,433,0
A_N4_r5,A,4,5,6.236099394000121,4,448,448,0
A_N4_r5,A,4,5,6.436680495000019,4,463,463,0
A_N4_r5,A,4,5,6.637795444000403,4,478,478,0
A_N4_r5,A,4,5,6.839010860000144,4,491,491,0
A_N4_r5,A,4,5,7.039503948000402,4,506,506,0
A_N4_r5,A,4,5,7.24025898500031,4,520,520,0
A_N4_r5,A,4,5,7.440976667000086,4,536,536,0
A_N4_r5,A,4,5,7.641598742000042,4,550,550,0
A_N4_r5,A,4,5,7.842094060000363,4,564,564,0
A_N4_r5,A,4,5,8.042645352000363,4,578,578,0
A_N4_r5,A,4,5,8.24305800600041,4,592,592,0
A_N4_r5,A,4,5,8.44520889200021,4,607,607,0
A_N4_r5,A,4,5,8.646264523000355,4,622,622,0
A_N4_r5,A,4,5,8.846757783000157,4,636,636,0
A_N4_r5,A,4,5,9.048648725000021,4,650,650,0
A_N4_r5,A,4,5,9.250099354000213,4,665,665,0
A_N4_r5,A,4,5,9.450784299000134,4,680,680,0
A_N4_r5,A,4,5,9.652012188000299,4,693,693,0
A_N4_r5,A,4,5,9.85302926300028,4,707,707,0
A_N4_r5,A,4,5,10.053296427000078,4,723,723,0
A_N4_r5,A,4,5,10.254161149000083,4,735,735,0
A_N4_r5,A,4,5,10.454792380000072,4,751,751,0
A_N4_r5,A,4,5,10.65786042300033,4,766,766,0
A_N4_r5,A,4,5,10.859310242999982,4,780,780,0
A_N4_r5,A,4,5,11.060871400999986,4,794,794,0
A_N4_r5,A,4,5,11.261221628000385,4,808,808,0
A_N4_r5,A,4,5,11.461628887000188,4,824,824,0
A_N4_r5,A,4,5,11.662487238000267,4,837,837,0
A_N4_r5,A,4,5,11.863232118000269,4,850,850,0
A_N4_r5,A,4,5,12.063908148000337,4,865,865,0
A_N4_r5,A,4,5,12.264657078000255,4,879,879,0
A_N4_r5,A,4,5,12.465751336000267,4,894,894,0
A_N4_r5,A,4,5,12.666594956000154,4,907,907,0
A_N4_r5,A,4,5,12.867058917000122,4,922,922,0
A_N4_r5,A,4,5,13.067597227000078,4,938,938,0
A_N4_r5,A,4,5,13.26822798100011,4,950,950,0
A_N4_r5,A,4,5,13.469026603000202,4,966,966,0
A_N4_r5,A,4,5,13.670640168000318,4,979,979,0
A_N4_r5,A,4,5,13.871432689000358,4,993,993,0
A_N4_r5,A,4,5,14.073445520000405,4,1007,1007,0
A_N4_r5,A,4,5,14.274260967000373,4,1021,1021,0
A_N4_r5,A,4,5,14.474593825000284,4,1036,1036,0
A_N4_r5,A,4,5,14.675075000000106,4,1049,1049,0
A_N4_r5,A,4,5,14.876746220000314,4,1065,1065,0
A_N4_r5,A,4,5,15.077082093000172,4,1079,1079,0
A_N4_r5,A,4,5,15.277950705000421,4,1094,1094,0
A_N4_r5,A,4,5,15.478872139000032,4,1107,1107,0
A_N4_r5,A,4,5,15.679732870000407,4,1122,1122,0
A_N4_r5,A,4,5,15.880281047000153,4,1134,1134,0
A_N4_r5,A,4,5,16.081001796000237,4,1148,1148,0
A_N4_r5,A,4,5,16.281785075000244,4,1162,1162,0
A_N4_r5,A,4,5,16.482597632000306,4,1176,1176,0
A_N4_r5,A,4,5,16.683719898000163,4,1191,1191,0
A_N4_r5,A,4,5,16.884922994000135,4,1205,1205,0
A_N4_r5,A,4,5,17.0852089480004,4,1221,1221,0
A_N4_r5,A,4,5,17.28641920100017,4,1234,1234,0
A_N4_r5,A,4,5,17.486813683000037,4,1249,1249,0
A_N4_r5,A,4,5,17.687729949000186,4,1262,1262,0
A_N4_r5,A,4,5,17.88884685100038,4,1277,1277,0
A_N4_r5,A,4,5,18.08977102300014,4,1291,1291,0
A_N4_r5,A,4,5,18.290941018000012,4,1307,1307,0
A_N4_r5,A,4,5,18.49234653500025,4,1320,1320,0
A_N4_r5,A,4,5,18.693539285000043,4,1335,1335,0
A_N4_r5,A,4,5,18.895716725000057,4,1350,1350,0
A_N4_r5,A,4,5,19.09668515500016,4,1365,1365,0
A_N4_r5,A,4,5,19.298671001000002,4,1379,1379,0
A_N4_r5,A,4,5,19.499374062000243,4,1393,1393,0
A_N4_r5,A,4,5,19.699821874999998,4,1409,1409,0
A_N4_r5,A,4,5,19.90022677800016,4,1423,1423,0
A_N4_r5,A,4,5,20.10092338700042,4,1438,1438,0
A_N4_r5,A,4,5,20.302181490000294,4,1451,1451,0
A_N4_r5,A,4,5,20.50245855000003,4,1466,1466,0
A_N4_r5,A,4,5,20.70318328700023,4,1479,1479,0
A_N4_r5,A,4,5,20.90358062200039,4,1494,1494,0
A_N4_r5,A,4,5,21.104691972000182,4,1509,1509,0
A_N4_r5,A,4,5,21.305706636000195,4,1523,1523,0
A_N4_r5,A,4,5,21.50620333300003,4,1538,1538,0
A_N4_r5,A,4,5,21.706704367000384,4,1551,1551,0
A_N4_r5,A,4,5,21.907306421000158,4,1567,1567,0
A_N4_r5,A,4,5,22.10789297600013,4,1581,1581,0
A_N4_r5,A,4,5,22.309378707000178,4,1595,1595,0
A_N4_r5,A,4,5,22.51029006500039,4,1610,1610,0
A_N4_r5,A,4,5,22.710603034000087,4,1624,1624,0
A_N4_r5,A,4,5,22.911824852000336,4,1638,1638,0
A_N4_r5,A,4,5,23.11359165900012,4,1651,1651,0
A_N4_r5,A,4,5,23.314375945000393,4,1666,1666,0
A_N4_r5,A,4,5,23.514770322000004,4,1681,1681,0
A_N4_r5,A,4,5,23.71570070100006,4,1695,1695,0
A_N4_r5,A,4,5,23.916644726000413,4,1710,1710,0
A_N4_r5,A,4,5,24.11841712000023,4,1723,1723,0
A_N4_r5,A,4,5,24.31871710600035,4,1736,1736,0
A_N4_r5,A,4,5,24.520895354000004,4,1752,1752,0
A_N4_r5,A,4,5,24.721611329000098,4,1768,1768,0
A_N4_r5,A,4,5,24.92198513400035,4,1781,1781,0
A_N4_r5,A,4,5,25.12275505000025,4,1796,1796,0
A_N4_r5,A,4,5,25.32317012700014,4,1812,1812,0
A_N4_r5,A,4,5,25.52468069300039,4,1826,1826,0
A_N4_r5,A,4,5,25.726245811000354,4,1838,1838,0
A_N4_r5,A,4,5,25.92842526700042,4,1852,1852,0
A_N4_r5,A,4,5,26.12980668199998,4,1866,1866,0
A_N4_r5,A,4,5,26.33096653800021,4,1881,1881,0
A_N4_r5,A,4,5,26.531551480000417,4,1894,1894,0
A_N4_r5,A,4,5,26.732400254000368,4,1909,1909,0
A_N4_r5,A,4,5,26.93278323700042,4,1922,1922,0
A_N4_r5,A,4,5,27.133517569000105,4,1936,1936,0
A_N4_r5,A,4,5,27.334491794000314,4,1948,1948,0
A_N4_r5,A,4,5,27.536353508000047,4,1964,1964,0
A_N4_r5,A,4,5,27.73673256000029,4,1978,1978,0
A_N4_r5,A,4,5,27.937255110000024,4,1991,1991,0
A_N4_r5,A,4,5,28.13837205400023,4,2006,2006,0
A_N4_r5,A,4,5,28.339136973000222,4,2021,2021,0
A_N4_r5,A,4,5,28.539626297000268,4,2036,2036,0
A_N4_r5,A,4,5,28.741688241000247,4,2050,2050,0
A_N4_r5,A,4,5,28.94405284100003,4,2065,2065,0
A_N4_r5,A,4,5,29.145142189000126,4,2079,2079,0
A_N4_r5,A,4,5,29.3467558010002,4,2093,2093,0
A_N4_r5,A,4,5,29.54744225000013,4,2107,2107,0
A_N4_r5,A,4,5,29.748642549000124,4,2123,2123,0
A_N4_r5,A,4,5,29.94984791700017,4,2137,2137,0
A_N4_r5,A,4,5,30.151392472000225,4,2153,2153,0
A_N4_r5,A,4,5,30.353062205000242,4,2166,2166,0
A_N4_r5,A,4,5,30.554572179000388,4,2179,2179,0
A_N4_r5,A,4,5,30.756662878000043,4,2195,2195,0
A_N4_r5,A,4,5,30.957158325000364,4,2208,2208,0
A_N4_r5,A,4,5,31.15848904700033,4,2222,2222,0
A_N4_r5,A,4,5,31.358969212000375,4,2236,2236,0
A_N4_r5,A,4,5,31.55926188400008,4,2249,2249,0
A_N4_r5,A,4,5,31.760442538999996,4,2264,2264,0
A_N4_r5,A,4,5,31.96116995400007,4,2278,2278,0
A_N4_r5,A,4,5,32.16144999800008,4,2290,2290,0
A_N4_r5,A,4,5,32.36197936899998,4,2306,2306,0
A_N4_r5,A,4,5,32.56253596100032,4,2319,2319,0
A_N4_r5,A,4,5,32.763000462000036,4,2335,2335,0
A_N4_r5,A,4,5,32.96405476500013,4,2349,2349,0
A_N4_r5,A,4,5,33.164785227000266,4,2364,2364,0
A_N4_r5,A,4,5,33.36589926700026,4,2379,2379,0
A_N4_r5,A,4,5,33.56772193300003,4,2395,2395,0
A_N4_r5,A,4,5,33.76951044400039,4,2410,2410,0
A_N4_r5,A,4,5,33.9703546300002,4,2423,2423,0
A_N4_r5,A,4,5,34.17122313600021,4,2439,2439,0
A_N4_r5,A,4,5,34.373191860000134,4,2452,2452,0
A_N4_r5,A,4,5,34.573879429000044,4,2466,2466,0
A_N4_r5,A,4,5,34.77428013100007,4,2482,2482,0
A_N4_r5,A,4,5,34.97489359100018,4,2496,2496,0
A_N4_r5,A,4,5,35.176000258000386,4,2511,2511,0
A_N4_r5,A,4,5,35.37635675299998,4,2527,2527,0
A_N4_r5,A,4,5,35.576836127000206,4,2542,2542,0
A_N4_r5,A,4,5,35.778678091000074,4,2555,2555,0
A_N4_r5,A,4,5,35.97976901900029,4,2571,2571,0
A_N4_r5,A,4,5,36.18060461599998,4,2584,2584,0
A_N4_r5,A,4,5,36.380952590000106,4,2599,2599,0
A_N4_r5,A,4,5,36.58197604800034,4,2614,2614,0
A_N4_r5,A,4,5,36.782545476999985,4,2627,2627,0
A_N4_r5,A,4,5,36.98299757600034,4,2642,2642,0
A_N4_r5,A,4,5,37.1838506400004,4,2655,2655,0
A_N4_r5,A,4,5,37.38581638599999,4,2669,2669,0
A_N4_r5,A,4,5,37.586620379000124,4,2684,2684,0
A_N4_r5,A,4,5,37.78835521200017,4,2699,2699,0
A_N4_r5,A,4,5,37.989197527000215,4,2712,2712,0
A_N4_r5,A,4,5,38.1898584190003,4,2726,2726,0
A_N4_r5,A,4,5,38.39062402500031,4,2741,2741,0
A_N4_r5,A,4,5,38.59136008600035,4,2756,2756,0
A_N4_r5,A,4,5,38.79259864800042,4,2769,2769,0
A_N4_r5,A,4,5,38.99352890199998,4,2784,2784,0
A_N4_r5,A,4,5,39.194018769000195,4,2796,2796,0
A_N4_r5,A,4,5,39.394923551000375,4,2812,2812,0
A_N4_r5,A,4,5,39.59604514900002,4,2826,2826,0
A_N4_r5,A,4,5,39.79666062000024,4,2840,2840,0
A_N4_r5,A,4,5,39.997260142000414,4,2856,2856,0
A_N4_r5,A,4,5,40.19899841000006,4,2870,2870,0
A_N4_r5,A,4,5,40.40018736900038,4,2884,2884,0
A_N4_r5,A,4,5,40.60134464900011,4,2899,2899,0
A_N4_r5,A,4,5,40.802162134000355,4,2912,2912,0
A_N4_r5,A,4,5,41.002762071000234,4,2927,2927,0
A_N4_r5,A,4,5,41.203129360000275,4,2941,2941,0
A_N4_r5,A,4,5,41.40518119900025,4,2956,2956,0
A_N4_r5,A,4,5,41.60613621600032,4,2971,2971,0
A_N4_r5,A,4,5,41.80731979100028,4,2986,2986,0
A_N4_r5,A,4,5,42.00775099800012,4,2999,2999,0
A_N4_r5,A,4,5,42.20801539000013,4,3014,3014,0
A_N4_r5,A,4,5,42.4095041620003,4,3030,3030,0
A_N4_r5,A,4,5,42.60984875200029,4,3044,3044,0
A_N4_r5,A,4,5,42.81035155900008,4,3059,3059,0
A_N4_r5,A,4,5,43.01123755200024,4,3074,3074,0
A_N4_r5,A,4,5,43.21186645200032,4,3090,3090,0
A_N4_r5,A,4,5,43.412379563000286,4,3104,3104,0
A_N4_r5,A,4,5,43.61354153800039,4,3117,3117,0
A_N4_r5,A,4,5,43.81499743200038,4,3131,3131,0
A_N4_r5,A,4,5,44.017139712000244,4,3144,3144,0
A_N4_r5,A,4,5,44.21740310300038,4,3160,3160,0
A_N4_r5,A,4,5,44.41780716600033,4,3175,3175,0
A_N4_r5,A,4,5,44.61840985900017,4,3188,3188,0
A_N4_r5,A,4,5,44.82003429500037,4,3200,3200,0
A_N4_r5,A,4,5,45.02276056200026,4,3214,3214,0
A_N4_r5,A,4,5,45.223592542999995,4,3229,3229,0
A_N4_r5,A,4,5,45.42457223800011,4,3242,3242,0
A_N4_r5,A,4,5,45.6256739710002,4,3258,3258,0
A_N4_r5,A,4,5,45.82648421900012,4,3271,3271,0
A_N4_r5,A,4,5,46.0279453940002,4,3285,3285,0
A_N4_r5,A,4,5,46.229598657000224,4,3298,3298,0
A_N4_r5,A,4,5,46.430328960000224,4,3313,3313,0
A_N4_r5,A,4,5,46.6325503930002,4,3328,3328,0
A_N4_r5,A,4,5,46.833017615000244,4,3342,3342,0
A_N4_r5,A,4,5,47.03359123400014,4,3356,3356,0
A_N4_r5,A,4,5,47.23453548800035,4,3371,3371,0
A_N4_r5,A,4,5,47.434886827000355,4,3385,3385,0
A_N4_r5,A,4,5,47.636871042000166,4,3400,3400,0
A_N4_r5,A,4,5,47.83772112400038,4,3414,3414,0
A_N4_r5,A,4,5,48.03880377200039,4,3427,3427,0
A_N4_r5,A,4,5,48.240289802999996,4,3441,3441,0
A_N4_r5,A,4,5,48.44123911700035,4,3455,3455,0
A_N4_r5,A,4,5,48.64236301700021,4,3469,3469,0
A_N4_r5,A,4,5,48.84328111200011,4,3483,3483,0
A_N4_r5,A,4,5,49.04482567900004,4,3498,3498,0
A_N4_r5,A,4,5,49.245584837000024,4,3512,3512,0
A_N4_r5,A,4,5,49.44622997600027,4,3527,3527,0
A_N4_r5,A,4,5,49.647151022000344,4,3542,3542,0
A_N4_r5,A,4,5,49.84771787400041,4,3557,3557,0
A_N4_r5,A,4,5,50.04903510200029,4,3572,3572,0
A_N4_r5,A,4,5,50.249560056000064,4,3586,3586,0
A_N4_r5,A,4,5,50.45012240599999,4,3602,3602,0
A_N4_r5,A,4,5,50.65091194000024,4,3617,3617,0
A_N4_r5,A,4,5,50.851139243000034,4,3631,3631,0
A_N4_r5,A,4,5,51.05237702600016,4,3645,3645,0
A_N4_r5,A,4,5,51.25261617200022,4,3659,3659,0
A_N4_r5,A,4,5,51.45340064200036,4,3674,3674,0
A_N4_r5,A,4,5,51.65427406800018,4,3689,3689,0
A_N4_r5,A,4,5,51.85524103000034,4,3703,3703,0
A_N4_r5,A,4,5,52.05705419600008,4,3718,3718,0
A_N4_r5,A,4,5,52.25825613799998,4,3731,3731,0
A_N4_r5,A,4,5,52.45887576500036,4,3745,3745,0
A_N4_r5,A,4,5,52.65998677100015,4,3760,3760,0
A_N4_r5,A,4,5,52.86040017200003,4,3774,3774,0
A_N4_r5,A,4,5,53.06100645400011,4,3787,3787,0
A_N4_r5,A,4,5,53.26204389300028,4,3801,3801,0
A_N4_r5,A,4,5,53.46409429300002,4,3815,3815,0
A_N4_r5,A,4,5,53.66506047300027,4,3829,3829,0
A_N4_r5,A,4,5,53.86609608400022,4,3844,3844,0
A_N4_r5,A,4,5,54.06635582200033,4,3859,3859,0
A_N4_r5,A,4,5,54.267816779999976,4,3873,3873,0
A_N4_r5,A,4,5,54.46824977800043,4,3888,3888,0
A_N4_r5,A,4,5,54.66942009500008,4,3900,3900,0
A_N4_r5,A,4,5,54.870018683000126,4,3915,3915,0
A_N4_r5,A,4,5,55.070827744000326,4,3927,3927,0
A_N4_r5,A,4,5,55.27178035600036,4,3940,3940,0
A_N4_r5,A,4,5,55.472422710000046,4,3954,3954,0
A_N4_r5,A,4,5,55.673568206000255,4,3968,3968,0
A_N4_r5,A,4,5,55.87475690300016,4,3983,3983,0
A_N4_r5,A,4,5,56.075581959000374,4,3997,3997,0
A_N4_r5,A,4,5,56.276646887000425,4,4012,4012,0
A_N4_r5,A,4,5,56.47700909200012,4,4028,4028,0
A_N4_r5,A,4,5,56.67766634899999,4,4043,4043,0
A_N4_r5,A,4,5,56.87888016800025,4,4059,4059,0
A_N4_r5,A,4,5,57.0803141690003,4,4073,4073,0
A_N4_r5,A,4,5,57.28138359000013,4,4089,4089,0
A_N4_r5,A,4,5,57.481975329000306,4,4103,4103,0
A_N4_r5,A,4,5,57.68307418800032,4,4119,4119,0
A_N4_r5,A,4,5,57.88360393100038,4,4132,4132,0
A_N4_r5,A,4,5,58.084054667000146,4,4146,4146,0
A_N4_r5,A,4,5,58.284672708000016,4,4159,4159,0
A_N4_r5,A,4,5,58.48499694200018,4,4173,4173,0
A_N4_r5,A,4,5,58.686363416000404,4,4189,4189,0
A_N4_r5,A,4,5,58.88746655800014,4,4202,4202,0
A_N4_r5,A,4,5,59.08858916500003,4,4217,4217,0
A_N4_r5,A,4,5,59.28887491000023,4,4231,4231,0
A_N4_r5,A,4,5,59.48943130200041,4,4246,4246,0
A_N4_r5,A,4,5,59.69155132300011,4,4258,4258,0
A_N4_r5,A,4,5,59.8918173320003,4,4273,4273,0
A_N4_r5,A,4,5,60.09341673800009,0,4285,4285,0
A_N4_r6,A,4,6,0.0052317140002742235,0,0,0,0
A_N4_r6,A,4,6,0.20772299400005068,4,12,12,0
A_N4_r6,A,4,6,0.40832462600019426,4,25,25,0
A_N4_r6,A,4,6,0.6090046160002203,4,40,40,0
A_N4_r6,A,4,6,0.8094673579998926,4,55,55,0
A_N4_r6,A,4,6,1.0101571270001841,4,69,69,0
A_N4_r6,A,4,6,1.2110200330002954,4,83,83,0
A_N4_r6,A,4,6,1.4113864400001148,4,97,97,0
A_N4_r6,A,4,6,1.6122964240003057,4,112,112,0
A_N4_r6,A,4,6,1.8136062670000683,4,127,127,0
A_N4_r6,A,4,6,2.014297894000265,4,143,143,0
A_N4_r6,A,4,6,2.21455691500023,4,156,156,0
A_N4_r6,A,4,6,2.415305440999873,4,173,173,0
A_N4_r6,A,4,6,2.6165364419998696,4,188,188,0
A_N4_r6,A,4,6,2.817656855000223,4,202,202,0
A_N4_r6,A,4,6,3.018408939999972,4,217,217,0
A_N4_r6,A,4,6,3.2194287699999222,4,233,233,0
A_N4_r6,A,4,6,3.4213903830000163,4,246,246,0
A_N4_r6,A,4,6,3.6223062980002396,4,259,259,0
A_N4_r6,A,4,6,3.82383249600025,4,273,273,0
A_N4_r6,A,4,6,4.024180800000067,4,288,288,0
A_N4_r6,A,4,6,4.224548712999876,4,303,303,0
A_N4_r6,A,4,6,4.425221638000039,4,317,317,0
A_N4_r6,A,4,6,4.625943545000155,4,331,331,0
A_N4_r6,A,4,6,4.826347476000137,4,346,346,0
A_N4_r6,A,4,6,5.026945572999921,4,359,359,0
A_N4_r6,A,4,6,5.22814154200023,4,372,372,0
A_N4_r6,A,4,6,5.428458985999896,4,387,387,0
A_N4_r6,A,4,6,5.6291849150002236,4,400,400,0
A_N4_r6,A,4,6,5.829919750000045,4,415,415,0
A_N4_r6,A,4,6,6.031155856000169,4,428,428,0
A_N4_r6,A,4,6,6.2321731350002665,4,442,442,0
A_N4_r6,A,4,6,6.433234456000264,4,457,457,0
A_N4_r6,A,4,6,6.633879659000286,4,471,471,0
A_N4_r6,A,4,6,6.835859300000266,4,486,486,0
A_N4_r6,A,4,6,7.037035337999896,4,499,499,0
A_N4_r6,A,4,6,7.237614400999973,4,513,513,0
A_N4_r6,A,4,6,7.438341701999889,4,527,527,0
A_N4_r6,A,4,6,7.6391006720000405,4,541,541,0
A_N4_r6,A,4,6,7.8393420719999085,4,555,555,0
A_N4_r6,A,4,6,8.040775629000109,4,569,569,0
A_N4_r6,A,4,6,8.241412484000193,4,582,582,0
A_N4_r6,A,4,6,8.44278513900008,4,597,597,0
A_N4_r6,A,4,6,8.643291880000106,4,612,612,0
A_N4_r6,A,4,6,8.846018259000175,4,626,626,0
A_N4_r6,A,4,6,9.0475390040001,4,640,640,0
A_N4_r6,A,4,6,9.249567440000192,4,655,655,0
A_N4_r6,A,4,6,9.450750964000235,4,671,671,0
A_N4_r6,A,4,6,9.651177199999893,4,685,685,0
A_N4_r6,A,4,6,9.851543814000252,4,699,699,0
A_N4_r6,A,4,6,10.052742150000086,4,714,714,0
A_N4_r6,A,4,6,10.253027947000191,4,729,729,0
A_N4_r6,A,4,6,10.454682809000133,4,742,742,0
A_N4_r6,A,4,6,10.654933781000182,4,758,758,0
A_N4_r6,A,4,6,10.855364941000062,4,771,771,0
A_N4_r6,A,4,6,11.05623569699992,4,787,787,0
A_N4_r6,A,4,6,11.256450586000028,4,802,802,0
A_N4_r6,A,4,6,11.458611008999924,4,816,816,0
A_N4_r6,A,4,6,11.65932997200025,4,831,831,0
A_N4_r6,A,4,6,11.85979424900006,4,846,846,0
A_N4_r6,A,4,6,12.060710194999956,4,859,859,0
A_N4_r6,A,4,6,12.261058799000239,4,875,875,0
A_N4_r6,A,4,6,12.46206888200004,4,889,889,0
A_N4_r6,A,4,6,12.662729160000254,4,905,905,0
A_N4_r6,A,4,6,12.86404071800007,4,919,919,0
A_N4_r6,A,4,6,13.064281574000233,4,934,934,0
A_N4_r6,A,4,6,13.265091585999926,4,949,949,0
A_N4_r6,A,4,6,13.466251815000305,4,964,964,0
A_N4_r6,A,4,6,13.667081052999947,4,979,979,0
A_N4_r6,A,4,6,13.86866533600005,4,995,995,0
A_N4_r6,A,4,6,14.06919673199991,4,1008,1008,0
A_N4_r6,A,4,6,14.270404374000009,4,1023,1023,0
A_N4_r6,A,4,6,14.471017771999868,4,1038,1038,0
A_N4_r6,A,4,6,14.672915486999955,4,1052,1052,0
A_N4_r6,A,4,6,14.873839547999978,4,1065,1065,0
A_N4_r6,A,4,6,15.075322651000079,4,1080,1080,0
A_N4_r6,A,4,6,15.276085653999871,4,1094,1094,0
A_N4_r6,A,4,6,15.477550872999927,4,1108,1108,0
A_N4_r6,A,4,6,15.67951393400017,4,1123,1123,0
A_N4_r6,A,4,6,15.880541284000174,4,1137,1137,0
A_N4_r6,A,4,6,16.08169756799998,4,1151,1151,0
A_N4_r6,A,4,6,16.282324731000244,4,1164,1164,0
A_N4_r6,A,4,6,16.484420396000132,4,1179,1179,0
A_N4_r6,A,4,6,16.684893039000144,4,1194,1194,0
A_N4_r6,A,4,6,16.885121618000085,4,1208,1208,0
A_N4_r6,A,4,6,17.085914826000135,4,1221,1221,0
A_N4_r6,A,4,6,17.287023096000212,4,1234,1234,0
A_N4_r6,A,4,6,17.488273460000073,4,1249,1249,0
A_N4_r6,A,4,6,17.689833055000236,4,1262,1262,0
A_N4_r6,A,4,6,17.890227187000164,4,1278,1278,0
A_N4_r6,A,4,6,18.090934639999887,4,1292,1292,0
A_N4_r6,A,4,6,18.29185407900013,4,1305,1305,0
A_N4_r6,A,4,6,18.49403990100018,4,1320,1320,0
A_N4_r6,A,4,6,18.694225606000145,4,1334,1334,0
A_N4_r6,A,4,6,18.894843221999963,4,1347,1347,0
A_N4_r6,A,4,6,19.095781821999935,4,1361,1361,0
A_N4_r6,A,4,6,19.297013070000048,4,1375,1375,0
A_N4_r6,A,4,6,19.497849177000262,4,1390,1390,0
A_N4_r6,A,4,6,19.699046391000138,4,1405,1405,0
A_N4_r6,A,4,6,19.90010303500003,4,1419,1419,0
A_N4_r6,A,4,6,20.101465923999967,4,1434,1434,0
A_N4_r6,A,4,6,20.303075054000146,4,1449,1449,0
A_N4_r6,A,4,6,20.503586147000078,4,1463,1463,0
A_N4_r6,A,4,6,20.704306432000067,4,1478,1478,0
A_N4_r6,A,4,6,20.904588308000257,4,1494,1494,0
A_N4_r6,A,4,6,21.1053776560002,4,1508,1508,0
A_N4_r6,A,4,6,21.306199977000233,4,1522,1522,0
A_N4_r6,A,4,6,21.506920045000243,4,1536,1536,0
A_N4_r6,A,4,6,21.707723069000167,4,1550,1550,0
A_N4_r6,A,4,6,21.909069315000124,4,1565,1565,0
A_N4_r6,A,4,6,22.109771976000047,4,1579,1579,0
A_N4_r6,A,4,6,22.31087040700004,4,1593,1593,0
A_N4_r6,A,4,6,22.511236456999995,4,1607,1607,0
A_N4_r6,A,4,6,22.712109256000076,4,1622,1622,0
A_N4_r6,A,4,6,22.912971378000293,4,1637,1637,0
A_N4_r6,A,4,6,23.113841997000236,4,1650,1650,0
A_N4_r6,A,4,6,23.31536803400013,4,1664,1664,0
A_N4_r6,A,4,6,23.516807549000077,4,1679,1679,0
A_N4_r6,A,4,6,23.71734627700016,4,1693,1693,0
A_N4_r6,A,4,6,23.917659965999974,4,1707,1707,0
A_N4_r6,A,4,6,24.11844073100019,4,1720,1720,0
A_N4_r6,A,4,6,24.318962720999934,4,1733,1733,0
A_N4_r6,A,4,6,24.52056977400025,4,1749,1749,0
A_N4_r6,A,4,6,24.72140179500002,4,1762,1762,0
A_N4_r6,A,4,6,24.9232942980002,4,1776,1776,0
A_N4_r6,A,4,6,25.123800802999995,4,1791,1791,0
A_N4_r6,A,4,6,25.324054384000192,4,1804,1804,0
A_N4_r6,A,4,6,25.525291166999978,4,1819,1819,0
A_N4_r6,A,4,6,25.726016351999988,4,1834,1834,0
A_N4_r6,A,4,6,25.92774468100015,4,1848,1848,0
A_N4_r6,A,4,6,26.128153096999995,4,1863,1863,0
A_N4_r6,A,4,6,26.328714078000303,4,1878,1878,0
A_N4_r6,A,4,6,26.52980685600005,4,1892,1892,0
A_N4_r6,A,4,6,26.730469668000296,4,1907,1907,0
A_N4_r6,A,4,6,26.93179653900006,4,1920,1920,0
A_N4_r6,A,4,6,27.132210359000055,4,1933,1933,0
A_N4_r6,A,4,6,27.332907249000073,4,1947,1947,0
A_N4_r6,A,4,6,27.53368282700012,4,1961,1961,0
A_N4_r6,A,4,6,27.734465978000117,4,1975,1975,0
A_N4_r6,A,4,6,27.9357817529999,4,1989,1989,0
A_N4_r6,A,4,6,28.13812169599987,4,2004,2004,0
A_N4_r6,A,4,6,28.339586398999927,4,2017,2017,0
A_N4_r6,A,4,6,28.540332195000246,4,2031,2031,0
A_N4_r6,A,4,6,28.741502396000215,4,2046,2046,0
A_N4_r6,A,4,6,28.94234358599988,4,2060,2060,0
A_N4_r6,A,4,6,29.14361741599987,4,2075,2075,0
A_N4_r6,A,4,6,29.344768205000037,4,2090,2090,0
A_N4_r6,A,4,6,29.546674549000272,4,2102,2102,0
A_N4_r6,A,4,6,29.74750683100001,4,2118,2118,0
A_N4_r6,A,4,6,29.948094329000014,4,2133,2133,0
A_N4_r6,A,4,6,30.150333582000258,4,2147,2147,0
A_N4_r6,A,4,6,30.351315158000034,4,2160,2160,0
A_N4_r6,A,4,6,30.552629416999935,4,2175,2175,0
A_N4_r6,A,4,6,30.7533229630003,4,2190,2190,0
A_N4_r6,A,4,6,30.953949138000098,4,2204,2204,0
A_N4_r6,A,4,6,31.15517145900003,4,2218,2218,0
A_N4_r6,A,4,6,31.355766985000173,4,2232,2232,0
A_N4_r6,A,4,6,31.557914439999877,4,2246,2246,0
A_N4_r6,A,4,6,31.758710541000255,4,2260,2260,0
A_N4_r6,A,4,6,31.959851797000283,4,2275,2275,0
A_N4_r6,A,4,6,32.160771163999925,4,2288,2288,0
A_N4_r6,A,4,6,32.361704207,4,2303,2303,0
A_N4_r6,A,4,6,32.56281025399994,4,2317,2317,0
A_N4_r6,A,4,6,32.763677732999895,4,2332,2332,0
A_N4_r6,A,4,6,32.96433850199992,4,2346,2346,0
A_N4_r6,A,4,6,33.166119127,4,2359,2359,0
A_N4_r6,A,4,6,33.367205210000066,4,2374,2374,0
A_N4_r6,A,4,6,33.56844025300006,4,2389,2389,0
A_N4_r6,A,4,6,33.76885550899988,4,2403,2403,0
A_N4_r6,A,4,6,33.97008147199995,4,2417,2417,0
A_N4_r6,A,4,6,34.170586920999995,4,2431,2431,0
A_N4_r6,A,4,6,34.371482411000216,4,2446,2446,0
A_N4_r6,A,4,6,34.57249412800002,4,2460,2460,0
A_N4_r6,A,4,6,34.772741142000086,4,2474,2474,0
A_N4_r6,A,4,6,34.97370118100025,4,2487,2487,0
A_N4_r6,A,4,6,35.174971266000284,4,2502,2502,0
A_N4_r6,A,4,6,35.37626218200012,4,2515,2515,0
A_N4_r6,A,4,6,35.57664481400025,4,2530,2530,0
A_N4_r6,A,4,6,35.77777460700008,4,2544,2544,0
A_N4_r6,A,4,6,35.97827309400009,4,2559,2559,0
A_N4_r6,A,4,6,36.178673032999995,4,2574,2574,0
A_N4_r6,A,4,6,36.379798390999895,4,2588,2588,0
A_N4_r6,A,4,6,36.58064241200009,4,2603,2603,0
A_N4_r6,A,4,6,36.781598233000295,4,2618,2618,0
A_N4_r6,A,4,6,36.98276745200019,4,2631,2631,0
A_N4_r6,A,4,6,37.184345483000016,4,2646,2646,0
A_N4_r6,A,4,6,37.38498387200025,4,2660,2660,0
A_N4_r6,A,4,6,37.585575483999946,4,2676,2676,0
A_N4_r6,A,4,6,37.787344502999986,4,2691,2691,0
A_N4_r6,A,4,6,37.988133844000004,4,2705,2705,0
A_N4_r6,A,4,6,38.23306031900029,4,2718,2718,0
A_N4_r6,A,4,6,38.433738257000186,4,2733,2733,0
A_N4_r6,A,4,6,38.635563445000116,4,2749,2749,0
A_N4_r6,A,4,6,38.83632562999992,4,2764,2764,0
A_N4_r6,A,4,6,39.03657668899996,4,2779,2779,0
A_N4_r6,A,4,6,39.2374827980002,4,2793,2793,0
A_N4_r6,A,4,6,39.43830567100031,4,2806,2806,0
A_N4_r6,A,4,6,39.64047629000015,4,2821,2821,0
A_N4_r6,A,4,6,39.84151695199989,4,2836,2836,0
A_N4_r6,A,4,6,40.042107590999876,4,2851,2851,0
A_N4_r6,A,4,6,40.24256820800019,4,2867,2867,0
A_N4_r6,A,4,6,40.44374880500027,4,2882,2882,0
A_N4_r6,A,4,6,40.644715200000064,4,2897,2897,0
A_N4_r6,A,4,6,40.845938126999954,4,2911,2911,0
A_N4_r6,A,4,6,41.046462216000236,4,2925,2925,0
A_N4_r6,A,4,6,41.2473493360003,4,2941,2941,0
A_N4_r6,A,4,6,41.44784767800002,4,2957,2957,0
A_N4_r6,A,4,6,41.64884102699989,4,2972,2972,0
A_N4_r6,A,4,6,41.85093423900025,4,2987,2987,0
A_N4_r6,A,4,6,42.05200614000023,4,3002,3002,0
A_N4_r6,A,4,6,42.25236503299993,4,3017,3017,0
A_N4_r6,A,4,6,42.453437164000206,4,3030,3030,0
A_N4_r6,A,4,6,42.654786435000005,4,3045,3045,0
A_N4_r6,A,4,6,42.855391972000234,4,3059,3059,0
A_N4_r6,A,4,6,43.05727634899995,4,3073,3073,0
A_N4_r6,A,4,6,43.25754384499987,4,3087,3087,0
A_N4_r6,A,4,6,43.45962997100014,4,3100,3100,0
A_N4_r6,A,4,6,43.66068859000006,4,3115,3115,0
A_N4_r6,A,4,6,43.86151499400012,4,3131,3131,0
A_N4_r6,A,4,6,44.06290970800001,4,3144,3144,0
A_N4_r6,A,4,6,44.26345350600013,4,3159,3159,0
A_N4_r6,A,4,6,44.463956196000254,4,3173,3173,0
A_N4_r6,A,4,6,44.66492511100023,4,3189,3189,0
A_N4_r6,A,4,6,44.86605029900011,4,3201,3201,0
A_N4_r6,A,4,6,45.06786968200004,4,3215,3215,0
A_N4_r6,A,4,6,45.268668982000236,4,3230,3230,0
A_N4_r6,A,4,6,45.469190572000116,4,3246,3246,0
A_N4_r6,A,4,6,45.669550208000146,4,3258,3258,0
A_N4_r6,A,4,6,45.87178061200029,4,3273,3273,0
A_N4_r6,A,4,6,46.07268473300019,4,3288,3288,0
A_N4_r6,A,4,6,46.27331124300008,4,3303,3303,0
A_N4_r6,A,4,6,46.47503411800017,4,3316,3316,0
A_N4_r6,A,4,6,46.67565592000028,4,3331,3331,0
A_N4_r6,A,4,6,46.877657308999915,4,3344,3344,0
A_N4_r6,A,4,6,47.07840861700015,4,3359,3359,0
A_N4_r6,A,4,6,47.2792606830003,4,3375,3375,0
A_N4_r6,A,4,6,47.47982615199999,4,3391,3391,0
A_N4_r6,A,4,6,47.6813028900001,4,3405,3405,0
A_N4_r6,A,4,6,47.8823300060003,4,3420,3420,0
A_N4_r6,A,4,6,48.08436622599993,4,3435,3435,0
A_N4_r6,A,4,6,48.286190068999986,4,3448,3448,0
A_N4_r6,A,4,6,48.48682543199993,4,3463,3463,0
A_N4_r6,A,4,6,48.68747041400002,4,3477,3477,0
A_N4_r6,A,4,6,48.888448641000195,4,3492,3492,0
A_N4_r6,A,4,6,49.08943813299993,4,3507,3507,0
A_N4_r6,A,4,6,49.29038781899999,4,3522,3522,0
A_N4_r6,A,4,6,49.490758369000105,4,3536,3536,0
A_N4_r6,A,4,6,49.69128132600008,4,3552,3552,0
A_N4_r6,A,4,6,49.89206197700014,4,3567,3567,0
A_N4_r6,A,4,6,50.09258295300015,4,3583,3583,0
A_N4_r6,A,4,6,50.293203175000144,4,3596,3596,0
A_N4_r6,A,4,6,50.4940423070002,4,3611,3611,0
A_N4_r6,A,4,6,50.69455239299987,4,3627,3627,0
A_N4_r6,A,4,6,50.8962690430003,4,3641,3641,0
A_N4_r6,A,4,6,51.09699393500023,4,3656,3656,0
A_N4_r6,A,4,6,51.29815621700027,4,3671,3671,0
A_N4_r6,A,4,6,51.49887882400026,4,3684,3684,0
A_N4_r6,A,4,6,51.69902696400004,4,3699,3699,0
A_N4_r6,A,4,6,51.89979352699993,4,3714,3714,0
A_N4_r6,A,4,6,52.10194145100013,4,3729,3729,0
A_N4_r6,A,4,6,52.302469597000254,4,3743,3743,0
A_N4_r6,A,4,6,52.502969550000216,4,3757,3757,0
A_N4_r6,A,4,6,52.705040671000006,4,3770,3770,0
A_N4_r6,A,4,6,52.906263693000255,4,3785,3785,0
A_N4_r6,A,4,6,53.106740616000025,4,3799,3799,0
A_N4_r6,A,4,6,53.307033474000036,4,3813,3813,0
A_N4_r6,A,4,6,53.507478147000256,4,3826,3826,0
A_N4_r6,A,4,6,53.708010854999884,4,3841,3841,0
A_N4_r6,A,4,6,53.90929457399989,4,3855,3855,0
A_N4_r6,A,4,6,54.1108616460001,4,3870,3870,0
A_N4_r6,A,4,6,54.31207055499999,4,3886,3886,0
A_N4_r6,A,4,6,54.51323865900031,4,3900,3900,0
A_N4_r6,A,4,6,54.713540546999866,4,3914,3914,0
A_N4_r6,A,4,6,54.91384553500029,4,3929,3929,0
A_N4_r6,A,4,6,55.1141794160003,4,3943,3943,0
A_N4_r6,A,4,6,55.315286328000184,4,3958,3958,0
A_N4_r6,A,4,6,55.516194437000195,4,3972,3972,0
A_N4_r6,A,4,6,55.71698551600002,4,3987,3987,0
A_N4_r6,A,4,6,55.917974820999916,4,4002,4002,0
A_N4_r6,A,4,6,56.11891835899996,4,4016,4016,0
A_N4_r6,A,4,6,56.31990641099992,4,4032,4032,0
A_N4_r6,A,4,6,56.52058293900018,4,4045,4045,0
A_N4_r6,A,4,6,56.72256771100001,4,4059,4059,0
A_N4_r6,A,4,6,56.922800049000216,4,4074,4074,0
A_N4_r6,A,4,6,57.12457425999992,4,4088,4088,0
A_N4_r6,A,4,6,57.32518469600018,4,4102,4102,0
A_N4_r6,A,4,6,57.52570160799996,4,4117,4117,0
A_N4_r6,A,4,6,57.726500989000215,4,4131,4131,0
A_N4_r6,A,4,6,57.92680620700003,4,4145,4145,0
A_N4_r6,A,4,6,58.12766348000014,4,4159,4159,0
A_N4_r6,A,4,6,58.32844040300006,4,4174,4174,0
A_N4_r6,A,4,6,58.529124261000106,4,4189,4189,0
A_N4_r6,A,4,6,58.729630395000186,4,4203,4203,0
A_N4_r6,A,4,6,58.930543857999965,4,4219,4219,0
A_N4_r6,A,4,6,59.131935987999896,4,4232,4232,0
A_N4_r6,A,4,6,59.33283294900002,4,4247,4247,0
A_N4_r6,A,4,6,59.53379605400005,4,4261,4261,0
A_N4_r6,A,4,6,59.734236608000174,4,4275,4275,0
A_N4_r6,A,4,6,59.9353121690001,4,4290,4290,0
A_N4_r6,A,4,6,60.136117151000235,0,4299,4299,0
A_N4_r7,A,4,7,0.005448673000046256,0,0,0,0
A_N4_r7,A,4,7,0.20602539599985903,4,12,12,0
A_N4_r7,A,4,7,0.40629635599998437,4,25,25,0
A_N4_r7,A,4,7,0.6066962189997867,4,38,38,0
A_N4_r7,A,4,7,0.8071102099997916,4,54,54,0
A_N4_r7,A,4,7,1.007276617000116,4,67,67,0
A_N4_r7,A,4,7,1.2078446269997585,4,81,81,0
A_N4_r7,A,4,7,1.4090195049998329,4,97,97,0
A_N4_r7,A,4,7,1.6094990819997292,4,110,110,0
A_N4_r7,A,4,7,1.811431674999767,4,126,126,0
A_N4_r7,A,4,7,2.012502212000072,4,141,141,0
A_N4_r7,A,4,7,2.214683500999854,4,157,157,0
A_N4_r7,A,4,7,2.415202632999808,4,172,172,0
A_N4_r7,A,4,7,2.6160215800000515,4,186,186,0
A_N4_r7,A,4,7,2.817029762999937,4,201,201,0
A_N4_r7,A,4,7,3.017698707999898,4,216,216,0
A_N4_r7,A,4,7,3.2179980599999,4,232,232,0
A_N4_r7,A,4,7,3.4183822410000175,4,245,245,0
A_N4_r7,A,4,7,3.6193356539997694,4,261,261,0
A_N4_r7,A,4,7,3.8203774119997433,4,274,274,0
A_N4_r7,A,4,7,4.021876147000057,4,289,289,0
A_N4_r7,A,4,7,4.223098263999873,4,303,303,0
A_N4_r7,A,4,7,4.423452581999754,4,317,317,0
A_N4_r7,A,4,7,4.623994716999732,4,331,331,0
A_N4_r7,A,4,7,4.826667348999763,4,347,347,0
A_N4_r7,A,4,7,5.027020277999782,4,360,360,0
A_N4_r7,A,4,7,5.228120437999678,4,375,375,0
A_N4_r7,A,4,7,5.428579315999741,4,389,389,0
A_N4_r7,A,4,7,5.6288897079998605,4,403,403,0
A_N4_r7,A,4,7,5.829412197999773,4,418,418,0
A_N4_r7,A,4,7,6.03042607999987,4,430,430,0
A_N4_r7,A,4,7,6.231599120999817,4,446,446,0
A_N4_r7,A,4,7,6.4318853169997965,4,459,459,0
A_N4_r7,A,4,7,6.632733771999938,4,474,474,0
A_N4_r7,A,4,7,6.8333443100000295,4,488,488,0
A_N4_r7,A,4,7,7.0343618729998525,4,504,504,0
A_N4_r7,A,4,7,7.2353488270000526,4,518,518,0
A_N4_r7,A,4,7,7.436590869999691,4,533,533,0
A_N4_r7,A,4,7,7.636919453999781,4,547,547,0
A_N4_r7,A,4,7,7.839137112000117,4,559,559,0
A_N4_r7,A,4,7,8.03953446200012,4,574,574,0
A_N4_r7,A,4,7,8.240359084999909,4,589,589,0
A_N4_r7,A,4,7,8.44145135000008,4,605,605,0
A_N4_r7,A,4,7,8.641797509999833,4,620,620,0
A_N4_r7,A,4,7,8.843699477999962,4,633,633,0
A_N4_r7,A,4,7,9.044009376999838,4,648,648,0
A_N4_r7,A,4,7,9.244841045999692,4,663,663,0
A_N4_r7,A,4,7,9.445319491999726,4,678,678,0
A_N4_r7,A,4,7,9.647486091999781,4,692,692,0
A_N4_r7,A,4,7,9.847916539999915,4,707,707,0
A_N4_r7,A,4,7,10.048660638000001,4,723,723,0
A_N4_r7,A,4,7,10.25046145899978,4,737,737,0
A_N4_r7,A,4,7,10.451479901999846,4,753,753,0
A_N4_r7,A,4,7,10.652243722000094,4,768,768,0
A_N4_r7,A,4,7,10.852579626000079,4,781,781,0
A_N4_r7,A,4,7,11.052964061999774,4,796,796,0
A_N4_r7,A,4,7,11.253313200999855,4,810,810,0
A_N4_r7,A,4,7,11.45369410000012,4,825,825,0
A_N4_r7,A,4,7,11.65476848499975,4,839,839,0
A_N4_r7,A,4,7,11.85633589400004,4,854,854,0
A_N4_r7,A,4,7,12.056564709999748,4,869,869,0
A_N4_r7,A,4,7,12.257590241999878,4,884,884,0
A_N4_r7,A,4,7,12.458522678999998,4,898,898,0
A_N4_r7,A,4,7,12.659637162999843,4,913,913,0
A_N4_r7,A,4,7,12.85993274800012,4,926,926,0
A_N4_r7,A,4,7,13.060423077999985,4,940,940,0
A_N4_r7,A,4,7,13.261623610999777,4,955,955,0
A_N4_r7,A,4,7,13.462143254999773,4,971,971,0
A_N4_r7,A,4,7,13.663053768999816,4,985,985,0
A_N4_r7,A,4,7,13.86410058599995,4,1000,1000,0
A_N4_r7,A,4,7,14.066097827999783,4,1015,1015,0
A_N4_r7,A,4,7,14.267004703000111,4,1029,1029,0
A_N4_r7,A,4,7,14.468012187000113,4,1041,1041,0
A_N4_r7,A,4,7,14.668436360999749,4,1056,1056,0
A_N4_r7,A,4,7,14.869039878999956,4,1070,1070,0
A_N4_r7,A,4,7,15.07122679899976,4,1084,1084,0
A_N4_r7,A,4,7,15.27244569200002,4,1098,1098,0
A_N4_r7,A,4,7,15.474185753999791,4,1113,1113,0
A_N4_r7,A,4,7,15.674562252999749,4,1126,1126,0
A_N4_r7,A,4,7,15.875009979999959,4,1141,1141,0
A_N4_r7,A,4,7,16.075903865999862,4,1156,1156,0
A_N4_r7,A,4,7,16.277573418999964,4,1170,1170,0
A_N4_r7,A,4,7,16.478556621999815,4,1185,1185,0
A_N4_r7,A,4,7,16.67900604999977,4,1198,1198,0
A_N4_r7,A,4,7,16.879202990000067,4,1214,1214,0
A_N4_r7,A,4,7,17.080107749000035,4,1227,1227,0
A_N4_r7,A,4,7,17.28035571500004,4,1241,1241,0
A_N4_r7,A,4,7,17.48136902799979,4,1256,1256,0
A_N4_r7,A,4,7,17.683095255999888,4,1271,1271,0
A_N4_r7,A,4,7,17.883789732999958,4,1286,1286,0
A_N4_r7,A,4,7,18.084846299999754,4,1300,1300,0
A_N4_r7,A,4,7,18.285285737999857,4,1314,1314,0
A_N4_r7,A,4,7,18.486293481999837,4,1328,1328,0
A_N4_r7,A,4,7,18.686625577000086,4,1341,1341,0
A_N4_r7,A,4,7,18.886978075000115,4,1355,1355,0
A_N4_r7,A,4,7,19.087246583999786,4,1369,1369,0
A_N4_r7,A,4,7,19.28835397900002,4,1383,1383,0
A_N4_r7,A,4,7,19.489403715999742,4,1397,1397,0
A_N4_r7,A,4,7,19.690391824000017,4,1411,1411,0
A_N4_r7,A,4,7,19.891757996999786,4,1424,1424,0
A_N4_r7,A,4,7,20.092584737999914,4,1437,1437,0
A_N4_r7,A,4,7,20.294533485000102,4,1452,1452,0
A_N4_r7,A,4,7,20.494817828000123,4,1467,1467,0
A_N4_r7,A,4,7,20.695582479999757,4,1481,1481,0
A_N4_r7,A,4,7,20.896018369000103,4,1496,1496,0
A_N4_r7,A,4,7,21.09720512900003,4,1511,1511,0
A_N4_r7,A,4,7,21.298729270999956,4,1525,1525,0
A_N4_r7,A,4,7,21.499277882000115,4,1540,1540,0
A_N4_r7,A,4,7,21.699688671999866,4,1555,1555,0
A_N4_r7,A,4,7,21.900115466999978,4,1571,1571,0
A_N4_r7,A,4,7,22.101553761000105,4,1585,1585,0
A_N4_r7,A,4,7,22.30255803099999,4,1599,1599,0
A_N4_r7,A,4,7,22.50278013099978,4,1613,1613,0
A_N4_r7,A,4,7,22.703796680999858,4,1627,1627,0
A_N4_r7,A,4,7,22.904658274999747,4,1641,1641,0
A_N4_r7,A,4,7,23.105657677999716,4,1654,1654,0
A_N4_r7,A,4,7,23.305908885999997,4,1667,1667,0
A_N4_r7,A,4,7,23.5068756579999,4,1681,1681,0
A_N4_r7,A,4,7,23.70841091500006,4,1696,1696,0
A_N4_r7,A,4,7,23.91011751899987,4,1710,1710,0
A_N4_r7,A,4,7,24.110449451000022,4,1723,1723,0
A_N4_r7,A,4,7,24.311947321999924,4,1737,1737,0
A_N4_r7,A,4,7,24.512438914000086,4,1751,1751,0
A_N4_r7,A,4,7,24.71321419700007,4,1765,1765,0
A_N4_r7,A,4,7,24.914822708999964,4,1777,1777,0
A_N4_r7,A,4,7,25.115260342000056,4,1793,1793,0
A_N4_r7,A,4,7,25.31629302200008,4,1807,1807,0
A_N4_r7,A,4,7,25.517398088999926,4,1822,1822,0
A_N4_r7,A,4,7,25.718217477000053,4,1837,1837,0
A_N4_r7,A,4,7,25.918895593999878,4,1852,1852,0
A_N4_r7,A,4,7,26.1198028419999,4,1865,1865,0
A_N4_r7,A,4,7,26.320412830999885,4,1880,1880,0
A_N4_r7,A,4,7,26.521822280999913,4,1893,1893,0
A_N4_r7,A,4,7,26.722553547999723,4,1907,1907,0
A_N4_r7,A,4,7,26.92359032100012,4,1923,1923,0
A_N4_r7,A,4,7,27.12387498199996,4,1937,1937,0
A_N4_r7,A,4,7,27.32435105200011,4,1951,1951,0
A_N4_r7,A,4,7,27.52472792599974,4,1966,1966,0
A_N4_r7,A,4,7,27.724871870999777,4,1981,1981,0
A_N4_r7,A,4,7,27.925066594999862,4,1994,1994,0
A_N4_r7,A,4,7,28.12593096699993,4,2007,2007,0
A_N4_r7,A,4,7,28.327357183999993,4,2023,2023,0
A_N4_r7,A,4,7,28.528072676999727,4,2036,2036,0
A_N4_r7,A,4,7,28.728881944000022,4,2050,2050,0
A_N4_r7,A,4,7,28.93002702600006,4,2064,2064,0
A_N4_r7,A,4,7,29.13055238400011,4,2078,2078,0
A_N4_r7,A,4,7,29.33114273299998,4,2092,2092,0
A_N4_r7,A,4,7,29.531761335999818,4,2106,2106,0
A_N4_r7,A,4,7,29.73245956799974,4,2119,2119,0
A_N4_r7,A,4,7,29.933507950999683,4,2134,2134,0
A_N4_r7,A,4,7,30.134963006999897,4,2146,2146,0
A_N4_r7,A,4,7,30.33593711000003,4,2161,2161,0
A_N4_r7,A,4,7,30.536341231999813,4,2175,2175,0
A_N4_r7,A,4,7,30.73728161200006,4,2190,2190,0
A_N4_r7,A,4,7,30.93826696799988,4,2205,2205,0
A_N4_r7,A,4,7,31.139251863000027,4,2219,2219,0
A_N4_r7,A,4,7,31.339727411999775,4,2233,2233,0
A_N4_r7,A,4,7,31.540742924999904,4,2248,2248,0
A_N4_r7,A,4,7,31.742215637999834,4,2262,2262,0
A_N4_r7,A,4,7,31.942980602999796,4,2275,2275,0
A_N4_r7,A,4,7,32.1449490279997,4,2290,2290,0
A_N4_r7,A,4,7,32.34601025899974,4,2306,2306,0
A_N4_r7,A,4,7,32.54686522299971,4,2318,2318,0
A_N4_r7,A,4,7,32.74722368499988,4,2332,2332,0
A_N4_r7,A,4,7,32.94835955899998,4,2346,2346,0
A_N4_r7,A,4,7,33.14928082000006,4,2361,2361,0
A_N4_r7,A,4,7,33.34956717799969,4,2376,2376,0
A_N4_r7,A,4,7,33.55004539599986,4,2389,2389,0
A_N4_r7,A,4,7,33.75189699599969,4,2402,2402,0
A_N4_r7,A,4,7,33.95286250199979,4,2416,2416,0
A_N4_r7,A,4,7,34.15389596599971,4,2431,2431,0
A_N4_r7,A,4,7,34.355821515000116,4,2446,2446,0
A_N4_r7,A,4,7,34.55672932300013,4,2460,2460,0
A_N4_r7,A,4,7,34.75795593099974,4,2474,2474,0
A_N4_r7,A,4,7,34.9586024109999,4,2489,2489,0
A_N4_r7,A,4,7,35.15998338999998,4,2503,2503,0
A_N4_r7,A,4,7,35.36110991099986,4,2519,2519,0
A_N4_r7,A,4,7,35.56252596600007,4,2534,2534,0
A_N4_r7,A,4,7,35.76288552699998,4,2548,2548,0
A_N4_r7,A,4,7,35.96314191600004,4,2562,2562,0
A_N4_r7,A,4,7,36.16453338700012,4,2576,2576,0
A_N4_r7,A,4,7,36.36565117400005,4,2591,2591,0
A_N4_r7,A,4,7,36.567552432999946,4,2604,2604,0
A_N4_r7,A,4,7,36.76793093200013,4,2619,2619,0
A_N4_r7,A,4,7,36.96836099899974,4,2633,2633,0
A_N4_r7,A,4,7,37.168735452999954,4,2647,2647,0
A_N4_r7,A,4,7,37.369825859999764,4,2662,2662,0
A_N4_r7,A,4,7,37.57040642999982,4,2676,2676,0
A_N4_r7,A,4,7,37.77187420900009,4,2689,2689,0
A_N4_r7,A,4,7,37.972489245999896,4,2704,2704,0
A_N4_r7,A,4,7,38.173032236999916,4,2718,2718,0
A_N4_r7,A,4,7,38.37430930799974,4,2732,2732,0
A_N4_r7,A,4,7,38.57514745399976,4,2747,2747,0
A_N4_r7,A,4,7,38.77656782699978,4,2761,2761,0
A_N4_r7,A,4,7,38.9768779420001,4,2776,2776,0
A_N4_r7,A,4,7,39.17717570600007,4,2791,2791,0
A_N4_r7,A,4,7,39.37862002299971,4,2805,2805,0
A_N4_r7,A,4,7,39.5797041830001,4,2820,2820,0
A_N4_r7,A,4,7,39.78077352799983,4,2834,2834,0
A_N4_r7,A,4,7,39.98144410399982,4,2849,2849,0
A_N4_r7,A,4,7,40.18206020699972,4,2862,2862,0
A_N4_r7,A,4,7,40.382858682999995,4,2876,2876,0
A_N4_r7,A,4,7,40.58392501299977,4,2889,2889,0
A_N4_r7,A,4,7,40.78458759599971,4,2903,2903,0
A_N4_r7,A,4,7,40.98531207499991,4,2919,2919,0
A_N4_r7,A,4,7,41.18636707499991,4,2934,2934,0
A_N4_r7,A,4,7,41.38717567200001,4,2947,2947,0
A_N4_r7,A,4,7,41.58744333300001,4,2961,2961,0
A_N4_r7,A,4,7,41.78859684100007,4,2976,2976,0
A_N4_r7,A,4,7,41.9895091049998,4,2989,2989,0
A_N4_r7,A,4,7,42.190639679000014,4,3005,3005,0
A_N4_r7,A,4,7,42.39092074700011,4,3019,3019,0
A_N4_r7,A,4,7,42.5918883559998,4,3035,3035,0
A_N4_r7,A,4,7,42.792421228999956,4,3048,3048,0
A_N4_r7,A,4,7,42.99256133500012,4,3062,3062,0
A_N4_r7,A,4,7,43.194189155000004,4,3076,3076,0
A_N4_r7,A,4,7,43.395369756000036,4,3089,3089,0
A_N4_r7,A,4,7,43.5965239279999,4,3104,3104,0
A_N4_r7,A,4,7,43.797755485999915,4,3118,3118,0
A_N4_r7,A,4,7,43.998744277999776,4,3132,3132,0
A_N4_r7,A,4,7,44.199585682999896,4,3147,3147,0
A_N4_r7,A,4,7,44.400118568999915,4,3162,3162,0
A_N4_r7,A,4,7,44.60069419599995,4,3175,3175,0
A_N4_r7,A,4,7,44.801471342999776,4,3191,3191,0
A_N4_r7,A,4,7,45.00283274699996,4,3205,3205,0
A_N4_r7,A,4,7,45.203570349000074,4,3219,3219,0
A_N4_r7,A,4,7,45.40479249200007,4,3232,3232,0
A_N4_r7,A,4,7,45.6063453669999,4,3244,3244,0
A_N4_r7,A,4,7,45.806846637000035,4,3259,3259,0
A_N4_r7,A,4,7,46.00758075499971,4,3273,3273,0
A_N4_r7,A,4,7,46.208123131999855,4,3288,3288,0
A_N4_r7,A,4,7,46.408521388999816,4,3301,3301,0
A_N4_r7,A,4,7,46.60938901999998,4,3316,3316,0
A_N4_r7,A,4,7,46.810701395999786,4,3331,3331,0
A_N4_r7,A,4,7,47.01180317699982,4,3345,3345,0
A_N4_r7,A,4,7,47.214026084000125,4,3360,3360,0
A_N4_r7,A,4,7,47.415229275,4,3375,3375,0
A_N4_r7,A,4,7,47.61645893900004,4,3389,3389,0
A_N4_r7,A,4,7,47.81697502999987,4,3403,3403,0
A_N4_r7,A,4,7,48.01731717499979,4,3417,3417,0
A_N4_r7,A,4,7,48.21776521999982,4,3431,3431,0
A_N4_r7,A,4,7,48.4189239289999,4,3445,3445,0
A_N4_r7,A,4,7,48.62006416699978,4,3459,3459,0
A_N4_r7,A,4,7,48.820358613999815,4,3474,3474,0
A_N4_r7,A,4,7,49.02082112700009,4,3489,3489,0
A_N4_r7,A,4,7,49.221493505000126,4,3501,3501,0
A_N4_r7,A,4,7,49.42322636500012,4,3516,3516,0
A_N4_r7,A,4,7,49.62413758499997,4,3530,3530,0
A_N4_r7,A,4,7,49.82495310400009,4,3545,3545,0
A_N4_r7,A,4,7,50.025804378999965,4,3558,3558,0
A_N4_r7,A,4,7,50.22614782099981,4,3573,3573,0
A_N4_r7,A,4,7,50.42724288499994,4,3588,3588,0
A_N4_r7,A,4,7,50.62835551499984,4,3602,3602,0
A_N4_r7,A,4,7,50.829211321,4,3615,3615,0
A_N4_r7,A,4,7,51.02964954199979,4,3629,3629,0
A_N4_r7,A,4,7,51.2311243019999,4,3645,3645,0
A_N4_r7,A,4,7,51.43306391499982,4,3658,3658,0
A_N4_r7,A,4,7,51.63409004599998,4,3674,3674,0
A_N4_r7,A,4,7,51.83456678099992,4,3687,3687,0
A_N4_r7,A,4,7,52.03518321899992,4,3701,3701,0
A_N4_r7,A,4,7,52.23551207699984,4,3714,3714,0
A_N4_r7,A,4,7,52.436529299000085,4,3729,3729,0
A_N4_r7,A,4,7,52.63798727199992,4,3744,3744,0
A_N4_r7,A,4,7,52.83887006299983,4,3759,3759,0
A_N4_r7,A,4,7,53.04013156499968,4,3772,3772,0
A_N4_r7,A,4,7,53.241376105999734,4,3787,3787,0
A_N4_r7,A,4,7,53.442030196999895,4,3801,3801,0
A_N4_r7,A,4,7,53.64294980099976,4,3817,3817,0
A_N4_r7,A,4,7,53.84369903199968,4,3831,3831,0
A_N4_r7,A,4,7,54.044211187999736,4,3846,3846,0
A_N4_r7,A,4,7,54.245261625999774,4,3860,3860,0
A_N4_r7,A,4,7,54.44599847399968,4,3874,3874,0
A_N4_r7,A,4,7,54.64639154099996,4,3888,3888,0
A_N4_r7,A,4,7,54.848605446999954,4,3902,3902,0
A_N4_r7,A,4,7,55.04939268199996,4,3917,3917,0
A_N4_r7,A,4,7,55.24972734599987,4,3931,3931,0
A_N4_r7,A,4,7,55.44997234199991,4,3945,3945,0
A_N4_r7,A,4,7,55.65169616200001,4,3957,3957,0
A_N4_r7,A,4,7,55.85362097699999,4,3972,3972,0
A_N4_r7,A,4,7,56.05464917600011,4,3986,3986,0
A_N4_r7,A,4,7,56.25575479100007,4,4000,4000,0
A_N4_r7,A,4,7,56.45684036900002,4,4014,4014,0
A_N4_r7,A,4,7,56.657572375999735,4,4029,4029,0
A_N4_r7,A,4,7,56.85975062899979,4,4043,4043,0
A_N4_r7,A,4,7,57.060644127999694,4,4058,4058,0
A_N4_r7,A,4,7,57.26193713699968,4,4073,4073,0
A_N4_r7,A,4,7,57.46302065200007,4,4086,4086,0
A_N4_r7,A,4,7,57.665144448999854,4,4100,4100,0
A_N4_r7,A,4,7,57.86692246199982,4,4115,4115,0
A_N4_r7,A,4,7,58.06794603599974,4,4130,4130,0
A_N4_r7,A,4,7,58.26878188799992,4,4144,4144,0
A_N4_r7,A,4,7,58.46962795899981,4,4159,4159,0
A_N4_r7,A,4,7,58.671163911999884,4,4173,4173,0
A_N4_r7,A,4,7,58.871922940999866,4,4187,4187,0
A_N4_r7,A,4,7,59.073066001999905,4,4202,4202,0
A_N4_r7,A,4,7,59.27418225199972,4,4217,4217,0
A_N4_r7,A,4,7,59.475068199999896,4,4230,4230,0
A_N4_r7,A,4,7,59.67575524899985,4,4245,4245,0
A_N4_r7,A,4,7,59.87618574199996,4,4258,4258,0
A_N4_r7,A,4,7,60.07694772800005,0,4271,4271,0
A_N4_r8,A,4,8,0.005229672000041319,0,0,0,0
A_N4_r8,A,4,8,0.20609285799991994,4,12,12,0
A_N4_r8,A,4,8,0.4072041149997858,4,26,26,0
A_N4_r8,A,4,8,0.6078540630001044,4,42,42,0
A_N4_r8,A,4,8,0.8095078470000772,4,55,55,0
A_N4_r8,A,4,8,1.0114535409998098,4,70,70,0
A_N4_r8,A,4,8,1.2134888129999126,4,80,80,0
A_N4_r8,A,4,8,1.4140312419999645,4,95,95,0
A_N4_r8,A,4,8,1.6150767039998755,4,109,109,0
A_N4_r8,A,4,8,1.8156794739998077,4,125,125,0
A_N4_r8,A,4,8,2.016356443999939,4,140,140,0
A_N4_r8,A,4,8,2.216969833999883,4,154,154,0
A_N4_r8,A,4,8,2.417809304000002,4,169,169,0
A_N4_r8,A,4,8,2.6180500750001556,4,184,184,0
A_N4_r8,A,4,8,2.818994117999864,4,197,197,0
A_N4_r8,A,4,8,3.0205054590001055,4,211,211,0
A_N4_r8,A,4,8,3.221018931999879,4,225,225,0
A_N4_r8,A,4,8,3.4216046769997774,4,239,239,0
A_N4_r8,A,4,8,3.622639143000015,4,254,254,0
A_N4_r8,A,4,8,3.8228058459999374,4,269,269,0
A_N4_r8,A,4,8,4.024725135000153,4,281,281,0
A_N4_r8,A,4,8,4.2254305209999075,4,297,297,0
A_N4_r8,A,4,8,4.427660920000108,4,312,312,0
A_N4_r8,A,4,8,4.629819570000109,4,326,326,0
A_N4_r8,A,4,8,4.830164972000148,4,341,341,0
A_N4_r8,A,4,8,5.03176015300005,4,358,358,0
A_N4_r8,A,4,8,5.2330222979999235,4,370,370,0
A_N4_r8,A,4,8,5.434026441999777,4,386,386,0
A_N4_r8,A,4,8,5.634518681999907,4,401,401,0
A_N4_r8,A,4,8,5.8351059390001865,4,415,415,0
A_N4_r8,A,4,8,6.0363525859997935,4,428,428,0
A_N4_r8,A,4,8,6.237313115999768,4,442,442,0
A_N4_r8,A,4,8,6.4381482349999715,4,457,457,0
A_N4_r8,A,4,8,6.639277803999903,4,473,473,0
A_N4_r8,A,4,8,6.840774523000164,4,487,487,0
A_N4_r8,A,4,8,7.041541891000179,4,502,502,0
A_N4_r8,A,4,8,7.243334446000063,4,516,516,0
A_N4_r8,A,4,8,7.4436856769998485,4,530,530,0
A_N4_r8,A,4,8,7.644883685999957,4,545,545,0
A_N4_r8,A,4,8,7.845488500000101,4,560,560,0
A_N4_r8,A,4,8,8.045898466999915,4,573,573,0
A_N4_r8,A,4,8,8.246320437000122,4,585,585,0
A_N4_r8,A,4,8,8.447769563999827,4,599,599,0
A_N4_r8,A,4,8,8.6484816709999,4,611,611,0
A_N4_r8,A,4,8,8.84968913900002,4,626,626,0
A_N4_r8,A,4,8,9.050480785999753,4,638,638,0
A_N4_r8,A,4,8,9.251405822999914,4,653,653,0
A_N4_r8,A,4,8,9.451883015000021,4,667,667,0
A_N4_r8,A,4,8,9.65334250800015,4,683,683,0
A_N4_r8,A,4,8,9.85433676799994,4,698,698,0
A_N4_r8,A,4,8,10.055342949000078,4,712,712,0
A_N4_r8,A,4,8,10.256329843999993,4,726,726,0
A_N4_r8,A,4,8,10.45672974199988,4,741,741,0
A_N4_r8,A,4,8,10.657704315000046,4,755,755,0
A_N4_r8,A,4,8,10.858054274000096,4,770,770,0
A_N4_r8,A,4,8,11.059047201999874,4,784,784,0
A_N4_r8,A,4,8,11.260042584000075,4,798,798,0
A_N4_r8,A,4,8,11.460528754999814,4,813,813,0
A_N4_r8,A,4,8,11.661134036000021,4,827,827,0
A_N4_r8,A,4,8,11.863890611999977,4,843,843,0
A_N4_r8,A,4,8,12.06532048400004,4,857,857,0
A_N4_r8,A,4,8,12.266569554999933,4,871,871,0
A_N4_r8,A,4,8,12.467239905000042,4,886,886,0
A_N4_r8,A,4,8,12.668032397999923,4,900,900,0
A_N4_r8,A,4,8,12.868462991999877,4,915,915,0
A_N4_r8,A,4,8,13.069171277999885,4,929,929,0
A_N4_r8,A,4,8,13.271054512999854,4,942,942,0
A_N4_r8,A,4,8,13.47333642500007,4,958,958,0
A_N4_r8,A,4,8,13.673477895999895,4,973,973,0
A_N4_r8,A,4,8,13.874235906000195,4,987,987,0
A_N4_r8,A,4,8,14.075194493999788,4,1001,1001,0
A_N4_r8,A,4,8,14.275697454999772,4,1016,1016,0
A_N4_r8,A,4,8,14.476897204000124,4,1029,1029,0
A_N4_r8,A,4,8,14.677227540999866,4,1045,1045,0
A_N4_r8,A,4,8,14.878183805999925,4,1058,1058,0
A_N4_r8,A,4,8,15.079093261999788,4,1073,1073,0
A_N4_r8,A,4,8,15.280122654000024,4,1087,1087,0
A_N4_r8,A,4,8,15.481251120999787,4,1101,1101,0
A_N4_r8,A,4,8,15.68253073599999,4,1115,1115,0
A_N4_r8,A,4,8,15.883473156000036,4,1130,1130,0
A_N4_r8,A,4,8,16.085433509999802,4,1145,1145,0
A_N4_r8,A,4,8,16.28667526399977,4,1161,1161,0
A_N4_r8,A,4,8,16.487033682999936,4,1175,1175,0
A_N4_r8,A,4,8,16.68805435200011,4,1189,1189,0
A_N4_r8,A,4,8,16.889077184000143,4,1203,1203,0
A_N4_r8,A,4,8,17.08938306800019,4,1216,1216,0
A_N4_r8,A,4,8,17.290181608999774,4,1229,1229,0
A_N4_r8,A,4,8,17.490489033999893,4,1243,1243,0
A_N4_r8,A,4,8,17.691362717000175,4,1258,1258,0
A_N4_r8,A,4,8,17.89251061599998,4,1271,1271,0
A_N4_r8,A,4,8,18.09352674799993,4,1286,1286,0
A_N4_r8,A,4,8,18.294162413999857,4,1299,1299,0
A_N4_r8,A,4,8,18.494861698000022,4,1314,1314,0
A_N4_r8,A,4,8,18.695160130000204,4,1329,1329,0
A_N4_r8,A,4,8,18.896235956000055,4,1343,1343,0
A_N4_r8,A,4,8,19.09746476800001,4,1357,1357,0
A_N4_r8,A,4,8,19.298456865999924,4,1370,1370,0
A_N4_r8,A,4,8,19.499439174000145,4,1384,1384,0
A_N4_r8,A,4,8,19.699685299000066,4,1398,1398,0
A_N4_r8,A,4,8,19.90033417199993,4,1413,1413,0
A_N4_r8,A,4,8,20.10147592200019,4,1427,1427,0
A_N4_r8,A,4,8,20.301831444000072,4,1442,1442,0
A_N4_r8,A,4,8,20.50205852199997,4,1456,1456,0
A_N4_r8,A,4,8,20.70323458799976,4,1471,1471,0
A_N4_r8,A,4,8,20.903651755999817,4,1485,1485,0
A_N4_r8,A,4,8,21.10456391600019,4,1498,1498,0
A_N4_r8,A,4,8,21.306234783000036,4,1514,1514,0
A_N4_r8,A,4,8,21.50665822300016,4,1528,1528,0
A_N4_r8,A,4,8,21.707420572000046,4,1543,1543,0
A_N4_r8,A,4,8,21.908148887000152,4,1558,1558,0
A_N4_r8,A,4,8,22.10887749199992,4,1571,1571,0
A_N4_r8,A,4,8,22.30967248299976,4,1586,1586,0
A_N4_r8,A,4,8,22.51037207299987,4,1601,1601,0
A_N4_r8,A,4,8,22.711291277999862,4,1614,1614,0
A_N4_r8,A,4,8,22.912818397000137,4,1629,1629,0
A_N4_r8,A,4,8,23.11414772399985,4,1644,1644,0
A_N4_r8,A,4,8,23.314750964999803,4,1660,1660,0
A_N4_r8,A,4,8,23.51538386099992,4,1673,1673,0
A_N4_r8,A,4,8,23.71561444200006,4,1688,1688,0
A_N4_r8,A,4,8,23.91621000999976,4,1704,1704,0
A_N4_r8,A,4,8,24.11702154400018,4,1719,1719,0
A_N4_r8,A,4,8,24.318418960000145,4,1733,1733,0
A_N4_r8,A,4,8,24.518886546999966,4,1748,1748,0
A_N4_r8,A,4,8,24.719474642000023,4,1762,1762,0
A_N4_r8,A,4,8,24.92053857200017,4,1777,1777,0
A_N4_r8,A,4,8,25.121487394999804,4,1790,1790,0
A_N4_r8,A,4,8,25.322141673999795,4,1806,1806,0
A_N4_r8,A,4,8,25.52365046099976,4,1819,1819,0
A_N4_r8,A,4,8,25.72439561200008,4,1834,1834,0
A_N4_r8,A,4,8,25.92507909799997,4,1848,1848,0
A_N4_r8,A,4,8,26.125989259000107,4,1862,1862,0
A_N4_r8,A,4,8,26.326519926999936,4,1877,1877,0
A_N4_r8,A,4,8,26.528331524999885,4,1893,1893,0
A_N4_r8,A,4,8,26.729859691,4,1906,1906,0
A_N4_r8,A,4,8,26.930809859999954,4,1921,1921,0
A_N4_r8,A,4,8,27.131304520999947,4,1934,1934,0
A_N4_r8,A,4,8,27.331643478999922,4,1949,1949,0
A_N4_r8,A,4,8,27.53222801899983,4,1964,1964,0
A_N4_r8,A,4,8,27.733609060000163,4,1977,1977,0
A_N4_r8,A,4,8,27.935422663999816,4,1992,1992,0
A_N4_r8,A,4,8,28.1361508949999,4,2005,2005,0
A_N4_r8,A,4,8,28.33802340000011,4,2019,2019,0
A_N4_r8,A,4,8,28.539065804000074,4,2034,2034,0
A_N4_r8,A,4,8,28.739598990000104,4,2047,2047,0
A_N4_r8,A,4,8,28.94041308399983,4,2062,2062,0
A_N4_r8,A,4,8,29.14091734500016,4,2076,2076,0
A_N4_r8,A,4,8,29.34210009399976,4,2090,2090,0
A_N4_r8,A,4,8,29.542773193999892,4,2104,2104,0
A_N4_r8,A,4,8,29.74364599899991,4,2118,2118,0
A_N4_r8,A,4,8,29.945262184000057,4,2133,2133,0
A_N4_r8,A,4,8,30.145625992000078,4,2147,2147,0
A_N4_r8,A,4,8,30.347231246999854,4,2161,2161,0
A_N4_r8,A,4,8,30.548721504999776,4,2175,2175,0
A_N4_r8,A,4,8,30.749533047000114,4,2190,2190,0
A_N4_r8,A,4,8,30.950136147000194,4,2204,2204,0
A_N4_r8,A,4,8,31.150367096000082,4,2219,2219,0
A_N4_r8,A,4,8,31.3515226049999,4,2234,2234,0
A_N4_r8,A,4,8,31.552612771999975,4,2248,2248,0
A_N4_r8,A,4,8,31.753256648999923,4,2261,2261,0
A_N4_r8,A,4,8,31.954445101000147,4,2276,2276,0
A_N4_r8,A,4,8,32.154939015999844,4,2290,2290,0
A_N4_r8,A,4,8,32.35609243299996,4,2305,2305,0
A_N4_r8,A,4,8,32.55838659699975,4,2319,2319,0
A_N4_r8,A,4,8,32.75891323399992,4,2332,2332,0
A_N4_r8,A,4,8,32.959232431000146,4,2348,2348,0
A_N4_r8,A,4,8,33.160222791999786,4,2362,2362,0
A_N4_r8,A,4,8,33.361350670999855,4,2376,2376,0
A_N4_r8,A,4,8,33.563571066999884,4,2391,2391,0
A_N4_r8,A,4,8,33.76418344700005,4,2405,2405,0
A_N4_r8,A,4,8,33.965866922999794,4,2420,2420,0
A_N4_r8,A,4,8,34.16606051400004,4,2435,2435,0
A_N4_r8,A,4,8,34.36670446500011,4,2449,2449,0
A_N4_r8,A,4,8,34.56873571599999,4,2462,2462,0
A_N4_r8,A,4,8,34.77041293100001,4,2478,2478,0
A_N4_r8,A,4,8,34.97119314800011,4,2491,2491,0
A_N4_r8,A,4,8,35.172256727999866,4,2506,2506,0
A_N4_r8,A,4,8,35.37320422999983,4,2519,2519,0
A_N4_r8,A,4,8,35.574192348999986,4,2534,2534,0
A_N4_r8,A,4,8,35.77482034100012,4,2549,2549,0
A_N4_r8,A,4,8,35.97590720500011,4,2564,2564,0
A_N4_r8,A,4,8,36.17690635500003,4,2579,2579,0
A_N4_r8,A,4,8,36.37754130099984,4,2593,2593,0
A_N4_r8,A,4,8,36.57862719400009,4,2607,2607,0
A_N4_r8,A,4,8,36.77948305500013,4,2621,2621,0
A_N4_r8,A,4,8,36.98017905500001,4,2637,2637,0
A_N4_r8,A,4,8,37.18130352099979,4,2651,2651,0
A_N4_r8,A,4,8,37.3821981279998,4,2665,2665,0
A_N4_r8,A,4,8,37.58284708000019,4,2680,2680,0
A_N4_r8,A,4,8,37.783735953999894,4,2695,2695,0
A_N4_r8,A,4,8,37.984357444000125,4,2709,2709,0
A_N4_r8,A,4,8,38.18568605600012,4,2723,2723,0
A_N4_r8,A,4,8,38.38667690400007,4,2739,2739,0
A_N4_r8,A,4,8,38.58763566000016,4,2755,2755,0
A_N4_r8,A,4,8,38.78795583500005,4,2768,2768,0
A_N4_r8,A,4,8,38.98957681699994,4,2782,2782,0
A_N4_r8,A,4,8,39.19046907799975,4,2796,2796,0
A_N4_r8,A,4,8,39.39129482599992,4,2812,2812,0
A_N4_r8,A,4,8,39.592522819999886,4,2826,2826,0
A_N4_r8,A,4,8,39.79345341499993,4,2842,2842,0
A_N4_r8,A,4,8,39.99493124899982,4,2856,2856,0
A_N4_r8,A,4,8,40.19682250100004,4,2870,2870,0
A_N4_r8,A,4,8,40.397474944999885,4,2886,2886,0
A_N4_r8,A,4,8,40.598058406999826,4,2899,2899,0
A_N4_r8,A,4,8,40.798663829999896,4,2914,2914,0
A_N4_r8,A,4,8,40.9991795840001,4,2929,2929,0
A_N4_r8,A,4,8,41.19957068299982,4,2944,2944,0
A_N4_r8,A,4,8,41.40057183299996,4,2957,2957,0
A_N4_r8,A,4,8,41.601489525000034,4,2972,2972,0
A_N4_r8,A,4,8,41.801746632999766,4,2986,2986,0
A_N4_r8,A,4,8,42.002609351000046,4,3002,3002,0
A_N4_r8,A,4,8,42.2035141880001,4,3016,3016,0
A_N4_r8,A,4,8,42.404198954000094,4,3029,3029,0
A_N4_r8,A,4,8,42.60447927699988,4,3043,3043,0
A_N4_r8,A,4,8,42.8053249730001,4,3056,3056,0
A_N4_r8,A,4,8,43.00636187000009,4,3070,3070,0
A_N4_r8,A,4,8,43.207252961999984,4,3083,3083,0
A_N4_r8,A,4,8,43.40795911999976,4,3098,3098,0
A_N4_r8,A,4,8,43.608470487999966,4,3113,3113,0
A_N4_r8,A,4,8,43.81042935100004,4,3126,3126,0
A_N4_r8,A,4,8,44.01162011799988,4,3139,3139,0
A_N4_r8,A,4,8,44.21330929299984,4,3154,3154,0
A_N4_r8,A,4,8,44.41378327499979,4,3168,3168,0
A_N4_r8,A,4,8,44.61529664,4,3182,3182,0
A_N4_r8,A,4,8,44.81645553699991,4,3196,3196,0
A_N4_r8,A,4,8,45.01690018099998,4,3211,3211,0
A_N4_r8,A,4,8,45.21786827999995,4,3225,3225,0
A_N4_r8,A,4,8,45.41863427099997,4,3237,3237,0
A_N4_r8,A,4,8,45.61997066399999,4,3252,3252,0
A_N4_r8,A,4,8,45.8219171249998,4,3268,3268,0
A_N4_r8,A,4,8,46.02388418500004,4,3283,3283,0
A_N4_r8,A,4,8,46.22513899400019,4,3298,3298,0
A_N4_r8,A,4,8,46.425689702,4,3314,3314,0
A_N4_r8,A,4,8,46.62595512000007,4,3329,3329,0
A_N4_r8,A,4,8,46.82697998599997,4,3342,3342,0
A_N4_r8,A,4,8,47.027910124999835,4,3357,3357,0
A_N4_r8,A,4,8,47.22832594500005,4,3371,3371,0
A_N4_r8,A,4,8,47.42896117300006,4,3386,3386,0
A_N4_r8,A,4,8,47.630022128999826,4,3399,3399,0
A_N4_r8,A,4,8,47.83036823900011,4,3414,3414,0
A_N4_r8,A,4,8,48.0308530100001,4,3428,3428,0
A_N4_r8,A,4,8,48.23120330699976,4,3443,3443,0
A_N4_r8,A,4,8,48.43357497499983,4,3457,3457,0
A_N4_r8,A,4,8,48.63478074400018,4,3471,3471,0
A_N4_r8,A,4,8,48.835883938999814,4,3485,3485,0
A_N4_r8,A,4,8,49.03702769199981,4,3500,3500,0
A_N4_r8,A,4,8,49.23864350299982,4,3515,3515,0
A_N4_r8,A,4,8,49.43926073800003,4,3529,3529,0
A_N4_r8,A,4,8,49.639510237000195,4,3544,3544,0
A_N4_r8,A,4,8,49.84157386200013,4,3557,3557,0
A_N4_r8,A,4,8,50.041929040000014,4,3571,3571,0
A_N4_r8,A,4,8,50.24267511400012,4,3585,3585,0
A_N4_r8,A,4,8,50.44315306899989,4,3600,3600,0
A_N4_r8,A,4,8,50.64431663899995,4,3613,3613,0
A_N4_r8,A,4,8,50.84548638199976,4,3628,3628,0
A_N4_r8,A,4,8,51.0457930890002,4,3643,3643,0
A_N4_r8,A,4,8,51.246070702,4,3657,3657,0
A_N4_r8,A,4,8,51.44744162799998,4,3671,3671,0
A_N4_r8,A,4,8,51.64771536399985,4,3684,3684,0
A_N4_r8,A,4,8,51.848354608000136,4,3698,3698,0
A_N4_r8,A,4,8,52.04874140699985,4,3712,3712,0
A_N4_r8,A,4,8,52.250332612999955,4,3725,3725,0
A_N4_r8,A,4,8,52.45090636999976,4,3740,3740,0
A_N4_r8,A,4,8,52.65118216000019,4,3754,3754,0
A_N4_r8,A,4,8,52.851921863999905,4,3768,3768,0
A_N4_r8,A,4,8,53.05321850700011,4,3783,3783,0
A_N4_r8,A,4,8,53.25439702699987,4,3796,3796,0
A_N4_r8,A,4,8,53.455637730000035,4,3811,3811,0
A_N4_r8,A,4,8,53.65655103100016,4,3825,3825,0
A_N4_r8,A,4,8,53.85686105600007,4,3840,3840,0
A_N4_r8,A,4,8,54.057336161999956,4,3855,3855,0
A_N4_r8,A,4,8,54.25784537199979,4,3868,3868,0
A_N4_r8,A,4,8,54.45942177799998,4,3881,3881,0
A_N4_r8,A,4,8,54.661805708999964,4,3897,3897,0
A_N4_r8,A,4,8,54.86302105999994,4,3911,3911,0
A_N4_r8,A,4,8,55.06379438800013,4,3926,3926,0
A_N4_r8,A,4,8,55.26570976699986,4,3940,3940,0
A_N4_r8,A,4,8,55.46644766500003,4,3955,3955,0
A_N4_r8,A,4,8,55.66719394199981,4,3969,3969,0
A_N4_r8,A,4,8,55.86787581899989,4,3982,3982,0
A_N4_r8,A,4,8,56.06875916499985,4,3996,3996,0
A_N4_r8,A,4,8,56.269387971000015,4,4011,4011,0
A_N4_r8,A,4,8,56.47029690299996,4,4025,4025,0
A_N4_r8,A,4,8,56.67088927099985,4,4039,4039,0
A_N4_r8,A,4,8,56.871486357999856,4,4052,4052,0
A_N4_r8,A,4,8,57.072927314000026,4,4067,4067,0
A_N4_r8,A,4,8,57.273301721999815,4,4080,4080,0
A_N4_r8,A,4,8,57.47356339499993,4,4093,4093,0
A_N4_r8,A,4,8,57.674490574000174,4,4109,4109,0
A_N4_r8,A,4,8,57.87538341900017,4,4122,4122,0
A_N4_r8,A,4,8,58.07594690299993,4,4136,4136,0
A_N4_r8,A,4,8,58.277599437999925,4,4150,4150,0
A_N4_r8,A,4,8,58.47843498200018,4,4163,4163,0
A_N4_r8,A,4,8,58.6799736439998,4,4176,4176,0
A_N4_r8,A,4,8,58.88125913900012,4,4192,4192,0
A_N4_r8,A,4,8,59.0821014789999,4,4208,4208,0
A_N4_r8,A,4,8,59.28425358499999,4,4221,4221,0
A_N4_r8,A,4,8,59.48456436100014,4,4236,4236,0
A_N4_r8,A,4,8,59.68572442000004,4,4251,4251,0
A_N4_r8,A,4,8,59.88686986199991,4,4266,4266,0
A_N4_r8,A,4,8,60.0884412649998,0,4278,4278,0
A_N4_r9,A,4,9,0.005293629999869154,0,0,0,0
A_N4_r9,A,4,9,0.2070447679998324,4,12,12,0
A_N4_r9,A,4,9,0.40750188399988474,4,27,27,0
A_N4_r9,A,4,9,0.6080523840000751,4,42,42,0
A_N4_r9,A,4,9,0.8088857689999713,4,55,55,0
A_N4_r9,A,4,9,1.0097335599998587,4,69,69,0
A_N4_r9,A,4,9,1.211764674999813,4,81,81,0
A_N4_r9,A,4,9,1.4123662229999354,4,97,97,0
A_N4_r9,A,4,9,1.6127447809999467,4,110,110,0
A_N4_r9,A,4,9,1.8134378009999637,4,123,123,0
A_N4_r9,A,4,9,2.0138867209998352,4,138,138,0
A_N4_r9,A,4,9,2.215109884999947,4,154,154,0
A_N4_r9,A,4,9,2.4171218999999837,4,170,170,0
A_N4_r9,A,4,9,2.617886965999787,4,186,186,0
A_N4_r9,A,4,9,2.8182855420000124,4,199,199,0
A_N4_r9,A,4,9,3.0191721269998197,4,214,214,0
A_N4_r9,A,4,9,3.2197836609998376,4,228,228,0
A_N4_r9,A,4,9,3.4206172059998607,4,243,243,0
A_N4_r9,A,4,9,3.6210949209998944,4,255,255,0
A_N4_r9,A,4,9,3.8221965210000235,4,271,271,0
A_N4_r9,A,4,9,4.023254749999978,4,283,283,0
A_N4_r9,A,4,9,4.223511525000049,4,296,296,0
A_N4_r9,A,4,9,4.424630097999852,4,312,312,0
A_N4_r9,A,4,9,4.626904748000015,4,326,326,0
A_N4_r9,A,4,9,4.82809270100006,4,340,340,0
A_N4_r9,A,4,9,5.028224023999883,4,354,354,0
A_N4_r9,A,4,9,5.228602839999894,4,367,367,0
A_N4_r9,A,4,9,5.4290550079999775,4,382,382,0
A_N4_r9,A,4,9,5.630176035999739,4,397,397,0
A_N4_r9,A,4,9,5.830525619999662,4,411,411,0
A_N4_r9,A,4,9,6.031567117999657,4,425,425,0
A_N4_r9,A,4,9,6.2324782569999115,4,441,441,0
A_N4_r9,A,4,9,6.433134670000072,4,455,455,0
A_N4_r9,A,4,9,6.664076760999706,4,470,470,0
A_N4_r9,A,4,9,6.864805639999759,4,485,485,0
A_N4_r9,A,4,9,7.065705341000012,4,502,502,0
A_N4_r9,A,4,9,7.266099958999803,4,517,517,0
A_N4_r9,A,4,9,7.467299013999764,4,531,531,0
A_N4_r9,A,4,9,7.668160022999928,4,546,546,0
A_N4_r9,A,4,9,7.869002996999825,4,562,562,0
A_N4_r9,A,4,9,8.070360259999688,4,578,578,0
A_N4_r9,A,4,9,8.271178767000038,4,594,594,0
A_N4_r9,A,4,9,8.472902851000072,4,608,608,0
A_N4_r9,A,4,9,8.674494275999677,4,624,624,0
A_N4_r9,A,4,9,8.876323267999851,4,638,638,0
A_N4_r9,A,4,9,9.07646862799993,4,654,654,0
A_N4_r9,A,4,9,9.277371264000067,4,667,667,0
A_N4_r9,A,4,9,9.47847054199974,4,683,683,0
A_N4_r9,A,4,9,9.678892963999715,4,699,699,0
A_N4_r9,A,4,9,9.881107272999998,4,714,714,0
A_N4_r9,A,4,9,10.081760278999809,4,729,729,0
A_N4_r9,A,4,9,10.282760229999894,4,742,742,0
A_N4_r9,A,4,9,10.483908599999722,4,758,758,0
A_N4_r9,A,4,9,10.68439007400002,4,772,772,0
A_N4_r9,A,4,9,10.885808763999648,4,787,787,0
A_N4_r9,A,4,9,11.086134744999981,4,799,799,0
A_N4_r9,A,4,9,11.286626416999752,4,814,814,0
A_N4_r9,A,4,9,11.487001340999996,4,828,828,0
A_N4_r9,A,4,9,11.68774193299987,4,840,840,0
A_N4_r9,A,4,9,11.888513393999801,4,855,855,0
A_N4_r9,A,4,9,12.090920595999705,4,871,871,0
A_N4_r9,A,4,9,12.291819976999705,4,884,884,0
A_N4_r9,A,4,9,12.492041341000004,4,898,898,0
A_N4_r9,A,4,9,12.692621390999648,4,912,912,0
A_N4_r9,A,4,9,12.89374793099978,4,924,924,0
A_N4_r9,A,4,9,13.094001274999755,4,938,938,0
A_N4_r9,A,4,9,13.294951362999655,4,951,951,0
A_N4_r9,A,4,9,13.496133246999761,4,966,966,0
A_N4_r9,A,4,9,13.69743052800004,4,980,980,0
A_N4_r9,A,4,9,13.898246732999723,4,995,995,0
A_N4_r9,A,4,9,14.098496511999656,4,1011,1011,0
A_N4_r9,A,4,9,14.299516229999881,4,1025,1025,0
A_N4_r9,A,4,9,14.500265719999788,4,1039,1039,0
A_N4_r9,A,4,9,14.701041928999985,4,1054,1054,0
A_N4_r9,A,4,9,14.901479330999791,4,1069,1069,0
A_N4_r9,A,4,9,15.102178144999925,4,1084,1084,0
A_N4_r9,A,4,9,15.302690417999656,4,1099,1099,0
A_N4_r9,A,4,9,15.503783293999732,4,1113,1113,0
A_N4_r9,A,4,9,15.704240101999858,4,1129,1129,0
A_N4_r9,A,4,9,15.904926653000075,4,1142,1142,0
A_N4_r9,A,4,9,16.10528397400003,4,1157,1157,0
A_N4_r9,A,4,9,16.306434999999965,4,1171,1171,0
A_N4_r9,A,4,9,16.507877776999976,4,1185,1185,0
A_N4_r9,A,4,9,16.70870856900001,4,1200,1200,0
A_N4_r9,A,4,9,16.909909358999812,4,1214,1214,0
A_N4_r9,A,4,9,17.111388735999753,4,1228,1228,0
A_N4_r9,A,4,9,17.3119304439997,4,1243,1243,0
A_N4_r9,A,4,9,17.51310971299972,4,1258,1258,0
A_N4_r9,A,4,9,17.71408712199991,4,1273,1273,0
A_N4_r9,A,4,9,17.91474177300006,4,1286,1286,0
A_N4_r9,A,4,9,18.11628715400002,4,1301,1301,0
A_N4_r9,A,4,9,18.316949039000065,4,1316,1316,0
A_N4_r9,A,4,9,18.517235124999843,4,1329,1329,0
A_N4_r9,A,4,9,18.71871701500004,4,1345,1345,0
A_N4_r9,A,4,9,18.919028649999746,4,1359,1359,0
A_N4_r9,A,4,9,19.12027727099985,4,1371,1371,0
A_N4_r9,A,4,9,19.321783806999974,4,1386,1386,0
A_N4_r9,A,4,9,19.523365203999674,4,1401,1401,0
A_N4_r9,A,4,9,19.723622276999777,4,1415,1415,0
A_N4_r9,A,4,9,19.92406191300006,4,1429,1429,0
A_N4_r9,A,4,9,20.125240632999976,4,1443,1443,0
A_N4_r9,A,4,9,20.3273792709997,4,1458,1458,0
A_N4_r9,A,4,9,20.530192669999906,4,1473,1473,0
A_N4_r9,A,4,9,20.73140347899971,4,1487,1487,0
A_N4_r9,A,4,9,20.931916112999716,4,1502,1502,0
A_N4_r9,A,4,9,21.133130519999668,4,1516,1516,0
A_N4_r9,A,4,9,21.33380727299982,4,1531,1531,0
A_N4_r9,A,4,9,21.534321458999784,4,1545,1545,0
A_N4_r9,A,4,9,21.73489775200005,4,1561,1561,0
A_N4_r9,A,4,9,21.93589936699982,4,1575,1575,0
A_N4_r9,A,4,9,22.136596549999922,4,1590,1590,0
A_N4_r9,A,4,9,22.337006389999715,4,1603,1603,0
A_N4_r9,A,4,9,22.53816425900004,4,1619,1619,0
A_N4_r9,A,4,9,22.739109026999813,4,1632,1632,0
A_N4_r9,A,4,9,22.94002258599994,4,1645,1645,0
A_N4_r9,A,4,9,23.140392923000036,4,1661,1661,0
A_N4_r9,A,4,9,23.34189867799978,4,1674,1674,0
A_N4_r9,A,4,9,23.542926181999974,4,1689,1689,0
A_N4_r9,A,4,9,23.743699495999863,4,1703,1703,0
A_N4_r9,A,4,9,23.944425962999958,4,1717,1717,0
A_N4_r9,A,4,9,24.144814113999928,4,1733,1733,0
A_N4_r9,A,4,9,24.345775262999723,4,1747,1747,0
A_N4_r9,A,4,9,24.546260344000075,4,1762,1762,0
A_N4_r9,A,4,9,24.746585303999836,4,1776,1776,0
A_N4_r9,A,4,9,24.946957842999836,4,1790,1790,0
A_N4_r9,A,4,9,25.147549046999757,4,1805,1805,0
A_N4_r9,A,4,9,25.34901921499977,4,1820,1820,0
A_N4_r9,A,4,9,25.549917024000024,4,1833,1833,0
A_N4_r9,A,4,9,25.751042582000082,4,1848,1848,0
A_N4_r9,A,4,9,25.95234662599978,4,1862,1862,0
A_N4_r9,A,4,9,26.15262800599976,4,1877,1877,0
A_N4_r9,A,4,9,26.353027325999847,4,1890,1890,0
A_N4_r9,A,4,9,26.554691580000053,4,1905,1905,0
A_N4_r9,A,4,9,26.755426630999864,4,1918,1918,0
A_N4_r9,A,4,9,26.95587246900004,4,1933,1933,0
A_N4_r9,A,4,9,27.15623967099964,4,1946,1946,0
A_N4_r9,A,4,9,27.356769275999795,4,1962,1962,0
A_N4_r9,A,4,9,27.557620616999884,4,1976,1976,0
A_N4_r9,A,4,9,27.758192752000014,4,1991,1991,0
A_N4_r9,A,4,9,27.95926882699996,4,2005,2005,0
A_N4_r9,A,4,9,28.16021437900008,4,2020,2020,0
A_N4_r9,A,4,9,28.361241370999778,4,2033,2033,0
A_N4_r9,A,4,9,28.56156646999989,4,2047,2047,0
A_N4_r9,A,4,9,28.762420004999967,4,2061,2061,0
A_N4_r9,A,4,9,28.963264202999653,4,2077,2077,0
A_N4_r9,A,4,9,29.164159449999715,4,2091,2091,0
A_N4_r9,A,4,9,29.364894551999896,4,2105,2105,0
A_N4_r9,A,4,9,29.56507006899983,4,2120,2120,0
A_N4_r9,A,4,9,29.766217597999912,4,2134,2134,0
A_N4_r9,A,4,9,29.967342564999853,4,2148,2148,0
A_N4_r9,A,4,9,30.16839758299966,4,2162,2162,0
A_N4_r9,A,4,9,30.369490759999735,4,2177,2177,0
A_N4_r9,A,4,9,30.57012219599983,4,2191,2191,0
A_N4_r9,A,4,9,30.771479811000063,4,2206,2206,0
A_N4_r9,A,4,9,30.97175929399964,4,2220,2220,0
A_N4_r9,A,4,9,31.17315624699995,4,2233,2233,0
A_N4_r9,A,4,9,31.37387446699995,4,2249,2249,0
A_N4_r9,A,4,9,31.574543143000028,4,2261,2261,0
A_N4_r9,A,4,9,31.77526346700006,4,2276,2276,0
A_N4_r9,A,4,9,31.975966957999844,4,2291,2291,0
A_N4_r9,A,4,9,32.17611896499966,4,2305,2305,0
A_N4_r9,A,4,9,32.37632152199967,4,2318,2318,0
A_N4_r9,A,4,9,32.57815641699972,4,2333,2333,0
A_N4_r9,A,4,9,32.779115418999936,4,2348,2348,0
A_N4_r9,A,4,9,32.98032986499993,4,2360,2360,0
A_N4_r9,A,4,9,33.18223431399974,4,2374,2374,0
A_N4_r9,A,4,9,33.3826563749999,4,2389,2389,0
A_N4_r9,A,4,9,33.584107043999666,4,2402,2402,0
A_N4_r9,A,4,9,33.78604340999982,4,2416,2416,0
A_N4_r9,A,4,9,33.98730065499967,4,2432,2432,0
A_N4_r9,A,4,9,34.18779441599963,4,2444,2444,0
A_N4_r9,A,4,9,34.38895092099983,4,2459,2459,0
A_N4_r9,A,4,9,34.589299643999766,4,2472,2472,0
A_N4_r9,A,4,9,34.790418206999675,4,2485,2485,0
A_N4_r9,A,4,9,34.99070891999963,4,2499,2499,0
A_N4_r9,A,4,9,35.19163891199969,4,2513,2513,0
A_N4_r9,A,4,9,35.392328907999854,4,2528,2528,0
A_N4_r9,A,4,9,35.593213319999904,4,2542,2542,0
A_N4_r9,A,4,9,35.79341256999987,4,2557,2557,0
A_N4_r9,A,4,9,35.99554724900008,4,2570,2570,0
A_N4_r9,A,4,9,36.19584734399996,4,2585,2585,0
A_N4_r9,A,4,9,36.39679898199984,4,2600,2600,0
A_N4_r9,A,4,9,36.59775374699984,4,2616,2616,0
A_N4_r9,A,4,9,36.798053916999834,4,2631,2631,0
A_N4_r9,A,4,9,36.99891894099983,4,2644,2644,0
A_N4_r9,A,4,9,37.200959797999985,4,2657,2657,0
A_N4_r9,A,4,9,37.4024772329999,4,2672,2672,0
A_N4_r9,A,4,9,37.60332161899987,4,2686,2686,0
A_N4_r9,A,4,9,37.804202573999646,4,2700,2700,0
A_N4_r9,A,4,9,38.00531613699968,4,2714,2714,0
A_N4_r9,A,4,9,38.206080207000014,4,2728,2728,0
A_N4_r9,A,4,9,38.406742819999636,4,2744,2744,0
A_N4_r9,A,4,9,38.607991457000026,4,2757,2757,0
A_N4_r9,A,4,9,38.808400080999945,4,2773,2773,0
A_N4_r9,A,4,9,39.00935396299974,4,2788,2788,0
A_N4_r9,A,4,9,39.2098120149999,4,2802,2802,0
A_N4_r9,A,4,9,39.41005801199981,4,2816,2816,0
A_N4_r9,A,4,9,39.61093190299971,4,2830,2830,0
A_N4_r9,A,4,9,39.81119981199981,4,2845,2845,0
A_N4_r9,A,4,9,40.01236767599994,4,2859,2859,0
A_N4_r9,A,4,9,40.214021582999976,4,2874,2874,0
A_N4_r9,A,4,9,40.4148031499999,4,2889,2889,0
A_N4_r9,A,4,9,40.61546204499973,4,2904,2904,0
A_N4_r9,A,4,9,40.81588215900001,4,2919,2919,0
A_N4_r9,A,4,9,41.016255716999694,4,2933,2933,0
A_N4_r9,A,4,9,41.217504199999894,4,2948,2948,0
A_N4_r9,A,4,9,41.41888734899976,4,2963,2963,0
A_N4_r9,A,4,9,41.62041648500008,4,2977,2977,0
A_N4_r9,A,4,9,41.8208970339997,4,2991,2991,0
A_N4_r9,A,4,9,42.0216823159999,4,3004,3004,0
A_N4_r9,A,4,9,42.22251502399968,4,3018,3018,0
A_N4_r9,A,4,9,42.42288510399976,4,3034,3034,0
A_N4_r9,A,4,9,42.62315810099972,4,3047,3047,0
A_N4_r9,A,4,9,42.823927943999934,4,3062,3062,0
A_N4_r9,A,4,9,43.02503398099998,4,3076,3076,0
A_N4_r9,A,4,9,43.2255362359997,4,3090,3090,0
A_N4_r9,A,4,9,43.42689682299988,4,3104,3104,0
A_N4_r9,A,4,9,43.62802089399975,4,3118,3118,0
A_N4_r9,A,4,9,43.82895188099974,4,3132,3132,0
A_N4_r9,A,4,9,44.030851083000016,4,3145,3145,0
A_N4_r9,A,4,9,44.232431070000075,4,3160,3160,0
A_N4_r9,A,4,9,44.43330345499999,4,3175,3175,0
A_N4_r9,A,4,9,44.63414557399983,4,3188,3188,0
A_N4_r9,A,4,9,44.83449224900005,4,3202,3202,0
A_N4_r9,A,4,9,45.036618108999846,4,3216,3216,0
A_N4_r9,A,4,9,45.23717458600004,4,3229,3229,0
A_N4_r9,A,4,9,45.43788589699989,4,3244,3244,0
A_N4_r9,A,4,9,45.63886715799981,4,3257,3257,0
A_N4_r9,A,4,9,45.83970804399996,4,3271,3271,0
A_N4_r9,A,4,9,46.04046051299974,4,3286,3286,0
A_N4_r9,A,4,9,46.24118419499973,4,3300,3300,0
A_N4_r9,A,4,9,46.442084541999975,4,3315,3315,0
A_N4_r9,A,4,9,46.642658915000084,4,3328,3328,0
A_N4_r9,A,4,9,46.84397343399996,4,3344,3344,0
A_N4_r9,A,4,9,47.0442903119997,4,3358,3358,0
A_N4_r9,A,4,9,47.24474598699999,4,3373,3373,0
A_N4_r9,A,4,9,47.44574305700007,4,3388,3388,0
A_N4_r9,A,4,9,47.64651450099973,4,3401,3401,0
A_N4_r9,A,4,9,47.84746963199996,4,3416,3416,0
A_N4_r9,A,4,9,48.04960237299974,4,3431,3431,0
A_N4_r9,A,4,9,48.25134346300001,4,3444,3444,0
A_N4_r9,A,4,9,48.45168825099972,4,3460,3460,0
A_N4_r9,A,4,9,48.65256023499978,4,3474,3474,0
A_N4_r9,A,4,9,48.85330948699993,4,3488,3488,0
A_N4_r9,A,4,9,49.05368937200001,4,3503,3503,0
A_N4_r9,A,4,9,49.25394310599995,4,3517,3517,0
A_N4_r9,A,4,9,49.45539997199967,4,3532,3532,0
A_N4_r9,A,4,9,49.65654898699995,4,3545,3545,0
A_N4_r9,A,4,9,49.85714237399998,4,3559,3559,0
A_N4_r9,A,4,9,50.0583211549997,4,3574,3574,0
A_N4_r9,A,4,9,50.25875552999969,4,3589,3589,0
A_N4_r9,A,4,9,50.45915104300002,4,3602,3602,0
A_N4_r9,A,4,9,50.659911374999865,4,3616,3616,0
A_N4_r9,A,4,9,50.86161221999964,4,3631,3631,0
A_N4_r9,A,4,9,51.0623442279998,4,3646,3646,0
A_N4_r9,A,4,9,51.26306077399977,4,3661,3661,0
A_N4_r9,A,4,9,51.46331825700008,4,3674,3674,0
A_N4_r9,A,4,9,51.66433947999985,4,3688,3688,0
A_N4_r9,A,4,9,51.865244473000075,4,3703,3703,0
A_N4_r9,A,4,9,52.06690698600005,4,3717,3717,0
A_N4_r9,A,4,9,52.26742561899982,4,3733,3733,0
A_N4_r9,A,4,9,52.46840738699984,4,3747,3747,0
A_N4_r9,A,4,9,52.66949917200009,4,3761,3761,0
A_N4_r9,A,4,9,52.86973583500003,4,3776,3776,0
A_N4_r9,A,4,9,53.0707238949999,4,3790,3790,0
A_N4_r9,A,4,9,53.27175815999999,4,3804,3804,0
A_N4_r9,A,4,9,53.47250791999977,4,3818,3818,0
A_N4_r9,A,4,9,53.67344803800006,4,3833,3833,0
A_N4_r9,A,4,9,53.874880434999795,4,3845,3845,0
A_N4_r9,A,4,9,54.075984543999766,4,3860,3860,0
A_N4_r9,A,4,9,54.27702833600006,4,3873,3873,0
A_N4_r9,A,4,9,54.47895619699966,4,3889,3889,0
A_N4_r9,A,4,9,54.680615139999645,4,3903,3903,0
A_N4_r9,A,4,9,54.88089912099986,4,3919,3919,0
A_N4_r9,A,4,9,55.08114260599996,4,3931,3931,0
A_N4_r9,A,4,9,55.283076705999974,4,3947,3947,0
A_N4_r9,A,4,9,55.484066447999794,4,3961,3961,0
A_N4_r9,A,4,9,55.684780519000014,4,3976,3976,0
A_N4_r9,A,4,9,55.88539899899979,4,3991,3991,0
A_N4_r9,A,4,9,56.086285915999724,4,4006,4006,0
A_N4_r9,A,4,9,56.28659013399965,4,4020,4020,0
A_N4_r9,A,4,9,56.487637813999754,4,4035,4035,0
A_N4_r9,A,4,9,56.688181923999764,4,4049,4049,0
A_N4_r9,A,4,9,56.8888805849997,4,4064,4064,0
A_N4_r9,A,4,9,57.08931449700003,4,4079,4079,0
A_N4_r9,A,4,9,57.29005412399965,4,4094,4094,0
A_N4_r9,A,4,9,57.49053427299987,4,4106,4106,0
A_N4_r9,A,4,9,57.69191553099972,4,4122,4122,0
A_N4_r9,A,4,9,57.89271090400007,4,4135,4135,0
A_N4_r9,A,4,9,58.09448623599974,4,4150,4150,0
A_N4_r9,A,4,9,58.29631564800002,4,4163,4163,0
A_N4_r9,A,4,9,58.49809768099976,4,4177,4177,0
A_N4_r9,A,4,9,58.699071790999824,4,4192,4192,0
A_N4_r9,A,4,9,58.90015410399974,4,4206,4206,0
A_N4_r9,A,4,9,59.100269303999994,4,4222,4222,0
A_N4_r9,A,4,9,59.3025257219997,4,4235,4235,0
A_N4_r9,A,4,9,59.50328482499981,4,4250,4250,0
A_N4_r9,A,4,9,59.70399088799968,4,4265,4265,0
A_N4_r9,A,4,9,59.90511360699975,4,4279,4279,0
A_N4_r9,A,4,9,60.10629729199991,0,4291,4291,0
A_N4_r10,A,4,10,0.005362776999845664,0,0,0,0
A_N4_r10,A,4,10,0.20646120899982634,4,12,12,0
A_N4_r10,A,4,10,0.40765938999993523,4,27,27,0
A_N4_r10,A,4,10,0.608736611999575,4,41,41,0
A_N4_r10,A,4,10,0.8095921669996642,4,55,55,0
A_N4_r10,A,4,10,1.0102395359999718,4,70,70,0
A_N4_r10,A,4,10,1.2103461569995488,4,85,85,0
A_N4_r10,A,4,10,1.4110397049998937,4,99,99,0
A_N4_r10,A,4,10,1.6125996779996967,4,113,113,0
A_N4_r10,A,4,10,1.81430499399994,4,128,128,0
A_N4_r10,A,4,10,2.0153149369998573,4,143,143,0
A_N4_r10,A,4,10,2.2161120089999713,4,158,158,0
A_N4_r10,A,4,10,2.416764678999698,4,174,174,0
A_N4_r10,A,4,10,2.617564055999992,4,187,187,0
A_N4_r10,A,4,10,2.8184723789995587,4,201,201,0
A_N4_r10,A,4,10,3.020122639999954,4,217,217,0
A_N4_r10,A,4,10,3.221026683999753,4,231,231,0
A_N4_r10,A,4,10,3.4214060969998172,4,246,246,0
A_N4_r10,A,4,10,3.6215111929996056,4,261,261,0
A_N4_r10,A,4,10,3.8222868549996747,4,274,274,0
A_N4_r10,A,4,10,4.023106426999675,4,289,289,0
A_N4_r10,A,4,10,4.224327978999554,4,301,301,0
A_N4_r10,A,4,10,4.426301549999607,4,317,317,0
A_N4_r10,A,4,10,4.626976459999696,4,331,331,0
A_N4_r10,A,4,10,4.8287245249998705,4,345,345,0
A_N4_r10,A,4,10,5.028963521999685,4,357,357,0
A_N4_r10,A,4,10,5.229469181999775,4,373,373,0
A_N4_r10,A,4,10,5.429700854999737,4,387,387,0
A_N4_r10,A,4,10,5.630488436999713,4,403,403,0
A_N4_r10,A,4,10,5.831089386999793,4,418,418,0
A_N4_r10,A,4,10,6.031938494999849,4,431,431,0
A_N4_r10,A,4,10,6.232941471999766,4,447,447,0
A_N4_r10,A,4,10,6.434173842999826,4,460,460,0
A_N4_r10,A,4,10,6.634979828999803,4,475,475,0
A_N4_r10,A,4,10,6.8360102579999875,4,490,490,0
A_N4_r10,A,4,10,7.03634609699975,4,504,504,0
A_N4_r10,A,4,10,7.236837708999701,4,519,519,0
A_N4_r10,A,4,10,7.43760494099979,4,533,533,0
A_N4_r10,A,4,10,7.638048782999704,4,548,548,0
A_N4_r10,A,4,10,7.839127201999872,4,562,562,0
A_N4_r10,A,4,10,8.04019372799985,4,577,577,0
A_N4_r10,A,4,10,8.241129997999906,4,591,591,0
A_N4_r10,A,4,10,8.441876990999845,4,607,607,0
A_N4_r10,A,4,10,8.642619054999614,4,623,623,0
A_N4_r10,A,4,10,8.844741391999833,4,637,637,0
A_N4_r10,A,4,10,9.045601447999616,4,652,652,0
A_N4_r10,A,4,10,9.246619732,4,667,667,0
A_N4_r10,A,4,10,9.447671538999657,4,681,681,0
A_N4_r10,A,4,10,9.64873482799976,4,695,695,0
A_N4_r10,A,4,10,9.849071284999809,4,710,710,0
A_N4_r10,A,4,10,10.049407290999625,4,724,724,0
A_N4_r10,A,4,10,10.249634791999597,4,738,738,0
A_N4_r10,A,4,10,10.450858331999825,4,753,753,0
A_N4_r10,A,4,10,10.651070073999563,4,767,767,0
A_N4_r10,A,4,10,10.853063357999872,4,782,782,0
A_N4_r10,A,4,10,11.053723753999748,4,798,798,0
A_N4_r10,A,4,10,11.254119480999634,4,812,812,0
A_N4_r10,A,4,10,11.455404316999648,4,826,826,0
A_N4_r10,A,4,10,11.655913718999727,4,840,840,0
A_N4_r10,A,4,10,11.85683630099993,4,853,853,0
A_N4_r10,A,4,10,12.05750535299967,4,868,868,0
A_N4_r10,A,4,10,12.258725544999834,4,882,882,0
A_N4_r10,A,4,10,12.459801504999632,4,898,898,0
A_N4_r10,A,4,10,12.660787034999885,4,911,911,0
A_N4_r10,A,4,10,12.86234241999955,4,927,927,0
A_N4_r10,A,4,10,13.063269387999753,4,941,941,0
A_N4_r10,A,4,10,13.26352889599957,4,955,955,0
A_N4_r10,A,4,10,13.464002207999783,4,970,970,0
A_N4_r10,A,4,10,13.664467023999805,4,984,984,0
A_N4_r10,A,4,10,13.864898206999897,4,999,999,0
A_N4_r10,A,4,10,14.065909252999973,4,1015,1015,0
A_N4_r10,A,4,10,14.266483152999626,4,1028,1028,0
A_N4_r10,A,4,10,14.467918709999594,4,1042,1042,0
A_N4_r10,A,4,10,14.669510590999835,4,1057,1057,0
A_N4_r10,A,4,10,14.870206343999598,4,1072,1072,0
A_N4_r10,A,4,10,15.07137471499982,4,1087,1087,0
A_N4_r10,A,4,10,15.271765028999653,4,1101,1101,0
A_N4_r10,A,4,10,15.473926753999876,4,1115,1115,0
A_N4_r10,A,4,10,15.674215295999602,4,1129,1129,0
A_N4_r10,A,4,10,15.874820134999936,4,1142,1142,0
A_N4_r10,A,4,10,16.07554502799985,4,1155,1155,0
A_N4_r10,A,4,10,16.27612791399997,4,1170,1170,0
A_N4_r10,A,4,10,16.47777929599988,4,1183,1183,0
A_N4_r10,A,4,10,16.67897233199983,4,1198,1198,0
A_N4_r10,A,4,10,16.880096751999645,4,1211,1211,0
A_N4_r10,A,4,10,17.080498143999648,4,1225,1225,0
A_N4_r10,A,4,10,17.281857984,4,1239,1239,0
A_N4_r10,A,4,10,17.48252124999999,4,1254,1254,0
A_N4_r10,A,4,10,17.68348996299983,4,1268,1268,0
A_N4_r10,A,4,10,17.885129763999885,4,1283,1283,0
A_N4_r10,A,4,10,18.08559765999962,4,1297,1297,0
A_N4_r10,A,4,10,18.28613850399961,4,1312,1312,0
A_N4_r10,A,4,10,18.48727171599967,4,1326,1326,0
A_N4_r10,A,4,10,18.688366335999945,4,1341,1341,0
A_N4_r10,A,4,10,18.88878071399995,4,1357,1357,0
A_N4_r10,A,4,10,19.0910138309996,4,1372,1372,0
A_N4_r10,A,4,10,19.291363090999766,4,1386,1386,0
A_N4_r10,A,4,10,19.49231884799974,4,1399,1399,0
A_N4_r10,A,4,10,19.693326651999996,4,1414,1414,0
A_N4_r10,A,4,10,19.894061592999606,4,1428,1428,0
A_N4_r10,A,4,10,20.094777044999773,4,1443,1443,0
A_N4_r10,A,4,10,20.29576740499988,4,1455,1455,0
A_N4_r10,A,4,10,20.497035218999827,4,1469,1469,0
A_N4_r10,A,4,10,20.698256654999568,4,1483,1483,0
A_N4_r10,A,4,10,20.899287463999826,4,1497,1497,0
A_N4_r10,A,4,10,21.099747532999572,4,1512,1512,0
A_N4_r10,A,4,10,21.300927468999816,4,1527,1527,0
A_N4_r10,A,4,10,21.501868143999673,4,1540,1540,0
A_N4_r10,A,4,10,21.70276002799983,4,1555,1555,0
A_N4_r10,A,4,10,21.90297557799977,4,1568,1568,0
A_N4_r10,A,4,10,22.104467261999616,4,1582,1582,0
A_N4_r10,A,4,10,22.305717359999562,4,1597,1597,0
A_N4_r10,A,4,10,22.506035559999873,4,1612,1612,0
A_N4_r10,A,4,10,22.707194605999575,4,1626,1626,0
A_N4_r10,A,4,10,22.908195856999555,4,1641,1641,0
A_N4_r10,A,4,10,23.10911065099981,4,1656,1656,0
A_N4_r10,A,4,10,23.310551848999694,4,1670,1670,0
A_N4_r10,A,4,10,23.510965627999667,4,1685,1685,0
A_N4_r10,A,4,10,23.711230534999686,4,1699,1699,0
A_N4_r10,A,4,10,23.912613445999796,4,1715,1715,0
A_N4_r10,A,4,10,24.112962490999962,4,1729,1729,0
A_N4_r10,A,4,10,24.315142431999902,4,1743,1743,0
A_N4_r10,A,4,10,24.516120644999774,4,1758,1758,0
A_N4_r10,A,4,10,24.71645884999998,4,1773,1773,0
A_N4_r10,A,4,10,24.917486748999636,4,1786,1786,0
A_N4_r10,A,4,10,25.11888795899995,4,1800,1800,0
A_N4_r10,A,4,10,25.319279723999898,4,1815,1815,0
A_N4_r10,A,4,10,25.5205312209996,4,1829,1829,0
A_N4_r10,A,4,10,25.72153748599976,4,1845,1845,0
A_N4_r10,A,4,10,25.922146985999916,4,1858,1858,0
A_N4_r10,A,4,10,26.123060033,4,1873,1873,0
A_N4_r10,A,4,10,26.3232139669999,4,1889,1889,0
A_N4_r10,A,4,10,26.523531529999673,4,1903,1903,0
A_N4_r10,A,4,10,26.724204133999592,4,1917,1917,0
A_N4_r10,A,4,10,26.92498795099982,4,1932,1932,0
A_N4_r10,A,4,10,27.12546401199961,4,1945,1945,0
A_N4_r10,A,4,10,27.326992439999685,4,1961,1961,0
A_N4_r10,A,4,10,27.527834922999773,4,1974,1974,0
A_N4_r10,A,4,10,27.72867237599985,4,1987,1987,0
A_N4_r10,A,4,10,27.929622646999633,4,2002,2002,0
A_N4_r10,A,4,10,28.13140488299996,4,2014,2014,0
A_N4_r10,A,4,10,28.331687857999896,4,2029,2029,0
A_N4_r10,A,4,10,28.53196104499966,4,2044,2044,0
A_N4_r10,A,4,10,28.732388913999785,4,2060,2060,0
A_N4_r10,A,4,10,28.934230254999875,4,2073,2073,0
A_N4_r10,A,4,10,29.136008952999873,4,2090,2090,0
A_N4_r10,A,4,10,29.33702550199996,4,2103,2103,0
A_N4_r10,A,4,10,29.538048823999816,4,2118,2118,0
A_N4_r10,A,4,10,29.738563143999727,4,2132,2132,0
A_N4_r10,A,4,10,29.939295241999844,4,2145,2145,0
A_N4_r10,A,4,10,30.139653877,4,2159,2159,0
A_N4_r10,A,4,10,30.340126056999907,4,2173,2173,0
A_N4_r10,A,4,10,30.54106663199991,4,2188,2188,0
A_N4_r10,A,4,10,30.74143495599992,4,2201,2201,0
A_N4_r10,A,4,10,30.94161712299956,4,2216,2216,0
A_N4_r10,A,4,10,31.142985423999562,4,2229,2229,0
A_N4_r10,A,4,10,31.343228298999747,4,2243,2243,0
A_N4_r10,A,4,10,31.543693665999854,4,2258,2258,0
A_N4_r10,A,4,10,31.745712072999595,4,2271,2271,0
A_N4_r10,A,4,10,31.946682616999624,4,2286,2286,0
A_N4_r10,A,4,10,32.14745320799966,4,2300,2300,0
A_N4_r10,A,4,10,32.348432171999775,4,2314,2314,0
A_N4_r10,A,4,10,32.550577938999595,4,2328,2328,0
A_N4_r10,A,4,10,32.75218943699974,4,2342,2342,0
A_N4_r10,A,4,10,32.95300544899965,4,2357,2357,0
A_N4_r10,A,4,10,33.15326267899991,4,2371,2371,0
A_N4_r10,A,4,10,33.35443792199976,4,2386,2386,0
A_N4_r10,A,4,10,33.55516627199995,4,2401,2401,0
A_N4_r10,A,4,10,33.75574093199975,4,2415,2415,0
A_N4_r10,A,4,10,33.956874782999876,4,2430,2430,0
A_N4_r10,A,4,10,34.15813905299956,4,2444,2444,0
A_N4_r10,A,4,10,34.359343239999816,4,2458,2458,0
A_N4_r10,A,4,10,34.55996712099977,4,2472,2472,0
A_N4_r10,A,4,10,34.76038370099968,4,2488,2488,0
A_N4_r10,A,4,10,34.960777482999674,4,2502,2502,0
A_N4_r10,A,4,10,35.161879124999814,4,2516,2516,0
A_N4_r10,A,4,10,35.362191896999775,4,2531,2531,0
A_N4_r10,A,4,10,35.56439027899978,4,2544,2544,0
A_N4_r10,A,4,10,35.765714441,4,2560,2560,0
A_N4_r10,A,4,10,35.96675126599985,4,2573,2573,0
A_N4_r10,A,4,10,36.167213007999635,4,2588,2588,0
A_N4_r10,A,4,10,36.368010413999855,4,2603,2603,0
A_N4_r10,A,4,10,36.56885459899968,4,2617,2617,0
A_N4_r10,A,4,10,36.76942780199988,4,2631,2631,0
A_N4_r10,A,4,10,36.96973712199997,4,2645,2645,0
A_N4_r10,A,4,10,37.170360677999724,4,2659,2659,0
A_N4_r10,A,4,10,37.3711169649996,4,2674,2674,0
A_N4_r10,A,4,10,37.57255420799993,4,2688,2688,0
A_N4_r10,A,4,10,37.773776213999554,4,2702,2702,0
A_N4_r10,A,4,10,37.97424210999998,4,2715,2715,0
A_N4_r10,A,4,10,38.17587047199959,4,2729,2729,0
A_N4_r10,A,4,10,38.376501360999555,4,2743,2743,0
A_N4_r10,A,4,10,38.57722924299969,4,2757,2757,0
A_N4_r10,A,4,10,38.7775039889998,4,2770,2770,0
A_N4_r10,A,4,10,38.97769019399993,4,2784,2784,0
A_N4_r10,A,4,10,39.178194982999685,4,2799,2799,0
A_N4_r10,A,4,10,39.37877316199956,4,2814,2814,0
A_N4_r10,A,4,10,39.57909984399976,4,2827,2827,0
A_N4_r10,A,4,10,39.77946661299984,4,2842,2842,0
A_N4_r10,A,4,10,39.98043572499955,4,2855,2855,0
A_N4_r10,A,4,10,40.1806982359999,4,2867,2867,0
A_N4_r10,A,4,10,40.38302848999956,4,2881,2881,0
A_N4_r10,A,4,10,40.58327167399966,4,2895,2895,0
A_N4_r10,A,4,10,40.78343908499983,4,2910,2910,0
A_N4_r10,A,4,10,40.98448682399976,4,2925,2925,0
A_N4_r10,A,4,10,41.185197348999736,4,2938,2938,0
A_N4_r10,A,4,10,41.387301795999974,4,2952,2952,0
A_N4_r10,A,4,10,41.5876664579996,4,2965,2965,0
A_N4_r10,A,4,10,41.78847291399961,4,2980,2980,0
A_N4_r10,A,4,10,41.98935739399985,4,2994,2994,0
A_N4_r10,A,4,10,42.19055334399991,4,3008,3008,0
A_N4_r10,A,4,10,42.39123596499985,4,3022,3022,0
A_N4_r10,A,4,10,42.59252370799959,4,3036,3036,0
A_N4_r10,A,4,10,42.79281509999964,4,3050,3050,0
A_N4_r10,A,4,10,42.99337044699996,4,3064,3064,0
A_N4_r10,A,4,10,43.19427173899976,4,3078,3078,0
A_N4_r10,A,4,10,43.39541539899983,4,3092,3092,0
A_N4_r10,A,4,10,43.59669739999981,4,3106,3106,0
A_N4_r10,A,4,10,43.797163649999675,4,3120,3120,0
A_N4_r10,A,4,10,43.997904515999835,4,3134,3134,0
A_N4_r10,A,4,10,44.19903501999988,4,3149,3149,0
A_N4_r10,A,4,10,44.39999936899994,4,3163,3163,0
A_N4_r10,A,4,10,44.60100738199981,4,3178,3178,0
A_N4_r10,A,4,10,44.80267110199975,4,3192,3192,0
A_N4_r10,A,4,10,45.003695411999615,4,3206,3206,0
A_N4_r10,A,4,10,45.20551665799985,4,3221,3221,0
A_N4_r10,A,4,10,45.406208160999995,4,3236,3236,0
A_N4_r10,A,4,10,45.608039645999725,4,3249,3249,0
A_N4_r10,A,4,10,45.809321933999854,4,3265,3265,0
A_N4_r10,A,4,10,46.00945286699971,4,3279,3279,0
A_N4_r10,A,4,10,46.210695478999696,4,3293,3293,0
A_N4_r10,A,4,10,46.41146973699961,4,3307,3307,0
A_N4_r10,A,4,10,46.61200196699974,4,3322,3322,0
A_N4_r10,A,4,10,46.812196540999594,4,3336,3336,0
A_N4_r10,A,4,10,47.01266305399986,4,3351,3351,0
A_N4_r10,A,4,10,47.214740169999914,4,3365,3365,0
A_N4_r10,A,4,10,47.4153739909998,4,3379,3379,0
A_N4_r10,A,4,10,47.615782486999706,4,3393,3393,0
A_N4_r10,A,4,10,47.81623802099966,4,3406,3406,0
A_N4_r10,A,4,10,48.01653581499977,4,3422,3422,0
A_N4_r10,A,4,10,48.21800015299959,4,3437,3437,0
A_N4_r10,A,4,10,48.41877480799985,4,3451,3451,0
A_N4_r10,A,4,10,48.61987475699971,4,3467,3467,0
A_N4_r10,A,4,10,48.820520007999676,4,3481,3481,0
A_N4_r10,A,4,10,49.02233103799972,4,3496,3496,0
A_N4_r10,A,4,10,49.22272158599981,4,3510,3510,0
A_N4_r10,A,4,10,49.42375473799984,4,3524,3524,0
A_N4_r10,A,4,10,49.62586823999982,4,3538,3538,0
A_N4_r10,A,4,10,49.82681791399955,4,3552,3552,0
A_N4_r10,A,4,10,50.02894778499967,4,3567,3567,0
A_N4_r10,A,4,10,50.22997164799972,4,3582,3582,0
A_N4_r10,A,4,10,50.43103461499959,4,3597,3597,0
A_N4_r10,A,4,10,50.63291419399957,4,3611,3611,0
A_N4_r10,A,4,10,50.83517420099997,4,3625,3625,0
A_N4_r10,A,4,10,51.03528421599958,4,3640,3640,0
A_N4_r10,A,4,10,51.2357761129997,4,3653,3653,0
A_N4_r10,A,4,10,51.43626203799977,4,3667,3667,0
A_N4_r10,A,4,10,51.636556881999695,4,3682,3682,0
A_N4_r10,A,4,10,51.83735607899962,4,3694,3694,0
A_N4_r10,A,4,10,52.03777742999955,4,3710,3710,0
A_N4_r10,A,4,10,52.23883322999973,4,3725,3725,0
A_N4_r10,A,4,10,52.439593150999826,4,3740,3740,0
A_N4_r10,A,4,10,52.64041220399986,4,3755,3755,0
A_N4_r10,A,4,10,52.84268033299986,4,3768,3768,0
A_N4_r10,A,4,10,53.04325685599997,4,3783,3783,0
A_N4_r10,A,4,10,53.244194410999626,4,3798,3798,0
A_N4_r10,A,4,10,53.44579808399976,4,3811,3811,0
A_N4_r10,A,4,10,53.64763758199979,4,3827,3827,0
A_N4_r10,A,4,10,53.85001163999959,4,3840,3840,0
A_N4_r10,A,4,10,54.05060012399963,4,3854,3854,0
A_N4_r10,A,4,10,54.25279750699974,4,3867,3867,0
A_N4_r10,A,4,10,54.453487762999885,4,3881,3881,0
A_N4_r10,A,4,10,54.653922335999596,4,3894,3894,0
A_N4_r10,A,4,10,54.85471531799976,4,3908,3908,0
A_N4_r10,A,4,10,55.055889064999974,4,3922,3922,0
A_N4_r10,A,4,10,55.257528220999575,4,3935,3935,0
A_N4_r10,A,4,10,55.45795714199994,4,3951,3951,0
A_N4_r10,A,4,10,55.65902027099992,4,3965,3965,0
A_N4_r10,A,4,10,55.86061103699967,4,3981,3981,0
A_N4_r10,A,4,10,56.06132973299964,4,3993,3993,0
A_N4_r10,A,4,10,56.26158854099958,4,4009,4009,0
A_N4_r10,A,4,10,56.462344086999565,4,4022,4022,0
A_N4_r10,A,4,10,56.66252526799963,4,4036,4036,0
A_N4_r10,A,4,10,56.86273607599969,4,4049,4049,0
A_N4_r10,A,4,10,57.063337598999624,4,4066,4066,0
A_N4_r10,A,4,10,57.264044631999695,4,4079,4079,0
A_N4_r10,A,4,10,57.465357308999955,4,4095,4095,0
A_N4_r10,A,4,10,57.666072506999626,4,4108,4108,0
A_N4_r10,A,4,10,57.86678445999996,4,4122,4122,0
A_N4_r10,A,4,10,58.067195059999904,4,4136,4136,0
A_N4_r10,A,4,10,58.26814231599974,4,4152,4152,0
A_N4_r10,A,4,10,58.46937973799959,4,4166,4166,0
A_N4_r10,A,4,10,58.67057337799997,4,4178,4178,0
A_N4_r10,A,4,10,58.87130031799961,4,4193,4193,0
A_N4_r10,A,4,10,59.07255554299991,4,4208,4208,0
A_N4_r10,A,4,10,59.274524004999876,4,4222,4222,0
A_N4_r10,A,4,10,59.47564711999985,4,4237,4237,0
A_N4_r10,A,4,10,59.67653587299992,4,4251,4251,0
A_N4_r10,A,4,10,59.87753396299968,4,4265,4265,0
A_N4_r10,A,4,10,60.07862302099966,0,4278,4278,0
A_N8_r1,A,8,1,0.005279273000269313,0,0,0,0
A_N8_r1,A,8,1,0.20594166600039898,8,17,17,0
A_N8_r1,A,8,1,0.407147475000329,8,39,39,0
A_N8_r1,A,8,1,0.6077580200003467,8,60,60,0
A_N8_r1,A,8,1,0.8093542250003338,8,83,83,0
A_N8_r1,A,8,1,1.0101128979999885,8,103,103,0
A_N8_r1,A,8,1,1.2103649040000164,8,124,124,0
A_N8_r1,A,8,1,1.4112885500003358,8,149,149,0
A_N8_r1,A,8,1,1.6119134700002178,8,171,171,0
A_N8_r1,A,8,1,1.8136300710002615,8,196,196,0
A_N8_r1,A,8,1,2.0146115030001965,8,220,220,0
A_N8_r1,A,8,1,2.215139989000363,8,242,242,0
A_N8_r1,A,8,1,2.416196764000233,8,265,265,0
A_N8_r1,A,8,1,2.6165227290002804,8,285,285,0
A_N8_r1,A,8,1,2.817684159000237,8,307,307,0
A_N8_r1,A,8,1,3.018240015000174,8,331,331,0
A_N8_r1,A,8,1,3.219322136000301,8,357,357,0
A_N8_r1,A,8,1,3.420542819000275,8,377,377,0
A_N8_r1,A,8,1,3.6211095560001922,8,401,401,0
A_N8_r1,A,8,1,3.821723941000073,8,426,426,0
A_N8_r1,A,8,1,4.0220099660000415,8,452,452,0
A_N8_r1,A,8,1,4.223015750000286,8,477,477,0
A_N8_r1,A,8,1,4.425666963000367,8,501,501,0
A_N8_r1,A,8,1,4.6261070700002165,8,526,526,0
A_N8_r1,A,8,1,4.827052408000327,8,548,548,0
A_N8_r1,A,8,1,5.027410677000262,8,573,573,0
A_N8_r1,A,8,1,5.228595408000274,8,595,595,0
A_N8_r1,A,8,1,5.429281818000163,8,618,618,0
A_N8_r1,A,8,1,5.63047105700025,8,640,640,0
A_N8_r1,A,8,1,5.831348536000405,8,664,664,0
A_N8_r1,A,8,1,6.03202613700023,8,686,686,0
A_N8_r1,A,8,1,6.2328640200003065,8,712,712,0
A_N8_r1,A,8,1,6.433696724000129,8,735,735,0
A_N8_r1,A,8,1,6.6358011420002185,8,759,759,0
A_N8_r1,A,8,1,6.8366853310003535,8,782,782,0
A_N8_r1,A,8,1,7.03865912900028,8,807,807,0
A_N8_r1,A,8,1,7.239017265000257,8,833,833,0
A_N8_r1,A,8,1,7.440186092000204,8,858,858,0
A_N8_r1,A,8,1,7.640911552000034,8,882,882,0
A_N8_r1,A,8,1,7.8414709460003,8,908,908,0
A_N8_r1,A,8,1,8.042637396000373,8,931,931,0
A_N8_r1,A,8,1,8.243784640000285,8,954,954,0
A_N8_r1,A,8,1,8.446178590000272,8,979,979,0
A_N8_r1,A,8,1,8.646915741000157,8,1003,1003,0
A_N8_r1,A,8,1,8.84764679700038,8,1029,1029,0
A_N8_r1,A,8,1,9.047924727000009,8,1052,1052,0
A_N8_r1,A,8,1,9.24846193700023,8,1076,1076,0
A_N8_r1,A,8,1,9.449105107000378,8,1099,1099,0
A_N8_r1,A,8,1,9.649831175000145,8,1122,1122,0
A_N8_r1,A,8,1,9.850926017000347,8,1145,1145,0
A_N8_r1,A,8,1,10.052074670000366,8,1168,1168,0
A_N8_r1,A,8,1,10.252760439000213,8,1190,1190,0
A_N8_r1,A,8,1,10.456185994000407,8,1213,1213,0
A_N8_r1,A,8,1,10.657169346000046,8,1236,1236,0
A_N8_r1,A,8,1,10.857586626000284,8,1260,1260,0
A_N8_r1,A,8,1,11.058905488000164,8,1282,1282,0
A_N8_r1,A,8,1,11.26051780600028,8,1304,1304,0
A_N8_r1,A,8,1,11.462502446000144,8,1328,1328,0
A_N8_r1,A,8,1,11.663655779000237,8,1351,1351,0
A_N8_r1,A,8,1,11.863866496000355,8,1376,1376,0
A_N8_r1,A,8,1,12.08960964400012,8,1399,1399,0
A_N8_r1,A,8,1,12.290073970000321,8,1426,1426,0
A_N8_r1,A,8,1,12.490667330000178,8,1450,1450,0
A_N8_r1,A,8,1,12.691647515000113,8,1473,1473,0
A_N8_r1,A,8,1,12.8919549430002,8,1496,1496,0
A_N8_r1,A,8,1,13.093030402000295,8,1519,1519,0
A_N8_r1,A,8,1,13.293508652000128,8,1542,1542,0
A_N8_r1,A,8,1,13.494550147000155,8,1565,1565,0
A_N8_r1,A,8,1,13.695225644000402,8,1590,1590,0
A_N8_r1,A,8,1,13.896282506000261,8,1616,1616,0
A_N8_r1,A,8,1,14.097068746000332,8,1640,1640,0
A_N8_r1,A,8,1,14.298223312000118,8,1662,1662,0
A_N8_r1,A,8,1,14.498855713000012,8,1684,1684,0
A_N8_r1,A,8,1,14.699692011000025,8,1706,1706,0
A_N8_r1,A,8,1,14.901161290000346,8,1728,1728,0
A_N8_r1,A,8,1,15.101464967000084,8,1751,1751,0
A_N8_r1,A,8,1,15.302966176000155,8,1776,1776,0
A_N8_r1,A,8,1,15.504036211000312,8,1801,1801,0
A_N8_r1,A,8,1,15.704656731000341,8,1824,1824,0
A_N8_r1,A,8,1,15.906069261000084,8,1849,1849,0
A_N8_r1,A,8,1,16.106668794000143,8,1875,1875,0
A_N8_r1,A,8,1,16.307215288000407,8,1900,1900,0
A_N8_r1,A,8,1,16.50916172699999,8,1925,1925,0
A_N8_r1,A,8,1,16.711095596000177,8,1948,1948,0
A_N8_r1,A,8,1,16.91181344100005,8,1972,1972,0
A_N8_r1,A,8,1,17.112552537000283,8,1997,1997,0
A_N8_r1,A,8,1,17.31267849300002,8,2024,2024,0
A_N8_r1,A,8,1,17.513464898000166,8,2048,2048,0
A_N8_r1,A,8,1,17.71431446600036,8,2071,2071,0
A_N8_r1,A,8,1,17.915687167000215,8,2096,2096,0
A_N8_r1,A,8,1,18.116521771000407,8,2118,2118,0
A_N8_r1,A,8,1,18.316972529000395,8,2144,2144,0
A_N8_r1,A,8,1,18.5172536770001,8,2165,2165,0
A_N8_r1,A,8,1,18.718442705000143,8,2189,2189,0
A_N8_r1,A,8,1,18.918909822000387,8,2211,2211,0
A_N8_r1,A,8,1,19.11984026500022,8,2234,2234,0
A_N8_r1,A,8,1,19.320389417000115,8,2259,2259,0
A_N8_r1,A,8,1,19.521439797000312,8,2281,2281,0
A_N8_r1,A,8,1,19.72248666500036,8,2307,2307,0
A_N8_r1,A,8,1,19.923939874000098,8,2333,2333,0
A_N8_r1,A,8,1,20.124389886000245,8,2357,2357,0
A_N8_r1,A,8,1,20.32603863400027,8,2380,2380,0
A_N8_r1,A,8,1,20.527111885000068,8,2406,2406,0
A_N8_r1,A,8,1,20.728262186000393,8,2430,2430,0
A_N8_r1,A,8,1,20.92946821500027,8,2453,2453,0
A_N8_r1,A,8,1,21.130732194000302,8,2475,2475,0
A_N8_r1,A,8,1,21.33193376600002,8,2500,2500,0
A_N8_r1,A,8,1,21.53262194600029,8,2525,2525,0
A_N8_r1,A,8,1,21.733386947000326,8,2548,2548,0
A_N8_r1,A,8,1,21.93400335000024,8,2571,2571,0
A_N8_r1,A,8,1,22.134339423000256,8,2593,2593,0
A_N8_r1,A,8,1,22.335460108999996,8,2614,2614,0
A_N8_r1,A,8,1,22.537010036000083,8,2640,2640,0
A_N8_r1,A,8,1,22.73784693200014,8,2661,2661,0
A_N8_r1,A,8,1,22.938470996999968,8,2685,2685,0
A_N8_r1,A,8,1,23.140316330000132,8,2709,2709,0
A_N8_r1,A,8,1,23.340949121999984,8,2732,2732,0
A_N8_r1,A,8,1,23.541659060000256,8,2754,2754,0
A_N8_r1,A,8,1,23.74289070900022,8,2780,2780,0
A_N8_r1,A,8,1,23.943176523000147,8,2804,2804,0
A_N8_r1,A,8,1,24.14370032600027,8,2826,2826,0
A_N8_r1,A,8,1,24.34480076,8,2849,2849,0
A_N8_r1,A,8,1,24.545597038000324,8,2874,2874,0
A_N8_r1,A,8,1,24.746457274000022,8,2898,2898,0
A_N8_r1,A,8,1,24.94700985999998,8,2920,2920,0
A_N8_r1,A,8,1,25.14840580000009,8,2947,2947,0
A_N8_r1,A,8,1,25.349436390000392,8,2971,2971,0
A_N8_r1,A,8,1,25.549768489000144,8,2994,2994,0
A_N8_r1,A,8,1,25.750135238999974,8,3018,3018,0
A_N8_r1,A,8,1,25.95074691400032,8,3041,3041,0
A_N8_r1,A,8,1,26.151943315000153,8,3063,3063,0
A_N8_r1,A,8,1,26.35220981800012,8,3087,3087,0
A_N8_r1,A,8,1,26.553002325000307,8,3114,3114,0
A_N8_r1,A,8,1,26.755153827000413,8,3139,3139,0
A_N8_r1,A,8,1,26.95581875100015,8,3164,3164,0
A_N8_r1,A,8,1,27.156177606000256,8,3187,3187,0
A_N8_r1,A,8,1,27.35684878200027,8,3211,3211,0
A_N8_r1,A,8,1,27.558446579000247,8,3237,3237,0
A_N8_r1,A,8,1,27.759160220000012,8,3260,3260,0
A_N8_r1,A,8,1,27.960212825000326,8,3285,3285,0
A_N8_r1,A,8,1,28.160545559000184,8,3307,3307,0
A_N8_r1,A,8,1,28.361171196000214,8,3334,3334,0
A_N8_r1,A,8,1,28.562389533999976,8,3357,3357,0
A_N8_r1,A,8,1,28.76349105700001,8,3384,3384,0
A_N8_r1,A,8,1,28.964273209000112,8,3406,3406,0
A_N8_r1,A,8,1,29.16582162800023,8,3433,3433,0
A_N8_r1,A,8,1,29.366822442000284,8,3457,3457,0
A_N8_r1,A,8,1,29.567856620000384,8,3480,3480,0
A_N8_r1,A,8,1,29.768385278000096,8,3505,3505,0
A_N8_r1,A,8,1,29.96956202199999,8,3530,3530,0
A_N8_r1,A,8,1,30.16975512700037,8,3556,3556,0
A_N8_r1,A,8,1,30.370344562000355,8,3580,3580,0
A_N8_r1,A,8,1,30.57220453800028,8,3602,3602,0
A_N8_r1,A,8,1,30.77294107700027,8,3626,3626,0
A_N8_r1,A,8,1,30.973963799000103,8,3653,3653,0
A_N8_r1,A,8,1,31.175524236,8,3676,3676,0
A_N8_r1,A,8,1,31.375811176000298,8,3699,3699,0
A_N8_r1,A,8,1,31.57648499800007,8,3723,3723,0
A_N8_r1,A,8,1,31.777273143000002,8,3746,3746,0
A_N8_r1,A,8,1,31.977936052000132,8,3771,3771,0
A_N8_r1,A,8,1,32.17891316500027,8,3795,3795,0
A_N8_r1,A,8,1,32.379801219,8,3820,3820,0
A_N8_r1,A,8,1,32.580650700000206,8,3846,3846,0
A_N8_r1,A,8,1,32.78116802100021,8,3868,3868,0
A_N8_r1,A,8,1,32.98177964000024,8,3890,3890,0
A_N8_r1,A,8,1,33.18299115400032,8,3916,3916,0
A_N8_r1,A,8,1,33.38449438900034,8,3941,3941,0
A_N8_r1,A,8,1,33.58509613900014,8,3963,3963,0
A_N8_r1,A,8,1,33.78557652900008,8,3986,3986,0
A_N8_r1,A,8,1,33.98614105700017,8,4008,4008,0
A_N8_r1,A,8,1,34.18647562100023,8,4031,4031,0
A_N8_r1,A,8,1,34.38669241200023,8,4059,4059,0
A_N8_r1,A,8,1,34.58780611800012,8,4080,4080,0
A_N8_r1,A,8,1,34.78853165800001,8,4106,4106,0
A_N8_r1,A,8,1,34.98925138699997,8,4132,4132,0
A_N8_r1,A,8,1,35.19021459700025,8,4157,4157,0
A_N8_r1,A,8,1,35.39060588500024,8,4181,4181,0
A_N8_r1,A,8,1,35.591241425000135,8,4207,4207,0
A_N8_r1,A,8,1,35.79250004000005,8,4232,4232,0
A_N8_r1,A,8,1,35.993404285999986,8,4257,4257,0
A_N8_r1,A,8,1,36.194109396000385,8,4279,4279,0
A_N8_r1,A,8,1,36.39501016500026,8,4303,4303,0
A_N8_r1,A,8,1,36.5953382710004,8,4327,4327,0
A_N8_r1,A,8,1,36.7959184020001,8,4350,4350,0
A_N8_r1,A,8,1,36.9962721640004,8,4377,4377,0
A_N8_r1,A,8,1,37.19725096900038,8,4401,4401,0
A_N8_r1,A,8,1,37.39775362299997,8,4424,4424,0
A_N8_r1,A,8,1,37.5990261930001,8,4449,4449,0
A_N8_r1,A,8,1,37.80007611000019,8,4471,4471,0
A_N8_r1,A,8,1,38.00088185499999,8,4495,4495,0
A_N8_r1,A,8,1,38.20150242,8,4520,4520,0
A_N8_r1,A,8,1,38.4018781220002,8,4543,4543,0
A_N8_r1,A,8,1,38.60272947300018,8,4566,4566,0
A_N8_r1,A,8,1,38.80453742999998,8,4588,4588,0
A_N8_r1,A,8,1,39.0050956340001,8,4610,4610,0
A_N8_r1,A,8,1,39.20611993000011,8,4633,4633,0
A_N8_r1,A,8,1,39.407543741000154,8,4656,4656,0
A_N8_r1,A,8,1,39.60829609300026,8,4680,4680,0
A_N8_r1,A,8,1,39.809423792000416,8,4704,4704,0
A_N8_r1,A,8,1,40.00995427099997,8,4729,4729,0
A_N8_r1,A,8,1,40.210335970000415,8,4754,4754,0
A_N8_r1,A,8,1,40.4105720030002,8,4776,4776,0
A_N8_r1,A,8,1,40.611175601000014,8,4799,4799,0
A_N8_r1,A,8,1,40.81289158000027,8,4823,4823,0
A_N8_r1,A,8,1,41.01445051200017,8,4851,4851,0
A_N8_r1,A,8,1,41.21563849200038,8,4875,4875,0
A_N8_r1,A,8,1,41.41633183700014,8,4897,4897,0
A_N8_r1,A,8,1,41.617240790000324,8,4919,4919,0
A_N8_r1,A,8,1,41.81746105900038,8,4944,4944,0
A_N8_r1,A,8,1,42.017988618000345,8,4966,4966,0
A_N8_r1,A,8,1,42.218740572000115,8,4992,4992,0
A_N8_r1,A,8,1,42.4195444840002,8,5012,5012,0
A_N8_r1,A,8,1,42.619808105000175,8,5036,5036,0
A_N8_r1,A,8,1,42.82120080699997,8,5059,5059,0
A_N8_r1,A,8,1,43.021861486000034,8,5082,5082,0
A_N8_r1,A,8,1,43.22267357100009,8,5105,5105,0
A_N8_r1,A,8,1,43.425016510000205,8,5129,5129,0
A_N8_r1,A,8,1,43.62618747500028,8,5151,5151,0
A_N8_r1,A,8,1,43.82738039700007,8,5174,5174,0
A_N8_r1,A,8,1,44.028269835000174,8,5196,5196,0
A_N8_r1,A,8,1,44.22923521800021,8,5218,5218,0
A_N8_r1,A,8,1,44.43128598200019,8,5241,5241,0
A_N8_r1,A,8,1,44.63201548899997,8,5262,5262,0
A_N8_r1,A,8,1,44.83261164100031,8,5285,5285,0
A_N8_r1,A,8,1,45.033150104000015,8,5306,5306,0
A_N8_r1,A,8,1,45.235222756999974,8,5332,5332,0
A_N8_r1,A,8,1,45.437125048000325,8,5353,5353,0
A_N8_r1,A,8,1,45.637540569000066,8,5373,5373,0
A_N8_r1,A,8,1,45.83869660800019,8,5398,5398,0
A_N8_r1,A,8,1,46.03978764200019,8,5422,5422,0
A_N8_r1,A,8,1,46.24016846400036,8,5443,5443,0
A_N8_r1,A,8,1,46.441145313000106,8,5465,5465,0
A_N8_r1,A,8,1,46.6430661090003,8,5489,5489,0
A_N8_r1,A,8,1,46.84408604700002,8,5509,5509,0
A_N8_r1,A,8,1,47.04441951700028,8,5534,5534,0
A_N8_r1,A,8,1,47.24535801100001,8,5559,5559,0
A_N8_r1,A,8,1,47.44587355500016,8,5582,5582,0
A_N8_r1,A,8,1,47.64740480099999,8,5604,5604,0
A_N8_r1,A,8,1,47.84898721100035,8,5627,5627,0
A_N8_r1,A,8,1,48.05007580600022,8,5649,5649,0
A_N8_r1,A,8,1,48.25122168000007,8,5670,5670,0
A_N8_r1,A,8,1,48.45231715800037,8,5694,5694,0
A_N8_r1,A,8,1,48.653304854,8,5715,5715,0
A_N8_r1,A,8,1,48.85434455400036,8,5739,5739,0
A_N8_r1,A,8,1,49.05506456000012,8,5759,5759,0
A_N8_r1,A,8,1,49.25655021400007,8,5780,5780,0
A_N8_r1,A,8,1,49.457783500000005,8,5804,5804,0
A_N8_r1,A,8,1,49.65963495699998,8,5827,5827,0
A_N8_r1,A,8,1,49.859908887000074,8,5848,5848,0
A_N8_r1,A,8,1,50.0601991880003,8,5871,5871,0
A_N8_r1,A,8,1,50.260899233000146,8,5893,5893,0
A_N8_r1,A,8,1,50.46348964300023,8,5918,5918,0
A_N8_r1,A,8,1,50.6672143210003,8,5940,5940,0
A_N8_r1,A,8,1,50.86746546500035,8,5964,5964,0
A_N8_r1,A,8,1,51.06839826800024,8,5988,5988,0
A_N8_r1,A,8,1,51.268686271000206,8,6008,6008,0
A_N8_r1,A,8,1,51.469830425000055,8,6035,6035,0
A_N8_r1,A,8,1,51.670403821000036,8,6059,6059,0
A_N8_r1,A,8,1,51.87152760300023,8,6082,6082,0
A_N8_r1,A,8,1,52.07237736600018,8,6108,6108,0
A_N8_r1,A,8,1,52.27275937500008,8,6130,6130,0
A_N8_r1,A,8,1,52.47298559000001,8,6155,6155,0
A_N8_r1,A,8,1,52.6739060900004,8,6178,6178,0
A_N8_r1,A,8,1,52.87470638700006,8,6202,6202,0
A_N8_r1,A,8,1,53.07579965800005,8,6225,6225,0
A_N8_r1,A,8,1,53.27765466000028,8,6246,6246,0
A_N8_r1,A,8,1,53.478527665,8,6268,6268,0
A_N8_r1,A,8,1,53.6795801520002,8,6290,6290,0
A_N8_r1,A,8,1,53.880708227000014,8,6313,6313,0
A_N8_r1,A,8,1,54.08109921800042,8,6339,6339,0
A_N8_r1,A,8,1,54.28227266800013,8,6363,6363,0
A_N8_r1,A,8,1,54.48366151600021,8,6387,6387,0
A_N8_r1,A,8,1,54.68504460600025,8,6414,6414,0
A_N8_r1,A,8,1,54.88625522400025,8,6436,6436,0
A_N8_r1,A,8,1,55.08714565700029,8,6462,6462,0
A_N8_r1,A,8,1,55.2880216020003,8,6486,6486,0
A_N8_r1,A,8,1,55.48829344500018,8,6511,6511,0
A_N8_r1,A,8,1,55.690289782000036,8,6535,6535,0
A_N8_r1,A,8,1,55.89071085400019,8,6559,6559,0
A_N8_r1,A,8,1,56.09163382600036,8,6582,6582,0
A_N8_r1,A,8,1,56.29225456600034,8,6602,6602,0
A_N8_r1,A,8,1,56.493543630000204,8,6624,6624,0
A_N8_r1,A,8,1,56.694272188000014,8,6646,6646,0
A_N8_r1,A,8,1,56.89508128100033,8,6669,6669,0
A_N8_r1,A,8,1,57.095785056000295,8,6694,6694,0
A_N8_r1,A,8,1,57.29631961000041,8,6714,6714,0
A_N8_r1,A,8,1,57.496958672000346,8,6737,6737,0
A_N8_r1,A,8,1,57.69778987100017,8,6760,6760,0
A_N8_r1,A,8,1,57.89922306200015,8,6781,6781,0
A_N8_r1,A,8,1,58.1001159020002,8,6804,6804,0
A_N8_r1,A,8,1,58.30059738299997,8,6827,6827,0
A_N8_r1,A,8,1,58.50147870000001,8,6848,6848,0
A_N8_r1,A,8,1,58.703068932000406,8,6869,6869,0
A_N8_r1,A,8,1,58.90368880300002,8,6894,6894,0
A_N8_r1,A,8,1,59.104876357000194,8,6918,6918,0
A_N8_r1,A,8,1,59.30530868200003,8,6944,6944,0
A_N8_r1,A,8,1,59.50557212900003,8,6964,6964,0
A_N8_r1,A,8,1,59.706400206000126,8,6985,6985,0
A_N8_r1,A,8,1,59.90667402999998,8,7009,7009,0
A_N8_r1,A,8,1,60.108006195000144,0,7028,7028,0
A_N8_r2,A,8,2,0.005446249999749853,0,0,0,0
A_N8_r2,A,8,2,0.2062341649998416,8,20,20,0
A_N8_r2,A,8,2,0.40694816699988223,8,44,44,0
A_N8_r2,A,8,2,0.6081747099997301,8,66,66,0
A_N8_r2,A,8,2,0.8095393539997531,8,92,92,0
A_N8_r2,A,8,2,1.011272082999767,8,115,115,0
A_N8_r2,A,8,2,1.2123682890000964,8,136,136,0
A_N8_r2,A,8,2,1.4135253159997774,8,157,157,0
A_N8_r2,A,8,2,1.6145786580000276,8,176,176,0
A_N8_r2,A,8,2,1.8154368509999586,8,202,202,0
A_N8_r2,A,8,2,2.0159093649999704,8,223,223,0
A_N8_r2,A,8,2,2.2168273110000882,8,245,245,0
A_N8_r2,A,8,2,2.417929460999858,8,270,270,0
A_N8_r2,A,8,2,2.6183946779997314,8,292,292,0
A_N8_r2,A,8,2,2.8193797290000475,8,316,316,0
A_N8_r2,A,8,2,3.020155573000011,8,341,341,0
A_N8_r2,A,8,2,3.221259549000024,8,366,366,0
A_N8_r2,A,8,2,3.4233565579997958,8,387,387,0
A_N8_r2,A,8,2,3.623948422000012,8,410,410,0
A_N8_r2,A,8,2,3.824735163999776,8,432,432,0
A_N8_r2,A,8,2,4.025033402999725,8,454,454,0
A_N8_r2,A,8,2,4.225937757999873,8,478,478,0
A_N8_r2,A,8,2,4.426510622000023,8,505,505,0
A_N8_r2,A,8,2,4.627127028999894,8,528,528,0
A_N8_r2,A,8,2,4.82847661400001,8,552,552,0
A_N8_r2,A,8,2,5.02933250399974,8,573,573,0
A_N8_r2,A,8,2,5.2304880120000234,8,598,598,0
A_N8_r2,A,8,2,5.431838614999833,8,619,619,0
A_N8_r2,A,8,2,5.632600093999827,8,641,641,0
A_N8_r2,A,8,2,5.832995720999861,8,665,665,0
A_N8_r2,A,8,2,6.033554046000063,8,687,687,0
A_N8_r2,A,8,2,6.2344039820000035,8,709,709,0
A_N8_r2,A,8,2,6.4348369569997885,8,732,732,0
A_N8_r2,A,8,2,6.635365611999987,8,754,754,0
A_N8_r2,A,8,2,6.836505995999687,8,775,775,0
A_N8_r2,A,8,2,7.03746318200001,8,797,797,0
A_N8_r2,A,8,2,7.2380824589999975,8,820,820,0
A_N8_r2,A,8,2,7.438403058999938,8,843,843,0
A_N8_r2,A,8,2,7.639297683999757,8,863,863,0
A_N8_r2,A,8,2,7.841051123999932,8,887,887,0
A_N8_r2,A,8,2,8.04246758699992,8,910,910,0
A_N8_r2,A,8,2,8.243725769999855,8,934,934,0
A_N8_r2,A,8,2,8.444990150999729,8,955,955,0
A_N8_r2,A,8,2,8.646156868999697,8,978,978,0
A_N8_r2,A,8,2,8.846653868999965,8,1004,1004,0
A_N8_r2,A,8,2,9.046868875999735,8,1027,1027,0
A_N8_r2,A,8,2,9.24709688799976,8,1049,1049,0
A_N8_r2,A,8,2,9.447318023999742,8,1070,1070,0
A_N8_r2,A,8,2,9.647777229999974,8,1095,1095,0
A_N8_r2,A,8,2,9.849188155999855,8,1118,1118,0
A_N8_r2,A,8,2,10.050681688999703,8,1140,1140,0
A_N8_r2,A,8,2,10.251126918999944,8,1162,1162,0
A_N8_r2,A,8,2,10.451713112000107,8,1187,1187,0
A_N8_r2,A,8,2,10.652744298000016,8,1213,1213,0
A_N8_r2,A,8,2,10.853346170999885,8,1237,1237,0
A_N8_r2,A,8,2,11.05447403900007,8,1261,1261,0
A_N8_r2,A,8,2,11.256002625999827,8,1283,1283,0
A_N8_r2,A,8,2,11.456561183999838,8,1309,1309,0
A_N8_r2,A,8,2,11.657654874999935,8,1332,1332,0
A_N8_r2,A,8,2,11.859014528999978,8,1354,1354,0
A_N8_r2,A,8,2,12.059670670999822,8,1379,1379,0
A_N8_r2,A,8,2,12.260456329000135,8,1400,1400,0
A_N8_r2,A,8,2,12.460922109999956,8,1422,1422,0
A_N8_r2,A,8,2,12.661785511999824,8,1445,1445,0
A_N8_r2,A,8,2,12.86233186399977,8,1468,1468,0
A_N8_r2,A,8,2,13.063548223999987,8,1491,1491,0
A_N8_r2,A,8,2,13.26400546800005,8,1514,1514,0
A_N8_r2,A,8,2,13.465272430999903,8,1537,1537,0
A_N8_r2,A,8,2,13.665921845999947,8,1561,1561,0
A_N8_r2,A,8,2,13.868526628999916,8,1584,1584,0
A_N8_r2,A,8,2,14.069331788999989,8,1608,1608,0
A_N8_r2,A,8,2,14.270236797000052,8,1635,1635,0
A_N8_r2,A,8,2,14.47037209600012,8,1660,1660,0
A_N8_r2,A,8,2,14.670862526999827,8,1686,1686,0
A_N8_r2,A,8,2,14.87127260599982,8,1710,1710,0
A_N8_r2,A,8,2,15.07172596700002,8,1734,1734,0
A_N8_r2,A,8,2,15.272559457999705,8,1759,1759,0
A_N8_r2,A,8,2,15.47343834100002,8,1783,1783,0
A_N8_r2,A,8,2,15.673984253000071,8,1808,1808,0
A_N8_r2,A,8,2,15.874564520999684,8,1834,1834,0
A_N8_r2,A,8,2,16.07556045499996,8,1858,1858,0
A_N8_r2,A,8,2,16.277794141999948,8,1883,1883,0
A_N8_r2,A,8,2,16.478557823999836,8,1906,1906,0
A_N8_r2,A,8,2,16.67925265599979,8,1932,1932,0
A_N8_r2,A,8,2,16.880322265999894,8,1955,1955,0
A_N8_r2,A,8,2,17.08069604100001,8,1978,1978,0
A_N8_r2,A,8,2,17.282207308000125,8,2003,2003,0
A_N8_r2,A,8,2,17.4828122670001,8,2026,2026,0
A_N8_r2,A,8,2,17.68362411699991,8,2049,2049,0
A_N8_r2,A,8,2,17.88388310099981,8,2073,2073,0
A_N8_r2,A,8,2,18.084912583000005,8,2094,2094,0
A_N8_r2,A,8,2,18.286548594000124,8,2118,2118,0
A_N8_r2,A,8,2,18.48737799399987,8,2140,2140,0
A_N8_r2,A,8,2,18.688211652000064,8,2165,2165,0
A_N8_r2,A,8,2,18.888924341999882,8,2188,2188,0
A_N8_r2,A,8,2,19.09068390199991,8,2209,2209,0
A_N8_r2,A,8,2,19.29215657099985,8,2232,2232,0
A_N8_r2,A,8,2,19.493773609000073,8,2253,2253,0
A_N8_r2,A,8,2,19.69528704000004,8,2278,2278,0
A_N8_r2,A,8,2,19.896479524999904,8,2301,2301,0
A_N8_r2,A,8,2,20.097596175000035,8,2324,2324,0
A_N8_r2,A,8,2,20.29892338699983,8,2345,2345,0
A_N8_r2,A,8,2,20.499468253000032,8,2368,2368,0
A_N8_r2,A,8,2,20.701167704,8,2390,2390,0
A_N8_r2,A,8,2,20.901788904000114,8,2415,2415,0
A_N8_r2,A,8,2,21.102830809999887,8,2440,2440,0
A_N8_r2,A,8,2,21.30310716999975,8,2463,2463,0
A_N8_r2,A,8,2,21.505546046999825,8,2483,2483,0
A_N8_r2,A,8,2,21.706251753999823,8,2504,2504,0
A_N8_r2,A,8,2,21.906740210999942,8,2527,2527,0
A_N8_r2,A,8,2,22.106993130999854,8,2552,2552,0
A_N8_r2,A,8,2,22.30789598399997,8,2576,2576,0
A_N8_r2,A,8,2,22.50932548799983,8,2598,2598,0
A_N8_r2,A,8,2,22.710070015999918,8,2624,2624,0
A_N8_r2,A,8,2,22.91174967300003,8,2648,2648,0
A_N8_r2,A,8,2,23.11258150599997,8,2673,2673,0
A_N8_r2,A,8,2,23.314890766999724,8,2697,2697,0
A_N8_r2,A,8,2,23.515681648999816,8,2721,2721,0
A_N8_r2,A,8,2,23.71627839499979,8,2746,2746,0
A_N8_r2,A,8,2,23.9172937620001,8,2770,2770,0
A_N8_r2,A,8,2,24.118518544999915,8,2795,2795,0
A_N8_r2,A,8,2,24.318735926000045,8,2819,2819,0
A_N8_r2,A,8,2,24.519460470000013,8,2841,2841,0
A_N8_r2,A,8,2,24.720061128999987,8,2865,2865,0
A_N8_r2,A,8,2,24.920862998999837,8,2886,2886,0
A_N8_r2,A,8,2,25.121863825999753,8,2909,2909,0
A_N8_r2,A,8,2,25.322822324999834,8,2932,2932,0
A_N8_r2,A,8,2,25.52478283499977,8,2953,2953,0
A_N8_r2,A,8,2,25.72499119999975,8,2978,2978,0
A_N8_r2,A,8,2,25.92548111699989,8,3002,3002,0
A_N8_r2,A,8,2,26.126576037999712,8,3027,3027,0
A_N8_r2,A,8,2,26.327630105000026,8,3051,3051,0
A_N8_r2,A,8,2,26.52844088599977,8,3072,3072,0
A_N8_r2,A,8,2,26.729191693999837,8,3094,3094,0
A_N8_r2,A,8,2,26.929499352999756,8,3116,3116,0
A_N8_r2,A,8,2,27.130228238999734,8,3141,3141,0
A_N8_r2,A,8,2,27.33108405799976,8,3162,3162,0
A_N8_r2,A,8,2,27.531252460999895,8,3186,3186,0
A_N8_r2,A,8,2,27.73237856500009,8,3206,3206,0
A_N8_r2,A,8,2,27.93326021699977,8,3228,3228,0
A_N8_r2,A,8,2,28.13604943900009,8,3249,3249,0
A_N8_r2,A,8,2,28.336948626999856,8,3268,3268,0
A_N8_r2,A,8,2,28.54294192899988,8,3289,3289,0
A_N8_r2,A,8,2,28.744152490000033,8,3307,3307,0
A_N8_r2,A,8,2,28.944501951999882,8,3330,3330,0
A_N8_r2,A,8,2,29.14506301399979,8,3351,3351,0
A_N8_r2,A,8,2,29.34732091199976,8,3375,3375,0
A_N8_r2,A,8,2,29.55071576299997,8,3395,3395,0
A_N8_r2,A,8,2,29.751495105999766,8,3419,3419,0
A_N8_r2,A,8,2,29.953403084,8,3441,3441,0
A_N8_r2,A,8,2,30.15424641699974,8,3463,3463,0
A_N8_r2,A,8,2,30.355286365999746,8,3484,3484,0
A_N8_r2,A,8,2,30.55732035999972,8,3506,3506,0
A_N8_r2,A,8,2,30.759317333000126,8,3530,3530,0
A_N8_r2,A,8,2,30.961173089000113,8,3551,3551,0
A_N8_r2,A,8,2,31.16239488600013,8,3572,3572,0
A_N8_r2,A,8,2,31.36265952399981,8,3593,3593,0
A_N8_r2,A,8,2,31.56318950900004,8,3617,3617,0
A_N8_r2,A,8,2,31.763958314999854,8,3640,3640,0
A_N8_r2,A,8,2,31.964209521999692,8,3665,3665,0
A_N8_r2,A,8,2,32.165789873999984,8,3685,3685,0
A_N8_r2,A,8,2,32.36764201400001,8,3706,3706,0
A_N8_r2,A,8,2,32.568001681999704,8,3729,3729,0
A_N8_r2,A,8,2,32.76901703199974,8,3751,3751,0
A_N8_r2,A,8,2,32.970069150999734,8,3774,3774,0
A_N8_r2,A,8,2,33.17096587600008,8,3797,3797,0
A_N8_r2,A,8,2,33.37121705399977,8,3819,3819,0
A_N8_r2,A,8,2,33.57187180799974,8,3840,3840,0
A_N8_r2,A,8,2,33.77289232399971,8,3862,3862,0
A_N8_r2,A,8,2,33.974790560999736,8,3884,3884,0
A_N8_r2,A,8,2,34.17544686800011,8,3909,3909,0
A_N8_r2,A,8,2,34.3757534880001,8,3932,3932,0
A_N8_r2,A,8,2,34.57814841199979,8,3956,3956,0
A_N8_r2,A,8,2,34.78125649499998,8,3975,3975,0
A_N8_r2,A,8,2,34.98167547999992,8,4000,4000,0
A_N8_r2,A,8,2,35.181983794999724,8,4022,4022,0
A_N8_r2,A,8,2,35.38240425799995,8,4045,4045,0
A_N8_r2,A,8,2,35.58342976699987,8,4065,4065,0
A_N8_r2,A,8,2,35.78423016099987,8,4087,4087,0
A_N8_r2,A,8,2,35.984651305999705,8,4111,4111,0
A_N8_r2,A,8,2,36.185149637999984,8,4134,4134,0
A_N8_r2,A,8,2,36.386098977000074,8,4158,4158,0
A_N8_r2,A,8,2,36.58808189499996,8,4179,4179,0
A_N8_r2,A,8,2,36.78876559499986,8,4201,4201,0
A_N8_r2,A,8,2,36.99008419499978,8,4223,4223,0
A_N8_r2,A,8,2,37.19108663799989,8,4244,4244,0
A_N8_r2,A,8,2,37.391608705999715,8,4266,4266,0
A_N8_r2,A,8,2,37.59246595100012,8,4287,4287,0
A_N8_r2,A,8,2,37.79447649799977,8,4308,4308,0
A_N8_r2,A,8,2,37.994806674999836,8,4330,4330,0
A_N8_r2,A,8,2,38.19503425799985,8,4352,4352,0
A_N8_r2,A,8,2,38.3959002229999,8,4373,4373,0
A_N8_r2,A,8,2,38.5967066180001,8,4394,4394,0
A_N8_r2,A,8,2,38.798846456999854,8,4416,4416,0
A_N8_r2,A,8,2,39.00243194199993,8,4438,4438,0
A_N8_r2,A,8,2,39.20550862299979,8,4461,4461,0
A_N8_r2,A,8,2,39.40639836199989,8,4483,4483,0
A_N8_r2,A,8,2,39.607147004000126,8,4505,4505,0
A_N8_r2,A,8,2,39.80837687799976,8,4529,4529,0
A_N8_r2,A,8,2,40.00926712799992,8,4549,4549,0
A_N8_r2,A,8,2,40.21020771399981,8,4572,4572,0
A_N8_r2,A,8,2,40.41088527800002,8,4595,4595,0
A_N8_r2,A,8,2,40.61156512699972,8,4619,4619,0
A_N8_r2,A,8,2,40.812609535999854,8,4642,4642,0
A_N8_r2,A,8,2,41.012850804999744,8,4667,4667,0
A_N8_r2,A,8,2,41.21462200899987,8,4690,4690,0
A_N8_r2,A,8,2,41.414875476999896,8,4714,4714,0
A_N8_r2,A,8,2,41.61656622600003,8,4736,4736,0
A_N8_r2,A,8,2,41.81786507300012,8,4754,4754,0
A_N8_r2,A,8,2,42.018051946000014,8,4778,4778,0
A_N8_r2,A,8,2,42.218364977999954,8,4799,4799,0
A_N8_r2,A,8,2,42.41938104499968,8,4823,4823,0
A_N8_r2,A,8,2,42.620429134999995,8,4846,4846,0
A_N8_r2,A,8,2,42.822127765999994,8,4868,4868,0
A_N8_r2,A,8,2,43.02315710999983,8,4888,4888,0
A_N8_r2,A,8,2,43.22508815099991,8,4909,4909,0
A_N8_r2,A,8,2,43.428417933999754,8,4932,4932,0
A_N8_r2,A,8,2,43.6298395179997,8,4953,4953,0
A_N8_r2,A,8,2,43.83059569099987,8,4976,4976,0
A_N8_r2,A,8,2,44.03169036500003,8,4996,4996,0
A_N8_r2,A,8,2,44.231916375999845,8,5022,5022,0
A_N8_r2,A,8,2,44.43290800099976,8,5043,5043,0
A_N8_r2,A,8,2,44.6335582910001,8,5066,5066,0
A_N8_r2,A,8,2,44.834745116999784,8,5087,5087,0
A_N8_r2,A,8,2,45.035765416999766,8,5108,5108,0
A_N8_r2,A,8,2,45.236209035999764,8,5129,5129,0
A_N8_r2,A,8,2,45.43685693799989,8,5152,5152,0
A_N8_r2,A,8,2,45.637808034000045,8,5177,5177,0
A_N8_r2,A,8,2,45.8389477769997,8,5200,5200,0
A_N8_r2,A,8,2,46.040576916999726,8,5221,5221,0
A_N8_r2,A,8,2,46.2409066969999,8,5241,5241,0
A_N8_r2,A,8,2,46.441325029999916,8,5260,5260,0
A_N8_r2,A,8,2,46.64170958099976,8,5284,5284,0
A_N8_r2,A,8,2,46.84595121199982,8,5307,5307,0
A_N8_r2,A,8,2,47.04836982300003,8,5328,5328,0
A_N8_r2,A,8,2,47.24875281000004,8,5350,5350,0
A_N8_r2,A,8,2,47.44900799200013,8,5373,5373,0
A_N8_r2,A,8,2,47.649994247999985,8,5397,5397,0
A_N8_r2,A,8,2,47.85133165799971,8,5418,5418,0
A_N8_r2,A,8,2,48.05151318099979,8,5439,5439,0
A_N8_r2,A,8,2,48.25295525999991,8,5461,5461,0
A_N8_r2,A,8,2,48.453289338000104,8,5483,5483,0
A_N8_r2,A,8,2,48.653658151999934,8,5505,5505,0
A_N8_r2,A,8,2,48.85431758499999,8,5527,5527,0
A_N8_r2,A,8,2,49.055072770999686,8,5548,5548,0
A_N8_r2,A,8,2,49.255947132000074,8,5573,5573,0
A_N8_r2,A,8,2,49.45627878200003,8,5594,5594,0
A_N8_r2,A,8,2,49.65701759300009,8,5619,5619,0
A_N8_r2,A,8,2,49.857401150999976,8,5640,5640,0
A_N8_r2,A,8,2,50.05834528100013,8,5662,5662,0
A_N8_r2,A,8,2,50.258499154999754,8,5685,5685,0
A_N8_r2,A,8,2,50.46235248799985,8,5707,5707,0
A_N8_r2,A,8,2,50.66393435200007,8,5728,5728,0
A_N8_r2,A,8,2,50.86494165699969,8,5751,5751,0
A_N8_r2,A,8,2,51.06542609300004,8,5772,5772,0
A_N8_r2,A,8,2,51.26791779899986,8,5798,5798,0
A_N8_r2,A,8,2,51.46983280999984,8,5817,5817,0
A_N8_r2,A,8,2,51.67046762700011,8,5840,5840,0
A_N8_r2,A,8,2,51.872595100000126,8,5861,5861,0
A_N8_r2,A,8,2,52.07317368999975,8,5884,5884,0
A_N8_r2,A,8,2,52.27360107599998,8,5906,5906,0
A_N8_r2,A,8,2,52.473991537000074,8,5927,5927,0
A_N8_r2,A,8,2,52.675181863000034,8,5952,5952,0
A_N8_r2,A,8,2,52.87635450400012,8,5974,5974,0
A_N8_r2,A,8,2,53.07668346999981,8,5997,5997,0
A_N8_r2,A,8,2,53.27712951600006,8,6020,6020,0
A_N8_r2,A,8,2,53.47799490299985,8,6038,6038,0
A_N8_r2,A,8,2,53.6790213649997,8,6061,6061,0
A_N8_r2,A,8,2,53.88019119799992,8,6085,6085,0
A_N8_r2,A,8,2,54.081118481999965,8,6108,6108,0
A_N8_r2,A,8,2,54.28245152499994,8,6131,6131,0
A_N8_r2,A,8,2,54.48364631200002,8,6152,6152,0
A_N8_r2,A,8,2,54.68445548999989,8,6173,6173,0
A_N8_r2,A,8,2,54.88531665499977,8,6196,6196,0
A_N8_r2,A,8,2,55.08693543499976,8,6218,6218,0
A_N8_r2,A,8,2,55.28866368399986,8,6238,6238,0
A_N8_r2,A,8,2,55.489658658999815,8,6262,6262,0
A_N8_r2,A,8,2,55.69074801299985,8,6284,6284,0
A_N8_r2,A,8,2,55.891699134999726,8,6304,6304,0
A_N8_r2,A,8,2,56.0924426749998,8,6328,6328,0
A_N8_r2,A,8,2,56.293963817000076,8,6349,6349,0
A_N8_r2,A,8,2,56.494590271000106,8,6370,6370,0
A_N8_r2,A,8,2,56.694937987999765,8,6392,6392,0
A_N8_r2,A,8,2,56.89562237199971,8,6416,6416,0
A_N8_r2,A,8,2,57.096535268000025,8,6439,6439,0
A_N8_r2,A,8,2,57.297158296999896,8,6459,6459,0
A_N8_r2,A,8,2,57.49890302499989,8,6482,6482,0
A_N8_r2,A,8,2,57.70117713499985,8,6504,6504,0
A_N8_r2,A,8,2,57.90167238699996,8,6528,6528,0
A_N8_r2,A,8,2,58.10222887600003,8,6547,6547,0
A_N8_r2,A,8,2,58.30256764399974,8,6569,6569,0
A_N8_r2,A,8,2,58.50328894999984,8,6592,6592,0
A_N8_r2,A,8,2,58.70475656999997,8,6614,6614,0
A_N8_r2,A,8,2,58.90593842899989,8,6638,6638,0
A_N8_r2,A,8,2,59.10671259599985,8,6661,6661,0
A_N8_r2,A,8,2,59.30752123000002,8,6683,6683,0
A_N8_r2,A,8,2,59.507850039999994,8,6707,6707,0
A_N8_r2,A,8,2,59.709451700000045,8,6725,6725,0
A_N8_r2,A,8,2,59.91060449999986,8,6749,6749,0
A_N8_r2,A,8,2,60.11127683099994,1,6765,6765,0
A_N8_r2,A,8,2,60.312296110999796,0,6766,6766,0
A_N8_r3,A,8,3,0.005319401999713591,0,0,0,0
A_N8_r3,A,8,3,0.20610451199991076,8,19,19,0
A_N8_r3,A,8,3,0.4072525900000983,8,43,43,0
A_N8_r3,A,8,3,0.6082872130000396,8,66,66,0
A_N8_r3,A,8,3,0.8095182809997823,8,85,85,0
A_N8_r3,A,8,3,1.0106026149996978,8,110,110,0
A_N8_r3,A,8,3,1.2112846370000625,8,132,132,0
A_N8_r3,A,8,3,1.4124878659999922,8,150,150,0
A_N8_r3,A,8,3,1.6134022969999933,8,175,175,0
A_N8_r3,A,8,3,1.814065747999848,8,197,197,0
A_N8_r3,A,8,3,2.014727808999851,8,221,221,0
A_N8_r3,A,8,3,2.2171174999998584,8,244,244,0
A_N8_r3,A,8,3,2.417681564999839,8,263,263,0
A_N8_r3,A,8,3,2.618634796999686,8,286,286,0
A_N8_r3,A,8,3,2.8195432879997497,8,311,311,0
A_N8_r3,A,8,3,3.0205551869999,8,330,330,0
A_N8_r3,A,8,3,3.2215663849997327,8,352,352,0
A_N8_r3,A,8,3,3.4218081770000026,8,374,374,0
A_N8_r3,A,8,3,3.6224069239997334,8,397,397,0
A_N8_r3,A,8,3,3.8244164160000764,8,421,421,0
A_N8_r3,A,8,3,4.025653988999693,8,442,442,0
A_N8_r3,A,8,3,4.226796742999795,8,461,461,0
A_N8_r3,A,8,3,4.4274704479998945,8,484,484,0
A_N8_r3,A,8,3,4.6285220189997744,8,508,508,0
A_N8_r3,A,8,3,4.829330784999911,8,531,531,0
A_N8_r3,A,8,3,5.029691413999899,8,551,551,0
A_N8_r3,A,8,3,5.230791894000049,8,575,575,0
A_N8_r3,A,8,3,5.431422984999699,8,597,597,0
A_N8_r3,A,8,3,5.632064636999985,8,620,620,0
A_N8_r3,A,8,3,5.833077505999881,8,643,643,0
A_N8_r3,A,8,3,6.035570838999774,8,664,664,0
A_N8_r3,A,8,3,6.236460817000079,8,685,685,0
A_N8_r3,A,8,3,6.437512991999938,8,708,708,0
A_N8_r3,A,8,3,6.638619359999666,8,730,730,0
A_N8_r3,A,8,3,6.840490660999876,8,753,753,0
A_N8_r3,A,8,3,7.041627521999999,8,771,771,0
A_N8_r3,A,8,3,7.243317600999944,8,792,792,0
A_N8_r3,A,8,3,7.4435892649999005,8,814,814,0
A_N8_r3,A,8,3,7.6451462529998935,8,837,837,0
A_N8_r3,A,8,3,7.84595333399966,8,858,858,0
A_N8_r3,A,8,3,8.046921633999773,8,880,880,0
A_N8_r3,A,8,3,8.24748257200008,8,902,902,0
A_N8_r3,A,8,3,8.44822087600005,8,924,924,0
A_N8_r3,A,8,3,8.648657226000068,8,946,946,0
A_N8_r3,A,8,3,8.848868115999721,8,963,963,0
A_N8_r3,A,8,3,9.049455990999832,8,984,984,0
A_N8_r3,A,8,3,9.251193003000026,8,1008,1008,0
A_N8_r3,A,8,3,9.451627145999737,8,1027,1027,0
A_N8_r3,A,8,3,9.652450588999727,8,1042,1042,0
A_N8_r3,A,8,3,9.854286220999711,8,1063,1063,0
A_N8_r3,A,8,3,10.054607807999673,8,1084,1084,0
A_N8_r3,A,8,3,10.25553732599974,8,1106,1106,0
A_N8_r3,A,8,3,10.456134674999703,8,1127,1127,0
A_N8_r3,A,8,3,10.656485446999795,8,1148,1148,0
A_N8_r3,A,8,3,10.858300237000094,8,1166,1166,0
A_N8_r3,A,8,3,11.059781366999687,8,1190,1190,0
A_N8_r3,A,8,3,11.260045891999653,8,1210,1210,0
A_N8_r3,A,8,3,11.460912337000082,8,1233,1233,0
A_N8_r3,A,8,3,11.663002689999757,8,1255,1255,0
A_N8_r3,A,8,3,11.863624767999681,8,1277,1277,0
A_N8_r3,A,8,3,12.064357775999724,8,1297,1297,0
A_N8_r3,A,8,3,12.265498517999731,8,1320,1320,0
A_N8_r3,A,8,3,12.46622994299969,8,1343,1343,0
A_N8_r3,A,8,3,12.6671810859998,8,1364,1364,0
A_N8_r3,A,8,3,12.867486629999803,8,1384,1384,0
A_N8_r3,A,8,3,13.068128592999983,8,1407,1407,0
A_N8_r3,A,8,3,13.26892694199978,8,1427,1427,0
A_N8_r3,A,8,3,13.46927611000001,8,1449,1449,0
A_N8_r3,A,8,3,13.67055944699996,8,1470,1470,0
A_N8_r3,A,8,3,13.871376807999695,8,1490,1490,0
A_N8_r3,A,8,3,14.071770305999962,8,1508,1508,0
A_N8_r3,A,8,3,14.273773452999649,8,1530,1530,0
A_N8_r3,A,8,3,14.474386517999847,8,1553,1553,0
A_N8_r3,A,8,3,14.675073181999778,8,1574,1574,0
A_N8_r3,A,8,3,14.876108139999815,8,1595,1595,0
A_N8_r3,A,8,3,15.076808626999991,8,1614,1614,0
A_N8_r3,A,8,3,15.278531087999909,8,1635,1635,0
A_N8_r3,A,8,3,15.479831079999713,8,1659,1659,0
A_N8_r3,A,8,3,15.680311108999831,8,1681,1681,0
A_N8_r3,A,8,3,15.881416056000035,8,1701,1701,0
A_N8_r3,A,8,3,16.081845104999957,8,1722,1722,0
A_N8_r3,A,8,3,16.283136897000077,8,1740,1740,0
A_N8_r3,A,8,3,16.484399693999876,8,1765,1765,0
A_N8_r3,A,8,3,16.68486351899992,8,1787,1787,0
A_N8_r3,A,8,3,16.887026406999667,8,1809,1809,0
A_N8_r3,A,8,3,17.08801143499977,8,1834,1834,0
A_N8_r3,A,8,3,17.288460567999664,8,1855,1855,0
A_N8_r3,A,8,3,17.488791025999944,8,1874,1874,0
A_N8_r3,A,8,3,17.689327493999826,8,1898,1898,0
A_N8_r3,A,8,3,17.89034025000001,8,1919,1919,0
A_N8_r3,A,8,3,18.0927469369999,8,1942,1942,0
A_N8_r3,A,8,3,18.293177700999877,8,1962,1962,0
A_N8_r3,A,8,3,18.493736637999973,8,1982,1982,0
A_N8_r3,A,8,3,18.694541240000035,8,2005,2005,0
A_N8_r3,A,8,3,18.895611320999706,8,2028,2028,0
A_N8_r3,A,8,3,19.097333888999856,8,2050,2050,0
A_N8_r3,A,8,3,19.298373571999946,8,2069,2069,0
A_N8_r3,A,8,3,19.49941978800007,8,2092,2092,0
A_N8_r3,A,8,3,19.69971879900004,8,2114,2114,0
A_N8_r3,A,8,3,19.900404438999885,8,2135,2135,0
A_N8_r3,A,8,3,20.100895690000016,8,2158,2158,0
A_N8_r3,A,8,3,20.301670108000053,8,2181,2181,0
A_N8_r3,A,8,3,20.502444815999752,8,2203,2203,0
A_N8_r3,A,8,3,20.702798126999824,8,2221,2221,0
A_N8_r3,A,8,3,20.903343586999654,8,2243,2243,0
A_N8_r3,A,8,3,21.10392401299987,8,2265,2265,0
A_N8_r3,A,8,3,21.30477541299979,8,2288,2288,0
A_N8_r3,A,8,3,21.505772928999704,8,2313,2313,0
A_N8_r3,A,8,3,21.708739154999876,8,2335,2335,0
A_N8_r3,A,8,3,21.909856684999795,8,2357,2357,0
A_N8_r3,A,8,3,22.110714753999673,8,2379,2379,0
A_N8_r3,A,8,3,22.31124665399966,8,2402,2402,0
A_N8_r3,A,8,3,22.51232409799968,8,2424,2424,0
A_N8_r3,A,8,3,22.71256521899977,8,2445,2445,0
A_N8_r3,A,8,3,22.91268374299989,8,2466,2466,0
A_N8_r3,A,8,3,23.113345815999764,8,2486,2486,0
A_N8_r3,A,8,3,23.31496989099969,8,2507,2507,0
A_N8_r3,A,8,3,23.516191003999666,8,2529,2529,0
A_N8_r3,A,8,3,23.716811529000097,8,2552,2552,0
A_N8_r3,A,8,3,23.91745749799975,8,2576,2576,0
A_N8_r3,A,8,3,24.11830920700004,8,2600,2600,0
A_N8_r3,A,8,3,24.318740860999696,8,2621,2621,0
A_N8_r3,A,8,3,24.519337335999808,8,2646,2646,0
A_N8_r3,A,8,3,24.71974552499978,8,2664,2664,0
A_N8_r3,A,8,3,24.92078073799985,8,2688,2688,0
A_N8_r3,A,8,3,25.12184170899991,8,2710,2710,0
A_N8_r3,A,8,3,25.323262202000024,8,2734,2734,0
A_N8_r3,A,8,3,25.524228152999967,8,2754,2754,0
A_N8_r3,A,8,3,25.725621324999793,8,2780,2780,0
A_N8_r3,A,8,3,25.926114636999955,8,2799,2799,0
A_N8_r3,A,8,3,26.1269028480001,8,2819,2819,0
A_N8_r3,A,8,3,26.32790247899993,8,2842,2842,0
A_N8_r3,A,8,3,26.528101414000048,8,2865,2865,0
A_N8_r3,A,8,3,26.729025802999786,8,2885,2885,0
A_N8_r3,A,8,3,26.929866981000032,8,2906,2906,0
A_N8_r3,A,8,3,27.130983659999856,8,2928,2928,0
A_N8_r3,A,8,3,27.33162565099974,8,2951,2951,0
A_N8_r3,A,8,3,27.53257417199984,8,2973,2973,0
A_N8_r3,A,8,3,27.733619717999773,8,2994,2994,0
A_N8_r3,A,8,3,27.93486360399993,8,3015,3015,0
A_N8_r3,A,8,3,28.136058326999773,8,3036,3036,0
A_N8_r3,A,8,3,28.33744634599998,8,3059,3059,0
A_N8_r3,A,8,3,28.53938815499987,8,3077,3077,0
A_N8_r3,A,8,3,28.740538915999878,8,3099,3099,0
A_N8_r3,A,8,3,28.941846870000063,8,3117,3117,0
A_N8_r3,A,8,3,29.142761860000064,8,3139,3139,0
A_N8_r3,A,8,3,29.343770767000024,8,3159,3159,0
A_N8_r3,A,8,3,29.544475609000074,8,3184,3184,0
A_N8_r3,A,8,3,29.745029063999937,8,3205,3205,0
A_N8_r3,A,8,3,29.946200685999884,8,3225,3225,0
A_N8_r3,A,8,3,30.14663888899986,8,3247,3247,0
A_N8_r3,A,8,3,30.34799422900005,8,3267,3267,0
A_N8_r3,A,8,3,30.549264056000084,8,3287,3287,0
A_N8_r3,A,8,3,30.74961290100009,8,3308,3308,0
A_N8_r3,A,8,3,30.9501769579997,8,3330,3330,0
A_N8_r3,A,8,3,31.152544732000024,8,3351,3351,0
A_N8_r3,A,8,3,31.35349005199987,8,3372,3372,0
A_N8_r3,A,8,3,31.553761613999995,8,3394,3394,0
A_N8_r3,A,8,3,31.754077201999735,8,3416,3416,0
A_N8_r3,A,8,3,31.95592735199989,8,3439,3439,0
A_N8_r3,A,8,3,32.15656282000009,8,3462,3462,0
A_N8_r3,A,8,3,32.35682960999975,8,3485,3485,0
A_N8_r3,A,8,3,32.557269628000086,8,3507,3507,0
A_N8_r3,A,8,3,32.758054871999775,8,3528,3528,0
A_N8_r3,A,8,3,32.9590298789999,8,3549,3549,0
A_N8_r3,A,8,3,33.1592259009999,8,3574,3574,0
A_N8_r3,A,8,3,33.36023641599968,8,3594,3594,0
A_N8_r3,A,8,3,33.56126951399983,8,3614,3614,0
A_N8_r3,A,8,3,33.76325630099973,8,3635,3635,0
A_N8_r3,A,8,3,33.96354691899978,8,3659,3659,0
A_N8_r3,A,8,3,34.16459502999987,8,3682,3682,0
A_N8_r3,A,8,3,34.36522043199966,8,3707,3707,0
A_N8_r3,A,8,3,34.5657231109999,8,3732,3732,0
A_N8_r3,A,8,3,34.76624886599984,8,3756,3756,0
A_N8_r3,A,8,3,34.96775914,8,3779,3779,0
A_N8_r3,A,8,3,35.16849866299981,8,3805,3805,0
A_N8_r3,A,8,3,35.36920756900008,8,3827,3827,0
A_N8_r3,A,8,3,35.570230189000085,8,3851,3851,0
A_N8_r3,A,8,3,35.770425904999684,8,3874,3874,0
A_N8_r3,A,8,3,35.971338121999906,8,3898,3898,0
A_N8_r3,A,8,3,36.17296074399974,8,3921,3921,0
A_N8_r3,A,8,3,36.37374107200003,8,3946,3946,0
A_N8_r3,A,8,3,36.57479048899995,8,3969,3969,0
A_N8_r3,A,8,3,36.77597261899973,8,3993,3993,0
A_N8_r3,A,8,3,36.97642818699978,8,4015,4015,0
A_N8_r3,A,8,3,37.1775959040001,8,4036,4036,0
A_N8_r3,A,8,3,37.37867124600007,8,4058,4058,0
A_N8_r3,A,8,3,37.579542691999904,8,4080,4080,0
A_N8_r3,A,8,3,37.78015648199971,8,4101,4101,0
A_N8_r3,A,8,3,37.98122280300004,8,4128,4128,0
A_N8_r3,A,8,3,38.182102961000055,8,4150,4150,0
A_N8_r3,A,8,3,38.38273769399984,8,4174,4174,0
A_N8_r3,A,8,3,38.583026192000034,8,4199,4199,0
A_N8_r3,A,8,3,38.78378930100007,8,4222,4222,0
A_N8_r3,A,8,3,38.984671218999665,8,4246,4246,0
A_N8_r3,A,8,3,39.18497865800009,8,4272,4272,0
A_N8_r3,A,8,3,39.38617634399998,8,4295,4295,0
A_N8_r3,A,8,3,39.586863873999846,8,4318,4318,0
A_N8_r3,A,8,3,39.78739050099966,8,4342,4342,0
A_N8_r3,A,8,3,39.987874680999994,8,4363,4363,0
A_N8_r3,A,8,3,40.189387258999886,8,4387,4387,0
A_N8_r3,A,8,3,40.39044319300001,8,4408,4408,0
A_N8_r3,A,8,3,40.59090914799981,8,4430,4430,0
A_N8_r3,A,8,3,40.79208956000002,8,4454,4454,0
A_N8_r3,A,8,3,40.99363048799978,8,4477,4477,0
A_N8_r3,A,8,3,41.195067650000055,8,4499,4499,0
A_N8_r3,A,8,3,41.39621358999966,8,4522,4522,0
A_N8_r3,A,8,3,41.59707035099973,8,4546,4546,0
A_N8_r3,A,8,3,41.79784512099968,8,4570,4570,0
A_N8_r3,A,8,3,41.99942647199987,8,4594,4594,0
A_N8_r3,A,8,3,42.20016092800006,8,4616,4616,0
A_N8_r3,A,8,3,42.40077465600007,8,4640,4640,0
A_N8_r3,A,8,3,42.60116479999988,8,4662,4662,0
A_N8_r3,A,8,3,42.80147445400007,8,4684,4684,0
A_N8_r3,A,8,3,43.00244372099996,8,4707,4707,0
A_N8_r3,A,8,3,43.203369735999786,8,4732,4732,0
A_N8_r3,A,8,3,43.404514214999836,8,4756,4756,0
A_N8_r3,A,8,3,43.605360238999765,8,4780,4780,0
A_N8_r3,A,8,3,43.80743889099995,8,4803,4803,0
A_N8_r3,A,8,3,44.0083397139997,8,4829,4829,0
A_N8_r3,A,8,3,44.209030920999794,8,4853,4853,0
A_N8_r3,A,8,3,44.41317150299983,8,4877,4877,0
A_N8_r3,A,8,3,44.613946486999794,8,4900,4900,0
A_N8_r3,A,8,3,44.81505899600006,8,4922,4922,0
A_N8_r3,A,8,3,45.01639183399993,8,4945,4945,0
A_N8_r3,A,8,3,45.21694614699982,8,4967,4967,0
A_N8_r3,A,8,3,45.41822285799981,8,4989,4989,0
A_N8_r3,A,8,3,45.618554569000025,8,5011,5011,0
A_N8_r3,A,8,3,45.818795751999915,8,5036,5036,0
A_N8_r3,A,8,3,46.01936992799983,8,5056,5056,0
A_N8_r3,A,8,3,46.220140466999965,8,5077,5077,0
A_N8_r3,A,8,3,46.42102447999969,8,5099,5099,0
A_N8_r3,A,8,3,46.62230974399972,8,5123,5123,0
A_N8_r3,A,8,3,46.82347821999974,8,5146,5146,0
A_N8_r3,A,8,3,47.02437189800003,8,5166,5166,0
A_N8_r3,A,8,3,47.22492717399973,8,5191,5191,0
A_N8_r3,A,8,3,47.426012294999964,8,5213,5213,0
A_N8_r3,A,8,3,47.62727488099972,8,5238,5238,0
A_N8_r3,A,8,3,47.82955138299985,8,5261,5261,0
A_N8_r3,A,8,3,48.03036367300001,8,5286,5286,0
A_N8_r3,A,8,3,48.23078486099985,8,5309,5309,0
A_N8_r3,A,8,3,48.4315822919998,8,5332,5332,0
A_N8_r3,A,8,3,48.63250507099974,8,5354,5354,0
A_N8_r3,A,8,3,48.832750399999895,8,5379,5379,0
A_N8_r3,A,8,3,49.03370003500004,8,5403,5403,0
A_N8_r3,A,8,3,49.23431519699989,8,5429,5429,0
A_N8_r3,A,8,3,49.43557755499978,8,5452,5452,0
A_N8_r3,A,8,3,49.63696018099972,8,5476,5476,0
A_N8_r3,A,8,3,49.83763629199984,8,5498,5498,0
A_N8_r3,A,8,3,50.03848940099988,8,5520,5520,0
A_N8_r3,A,8,3,50.2389455069997,8,5544,5544,0
A_N8_r3,A,8,3,50.43914646999974,8,5567,5567,0
A_N8_r3,A,8,3,50.639550396999766,8,5590,5590,0
A_N8_r3,A,8,3,50.83989081899972,8,5612,5612,0
A_N8_r3,A,8,3,51.0406845399998,8,5632,5632,0
A_N8_r3,A,8,3,51.241857641000024,8,5654,5654,0
A_N8_r3,A,8,3,51.443024630999844,8,5679,5679,0
A_N8_r3,A,8,3,51.643934182000066,8,5701,5701,0
A_N8_r3,A,8,3,51.844191771999704,8,5724,5724,0
A_N8_r3,A,8,3,52.044782034000036,8,5746,5746,0
A_N8_r3,A,8,3,52.24526819899984,8,5767,5767,0
A_N8_r3,A,8,3,52.44791377599995,8,5789,5789,0
A_N8_r3,A,8,3,52.64866545399991,8,5810,5810,0
A_N8_r3,A,8,3,52.84991391699987,8,5833,5833,0
A_N8_r3,A,8,3,53.050248971999736,8,5855,5855,0
A_N8_r3,A,8,3,53.250436416999946,8,5877,5877,0
A_N8_r3,A,8,3,53.451198890999876,8,5902,5902,0
A_N8_r3,A,8,3,53.65194067699986,8,5926,5926,0
A_N8_r3,A,8,3,53.852668228999846,8,5948,5948,0
A_N8_r3,A,8,3,54.053272078999726,8,5971,5971,0
A_N8_r3,A,8,3,54.2551845779999,8,5995,5995,0
A_N8_r3,A,8,3,54.4562054779999,8,6017,6017,0
A_N8_r3,A,8,3,54.656890271000066,8,6041,6041,0
A_N8_r3,A,8,3,54.857286722000026,8,6060,6060,0
A_N8_r3,A,8,3,55.05824709299986,8,6081,6081,0
A_N8_r3,A,8,3,55.25895885399996,8,6100,6100,0
A_N8_r3,A,8,3,55.45983702900003,8,6122,6122,0
A_N8_r3,A,8,3,55.663395121999656,8,6143,6143,0
A_N8_r3,A,8,3,55.86398690999977,8,6165,6165,0
A_N8_r3,A,8,3,56.06469213299988,8,6187,6187,0
A_N8_r3,A,8,3,56.26500448199977,8,6211,6211,0
A_N8_r3,A,8,3,56.465473818999726,8,6233,6233,0
A_N8_r3,A,8,3,56.666112024000086,8,6253,6253,0
A_N8_r3,A,8,3,56.86697357999992,8,6278,6278,0
A_N8_r3,A,8,3,57.068022780999854,8,6299,6299,0
A_N8_r3,A,8,3,57.2684464859999,8,6322,6322,0
A_N8_r3,A,8,3,57.46907748500007,8,6344,6344,0
A_N8_r3,A,8,3,57.66955413100004,8,6368,6368,0
A_N8_r3,A,8,3,57.86993123299999,8,6387,6387,0
A_N8_r3,A,8,3,58.07116384799974,8,6409,6409,0
A_N8_r3,A,8,3,58.27213217100007,8,6430,6430,0
A_N8_r3,A,8,3,58.473185695999746,8,6449,6449,0
A_N8_r3,A,8,3,58.67509438199977,8,6469,6469,0
A_N8_r3,A,8,3,58.87592219399994,8,6490,6490,0
A_N8_r3,A,8,3,59.07694687000003,8,6511,6511,0
A_N8_r3,A,8,3,59.277378311999655,8,6532,6532,0
A_N8_r3,A,8,3,59.47816887499994,8,6554,6554,0
A_N8_r3,A,8,3,59.67893590299991,8,6577,6577,0
A_N8_r3,A,8,3,59.88027281599989,8,6599,6599,0
A_N8_r3,A,8,3,60.08140595299983,1,6617,6617,0
A_N8_r3,A,8,3,60.28218098299976,0,6618,6618,0
A_N8_r4,A,8,4,0.005778941999778908,0,0,0,0
A_N8_r4,A,8,4,0.20808147700017798,8,17,17,0
A_N8_r4,A,8,4,0.4092098910000459,8,41,41,0
A_N8_r4,A,8,4,0.6113339829998949,8,62,62,0
A_N8_r4,A,8,4,0.8127748189999693,8,83,83,0
A_N8_r4,A,8,4,1.0130911850001212,8,105,105,0
A_N8_r4,A,8,4,1.2136636669997642,8,126,126,0
A_N8_r4,A,8,4,1.4150706450000143,8,149,149,0
A_N8_r4,A,8,4,1.6153702339997835,8,169,169,0
A_N8_r4,A,8,4,1.8162478889998965,8,191,191,0
A_N8_r4,A,8,4,2.017090618000111,8,212,212,0
A_N8_r4,A,8,4,2.2177478469998277,8,237,237,0
A_N8_r4,A,8,4,2.418802542999856,8,261,261,0
A_N8_r4,A,8,4,2.6204199459998563,8,283,283,0
A_N8_r4,A,8,4,2.821726169000158,8,306,306,0
A_N8_r4,A,8,4,3.0227434540001923,8,326,326,0
A_N8_r4,A,8,4,3.2237750180001967,8,346,346,0
A_N8_r4,A,8,4,3.425484140000208,8,367,367,0
A_N8_r4,A,8,4,3.626575311000124,8,388,388,0
A_N8_r4,A,8,4,3.8268446850001965,8,407,407,0
A_N8_r4,A,8,4,4.027307464999922,8,427,427,0
A_N8_r4,A,8,4,4.22823411599984,8,449,449,0
A_N8_r4,A,8,4,4.429259667999759,8,470,470,0
A_N8_r4,A,8,4,4.630212923999807,8,490,490,0
A_N8_r4,A,8,4,4.830527287999757,8,513,513,0
A_N8_r4,A,8,4,5.03155419299992,8,533,533,0
A_N8_r4,A,8,4,5.232753867000156,8,551,551,0
A_N8_r4,A,8,4,5.433704904000024,8,568,568,0
A_N8_r4,A,8,4,5.636244160999922,8,588,588,0
A_N8_r4,A,8,4,5.837461281999822,8,607,607,0
A_N8_r4,A,8,4,6.037955914000122,8,626,626,0
A_N8_r4,A,8,4,6.2399534870000934,8,642,642,0
A_N8_r4,A,8,4,6.44064478700011,8,661,661,0
A_N8_r4,A,8,4,6.641410478000125,8,681,681,0
A_N8_r4,A,8,4,6.842559526000059,8,702,702,0
A_N8_r4,A,8,4,7.044265941000049,8,721,721,0
A_N8_r4,A,8,4,7.2455058529999405,8,739,739,0
A_N8_r4,A,8,4,7.4476114099998085,8,758,758,0
A_N8_r4,A,8,4,7.648769128999902,8,779,779,0
A_N8_r4,A,8,4,7.853263433999928,8,797,797,0
A_N8_r4,A,8,4,8.05450100500002,8,818,818,0
A_N8_r4,A,8,4,8.256402788999821,8,834,834,0
A_N8_r4,A,8,4,8.46044758700009,8,855,855,0
A_N8_r4,A,8,4,8.66154584900005,8,876,876,0
A_N8_r4,A,8,4,8.862050617000023,8,895,895,0
A_N8_r4,A,8,4,9.063481109999884,8,917,917,0
A_N8_r4,A,8,4,9.264867141000195,8,935,935,0
A_N8_r4,A,8,4,9.465911017000053,8,955,955,0
A_N8_r4,A,8,4,9.666753490999781,8,974,974,0
A_N8_r4,A,8,4,9.867650888999833,8,994,994,0
A_N8_r4,A,8,4,10.069611000999885,8,1014,1014,0
A_N8_r4,A,8,4,10.270087805000003,8,1033,1033,0
A_N8_r4,A,8,4,10.470512062000125,8,1050,1050,0
A_N8_r4,A,8,4,10.671487082000112,8,1072,1072,0
A_N8_r4,A,8,4,10.872922745999858,8,1091,1091,0
A_N8_r4,A,8,4,11.074665512000138,8,1109,1109,0
A_N8_r4,A,8,4,11.27629135999996,8,1130,1130,0
A_N8_r4,A,8,4,11.476703489000101,8,1150,1150,0
A_N8_r4,A,8,4,11.677662113999759,8,1172,1172,0
A_N8_r4,A,8,4,11.878762278000067,8,1192,1192,0
A_N8_r4,A,8,4,12.079435031999765,8,1210,1210,0
A_N8_r4,A,8,4,12.280866956999944,8,1229,1229,0
A_N8_r4,A,8,4,12.481534195999757,8,1247,1247,0
A_N8_r4,A,8,4,12.682189521000055,8,1266,1266,0
A_N8_r4,A,8,4,12.882984022000073,8,1285,1285,0
A_N8_r4,A,8,4,13.083308059000046,8,1303,1303,0
A_N8_r4,A,8,4,13.283859070999824,8,1324,1324,0
A_N8_r4,A,8,4,13.48481854900001,8,1342,1342,0
A_N8_r4,A,8,4,13.685629265999978,8,1362,1362,0
A_N8_r4,A,8,4,13.887106555000173,8,1381,1381,0
A_N8_r4,A,8,4,14.087453762999758,8,1400,1400,0
A_N8_r4,A,8,4,14.288552999999865,8,1423,1423,0
A_N8_r4,A,8,4,14.48953302300015,8,1444,1444,0
A_N8_r4,A,8,4,14.690422203999788,8,1467,1467,0
A_N8_r4,A,8,4,14.891653483000027,8,1485,1485,0
A_N8_r4,A,8,4,15.092925679000018,8,1505,1505,0
A_N8_r4,A,8,4,15.295400509000046,8,1525,1525,0
A_N8_r4,A,8,4,15.49734476499998,8,1545,1545,0
A_N8_r4,A,8,4,15.698313963000146,8,1563,1563,0
A_N8_r4,A,8,4,15.899562290000176,8,1581,1581,0
A_N8_r4,A,8,4,16.1009064079999,8,1600,1600,0
A_N8_r4,A,8,4,16.30169858399995,8,1620,1620,0
A_N8_r4,A,8,4,16.50232284399999,8,1643,1643,0
A_N8_r4,A,8,4,16.703532804000133,8,1662,1662,0
A_N8_r4,A,8,4,16.90536253800019,8,1681,1681,0
A_N8_r4,A,8,4,17.10658529200009,8,1704,1704,0
A_N8_r4,A,8,4,17.30692764100013,8,1726,1726,0
A_N8_r4,A,8,4,17.507458739999947,8,1746,1746,0
A_N8_r4,A,8,4,17.70862061400021,8,1765,1765,0
A_N8_r4,A,8,4,17.911038038999777,8,1787,1787,0
A_N8_r4,A,8,4,18.113121128999865,8,1806,1806,0
A_N8_r4,A,8,4,18.314041420000194,8,1827,1827,0
A_N8_r4,A,8,4,18.514269288999913,8,1848,1848,0
A_N8_r4,A,8,4,18.715037723000023,8,1867,1867,0
A_N8_r4,A,8,4,18.915466742999797,8,1887,1887,0
A_N8_r4,A,8,4,19.116584029000023,8,1907,1907,0
A_N8_r4,A,8,4,19.317770889999792,8,1930,1930,0
A_N8_r4,A,8,4,19.52051174899998,8,1951,1951,0
A_N8_r4,A,8,4,19.722132915000202,8,1971,1971,0
A_N8_r4,A,8,4,19.923259893999784,8,1992,1992,0
A_N8_r4,A,8,4,20.12366872199982,8,2011,2011,0
A_N8_r4,A,8,4,20.324793541999952,8,2031,2031,0
A_N8_r4,A,8,4,20.529512535999856,8,2051,2051,0
A_N8_r4,A,8,4,20.730837216000054,8,2072,2072,0
A_N8_r4,A,8,4,20.93119000300021,8,2091,2091,0
A_N8_r4,A,8,4,21.131625196000186,8,2110,2110,0
A_N8_r4,A,8,4,21.33293699600017,8,2131,2131,0
A_N8_r4,A,8,4,21.534025953999844,8,2153,2153,0
A_N8_r4,A,8,4,21.734734892999768,8,2176,2176,0
A_N8_r4,A,8,4,21.93526779700005,8,2195,2195,0
A_N8_r4,A,8,4,22.135766716000035,8,2214,2214,0
A_N8_r4,A,8,4,22.336074007000207,8,2234,2234,0
A_N8_r4,A,8,4,22.537113567999768,8,2255,2255,0
A_N8_r4,A,8,4,22.737916047999988,8,2274,2274,0
A_N8_r4,A,8,4,22.93895092999992,8,2293,2293,0
A_N8_r4,A,8,4,23.139937018000182,8,2314,2314,0
A_N8_r4,A,8,4,23.341146234999997,8,2335,2335,0
A_N8_r4,A,8,4,23.541445636999924,8,2357,2357,0
A_N8_r4,A,8,4,23.742245448000176,8,2376,2376,0
A_N8_r4,A,8,4,23.943259004000083,8,2396,2396,0
A_N8_r4,A,8,4,24.143866310999783,8,2419,2419,0
A_N8_r4,A,8,4,24.344937931999993,8,2437,2437,0
A_N8_r4,A,8,4,24.547161408000193,8,2457,2457,0
A_N8_r4,A,8,4,24.748709352999867,8,2481,2481,0
A_N8_r4,A,8,4,24.94925171099976,8,2501,2501,0
A_N8_r4,A,8,4,25.15007443200011,8,2520,2520,0
A_N8_r4,A,8,4,25.35149119300013,8,2538,2538,0
A_N8_r4,A,8,4,25.55272360500021,8,2559,2559,0
A_N8_r4,A,8,4,25.755475036999997,8,2580,2580,0
A_N8_r4,A,8,4,25.95696372600014,8,2601,2601,0
A_N8_r4,A,8,4,26.158410083000035,8,2623,2623,0
A_N8_r4,A,8,4,26.358713079000154,8,2642,2642,0
A_N8_r4,A,8,4,26.559260518999963,8,2663,2663,0
A_N8_r4,A,8,4,26.760246580000057,8,2685,2685,0
A_N8_r4,A,8,4,26.96119653100004,8,2705,2705,0
A_N8_r4,A,8,4,27.162643646000106,8,2725,2725,0
A_N8_r4,A,8,4,27.36304030500014,8,2745,2745,0
A_N8_r4,A,8,4,27.564601240999764,8,2766,2766,0
A_N8_r4,A,8,4,27.765508578000208,8,2788,2788,0
A_N8_r4,A,8,4,27.967442931999813,8,2811,2811,0
A_N8_r4,A,8,4,28.168010604999836,8,2832,2832,0
A_N8_r4,A,8,4,28.36865832600006,8,2853,2853,0
A_N8_r4,A,8,4,28.570861544999843,8,2875,2875,0
A_N8_r4,A,8,4,28.771964428000047,8,2897,2897,0
A_N8_r4,A,8,4,28.974901447999855,8,2919,2919,0
A_N8_r4,A,8,4,29.17559232099984,8,2938,2938,0
A_N8_r4,A,8,4,29.37697712399995,8,2957,2957,0
A_N8_r4,A,8,4,29.577890633000152,8,2980,2980,0
A_N8_r4,A,8,4,29.77813557499985,8,2999,2999,0
A_N8_r4,A,8,4,29.98081593500001,8,3019,3019,0
A_N8_r4,A,8,4,30.18112148199998,8,3039,3039,0
A_N8_r4,A,8,4,30.381488210000043,8,3059,3059,0
A_N8_r4,A,8,4,30.582033667999895,8,3081,3081,0
A_N8_r4,A,8,4,30.782811274999858,8,3103,3103,0
A_N8_r4,A,8,4,30.983679864999885,8,3124,3124,0
A_N8_r4,A,8,4,31.184547422999913,8,3146,3146,0
A_N8_r4,A,8,4,31.385934470999928,8,3164,3164,0
A_N8_r4,A,8,4,31.586543454000093,8,3186,3186,0
A_N8_r4,A,8,4,31.78699559000006,8,3206,3206,0
A_N8_r4,A,8,4,31.98810894999997,8,3228,3228,0
A_N8_r4,A,8,4,32.18842248300007,8,3247,3247,0
A_N8_r4,A,8,4,32.38949244500009,8,3266,3266,0
A_N8_r4,A,8,4,32.58990158500001,8,3285,3285,0
A_N8_r4,A,8,4,32.79040779900015,8,3308,3308,0
A_N8_r4,A,8,4,32.99122394999995,8,3326,3326,0
A_N8_r4,A,8,4,33.19234834700001,8,3346,3346,0
A_N8_r4,A,8,4,33.393489188999865,8,3365,3365,0
A_N8_r4,A,8,4,33.593772145,8,3386,3386,0
A_N8_r4,A,8,4,33.79473694299986,8,3406,3406,0
A_N8_r4,A,8,4,33.99510740400001,8,3425,3425,0
A_N8_r4,A,8,4,34.19683616200018,8,3446,3446,0
A_N8_r4,A,8,4,34.39786917599986,8,3465,3465,0
A_N8_r4,A,8,4,34.5988254140002,8,3484,3484,0
A_N8_r4,A,8,4,34.800027496999974,8,3504,3504,0
A_N8_r4,A,8,4,35.00039212299998,8,3527,3527,0
A_N8_r4,A,8,4,35.201240697999765,8,3546,3546,0
A_N8_r4,A,8,4,35.40206944900001,8,3567,3567,0
A_N8_r4,A,8,4,35.603219209000144,8,3590,3590,0
A_N8_r4,A,8,4,35.80513003199985,8,3609,3609,0
A_N8_r4,A,8,4,36.00557046699987,8,3629,3629,0
A_N8_r4,A,8,4,36.21009784299986,8,3650,3650,0
A_N8_r4,A,8,4,36.410626801000035,8,3672,3672,0
A_N8_r4,A,8,4,36.61132869699986,8,3691,3691,0
A_N8_r4,A,8,4,36.81205503000001,8,3712,3712,0
A_N8_r4,A,8,4,37.012429514999894,8,3730,3730,0
A_N8_r4,A,8,4,37.21390239399989,8,3752,3752,0
A_N8_r4,A,8,4,37.41466755600004,8,3774,3774,0
A_N8_r4,A,8,4,37.61510093800007,8,3793,3793,0
A_N8_r4,A,8,4,37.81631227600019,8,3814,3814,0
A_N8_r4,A,8,4,38.01736082400021,8,3835,3835,0
A_N8_r4,A,8,4,38.21830411500014,8,3855,3855,0
A_N8_r4,A,8,4,38.41938892799999,8,3875,3875,0
A_N8_r4,A,8,4,38.62504761399987,8,3896,3896,0
A_N8_r4,A,8,4,38.826093452999885,8,3917,3917,0
A_N8_r4,A,8,4,39.02710611900011,8,3936,3936,0
A_N8_r4,A,8,4,39.227393281999866,8,3958,3958,0
A_N8_r4,A,8,4,39.42859440099983,8,3976,3976,0
A_N8_r4,A,8,4,39.631613717000164,8,3997,3997,0
A_N8_r4,A,8,4,39.83190655399994,8,4015,4015,0
A_N8_r4,A,8,4,40.03466933399977,8,4037,4037,0
A_N8_r4,A,8,4,40.23572977799995,8,4058,4058,0
A_N8_r4,A,8,4,40.43602057599992,8,4079,4079,0
A_N8_r4,A,8,4,40.63731376499982,8,4098,4098,0
A_N8_r4,A,8,4,40.83827085599978,8,4119,4119,0
A_N8_r4,A,8,4,41.03948946399987,8,4141,4141,0
A_N8_r4,A,8,4,41.24140077699985,8,4163,4163,0
A_N8_r4,A,8,4,41.44221269799982,8,4181,4181,0
A_N8_r4,A,8,4,41.6428889419999,8,4203,4203,0
A_N8_r4,A,8,4,41.84556882600009,8,4224,4224,0
A_N8_r4,A,8,4,42.04654012999981,8,4246,4246,0
A_N8_r4,A,8,4,42.24759121699981,8,4267,4267,0
A_N8_r4,A,8,4,42.44852842199998,8,4289,4289,0
A_N8_r4,A,8,4,42.64923415700014,8,4310,4310,0
A_N8_r4,A,8,4,42.84976452000001,8,4327,4327,0
A_N8_r4,A,8,4,43.05204475099981,8,4346,4346,0
A_N8_r4,A,8,4,43.253173982000135,8,4364,4364,0
A_N8_r4,A,8,4,43.453545489000135,8,4383,4383,0
A_N8_r4,A,8,4,43.65378174899979,8,4408,4408,0
A_N8_r4,A,8,4,43.85407955599976,8,4427,4427,0
A_N8_r4,A,8,4,44.05537442400009,8,4449,4449,0
A_N8_r4,A,8,4,44.25632403000009,8,4470,4470,0
A_N8_r4,A,8,4,44.45772388200021,8,4489,4489,0
A_N8_r4,A,8,4,44.65801998100005,8,4513,4513,0
A_N8_r4,A,8,4,44.85931200899995,8,4534,4534,0
A_N8_r4,A,8,4,45.059663764000106,8,4555,4555,0
A_N8_r4,A,8,4,45.261890998000126,8,4574,4574,0
A_N8_r4,A,8,4,45.46268935499984,8,4594,4594,0
A_N8_r4,A,8,4,45.66388903300003,8,4616,4616,0
A_N8_r4,A,8,4,45.86612061799997,8,4638,4638,0
A_N8_r4,A,8,4,46.06684345199983,8,4660,4660,0
A_N8_r4,A,8,4,46.26771804700002,8,4682,4682,0
A_N8_r4,A,8,4,46.46893553400014,8,4703,4703,0
A_N8_r4,A,8,4,46.669368763999955,8,4724,4724,0
A_N8_r4,A,8,4,46.87091103700004,8,4744,4744,0
A_N8_r4,A,8,4,47.07130226700019,8,4765,4765,0
A_N8_r4,A,8,4,47.27236258799985,8,4786,4786,0
A_N8_r4,A,8,4,47.47308195599999,8,4804,4804,0
A_N8_r4,A,8,4,47.6732231269998,8,4825,4825,0
A_N8_r4,A,8,4,47.87354214600009,8,4845,4845,0
A_N8_r4,A,8,4,48.07381798200004,8,4865,4865,0
A_N8_r4,A,8,4,48.27491502900011,8,4887,4887,0
A_N8_r4,A,8,4,48.47577961800016,8,4907,4907,0
A_N8_r4,A,8,4,48.67650212599983,8,4927,4927,0
A_N8_r4,A,8,4,48.87873874700017,8,4947,4947,0
A_N8_r4,A,8,4,49.07991139900014,8,4969,4969,0
A_N8_r4,A,8,4,49.282827150999765,8,4988,4988,0
A_N8_r4,A,8,4,49.4832322530001,8,5009,5009,0
A_N8_r4,A,8,4,49.6837824600002,8,5029,5029,0
A_N8_r4,A,8,4,49.88483829699999,8,5049,5049,0
A_N8_r4,A,8,4,50.08592806700017,8,5072,5072,0
A_N8_r4,A,8,4,50.288392148000185,8,5094,5094,0
A_N8_r4,A,8,4,50.48957333699991,8,5115,5115,0
A_N8_r4,A,8,4,50.69181788300011,8,5135,5135,0
A_N8_r4,A,8,4,50.89413604799984,8,5157,5157,0
A_N8_r4,A,8,4,51.09473961200001,8,5178,5178,0
A_N8_r4,A,8,4,51.29579285199998,8,5199,5199,0
A_N8_r4,A,8,4,51.49659509799994,8,5220,5220,0
A_N8_r4,A,8,4,51.697562457000004,8,5240,5240,0
A_N8_r4,A,8,4,51.898552538999866,8,5264,5264,0
A_N8_r4,A,8,4,52.10078104000013,8,5282,5282,0
A_N8_r4,A,8,4,52.30196264899996,8,5302,5302,0
A_N8_r4,A,8,4,52.502575480999894,8,5323,5323,0
A_N8_r4,A,8,4,52.705141055999775,8,5346,5346,0
A_N8_r4,A,8,4,52.90564399999994,8,5362,5362,0
A_N8_r4,A,8,4,53.10597644000018,8,5380,5380,0
A_N8_r4,A,8,4,53.306866832000196,8,5400,5400,0
A_N8_r4,A,8,4,53.51121206700009,8,5423,5423,0
A_N8_r4,A,8,4,53.71192025499977,8,5446,5446,0
A_N8_r4,A,8,4,53.91272715000014,8,5466,5466,0
A_N8_r4,A,8,4,54.1139611550002,8,5486,5486,0
A_N8_r4,A,8,4,54.315584402999775,8,5507,5507,0
A_N8_r4,A,8,4,54.51669375699976,8,5525,5525,0
A_N8_r4,A,8,4,54.717573625000114,8,5546,5546,0
A_N8_r4,A,8,4,54.9187890799999,8,5564,5564,0
A_N8_r4,A,8,4,55.12070459300003,8,5585,5585,0
A_N8_r4,A,8,4,55.322029309999834,8,5604,5604,0
A_N8_r4,A,8,4,55.52264576400012,8,5626,5626,0
A_N8_r4,A,8,4,55.72492105399988,8,5647,5647,0
A_N8_r4,A,8,4,55.92603414999985,8,5670,5670,0
A_N8_r4,A,8,4,56.12722762900012,8,5691,5691,0
A_N8_r4,A,8,4,56.32874248100006,8,5712,5712,0
A_N8_r4,A,8,4,56.52984706699999,8,5732,5732,0
A_N8_r4,A,8,4,56.730238498999825,8,5752,5752,0
A_N8_r4,A,8,4,56.93148185700011,8,5774,5774,0
A_N8_r4,A,8,4,57.13226182700009,8,5794,5794,0
A_N8_r4,A,8,4,57.33330740400015,8,5817,5817,0
A_N8_r4,A,8,4,57.53433822499983,8,5837,5837,0
A_N8_r4,A,8,4,57.73474332800015,8,5856,5856,0
A_N8_r4,A,8,4,57.935164902999986,8,5878,5878,0
A_N8_r4,A,8,4,58.13597723900011,8,5898,5898,0
A_N8_r4,A,8,4,58.33726252699989,8,5916,5916,0
A_N8_r4,A,8,4,58.537605628000165,8,5939,5939,0
A_N8_r4,A,8,4,58.73954836299981,8,5957,5957,0
A_N8_r4,A,8,4,58.94151037499978,8,5981,5981,0
A_N8_r4,A,8,4,59.14259252800002,8,6002,6002,0
A_N8_r4,A,8,4,59.3432778639999,8,6021,6021,0
A_N8_r4,A,8,4,59.54579310000008,8,6044,6044,0
A_N8_r4,A,8,4,59.7477477729999,8,6065,6065,0
A_N8_r4,A,8,4,59.948251032999906,8,6084,6084,0
A_N8_r4,A,8,4,60.14882414600015,0,6100,6100,0
A_N8_r5,A,8,5,0.0057616089998191455,0,0,0,0
A_N8_r5,A,8,5,0.20681842399972084,8,16,16,0
A_N8_r5,A,8,5,0.4077624849996937,8,37,37,0
A_N8_r5,A,8,5,0.6086266849997628,8,58,58,0
A_N8_r5,A,8,5,0.8101835789998404,8,78,78,0
A_N8_r5,A,8,5,1.0107759990000886,8,97,97,0
A_N8_r5,A,8,5,1.2124230989998068,8,117,117,0
A_N8_r5,A,8,5,1.4140670629999477,8,140,140,0
A_N8_r5,A,8,5,1.6147750909999559,8,160,160,0
A_N8_r5,A,8,5,1.8155095209999672,8,180,180,0
A_N8_r5,A,8,5,2.016750645999764,8,202,202,0
A_N8_r5,A,8,5,2.2179828939997606,8,220,220,0
A_N8_r5,A,8,5,2.4194904149999275,8,242,242,0
A_N8_r5,A,8,5,2.6203191280001192,8,261,261,0
A_N8_r5,A,8,5,2.820741650999935,8,281,281,0
A_N8_r5,A,8,5,3.021823929999755,8,301,301,0
A_N8_r5,A,8,5,3.221929815999829,8,320,320,0
A_N8_r5,A,8,5,3.4237479210000856,8,343,343,0
A_N8_r5,A,8,5,3.6241248110000015,8,364,364,0
A_N8_r5,A,8,5,3.824477967999883,8,383,383,0
A_N8_r5,A,8,5,4.025634372999775,8,404,404,0
A_N8_r5,A,8,5,4.227763493000111,8,426,426,0
A_N8_r5,A,8,5,4.428843411999878,8,446,446,0
A_N8_r5,A,8,5,4.6299527569999555,8,464,464,0
A_N8_r5,A,8,5,4.8304933449999226,8,488,488,0
A_N8_r5,A,8,5,5.030849556999783,8,509,509,0
A_N8_r5,A,8,5,5.23215206399982,8,531,531,0
A_N8_r5,A,8,5,5.43384316699985,8,551,551,0
A_N8_r5,A,8,5,5.635730073000104,8,572,572,0
A_N8_r5,A,8,5,5.838216977999764,8,594,594,0
A_N8_r5,A,8,5,6.039934215999892,8,615,615,0
A_N8_r5,A,8,5,6.241938800999833,8,636,636,0
A_N8_r5,A,8,5,6.443697426999734,8,658,658,0
A_N8_r5,A,8,5,6.6451656139997795,8,677,677,0
A_N8_r5,A,8,5,6.846178256999792,8,695,695,0
A_N8_r5,A,8,5,7.047732130999975,8,716,716,0
A_N8_r5,A,8,5,7.248902997999721,8,736,736,0
A_N8_r5,A,8,5,7.451170044999799,8,755,755,0
A_N8_r5,A,8,5,7.651938367999719,8,777,777,0
A_N8_r5,A,8,5,7.853423543999725,8,797,797,0
A_N8_r5,A,8,5,8.054302561999975,8,818,818,0
A_N8_r5,A,8,5,8.255032657999891,8,839,839,0
A_N8_r5,A,8,5,8.455734900999687,8,860,860,0
A_N8_r5,A,8,5,8.656339929999831,8,880,880,0
A_N8_r5,A,8,5,8.858118206999734,8,902,902,0
A_N8_r5,A,8,5,9.059036143999947,8,920,920,0
A_N8_r5,A,8,5,9.261725912999736,8,940,940,0
A_N8_r5,A,8,5,9.462558087999696,8,959,959,0
A_N8_r5,A,8,5,9.663740455999687,8,980,980,0
A_N8_r5,A,8,5,9.864942815999711,8,1001,1001,0
A_N8_r5,A,8,5,10.066178330999719,8,1022,1022,0
A_N8_r5,A,8,5,10.267723603999912,8,1043,1043,0
A_N8_r5,A,8,5,10.468910585999765,8,1063,1063,0
A_N8_r5,A,8,5,10.670381027000076,8,1082,1082,0
A_N8_r5,A,8,5,10.871820480999759,8,1104,1104,0
A_N8_r5,A,8,5,11.072734300999855,8,1124,1124,0
A_N8_r5,A,8,5,11.273830046000057,8,1144,1144,0
A_N8_r5,A,8,5,11.474822915999994,8,1162,1162,0
A_N8_r5,A,8,5,11.675990645999718,8,1183,1183,0
A_N8_r5,A,8,5,11.876355747999696,8,1205,1205,0
A_N8_r5,A,8,5,12.076676817999669,8,1227,1227,0
A_N8_r5,A,8,5,12.277074423999693,8,1248,1248,0
A_N8_r5,A,8,5,12.478106632999697,8,1265,1265,0
A_N8_r5,A,8,5,12.678822111000045,8,1286,1286,0
A_N8_r5,A,8,5,12.880044664999787,8,1304,1304,0
A_N8_r5,A,8,5,13.086277224999776,8,1324,1324,0
A_N8_r5,A,8,5,13.287785361999795,8,1347,1347,0
A_N8_r5,A,8,5,13.489696663999894,8,1368,1368,0
A_N8_r5,A,8,5,13.690483231999679,8,1387,1387,0
A_N8_r5,A,8,5,13.89104726200003,8,1410,1410,0
A_N8_r5,A,8,5,14.09225117599999,8,1429,1429,0
A_N8_r5,A,8,5,14.293630614999984,8,1448,1448,0
A_N8_r5,A,8,5,14.493955922999703,8,1469,1469,0
A_N8_r5,A,8,5,14.694239691999883,8,1489,1489,0
A_N8_r5,A,8,5,14.895426338000107,8,1507,1507,0
A_N8_r5,A,8,5,15.096435747999749,8,1526,1526,0
A_N8_r5,A,8,5,15.297151091999694,8,1548,1548,0
A_N8_r5,A,8,5,15.498030555999776,8,1569,1569,0
A_N8_r5,A,8,5,15.699655223999798,8,1589,1589,0
A_N8_r5,A,8,5,15.902239024999744,8,1607,1607,0
A_N8_r5,A,8,5,16.102394019999792,8,1627,1627,0
A_N8_r5,A,8,5,16.303917761999855,8,1648,1648,0
A_N8_r5,A,8,5,16.505036455999743,8,1672,1672,0
A_N8_r5,A,8,5,16.70608736999975,8,1691,1691,0
A_N8_r5,A,8,5,16.90824712199992,8,1714,1714,0
A_N8_r5,A,8,5,17.108603884999866,8,1737,1737,0
A_N8_r5,A,8,5,17.309693888999846,8,1758,1758,0
A_N8_r5,A,8,5,17.511009339999873,8,1775,1775,0
A_N8_r5,A,8,5,17.711758537999685,8,1796,1796,0
A_N8_r5,A,8,5,17.91225382699986,8,1815,1815,0
A_N8_r5,A,8,5,18.113225790999877,8,1837,1837,0
A_N8_r5,A,8,5,18.314310980999835,8,1859,1859,0
A_N8_r5,A,8,5,18.51502649899976,8,1882,1882,0
A_N8_r5,A,8,5,18.717706273999738,8,1902,1902,0
A_N8_r5,A,8,5,18.91892707499983,8,1925,1925,0
A_N8_r5,A,8,5,19.120757342999696,8,1946,1946,0
A_N8_r5,A,8,5,19.32118344699984,8,1967,1967,0
A_N8_r5,A,8,5,19.521696395999697,8,1986,1986,0
A_N8_r5,A,8,5,19.72211781199985,8,2007,2007,0
A_N8_r5,A,8,5,19.923367912999765,8,2029,2029,0
A_N8_r5,A,8,5,20.124565505999726,8,2049,2049,0
A_N8_r5,A,8,5,20.325474832000054,8,2069,2069,0
A_N8_r5,A,8,5,20.526378217,8,2091,2091,0
A_N8_r5,A,8,5,20.72788377400002,8,2111,2111,0
A_N8_r5,A,8,5,20.92855340899996,8,2130,2130,0
A_N8_r5,A,8,5,21.129215139999815,8,2153,2153,0
A_N8_r5,A,8,5,21.330424539999967,8,2173,2173,0
A_N8_r5,A,8,5,21.530901760999768,8,2191,2191,0
A_N8_r5,A,8,5,21.731792195999788,8,2214,2214,0
A_N8_r5,A,8,5,21.934596264999982,8,2235,2235,0
A_N8_r5,A,8,5,22.13564078799982,8,2254,2254,0
A_N8_r5,A,8,5,22.336378317999788,8,2275,2275,0
A_N8_r5,A,8,5,22.536764490999758,8,2297,2297,0
A_N8_r5,A,8,5,22.737554760999956,8,2316,2316,0
A_N8_r5,A,8,5,22.938430375999815,8,2337,2337,0
A_N8_r5,A,8,5,23.140564550999898,8,2357,2357,0
A_N8_r5,A,8,5,23.3424732579997,8,2381,2381,0
A_N8_r5,A,8,5,23.543419258000085,8,2403,2403,0
A_N8_r5,A,8,5,23.74423484099998,8,2422,2422,0
A_N8_r5,A,8,5,23.945186806000038,8,2442,2442,0
A_N8_r5,A,8,5,24.145552681000026,8,2462,2462,0
A_N8_r5,A,8,5,24.348026925999875,8,2482,2482,0
A_N8_r5,A,8,5,24.54877618799992,8,2505,2505,0
A_N8_r5,A,8,5,24.74891102299989,8,2527,2527,0
A_N8_r5,A,8,5,24.949844920000032,8,2548,2548,0
A_N8_r5,A,8,5,25.150758098000097,8,2568,2568,0
A_N8_r5,A,8,5,25.352037449999898,8,2588,2588,0
A_N8_r5,A,8,5,25.553138754999964,8,2610,2610,0
A_N8_r5,A,8,5,25.753777072000048,8,2629,2629,0
A_N8_r5,A,8,5,25.954985513999873,8,2648,2648,0
A_N8_r5,A,8,5,26.15549308699974,8,2668,2668,0
A_N8_r5,A,8,5,26.3564973120001,8,2688,2688,0
A_N8_r5,A,8,5,26.55756267400011,8,2710,2710,0
A_N8_r5,A,8,5,26.757992699999704,8,2731,2731,0
A_N8_r5,A,8,5,26.95906578999984,8,2753,2753,0
A_N8_r5,A,8,5,27.160502662,8,2774,2774,0
A_N8_r5,A,8,5,27.36137988099972,8,2796,2796,0
A_N8_r5,A,8,5,27.563045144999705,8,2816,2816,0
A_N8_r5,A,8,5,27.76376428499998,8,2838,2838,0
A_N8_r5,A,8,5,27.964348832999804,8,2860,2860,0
A_N8_r5,A,8,5,28.165607501000068,8,2878,2878,0
A_N8_r5,A,8,5,28.366109823999977,8,2901,2901,0
A_N8_r5,A,8,5,28.56755995499998,8,2920,2920,0
A_N8_r5,A,8,5,28.769427597999766,8,2943,2943,0
A_N8_r5,A,8,5,28.97118094999996,8,2962,2962,0
A_N8_r5,A,8,5,29.17176930100004,8,2983,2983,0
A_N8_r5,A,8,5,29.372683669999788,8,3003,3003,0
A_N8_r5,A,8,5,29.573669354999765,8,3023,3023,0
A_N8_r5,A,8,5,29.774524190999728,8,3046,3046,0
A_N8_r5,A,8,5,29.974940840999807,8,3067,3067,0
A_N8_r5,A,8,5,30.17543605999981,8,3089,3089,0
A_N8_r5,A,8,5,30.376527069000076,8,3110,3110,0
A_N8_r5,A,8,5,30.57756616000006,8,3130,3130,0
A_N8_r5,A,8,5,30.778872948999833,8,3149,3149,0
A_N8_r5,A,8,5,30.979673331999948,8,3168,3168,0
A_N8_r5,A,8,5,31.182326099999955,8,3187,3187,0
A_N8_r5,A,8,5,31.38447400999985,8,3211,3211,0
A_N8_r5,A,8,5,31.584953985000084,8,3230,3230,0
A_N8_r5,A,8,5,31.785687740999947,8,3253,3253,0
A_N8_r5,A,8,5,31.986235980999936,8,3275,3275,0
A_N8_r5,A,8,5,32.18721626999968,8,3297,3297,0
A_N8_r5,A,8,5,32.39049522000005,8,3315,3315,0
A_N8_r5,A,8,5,32.59082704899993,8,3335,3335,0
A_N8_r5,A,8,5,32.792089613999906,8,3358,3358,0
A_N8_r5,A,8,5,32.992913831999886,8,3378,3378,0
A_N8_r5,A,8,5,33.19360138000002,8,3397,3397,0
A_N8_r5,A,8,5,33.39471563799998,8,3419,3419,0
A_N8_r5,A,8,5,33.59544252099977,8,3440,3440,0
A_N8_r5,A,8,5,33.79629518399997,8,3461,3461,0
A_N8_r5,A,8,5,33.99662344499984,8,3479,3479,0
A_N8_r5,A,8,5,34.19714412199983,8,3499,3499,0
A_N8_r5,A,8,5,34.39788311199982,8,3518,3518,0
A_N8_r5,A,8,5,34.59843060000003,8,3537,3537,0
A_N8_r5,A,8,5,34.79888184499987,8,3558,3558,0
A_N8_r5,A,8,5,34.99928158700004,8,3579,3579,0
A_N8_r5,A,8,5,35.19965223400004,8,3600,3600,0
A_N8_r5,A,8,5,35.40043505199992,8,3622,3622,0
A_N8_r5,A,8,5,35.60358217699968,8,3644,3644,0
A_N8_r5,A,8,5,35.80383267699972,8,3664,3664,0
A_N8_r5,A,8,5,36.004792926999926,8,3682,3682,0
A_N8_r5,A,8,5,36.20582233799996,8,3704,3704,0
A_N8_r5,A,8,5,36.40693460700004,8,3725,3725,0
A_N8_r5,A,8,5,36.607775631000095,8,3745,3745,0
A_N8_r5,A,8,5,36.8080208450001,8,3766,3766,0
A_N8_r5,A,8,5,37.009154839000075,8,3789,3789,0
A_N8_r5,A,8,5,37.21016998799996,8,3809,3809,0
A_N8_r5,A,8,5,37.41062296099972,8,3831,3831,0
A_N8_r5,A,8,5,37.61231952299977,8,3855,3855,0
A_N8_r5,A,8,5,37.81415363699989,8,3874,3874,0
A_N8_r5,A,8,5,38.01531688199975,8,3894,3894,0
A_N8_r5,A,8,5,38.216273184999864,8,3916,3916,0
A_N8_r5,A,8,5,38.41688751799984,8,3939,3939,0
A_N8_r5,A,8,5,38.62171964499976,8,3960,3960,0
A_N8_r5,A,8,5,38.822798651000085,8,3983,3983,0
A_N8_r5,A,8,5,39.023777892,8,4003,4003,0
A_N8_r5,A,8,5,39.22553653199975,8,4024,4024,0
A_N8_r5,A,8,5,39.42902870099988,8,4043,4043,0
A_N8_r5,A,8,5,39.62974700599989,8,4062,4062,0
A_N8_r5,A,8,5,39.83229421399983,8,4084,4084,0
A_N8_r5,A,8,5,40.03335774900006,8,4104,4104,0
A_N8_r5,A,8,5,40.23447489599994,8,4124,4124,0
A_N8_r5,A,8,5,40.43587218499988,8,4143,4143,0
A_N8_r5,A,8,5,40.63645229299982,8,4163,4163,0
A_N8_r5,A,8,5,40.837460263999674,8,4181,4181,0
A_N8_r5,A,8,5,41.037885211999765,8,4202,4202,0
A_N8_r5,A,8,5,41.23878432999982,8,4220,4220,0
A_N8_r5,A,8,5,41.441055391999726,8,4238,4238,0
A_N8_r5,A,8,5,41.6444232849999,8,4258,4258,0
A_N8_r5,A,8,5,41.8447516010001,8,4277,4277,0
A_N8_r5,A,8,5,42.04568307499994,8,4301,4301,0
A_N8_r5,A,8,5,42.24649060399997,8,4322,4322,0
A_N8_r5,A,8,5,42.44697554100003,8,4345,4345,0
A_N8_r5,A,8,5,42.64746970499982,8,4366,4366,0
A_N8_r5,A,8,5,42.8482671859997,8,4387,4387,0
A_N8_r5,A,8,5,43.049524293000104,8,4409,4409,0
A_N8_r5,A,8,5,43.250281380999695,8,4428,4428,0
A_N8_r5,A,8,5,43.45123823799986,8,4449,4449,0
A_N8_r5,A,8,5,43.651825594,8,4470,4470,0
A_N8_r5,A,8,5,43.85326592000001,8,4491,4491,0
A_N8_r5,A,8,5,44.054564840999774,8,4511,4511,0
A_N8_r5,A,8,5,44.25497435399984,8,4531,4531,0
A_N8_r5,A,8,5,44.45525734700004,8,4551,4551,0
A_N8_r5,A,8,5,44.656766826999956,8,4573,4573,0
A_N8_r5,A,8,5,44.858083994000026,8,4594,4594,0
A_N8_r5,A,8,5,45.058692430000065,8,4614,4614,0
A_N8_r5,A,8,5,45.2591251609997,8,4635,4635,0
A_N8_r5,A,8,5,45.46015131900003,8,4657,4657,0
A_N8_r5,A,8,5,45.66123460500012,8,4679,4679,0
A_N8_r5,A,8,5,45.86242398500008,8,4701,4701,0
A_N8_r5,A,8,5,46.06327854199981,8,4719,4719,0
A_N8_r5,A,8,5,46.26523114299971,8,4740,4740,0
A_N8_r5,A,8,5,46.466071632999956,8,4760,4760,0
A_N8_r5,A,8,5,46.66688402999989,8,4778,4778,0
A_N8_r5,A,8,5,46.86911578299987,8,4797,4797,0
A_N8_r5,A,8,5,47.07003074899967,8,4815,4815,0
A_N8_r5,A,8,5,47.27367786099967,8,4836,4836,0
A_N8_r5,A,8,5,47.473940518999825,8,4856,4856,0
A_N8_r5,A,8,5,47.675174380000044,8,4876,4876,0
A_N8_r5,A,8,5,47.875822593000066,8,4897,4897,0
A_N8_r5,A,8,5,48.07688757899996,8,4916,4916,0
A_N8_r5,A,8,5,48.27808632799997,8,4937,4937,0
A_N8_r5,A,8,5,48.478507762999925,8,4957,4957,0
A_N8_r5,A,8,5,48.67904583800009,8,4979,4979,0
A_N8_r5,A,8,5,48.88052865000009,8,4999,4999,0
A_N8_r5,A,8,5,49.0813104519998,8,5020,5020,0
A_N8_r5,A,8,5,49.28233135899973,8,5042,5042,0
A_N8_r5,A,8,5,49.48327455799972,8,5062,5062,0
A_N8_r5,A,8,5,49.68543022899985,8,5081,5081,0
A_N8_r5,A,8,5,49.88637582499996,8,5100,5100,0
A_N8_r5,A,8,5,50.09022435299994,8,5123,5123,0
A_N8_r5,A,8,5,50.29236982900011,8,5143,5143,0
A_N8_r5,A,8,5,50.49285835899991,8,5163,5163,0
A_N8_r5,A,8,5,50.69411357499985,8,5183,5183,0
A_N8_r5,A,8,5,50.894574526999804,8,5204,5204,0
A_N8_r5,A,8,5,51.09584665900002,8,5225,5225,0
A_N8_r5,A,8,5,51.29696162399978,8,5244,5244,0
A_N8_r5,A,8,5,51.4974685039997,8,5264,5264,0
A_N8_r5,A,8,5,51.69891087999986,8,5288,5288,0
A_N8_r5,A,8,5,51.90000894600007,8,5306,5306,0
A_N8_r5,A,8,5,52.10116715699996,8,5327,5327,0
A_N8_r5,A,8,5,52.302088597999955,8,5348,5348,0
A_N8_r5,A,8,5,52.50318065400006,8,5368,5368,0
A_N8_r5,A,8,5,52.7037405799997,8,5386,5386,0
A_N8_r5,A,8,5,52.905457082999874,8,5407,5407,0
A_N8_r5,A,8,5,53.1064744119999,8,5428,5428,0
A_N8_r5,A,8,5,53.30710426499991,8,5449,5449,0
A_N8_r5,A,8,5,53.50791691399991,8,5468,5468,0
A_N8_r5,A,8,5,53.708925506000014,8,5489,5489,0
A_N8_r5,A,8,5,53.910055973,8,5510,5510,0
A_N8_r5,A,8,5,54.111893813999814,8,5531,5531,0
A_N8_r5,A,8,5,54.31341084499991,8,5552,5552,0
A_N8_r5,A,8,5,54.51412956100012,8,5572,5572,0
A_N8_r5,A,8,5,54.71433020399991,8,5592,5592,0
A_N8_r5,A,8,5,54.91495021599985,8,5614,5614,0
A_N8_r5,A,8,5,55.115161713999896,8,5635,5635,0
A_N8_r5,A,8,5,55.31684304200007,8,5656,5656,0
A_N8_r5,A,8,5,55.51747109100006,8,5678,5678,0
A_N8_r5,A,8,5,55.71796653799993,8,5699,5699,0
A_N8_r5,A,8,5,55.919086634999985,8,5718,5718,0
A_N8_r5,A,8,5,56.119526080000014,8,5738,5738,0
A_N8_r5,A,8,5,56.31984485599969,8,5759,5759,0
A_N8_r5,A,8,5,56.52052342499974,8,5780,5780,0
A_N8_r5,A,8,5,56.720941821,8,5802,5802,0
A_N8_r5,A,8,5,56.92193683400001,8,5824,5824,0
A_N8_r5,A,8,5,57.124063766999825,8,5843,5843,0
A_N8_r5,A,8,5,57.324820548999924,8,5867,5867,0
A_N8_r5,A,8,5,57.525699583000005,8,5885,5885,0
A_N8_r5,A,8,5,57.72684620600012,8,5904,5904,0
A_N8_r5,A,8,5,57.928636683999684,8,5925,5925,0
A_N8_r5,A,8,5,58.1303745729997,8,5946,5946,0
A_N8_r5,A,8,5,58.33265034299984,8,5965,5965,0
A_N8_r5,A,8,5,58.534042235000015,8,5989,5989,0
A_N8_r5,A,8,5,58.734945389999666,8,6012,6012,0
A_N8_r5,A,8,5,58.93556015100012,8,6033,6033,0
A_N8_r5,A,8,5,59.13584486599984,8,6055,6055,0
A_N8_r5,A,8,5,59.33660723799994,8,6078,6078,0
A_N8_r5,A,8,5,59.53714410199973,8,6098,6098,0
A_N8_r5,A,8,5,59.737722634999955,8,6116,6116,0
A_N8_r5,A,8,5,59.93851729199969,8,6136,6136,0
A_N8_r5,A,8,5,60.139678274999824,0,6150,6150,0
A_N8_r6,A,8,6,0.0055162319999908505,0,0,0,0
A_N8_r6,A,8,6,0.20684625500007314,8,15,15,0
A_N8_r6,A,8,6,0.40801461299997754,8,36,36,0
A_N8_r6,A,8,6,0.6085556640000505,8,55,55,0
A_N8_r6,A,8,6,0.8094645230003152,8,77,77,0
A_N8_r6,A,8,6,1.0119118020002134,8,98,98,0
A_N8_r6,A,8,6,1.2136266620000242,8,121,121,0
A_N8_r6,A,8,6,1.414721254000142,8,142,142,0
A_N8_r6,A,8,6,1.6160878460000276,8,163,163,0
A_N8_r6,A,8,6,1.8177036219999536,8,184,184,0
A_N8_r6,A,8,6,2.0187468110002555,8,208,208,0
A_N8_r6,A,8,6,2.2195047180002803,8,226,226,0
A_N8_r6,A,8,6,2.4203619540003274,8,247,247,0
A_N8_r6,A,8,6,2.621343781000178,8,269,269,0
A_N8_r6,A,8,6,2.822265534000053,8,288,288,0
A_N8_r6,A,8,6,3.0234397459998945,8,309,309,0
A_N8_r6,A,8,6,3.224170236000191,8,327,327,0
A_N8_r6,A,8,6,3.4252548180002123,8,349,349,0
A_N8_r6,A,8,6,3.626313606000167,8,369,369,0
A_N8_r6,A,8,6,3.826744881000195,8,392,392,0
A_N8_r6,A,8,6,4.030177896000168,8,412,412,0
A_N8_r6,A,8,6,4.232119820000207,8,434,434,0
A_N8_r6,A,8,6,4.4329578290003155,8,454,454,0
A_N8_r6,A,8,6,4.63356041499992,8,474,474,0
A_N8_r6,A,8,6,4.834543211999971,8,495,495,0
A_N8_r6,A,8,6,5.035038615000303,8,513,513,0
A_N8_r6,A,8,6,5.2359861660002025,8,533,533,0
A_N8_r6,A,8,6,5.4363300509999135,8,553,553,0
A_N8_r6,A,8,6,5.637025607999931,8,573,573,0
A_N8_r6,A,8,6,5.838029690999974,8,594,594,0
A_N8_r6,A,8,6,6.039113214000281,8,616,616,0
A_N8_r6,A,8,6,6.240230411000084,8,637,637,0
A_N8_r6,A,8,6,6.440693197000201,8,658,658,0
A_N8_r6,A,8,6,6.641936948999955,8,678,678,0
A_N8_r6,A,8,6,6.8424808519998805,8,699,699,0
A_N8_r6,A,8,6,7.043360043000121,8,720,720,0
A_N8_r6,A,8,6,7.2440851700002895,8,741,741,0
A_N8_r6,A,8,6,7.445406090000233,8,762,762,0
A_N8_r6,A,8,6,7.647203988000001,8,781,781,0
A_N8_r6,A,8,6,7.847460370000135,8,805,805,0
A_N8_r6,A,8,6,8.048053582000193,8,825,825,0
A_N8_r6,A,8,6,8.249196918000052,8,845,845,0
A_N8_r6,A,8,6,8.450393135000013,8,867,867,0
A_N8_r6,A,8,6,8.65110235100019,8,886,886,0
A_N8_r6,A,8,6,8.852147155000239,8,908,908,0
A_N8_r6,A,8,6,9.053227315000186,8,929,929,0
A_N8_r6,A,8,6,9.254752110000027,8,949,949,0
A_N8_r6,A,8,6,9.45561077100001,8,972,972,0
A_N8_r6,A,8,6,9.6569058340001,8,990,990,0
A_N8_r6,A,8,6,9.857951994999894,8,1011,1011,0
A_N8_r6,A,8,6,10.058921489000113,8,1032,1032,0
A_N8_r6,A,8,6,10.260046719999991,8,1051,1051,0
A_N8_r6,A,8,6,10.461650401000043,8,1072,1072,0
A_N8_r6,A,8,6,10.6619793939999,8,1092,1092,0
A_N8_r6,A,8,6,10.862682978000066,8,1114,1114,0
A_N8_r6,A,8,6,11.064823691000129,8,1133,1133,0
A_N8_r6,A,8,6,11.265685936999944,8,1155,1155,0
A_N8_r6,A,8,6,11.466414059000272,8,1176,1176,0
A_N8_r6,A,8,6,11.667397789999995,8,1197,1197,0
A_N8_r6,A,8,6,11.867663818999972,8,1218,1218,0
A_N8_r6,A,8,6,12.068603404999976,8,1239,1239,0
A_N8_r6,A,8,6,12.26918804900015,8,1257,1257,0
A_N8_r6,A,8,6,12.470115965000332,8,1277,1277,0
A_N8_r6,A,8,6,12.67046441399998,8,1299,1299,0
A_N8_r6,A,8,6,12.872169920000033,8,1320,1320,0
A_N8_r6,A,8,6,13.073203650000323,8,1340,1340,0
A_N8_r6,A,8,6,13.273571616000027,8,1359,1359,0
A_N8_r6,A,8,6,13.474729563999972,8,1381,1381,0
A_N8_r6,A,8,6,13.675621309000235,8,1404,1404,0
A_N8_r6,A,8,6,13.876716350000152,8,1425,1425,0
A_N8_r6,A,8,6,14.077131179999924,8,1445,1445,0
A_N8_r6,A,8,6,14.277809700000034,8,1467,1467,0
A_N8_r6,A,8,6,14.478586447999987,8,1486,1486,0
A_N8_r6,A,8,6,14.68072004600026,8,1504,1504,0
A_N8_r6,A,8,6,14.88189918099988,8,1524,1524,0
A_N8_r6,A,8,6,15.08259684199993,8,1545,1545,0
A_N8_r6,A,8,6,15.28317063700024,8,1563,1563,0
A_N8_r6,A,8,6,15.483857640000224,8,1583,1583,0
A_N8_r6,A,8,6,15.686022281000078,8,1604,1604,0
A_N8_r6,A,8,6,15.886173539000083,8,1623,1623,0
A_N8_r6,A,8,6,16.0868747909999,8,1645,1645,0
A_N8_r6,A,8,6,16.28728520100003,8,1664,1664,0
A_N8_r6,A,8,6,16.48763086000008,8,1684,1684,0
A_N8_r6,A,8,6,16.68843415099991,8,1705,1705,0
A_N8_r6,A,8,6,16.888999038000293,8,1724,1724,0
A_N8_r6,A,8,6,17.090452903999903,8,1746,1746,0
A_N8_r6,A,8,6,17.29224306800006,8,1767,1767,0
A_N8_r6,A,8,6,17.493822404000184,8,1785,1785,0
A_N8_r6,A,8,6,17.69453871399992,8,1807,1807,0
A_N8_r6,A,8,6,17.89676457900032,8,1829,1829,0
A_N8_r6,A,8,6,18.097326646000056,8,1850,1850,0
A_N8_r6,A,8,6,18.297686659000192,8,1869,1869,0
A_N8_r6,A,8,6,18.49850404300014,8,1889,1889,0
A_N8_r6,A,8,6,18.69944468299991,8,1909,1909,0
A_N8_r6,A,8,6,18.899733576000017,8,1930,1930,0
A_N8_r6,A,8,6,19.100823799999944,8,1951,1951,0
A_N8_r6,A,8,6,19.303608881999935,8,1970,1970,0
A_N8_r6,A,8,6,19.50461823400019,8,1990,1990,0
A_N8_r6,A,8,6,19.704938200000015,8,2012,2012,0
A_N8_r6,A,8,6,19.905915304000246,8,2032,2032,0
A_N8_r6,A,8,6,20.107339096000032,8,2053,2053,0
A_N8_r6,A,8,6,20.308124685000166,8,2075,2075,0
A_N8_r6,A,8,6,20.50974911000003,8,2092,2092,0
A_N8_r6,A,8,6,20.71028023100007,8,2113,2113,0
A_N8_r6,A,8,6,20.91145794000022,8,2133,2133,0
A_N8_r6,A,8,6,21.114372526999887,8,2153,2153,0
A_N8_r6,A,8,6,21.316827181000008,8,2174,2174,0
A_N8_r6,A,8,6,21.51746748200003,8,2192,2192,0
A_N8_r6,A,8,6,21.718624686000112,8,2213,2213,0
A_N8_r6,A,8,6,21.919321595999918,8,2234,2234,0
A_N8_r6,A,8,6,22.120694409999942,8,2255,2255,0
A_N8_r6,A,8,6,22.321011688999988,8,2275,2275,0
A_N8_r6,A,8,6,22.522738738000044,8,2295,2295,0
A_N8_r6,A,8,6,22.72376238300012,8,2317,2317,0
A_N8_r6,A,8,6,22.925565688999995,8,2336,2336,0
A_N8_r6,A,8,6,23.126806486000078,8,2358,2358,0
A_N8_r6,A,8,6,23.32785620100003,8,2380,2380,0
A_N8_r6,A,8,6,23.52893681600017,8,2400,2400,0
A_N8_r6,A,8,6,23.72987537400013,8,2421,2421,0
A_N8_r6,A,8,6,23.930678736000118,8,2441,2441,0
A_N8_r6,A,8,6,24.131427393000195,8,2462,2462,0
A_N8_r6,A,8,6,24.357581981000294,8,2479,2479,0
A_N8_r6,A,8,6,24.55864098100028,8,2503,2503,0
A_N8_r6,A,8,6,24.75911486000041,8,2523,2523,0
A_N8_r6,A,8,6,24.960189761000038,8,2543,2543,0
A_N8_r6,A,8,6,25.160556247000386,8,2566,2566,0
A_N8_r6,A,8,6,25.36131481800021,8,2585,2585,0
A_N8_r6,A,8,6,25.56283552900004,8,2605,2605,0
A_N8_r6,A,8,6,25.764024471000084,8,2625,2625,0
A_N8_r6,A,8,6,25.96528550000039,8,2645,2645,0
A_N8_r6,A,8,6,26.167892604999906,8,2668,2668,0
A_N8_r6,A,8,6,26.368419409000126,8,2692,2692,0
A_N8_r6,A,8,6,26.569151869000052,8,2713,2713,0
A_N8_r6,A,8,6,26.77125387900014,8,2733,2733,0
A_N8_r6,A,8,6,26.972088162000546,8,2752,2752,0
A_N8_r6,A,8,6,27.174151659000017,8,2775,2775,0
A_N8_r6,A,8,6,27.375494937999974,8,2795,2795,0
A_N8_r6,A,8,6,27.5763956210003,8,2819,2819,0
A_N8_r6,A,8,6,27.778031329999976,8,2837,2837,0
A_N8_r6,A,8,6,27.980086385000504,8,2859,2859,0
A_N8_r6,A,8,6,28.181263463000505,8,2875,2875,0
A_N8_r6,A,8,6,28.38392683300026,8,2895,2895,0
A_N8_r6,A,8,6,28.584276605000014,8,2916,2916,0
A_N8_r6,A,8,6,28.78546951699991,8,2936,2936,0
A_N8_r6,A,8,6,28.985768561999976,8,2959,2959,0
A_N8_r6,A,8,6,29.186586341999828,8,2977,2977,0
A_N8_r6,A,8,6,29.387672613000177,8,2997,2997,0
A_N8_r6,A,8,6,29.58941719700033,8,3017,3017,0
A_N8_r6,A,8,6,29.789884886000436,8,3035,3035,0
A_N8_r6,A,8,6,29.990608150999833,8,3057,3057,0
A_N8_r6,A,8,6,30.19093840000005,8,3078,3078,0
A_N8_r6,A,8,6,30.39133984399996,8,3099,3099,0
A_N8_r6,A,8,6,30.59223059099986,8,3119,3119,0
A_N8_r6,A,8,6,30.793429342999843,8,3143,3143,0
A_N8_r6,A,8,6,30.994518487000278,8,3164,3164,0
A_N8_r6,A,8,6,31.19553883000026,8,3183,3183,0
A_N8_r6,A,8,6,31.396750206999968,8,3203,3203,0
A_N8_r6,A,8,6,31.598389490000045,8,3224,3224,0
A_N8_r6,A,8,6,31.798684800000046,8,3242,3242,0
A_N8_r6,A,8,6,32.0025442189999,8,3262,3262,0
A_N8_r6,A,8,6,32.20398550600021,8,3281,3281,0
A_N8_r6,A,8,6,32.40450112600047,8,3304,3304,0
A_N8_r6,A,8,6,32.60560248100046,8,3323,3323,0
A_N8_r6,A,8,6,32.80776899000011,8,3345,3345,0
A_N8_r6,A,8,6,33.00952361600048,8,3367,3367,0
A_N8_r6,A,8,6,33.211094594000315,8,3385,3385,0
A_N8_r6,A,8,6,33.41195854899979,8,3407,3407,0
A_N8_r6,A,8,6,33.613538958999925,8,3425,3425,0
A_N8_r6,A,8,6,33.81441431999974,8,3446,3446,0
A_N8_r6,A,8,6,34.01480729500054,8,3467,3467,0
A_N8_r6,A,8,6,34.21742428299967,8,3488,3488,0
A_N8_r6,A,8,6,34.41932171600001,8,3508,3508,0
A_N8_r6,A,8,6,34.62052908199985,8,3528,3528,0
A_N8_r6,A,8,6,34.82111652000003,8,3549,3549,0
A_N8_r6,A,8,6,35.02230825600054,8,3568,3568,0
A_N8_r6,A,8,6,35.22379467199971,8,3588,3588,0
A_N8_r6,A,8,6,35.4248198410005,8,3608,3608,0
A_N8_r6,A,8,6,35.62546047500018,8,3628,3628,0
A_N8_r6,A,8,6,35.82636562100015,8,3647,3647,0
A_N8_r6,A,8,6,36.02696077900055,8,3668,3668,0
A_N8_r6,A,8,6,36.227651887999855,8,3687,3687,0
A_N8_r6,A,8,6,36.429206749000514,8,3706,3706,0
A_N8_r6,A,8,6,36.629532537999694,8,3727,3727,0
A_N8_r6,A,8,6,36.830182413999864,8,3749,3749,0
A_N8_r6,A,8,6,37.031228212000315,8,3770,3770,0
A_N8_r6,A,8,6,37.233017970999754,8,3791,3791,0
A_N8_r6,A,8,6,37.43566899800044,8,3813,3813,0
A_N8_r6,A,8,6,37.63598247899972,8,3832,3832,0
A_N8_r6,A,8,6,37.83743696700003,8,3851,3851,0
A_N8_r6,A,8,6,38.03891684199971,8,3873,3873,0
A_N8_r6,A,8,6,38.23932622600023,8,3893,3893,0
A_N8_r6,A,8,6,38.440463171000374,8,3912,3912,0
A_N8_r6,A,8,6,38.642758420000064,8,3934,3934,0
A_N8_r6,A,8,6,38.8438243139999,8,3954,3954,0
A_N8_r6,A,8,6,39.0443669440001,8,3975,3975,0
A_N8_r6,A,8,6,39.245355881999785,8,3996,3996,0
A_N8_r6,A,8,6,39.446372442999746,8,4014,4014,0
A_N8_r6,A,8,6,39.64860773200053,8,4035,4035,0
A_N8_r6,A,8,6,39.849627693,8,4056,4056,0
A_N8_r6,A,8,6,40.051197007000155,8,4075,4075,0
A_N8_r6,A,8,6,40.2533567319997,8,4097,4097,0
A_N8_r6,A,8,6,40.454476363999675,8,4115,4115,0
A_N8_r6,A,8,6,40.65591186900019,8,4137,4137,0
A_N8_r6,A,8,6,40.85666641999978,8,4157,4157,0
A_N8_r6,A,8,6,41.05736807999983,8,4175,4175,0
A_N8_r6,A,8,6,41.25952193900048,8,4196,4196,0
A_N8_r6,A,8,6,41.46039277199998,8,4215,4215,0
A_N8_r6,A,8,6,41.66197532000024,8,4234,4234,0
A_N8_r6,A,8,6,41.862434063000364,8,4256,4256,0
A_N8_r6,A,8,6,42.0638734690001,8,4278,4278,0
A_N8_r6,A,8,6,42.26454891400044,8,4298,4298,0
A_N8_r6,A,8,6,42.46605955799987,8,4318,4318,0
A_N8_r6,A,8,6,42.666693357999975,8,4339,4339,0
A_N8_r6,A,8,6,42.86709843399967,8,4359,4359,0
A_N8_r6,A,8,6,43.06922764400042,8,4378,4378,0
A_N8_r6,A,8,6,43.27016209500016,8,4399,4399,0
A_N8_r6,A,8,6,43.470675798999764,8,4420,4420,0
A_N8_r6,A,8,6,43.67119611700036,8,4440,4440,0
A_N8_r6,A,8,6,43.87263594199976,8,4461,4461,0
A_N8_r6,A,8,6,44.07312229699983,8,4481,4481,0
A_N8_r6,A,8,6,44.27653413799999,8,4503,4503,0
A_N8_r6,A,8,6,44.47803625200049,8,4521,4521,0
A_N8_r6,A,8,6,44.679348298999685,8,4539,4539,0
A_N8_r6,A,8,6,44.88149796700054,8,4561,4561,0
A_N8_r6,A,8,6,45.082814432000305,8,4581,4581,0
A_N8_r6,A,8,6,45.28369270500025,8,4602,4602,0
A_N8_r6,A,8,6,45.484210474000065,8,4624,4624,0
A_N8_r6,A,8,6,45.6863942709997,8,4643,4643,0
A_N8_r6,A,8,6,45.888120939000146,8,4664,4664,0
A_N8_r6,A,8,6,46.08926328800044,8,4686,4686,0
A_N8_r6,A,8,6,46.29056773400043,8,4707,4707,0
A_N8_r6,A,8,6,46.49106629200014,8,4729,4729,0
A_N8_r6,A,8,6,46.6918831969997,8,4751,4751,0
A_N8_r6,A,8,6,46.89357157700033,8,4772,4772,0
A_N8_r6,A,8,6,47.09456843299995,8,4795,4795,0
A_N8_r6,A,8,6,47.29508067900042,8,4817,4817,0
A_N8_r6,A,8,6,47.49597080500007,8,4837,4837,0
A_N8_r6,A,8,6,47.69714588399984,8,4855,4855,0
A_N8_r6,A,8,6,47.89821226599997,8,4876,4876,0
A_N8_r6,A,8,6,48.099130997999964,8,4896,4896,0
A_N8_r6,A,8,6,48.29964860900054,8,4916,4916,0
A_N8_r6,A,8,6,48.50020632700034,8,4938,4938,0
A_N8_r6,A,8,6,48.70108150099986,8,4956,4956,0
A_N8_r6,A,8,6,48.902102330999696,8,4978,4978,0
A_N8_r6,A,8,6,49.10251280200009,8,4998,4998,0
A_N8_r6,A,8,6,49.30354546499984,8,5021,5021,0
A_N8_r6,A,8,6,49.50471593099974,8,5039,5039,0
A_N8_r6,A,8,6,49.70555378800054,8,5061,5061,0
A_N8_r6,A,8,6,49.9063678499997,8,5085,5085,0
A_N8_r6,A,8,6,50.10759707000034,8,5104,5104,0
A_N8_r6,A,8,6,50.309200261000115,8,5124,5124,0
A_N8_r6,A,8,6,50.5098507040002,8,5146,5146,0
A_N8_r6,A,8,6,50.711093073000484,8,5164,5164,0
A_N8_r6,A,8,6,50.91190636800002,8,5184,5184,0
A_N8_r6,A,8,6,51.113167553000494,8,5205,5205,0
A_N8_r6,A,8,6,51.31388456500008,8,5224,5224,0
A_N8_r6,A,8,6,51.51490450300025,8,5246,5246,0
A_N8_r6,A,8,6,51.71588261499983,8,5266,5266,0
A_N8_r6,A,8,6,51.916892567000104,8,5287,5287,0
A_N8_r6,A,8,6,52.11744148300022,8,5307,5307,0
A_N8_r6,A,8,6,52.32005850800033,8,5328,5328,0
A_N8_r6,A,8,6,52.52082867700028,8,5349,5349,0
A_N8_r6,A,8,6,52.72158861800017,8,5370,5370,0
A_N8_r6,A,8,6,52.92286967900054,8,5388,5388,0
A_N8_r6,A,8,6,53.12436078900009,8,5408,5408,0
A_N8_r6,A,8,6,53.32559365900033,8,5431,5431,0
A_N8_r6,A,8,6,53.525987457000156,8,5451,5451,0
A_N8_r6,A,8,6,53.726823617000264,8,5472,5472,0
A_N8_r6,A,8,6,53.92799243900026,8,5494,5494,0
A_N8_r6,A,8,6,54.129823559000215,8,5516,5516,0
A_N8_r6,A,8,6,54.330620343999726,8,5537,5537,0
A_N8_r6,A,8,6,54.531778468000084,8,5559,5559,0
A_N8_r6,A,8,6,54.73215827600052,8,5580,5580,0
A_N8_r6,A,8,6,54.9328128850002,8,5601,5601,0
A_N8_r6,A,8,6,55.13385370800006,8,5622,5622,0
A_N8_r6,A,8,6,55.33426778099965,8,5643,5643,0
A_N8_r6,A,8,6,55.535153290999915,8,5664,5664,0
A_N8_r6,A,8,6,55.73560808500042,8,5682,5682,0
A_N8_r6,A,8,6,55.93647236700053,8,5702,5702,0
A_N8_r6,A,8,6,56.13702214099976,8,5723,5723,0
A_N8_r6,A,8,6,56.33859285499966,8,5745,5745,0
A_N8_r6,A,8,6,56.539687866999884,8,5771,5771,0
A_N8_r6,A,8,6,56.74101265799982,8,5789,5789,0
A_N8_r6,A,8,6,56.943717379999725,8,5810,5810,0
A_N8_r6,A,8,6,57.14448070300023,8,5831,5831,0
A_N8_r6,A,8,6,57.3452945629997,8,5852,5852,0
A_N8_r6,A,8,6,57.54636562500036,8,5876,5876,0
A_N8_r6,A,8,6,57.74761103899982,8,5894,5894,0
A_N8_r6,A,8,6,57.948172463000446,8,5915,5915,0
A_N8_r6,A,8,6,58.14846589900026,8,5933,5933,0
A_N8_r6,A,8,6,58.351745175999895,8,5952,5952,0
A_N8_r6,A,8,6,58.55214476600031,8,5975,5975,0
A_N8_r6,A,8,6,58.75306693000039,8,5994,5994,0
A_N8_r6,A,8,6,58.95350424299977,8,6015,6015,0
A_N8_r6,A,8,6,59.15434657500009,8,6034,6034,0
A_N8_r6,A,8,6,59.355434343000525,8,6056,6056,0
A_N8_r6,A,8,6,59.55599213900041,8,6078,6078,0
A_N8_r6,A,8,6,59.75687231699976,8,6096,6096,0
A_N8_r6,A,8,6,59.95739214100013,8,6117,6117,0
A_N8_r6,A,8,6,60.157969603999845,0,6130,6130,0
A_N8_r7,A,8,7,0.005795609000415425,0,0,0,0
A_N8_r7,A,8,7,0.20696136300011858,8,17,17,0
A_N8_r7,A,8,7,0.40781209000033414,8,37,37,0
A_N8_r7,A,8,7,0.6132509819999541,8,57,57,0
A_N8_r7,A,8,7,0.8162924690004729,8,79,79,0
A_N8_r7,A,8,7,1.0180518020006275,8,99,99,0
A_N8_r7,A,8,7,1.2183357350004371,8,119,119,0
A_N8_r7,A,8,7,1.4194749640000737,8,141,141,0
A_N8_r7,A,8,7,1.6199459230001594,8,165,165,0
A_N8_r7,A,8,7,1.8207492430001366,8,186,186,0
A_N8_r7,A,8,7,2.022102568000264,8,206,206,0
A_N8_r7,A,8,7,2.22276169900033,8,230,230,0
A_N8_r7,A,8,7,2.4235744510006043,8,252,252,0
A_N8_r7,A,8,7,2.6248799090008106,8,271,271,0
A_N8_r7,A,8,7,2.8256329680007184,8,292,292,0
A_N8_r7,A,8,7,3.0264373550007804,8,314,314,0
A_N8_r7,A,8,7,3.2271792660003484,8,336,336,0
A_N8_r7,A,8,7,3.4281552530001136,8,354,354,0
A_N8_r7,A,8,7,3.628962419000345,8,375,375,0
A_N8_r7,A,8,7,3.8300400180005454,8,396,396,0
A_N8_r7,A,8,7,4.030585286000132,8,417,417,0
A_N8_r7,A,8,7,4.2309692320004615,8,437,437,0
A_N8_r7,A,8,7,4.431814303000465,8,456,456,0
A_N8_r7,A,8,7,4.6323445470006845,8,474,474,0
A_N8_r7,A,8,7,4.833259322000231,8,495,495,0
A_N8_r7,A,8,7,5.037058034999973,8,513,513,0
A_N8_r7,A,8,7,5.240486848000728,8,536,536,0
A_N8_r7,A,8,7,5.441035040000315,8,553,553,0
A_N8_r7,A,8,7,5.642137144000117,8,575,575,0
A_N8_r7,A,8,7,5.843248636000681,8,596,596,0
A_N8_r7,A,8,7,6.043777491000583,8,616,616,0
A_N8_r7,A,8,7,6.244674259000021,8,635,635,0
A_N8_r7,A,8,7,6.445117856000252,8,656,656,0
A_N8_r7,A,8,7,6.646253618000628,8,676,676,0
A_N8_r7,A,8,7,6.847492636999959,8,698,698,0
A_N8_r7,A,8,7,7.047757795000507,8,719,719,0
A_N8_r7,A,8,7,7.248879705000036,8,740,740,0
A_N8_r7,A,8,7,7.449875274000078,8,761,761,0
A_N8_r7,A,8,7,7.650443142000768,8,782,782,0
A_N8_r7,A,8,7,7.85123719800049,8,803,803,0
A_N8_r7,A,8,7,8.051784267000585,8,824,824,0
A_N8_r7,A,8,7,8.253324896000777,8,845,845,0
A_N8_r7,A,8,7,8.45400690400038,8,865,865,0
A_N8_r7,A,8,7,8.654248105000079,8,884,884,0
A_N8_r7,A,8,7,8.855862985000385,8,904,904,0
A_N8_r7,A,8,7,9.05714769900078,8,925,925,0
A_N8_r7,A,8,7,9.258460989000014,8,943,943,0
A_N8_r7,A,8,7,9.459562949000428,8,965,965,0
A_N8_r7,A,8,7,9.66038317300081,8,984,984,0
A_N8_r7,A,8,7,9.861621052000373,8,1004,1004,0
A_N8_r7,A,8,7,10.062939193000602,8,1024,1024,0
A_N8_r7,A,8,7,10.264195930000824,8,1045,1045,0
A_N8_r7,A,8,7,10.465608494000662,8,1065,1065,0
A_N8_r7,A,8,7,10.666858379000587,8,1084,1084,0
A_N8_r7,A,8,7,10.867175982000845,8,1104,1104,0
A_N8_r7,A,8,7,11.06747310800074,8,1120,1120,0
A_N8_r7,A,8,7,11.268708940000579,8,1142,1142,0
A_N8_r7,A,8,7,11.469362276000538,8,1163,1163,0
A_N8_r7,A,8,7,11.670420389000355,8,1183,1183,0
A_N8_r7,A,8,7,11.872853847000442,8,1202,1202,0
A_N8_r7,A,8,7,12.076007523000044,8,1221,1221,0
A_N8_r7,A,8,7,12.278084517000025,8,1243,1243,0
A_N8_r7,A,8,7,12.478832396000143,8,1263,1263,0
A_N8_r7,A,8,7,12.679705393000404,8,1286,1286,0
A_N8_r7,A,8,7,12.880814348000058,8,1304,1304,0
A_N8_r7,A,8,7,13.082700240000122,8,1327,1327,0
A_N8_r7,A,8,7,13.285348133000298,8,1350,1350,0
A_N8_r7,A,8,7,13.487372931000209,8,1373,1373,0
A_N8_r7,A,8,7,13.688538898000843,8,1393,1393,0
A_N8_r7,A,8,7,13.889496139000585,8,1413,1413,0
A_N8_r7,A,8,7,14.090518685000461,8,1433,1433,0
A_N8_r7,A,8,7,14.292742937000185,8,1453,1453,0
A_N8_r7,A,8,7,14.493332112000644,8,1472,1472,0
A_N8_r7,A,8,7,14.694222049000018,8,1493,1493,0
A_N8_r7,A,8,7,14.895020692000799,8,1511,1511,0
A_N8_r7,A,8,7,15.095843162000165,8,1532,1532,0
A_N8_r7,A,8,7,15.296704388000762,8,1553,1553,0
A_N8_r7,A,8,7,15.497604087000582,8,1572,1572,0
A_N8_r7,A,8,7,15.698795539999992,8,1591,1591,0
A_N8_r7,A,8,7,15.899856917000761,8,1615,1615,0
A_N8_r7,A,8,7,16.100958842000182,8,1635,1635,0
A_N8_r7,A,8,7,16.301831925000442,8,1656,1656,0
A_N8_r7,A,8,7,16.50343841100039,8,1679,1679,0
A_N8_r7,A,8,7,16.704836000000796,8,1699,1699,0
A_N8_r7,A,8,7,16.906581219000145,8,1722,1722,0
A_N8_r7,A,8,7,17.106719207000424,8,1740,1740,0
A_N8_r7,A,8,7,17.307614926000497,8,1764,1764,0
A_N8_r7,A,8,7,17.50832878000074,8,1783,1783,0
A_N8_r7,A,8,7,17.708944126999995,8,1803,1803,0
A_N8_r7,A,8,7,17.910001634000764,8,1820,1820,0
A_N8_r7,A,8,7,18.111020008000196,8,1842,1842,0
A_N8_r7,A,8,7,18.312943564000307,8,1860,1860,0
A_N8_r7,A,8,7,18.514732936000655,8,1883,1883,0
A_N8_r7,A,8,7,18.71654433799995,8,1902,1902,0
A_N8_r7,A,8,7,18.91731093600083,8,1922,1922,0
A_N8_r7,A,8,7,19.118150956000136,8,1944,1944,0
A_N8_r7,A,8,7,19.319430683000064,8,1962,1962,0
A_N8_r7,A,8,7,19.520097896000152,8,1981,1981,0
A_N8_r7,A,8,7,19.72086733300057,8,2000,2000,0
A_N8_r7,A,8,7,19.921727422000004,8,2023,2023,0
A_N8_r7,A,8,7,20.1225715340006,8,2045,2045,0
A_N8_r7,A,8,7,20.323241686000074,8,2066,2066,0
A_N8_r7,A,8,7,20.523557486000755,8,2086,2086,0
A_N8_r7,A,8,7,20.723967213000833,8,2108,2108,0
A_N8_r7,A,8,7,20.924239971000134,8,2128,2128,0
A_N8_r7,A,8,7,21.1251634070004,8,2148,2148,0
A_N8_r7,A,8,7,21.32741575,8,2168,2168,0
A_N8_r7,A,8,7,21.52831567300018,8,2188,2188,0
A_N8_r7,A,8,7,21.729405947000487,8,2207,2207,0
A_N8_r7,A,8,7,21.93034960300065,8,2227,2227,0
A_N8_r7,A,8,7,22.132203672000287,8,2248,2248,0
A_N8_r7,A,8,7,22.33239706600034,8,2267,2267,0
A_N8_r7,A,8,7,22.53295332000016,8,2285,2285,0
A_N8_r7,A,8,7,22.734164909000356,8,2304,2304,0
A_N8_r7,A,8,7,22.935066208000535,8,2327,2327,0
A_N8_r7,A,8,7,23.13604925600066,8,2348,2348,0
A_N8_r7,A,8,7,23.338156871000137,8,2365,2365,0
A_N8_r7,A,8,7,23.53909702800047,8,2384,2384,0
A_N8_r7,A,8,7,23.739377993000744,8,2405,2405,0
A_N8_r7,A,8,7,23.939846364000005,8,2424,2424,0
A_N8_r7,A,8,7,24.1420094770001,8,2443,2443,0
A_N8_r7,A,8,7,24.342505594000613,8,2464,2464,0
A_N8_r7,A,8,7,24.543065653000667,8,2483,2483,0
A_N8_r7,A,8,7,24.744039017000432,8,2506,2506,0
A_N8_r7,A,8,7,24.945088667000164,8,2526,2526,0
A_N8_r7,A,8,7,25.145210716000292,8,2548,2548,0
A_N8_r7,A,8,7,25.34593901900007,8,2567,2567,0
A_N8_r7,A,8,7,25.546182199000214,8,2588,2588,0
A_N8_r7,A,8,7,25.747269955000775,8,2607,2607,0
A_N8_r7,A,8,7,25.948724647000745,8,2626,2626,0
A_N8_r7,A,8,7,26.149239857000794,8,2647,2647,0
A_N8_r7,A,8,7,26.350230762000137,8,2663,2663,0
A_N8_r7,A,8,7,26.553206368000247,8,2684,2684,0
A_N8_r7,A,8,7,26.75432679000005,8,2705,2705,0
A_N8_r7,A,8,7,26.954920931000743,8,2726,2726,0
A_N8_r7,A,8,7,27.155959530000473,8,2747,2747,0
A_N8_r7,A,8,7,27.358053394000308,8,2767,2767,0
A_N8_r7,A,8,7,27.55836109500069,8,2787,2787,0
A_N8_r7,A,8,7,27.76025849600046,8,2808,2808,0
A_N8_r7,A,8,7,27.961325991000194,8,2826,2826,0
A_N8_r7,A,8,7,28.162103648000084,8,2846,2846,0
A_N8_r7,A,8,7,28.363903157000095,8,2866,2866,0
A_N8_r7,A,8,7,28.56566546600061,8,2887,2887,0
A_N8_r7,A,8,7,28.766165857000487,8,2907,2907,0
A_N8_r7,A,8,7,28.967406955000115,8,2926,2926,0
A_N8_r7,A,8,7,29.16876736300037,8,2942,2942,0
A_N8_r7,A,8,7,29.370042600000488,8,2962,2962,0
A_N8_r7,A,8,7,29.570378742000685,8,2981,2981,0
A_N8_r7,A,8,7,29.77164452100078,8,3001,3001,0
A_N8_r7,A,8,7,29.973051098000724,8,3021,3021,0
A_N8_r7,A,8,7,30.17423377200066,8,3039,3039,0
A_N8_r7,A,8,7,30.374569087000054,8,3058,3058,0
A_N8_r7,A,8,7,30.575929790000373,8,3080,3080,0
A_N8_r7,A,8,7,30.77663547800057,8,3102,3102,0
A_N8_r7,A,8,7,30.978146497000125,8,3124,3124,0
A_N8_r7,A,8,7,31.17911278400061,8,3145,3145,0
A_N8_r7,A,8,7,31.380174232000172,8,3167,3167,0
A_N8_r7,A,8,7,31.581147353000233,8,3189,3189,0
A_N8_r7,A,8,7,31.781556452000586,8,3209,3209,0
A_N8_r7,A,8,7,31.982233690000612,8,3226,3226,0
A_N8_r7,A,8,7,32.182518065000295,8,3246,3246,0
A_N8_r7,A,8,7,32.38379634900048,8,3265,3265,0
A_N8_r7,A,8,7,32.58422193300066,8,3287,3287,0
A_N8_r7,A,8,7,32.786532007999995,8,3309,3309,0
A_N8_r7,A,8,7,32.98726763100058,8,3328,3328,0
A_N8_r7,A,8,7,33.19123885500085,8,3351,3351,0
A_N8_r7,A,8,7,33.392166928000734,8,3372,3372,0
A_N8_r7,A,8,7,33.592844625,8,3391,3391,0
A_N8_r7,A,8,7,33.794324767000035,8,3412,3412,0
A_N8_r7,A,8,7,33.99495432200001,8,3432,3432,0
A_N8_r7,A,8,7,34.196202867000466,8,3454,3454,0
A_N8_r7,A,8,7,34.39649180900051,8,3474,3474,0
A_N8_r7,A,8,7,34.59686750600031,8,3493,3493,0
A_N8_r7,A,8,7,34.797604680000404,8,3512,3512,0
A_N8_r7,A,8,7,35.000289313000394,8,3532,3532,0
A_N8_r7,A,8,7,35.20079574200008,8,3552,3552,0
A_N8_r7,A,8,7,35.401269629000126,8,3573,3573,0
A_N8_r7,A,8,7,35.60265062000053,8,3592,3592,0
A_N8_r7,A,8,7,35.80313258200022,8,3613,3613,0
A_N8_r7,A,8,7,36.00425567300044,8,3633,3633,0
A_N8_r7,A,8,7,36.20527728400066,8,3656,3656,0
A_N8_r7,A,8,7,36.40653193900016,8,3675,3675,0
A_N8_r7,A,8,7,36.608125457000824,8,3696,3696,0
A_N8_r7,A,8,7,36.80864814100005,8,3717,3717,0
A_N8_r7,A,8,7,37.0095966530007,8,3736,3736,0
A_N8_r7,A,8,7,37.21212558300067,8,3758,3758,0
A_N8_r7,A,8,7,37.41300412600049,8,3780,3780,0
A_N8_r7,A,8,7,37.614067191000686,8,3800,3800,0
A_N8_r7,A,8,7,37.814595929999996,8,3822,3822,0
A_N8_r7,A,8,7,38.01620515200011,8,3841,3841,0
A_N8_r7,A,8,7,38.21761096099999,8,3861,3861,0
A_N8_r7,A,8,7,38.42157804700037,8,3881,3881,0
A_N8_r7,A,8,7,38.621988014000635,8,3901,3901,0
A_N8_r7,A,8,7,38.82246804400074,8,3920,3920,0
A_N8_r7,A,8,7,39.02290828900004,8,3940,3940,0
A_N8_r7,A,8,7,39.22357122000085,8,3962,3962,0
A_N8_r7,A,8,7,39.42472415300017,8,3983,3983,0
A_N8_r7,A,8,7,39.62617107400001,8,4005,4005,0
A_N8_r7,A,8,7,39.82729957900028,8,4026,4026,0
A_N8_r7,A,8,7,40.027912626000216,8,4047,4047,0
A_N8_r7,A,8,7,40.22842707000018,8,4067,4067,0
A_N8_r7,A,8,7,40.42954621100034,8,4088,4088,0
A_N8_r7,A,8,7,40.63077265700031,8,4109,4109,0
A_N8_r7,A,8,7,40.83110495400069,8,4128,4128,0
A_N8_r7,A,8,7,41.03219819700007,8,4150,4150,0
A_N8_r7,A,8,7,41.233195661000536,8,4170,4170,0
A_N8_r7,A,8,7,41.43380188300034,8,4193,4193,0
A_N8_r7,A,8,7,41.63507834700067,8,4212,4212,0
A_N8_r7,A,8,7,41.836768999000014,8,4232,4232,0
A_N8_r7,A,8,7,42.03790812300031,8,4251,4251,0
A_N8_r7,A,8,7,42.238408376000734,8,4273,4273,0
A_N8_r7,A,8,7,42.43926248200023,8,4293,4293,0
A_N8_r7,A,8,7,42.6405742270008,8,4313,4313,0
A_N8_r7,A,8,7,42.84190483900056,8,4332,4332,0
A_N8_r7,A,8,7,43.04415984800016,8,4353,4353,0
A_N8_r7,A,8,7,43.244817335000334,8,4373,4373,0
A_N8_r7,A,8,7,43.445647238000674,8,4393,4393,0
A_N8_r7,A,8,7,43.64628404400082,8,4416,4416,0
A_N8_r7,A,8,7,43.84666117800043,8,4438,4438,0
A_N8_r7,A,8,7,44.04804314100056,8,4459,4459,0
A_N8_r7,A,8,7,44.24916691600083,8,4481,4481,0
A_N8_r7,A,8,7,44.45010267500038,8,4502,4502,0
A_N8_r7,A,8,7,44.65070093200029,8,4522,4522,0
A_N8_r7,A,8,7,44.852856929000154,8,4541,4541,0
A_N8_r7,A,8,7,45.05373109100037,8,4560,4560,0
A_N8_r7,A,8,7,45.254239612000674,8,4583,4583,0
A_N8_r7,A,8,7,45.454466687000604,8,4604,4604,0
A_N8_r7,A,8,7,45.65522071400028,8,4627,4627,0
A_N8_r7,A,8,7,45.85608961900016,8,4648,4648,0
A_N8_r7,A,8,7,46.05646250200061,8,4668,4668,0
A_N8_r7,A,8,7,46.25682545900054,8,4688,4688,0
A_N8_r7,A,8,7,46.45784342100069,8,4706,4706,0
A_N8_r7,A,8,7,46.65878784300003,8,4730,4730,0
A_N8_r7,A,8,7,46.859638267000264,8,4751,4751,0
A_N8_r7,A,8,7,47.060406315000364,8,4769,4769,0
A_N8_r7,A,8,7,47.26250367200009,8,4790,4790,0
A_N8_r7,A,8,7,47.463854581000305,8,4813,4813,0
A_N8_r7,A,8,7,47.66436437000084,8,4836,4836,0
A_N8_r7,A,8,7,47.865559864000716,8,4857,4857,0
A_N8_r7,A,8,7,48.06668019500012,8,4877,4877,0
A_N8_r7,A,8,7,48.26848631200028,8,4897,4897,0
A_N8_r7,A,8,7,48.46918492400073,8,4918,4918,0
A_N8_r7,A,8,7,48.66943135800011,8,4936,4936,0
A_N8_r7,A,8,7,48.87045503800073,8,4960,4960,0
A_N8_r7,A,8,7,49.07088999100051,8,4980,4980,0
A_N8_r7,A,8,7,49.27288212500025,8,5004,5004,0
A_N8_r7,A,8,7,49.47397915900001,8,5025,5025,0
A_N8_r7,A,8,7,49.67447847600033,8,5049,5049,0
A_N8_r7,A,8,7,49.87522364000051,8,5069,5069,0
A_N8_r7,A,8,7,50.07577344500078,8,5090,5090,0
A_N8_r7,A,8,7,50.27667035200011,8,5112,5112,0
A_N8_r7,A,8,7,50.47708683500059,8,5134,5134,0
A_N8_r7,A,8,7,50.67802259600012,8,5155,5155,0
A_N8_r7,A,8,7,50.879076481000084,8,5176,5176,0
A_N8_r7,A,8,7,51.07993994500066,8,5198,5198,0
A_N8_r7,A,8,7,51.281249750000825,8,5216,5216,0
A_N8_r7,A,8,7,51.482224138000674,8,5237,5237,0
A_N8_r7,A,8,7,51.68342482600019,8,5257,5257,0
A_N8_r7,A,8,7,51.88402488200063,8,5275,5275,0
A_N8_r7,A,8,7,52.085276668000006,8,5298,5298,0
A_N8_r7,A,8,7,52.28586829200049,8,5318,5318,0
A_N8_r7,A,8,7,52.48675458600064,8,5339,5339,0
A_N8_r7,A,8,7,52.68759316900014,8,5361,5361,0
A_N8_r7,A,8,7,52.88783400600005,8,5382,5382,0
A_N8_r7,A,8,7,53.088601526000275,8,5403,5403,0
A_N8_r7,A,8,7,53.288894326000445,8,5424,5424,0
A_N8_r7,A,8,7,53.490722042000016,8,5445,5445,0
A_N8_r7,A,8,7,53.69139048600027,8,5465,5465,0
A_N8_r7,A,8,7,53.891876824000065,8,5487,5487,0
A_N8_r7,A,8,7,54.093523558000015,8,5507,5507,0
A_N8_r7,A,8,7,54.294515770000544,8,5528,5528,0
A_N8_r7,A,8,7,54.49545793700054,8,5549,5549,0
A_N8_r7,A,8,7,54.695939329000794,8,5569,5569,0
A_N8_r7,A,8,7,54.89847531600026,8,5589,5589,0
A_N8_r7,A,8,7,55.102013539000836,8,5612,5612,0
A_N8_r7,A,8,7,55.30294689300081,8,5631,5631,0
A_N8_r7,A,8,7,55.503387751000446,8,5651,5651,0
A_N8_r7,A,8,7,55.70401530400068,8,5670,5670,0
A_N8_r7,A,8,7,55.90490495600079,8,5689,5689,0
A_N8_r7,A,8,7,56.10574549500052,8,5707,5707,0
A_N8_r7,A,8,7,56.30859719900036,8,5728,5728,0
A_N8_r7,A,8,7,56.51163257200005,8,5748,5748,0
A_N8_r7,A,8,7,56.711986949000675,8,5767,5767,0
A_N8_r7,A,8,7,56.91249655200045,8,5786,5786,0
A_N8_r7,A,8,7,57.11387294400083,8,5804,5804,0
A_N8_r7,A,8,7,57.31452636300037,8,5825,5825,0
A_N8_r7,A,8,7,57.51582077000057,8,5846,5846,0
A_N8_r7,A,8,7,57.716087565000635,8,5866,5866,0
A_N8_r7,A,8,7,57.91703083600078,8,5885,5885,0
A_N8_r7,A,8,7,58.11775946000034,8,5905,5905,0
A_N8_r7,A,8,7,58.31864093600052,8,5922,5922,0
A_N8_r7,A,8,7,58.520206523000525,8,5941,5941,0
A_N8_r7,A,8,7,58.72109790800005,8,5964,5964,0
A_N8_r7,A,8,7,58.921763605000706,8,5982,5982,0
A_N8_r7,A,8,7,59.12257729400062,8,6003,6003,0
A_N8_r7,A,8,7,59.32379025499995,8,6022,6022,0
A_N8_r7,A,8,7,59.52465350000057,8,6041,6041,0
A_N8_r7,A,8,7,59.72579342100016,8,6061,6061,0
A_N8_r7,A,8,7,59.92727540300075,8,6082,6082,0
A_N8_r7,A,8,7,60.127793765000206,0,6098,6098,0
A_N8_r8,A,8,8,0.006389655000020866,0,0,0,0
A_N8_r8,A,8,8,0.2072079780000422,8,16,16,0
A_N8_r8,A,8,8,0.40786979400036216,8,37,37,0
A_N8_r8,A,8,8,0.6089616689996546,8,56,56,0
A_N8_r8,A,8,8,0.8092207420004343,8,78,78,0
A_N8_r8,A,8,8,1.0097009060000346,8,98,98,0
A_N8_r8,A,8,8,1.2122299149996252,8,118,118,0
A_N8_r8,A,8,8,1.413056327999584,8,137,137,0
A_N8_r8,A,8,8,1.6134649670002545,8,158,158,0
A_N8_r8,A,8,8,1.8144005100002687,8,180,180,0
A_N8_r8,A,8,8,2.015307949999624,8,201,201,0
A_N8_r8,A,8,8,2.217264834999696,8,226,226,0
A_N8_r8,A,8,8,2.4182724259999304,8,245,245,0
A_N8_r8,A,8,8,2.618774655999914,8,263,263,0
A_N8_r8,A,8,8,2.8192997019996255,8,284,284,0
A_N8_r8,A,8,8,3.0201331250000294,8,305,305,0
A_N8_r8,A,8,8,3.2211347579996072,8,328,328,0
A_N8_r8,A,8,8,3.4215443160001087,8,349,349,0
A_N8_r8,A,8,8,3.6237433349997445,8,368,368,0
A_N8_r8,A,8,8,3.824179997000101,8,390,390,0
A_N8_r8,A,8,8,4.0250642800001515,8,410,410,0
A_N8_r8,A,8,8,4.225816060999932,8,433,433,0
A_N8_r8,A,8,8,4.427729250000084,8,454,454,0
A_N8_r8,A,8,8,4.628858910000417,8,474,474,0
A_N8_r8,A,8,8,4.829487050000353,8,493,493,0
A_N8_r8,A,8,8,5.031323567000072,8,514,514,0
A_N8_r8,A,8,8,5.232875452999906,8,533,533,0
A_N8_r8,A,8,8,5.433531996999591,8,555,555,0
A_N8_r8,A,8,8,5.6355254319996675,8,575,575,0
A_N8_r8,A,8,8,5.836675186999855,8,596,596,0
A_N8_r8,A,8,8,6.037266129999807,8,616,616,0
A_N8_r8,A,8,8,6.238635271999556,8,638,638,0
A_N8_r8,A,8,8,6.439540661999672,8,656,656,0
A_N8_r8,A,8,8,6.640051293000397,8,677,677,0
A_N8_r8,A,8,8,6.840577336000024,8,697,697,0
A_N8_r8,A,8,8,7.041886658000294,8,718,718,0
A_N8_r8,A,8,8,7.242898604000402,8,738,738,0
A_N8_r8,A,8,8,7.443177096999534,8,760,760,0
A_N8_r8,A,8,8,7.644614552000348,8,778,778,0
A_N8_r8,A,8,8,7.845027063000089,8,799,799,0
A_N8_r8,A,8,8,8.046426058999714,8,819,819,0
A_N8_r8,A,8,8,8.247298193999995,8,837,837,0
A_N8_r8,A,8,8,8.44822479100003,8,858,858,0
A_N8_r8,A,8,8,8.649113067000144,8,877,877,0
A_N8_r8,A,8,8,8.850165226999707,8,899,899,0
A_N8_r8,A,8,8,9.052157523999995,8,918,918,0
A_N8_r8,A,8,8,9.252461672999743,8,942,942,0
A_N8_r8,A,8,8,9.453491950999705,8,961,961,0
A_N8_r8,A,8,8,9.654315136999685,8,983,983,0
A_N8_r8,A,8,8,9.85557795099976,8,1003,1003,0
A_N8_r8,A,8,8,10.057051525000134,8,1022,1022,0
A_N8_r8,A,8,8,10.260462623000421,8,1045,1045,0
A_N8_r8,A,8,8,10.46128545099964,8,1064,1064,0
A_N8_r8,A,8,8,10.662336602999858,8,1086,1086,0
A_N8_r8,A,8,8,10.86355192100018,8,1105,1105,0
A_N8_r8,A,8,8,11.064283417999832,8,1127,1127,0
A_N8_r8,A,8,8,11.265777394999532,8,1148,1148,0
A_N8_r8,A,8,8,11.466366001999631,8,1167,1167,0
A_N8_r8,A,8,8,11.667405174999658,8,1191,1191,0
A_N8_r8,A,8,8,11.867878916000336,8,1210,1210,0
A_N8_r8,A,8,8,12.069354502000351,8,1230,1230,0
A_N8_r8,A,8,8,12.270199558999593,8,1251,1251,0
A_N8_r8,A,8,8,12.470623786000033,8,1273,1273,0
A_N8_r8,A,8,8,12.671066509999946,8,1293,1293,0
A_N8_r8,A,8,8,12.87193249000029,8,1312,1312,0
A_N8_r8,A,8,8,13.07250530300007,8,1331,1331,0
A_N8_r8,A,8,8,13.273200558999633,8,1352,1352,0
A_N8_r8,A,8,8,13.473660046999612,8,1372,1372,0
A_N8_r8,A,8,8,13.676222733000031,8,1397,1397,0
A_N8_r8,A,8,8,13.876821478999773,8,1419,1419,0
A_N8_r8,A,8,8,14.077611228000023,8,1439,1439,0
A_N8_r8,A,8,8,14.279919784000413,8,1458,1458,0
A_N8_r8,A,8,8,14.480851973000426,8,1480,1480,0
A_N8_r8,A,8,8,14.681263683999532,8,1501,1501,0
A_N8_r8,A,8,8,14.882408231000227,8,1524,1524,0
A_N8_r8,A,8,8,15.083776534000208,8,1543,1543,0
A_N8_r8,A,8,8,15.285105771999952,8,1563,1563,0
A_N8_r8,A,8,8,15.486099421999825,8,1585,1585,0
A_N8_r8,A,8,8,15.68955465199997,8,1608,1608,0
A_N8_r8,A,8,8,15.891584254999543,8,1628,1628,0
A_N8_r8,A,8,8,16.092304980000335,8,1647,1647,0
A_N8_r8,A,8,8,16.293230713999947,8,1670,1670,0
A_N8_r8,A,8,8,16.495404590999897,8,1690,1690,0
A_N8_r8,A,8,8,16.696742430000086,8,1711,1711,0
A_N8_r8,A,8,8,16.89837347899993,8,1733,1733,0
A_N8_r8,A,8,8,17.0996066710004,8,1754,1754,0
A_N8_r8,A,8,8,17.301737970999966,8,1774,1774,0
A_N8_r8,A,8,8,17.502114935999998,8,1794,1794,0
A_N8_r8,A,8,8,17.704162848000124,8,1814,1814,0
A_N8_r8,A,8,8,17.904988408999998,8,1832,1832,0
A_N8_r8,A,8,8,18.105964987000334,8,1852,1852,0
A_N8_r8,A,8,8,18.306430863999594,8,1874,1874,0
A_N8_r8,A,8,8,18.50822093900024,8,1894,1894,0
A_N8_r8,A,8,8,18.70964273499976,8,1913,1913,0
A_N8_r8,A,8,8,18.91087355899981,8,1935,1935,0
A_N8_r8,A,8,8,19.11150286100019,8,1954,1954,0
A_N8_r8,A,8,8,19.312125098999786,8,1972,1972,0
A_N8_r8,A,8,8,19.512445092000235,8,1993,1993,0
A_N8_r8,A,8,8,19.713639569000406,8,2013,2013,0
A_N8_r8,A,8,8,19.914812758000153,8,2034,2034,0
A_N8_r8,A,8,8,20.115783322000425,8,2056,2056,0
A_N8_r8,A,8,8,20.31618724799955,8,2073,2073,0
A_N8_r8,A,8,8,20.517954746000214,8,2094,2094,0
A_N8_r8,A,8,8,20.71873462900021,8,2116,2116,0
A_N8_r8,A,8,8,20.919580879000023,8,2136,2136,0
A_N8_r8,A,8,8,21.121222552999825,8,2154,2154,0
A_N8_r8,A,8,8,21.32209526400038,8,2176,2176,0
A_N8_r8,A,8,8,21.523754249000376,8,2197,2197,0
A_N8_r8,A,8,8,21.724934697000208,8,2217,2217,0
A_N8_r8,A,8,8,21.925584306999554,8,2237,2237,0
A_N8_r8,A,8,8,22.126005264000014,8,2256,2256,0
A_N8_r8,A,8,8,22.327311130999988,8,2279,2279,0
A_N8_r8,A,8,8,22.528156182999737,8,2300,2300,0
A_N8_r8,A,8,8,22.72856870400028,8,2319,2319,0
A_N8_r8,A,8,8,22.93024608199994,8,2342,2342,0
A_N8_r8,A,8,8,23.13112479099982,8,2362,2362,0
A_N8_r8,A,8,8,23.333113681000214,8,2384,2384,0
A_N8_r8,A,8,8,23.533679184999528,8,2404,2404,0
A_N8_r8,A,8,8,23.734859989999677,8,2425,2425,0
A_N8_r8,A,8,8,23.936160254000242,8,2446,2446,0
A_N8_r8,A,8,8,24.136520250999638,8,2467,2467,0
A_N8_r8,A,8,8,24.33736022999983,8,2486,2486,0
A_N8_r8,A,8,8,24.537646095999662,8,2508,2508,0
A_N8_r8,A,8,8,24.738473082000382,8,2527,2527,0
A_N8_r8,A,8,8,24.939405940999677,8,2548,2548,0
A_N8_r8,A,8,8,25.140599805999955,8,2570,2570,0
A_N8_r8,A,8,8,25.341958764999617,8,2589,2589,0
A_N8_r8,A,8,8,25.54266531400026,8,2612,2612,0
A_N8_r8,A,8,8,25.743045504000293,8,2635,2635,0
A_N8_r8,A,8,8,25.944573308000145,8,2655,2655,0
A_N8_r8,A,8,8,26.146100379999552,8,2676,2676,0
A_N8_r8,A,8,8,26.350116804999743,8,2696,2696,0
A_N8_r8,A,8,8,26.550664585999584,8,2717,2717,0
A_N8_r8,A,8,8,26.751544448999994,8,2737,2737,0
A_N8_r8,A,8,8,26.9517658929999,8,2757,2757,0
A_N8_r8,A,8,8,27.15224842200041,8,2775,2775,0
A_N8_r8,A,8,8,27.353972562999843,8,2797,2797,0
A_N8_r8,A,8,8,27.555168017999677,8,2817,2817,0
A_N8_r8,A,8,8,27.755609941999865,8,2839,2839,0
A_N8_r8,A,8,8,27.955929855999784,8,2860,2860,0
A_N8_r8,A,8,8,28.156399004000377,8,2880,2880,0
A_N8_r8,A,8,8,28.35717518599995,8,2901,2901,0
A_N8_r8,A,8,8,28.55746298899976,8,2923,2923,0
A_N8_r8,A,8,8,28.75789353500022,8,2944,2944,0
A_N8_r8,A,8,8,28.95880525800021,8,2964,2964,0
A_N8_r8,A,8,8,29.159326768000028,8,2982,2982,0
A_N8_r8,A,8,8,29.359448248999797,8,3003,3003,0
A_N8_r8,A,8,8,29.56008714299969,8,3023,3023,0
A_N8_r8,A,8,8,29.761309577999782,8,3044,3044,0
A_N8_r8,A,8,8,29.963386168999932,8,3067,3067,0
A_N8_r8,A,8,8,30.16432326300037,8,3088,3088,0
A_N8_r8,A,8,8,30.365514359999906,8,3106,3106,0
A_N8_r8,A,8,8,30.56587658100034,8,3129,3129,0
A_N8_r8,A,8,8,30.767071969000426,8,3148,3148,0
A_N8_r8,A,8,8,30.96807209599956,8,3168,3168,0
A_N8_r8,A,8,8,31.168917218999923,8,3189,3189,0
A_N8_r8,A,8,8,31.369906105000155,8,3209,3209,0
A_N8_r8,A,8,8,31.570382285999585,8,3228,3228,0
A_N8_r8,A,8,8,31.77162876500006,8,3250,3250,0
A_N8_r8,A,8,8,31.97224410400031,8,3271,3271,0
A_N8_r8,A,8,8,32.172667077999904,8,3290,3290,0
A_N8_r8,A,8,8,32.37307010400036,8,3311,3311,0
A_N8_r8,A,8,8,32.573806301999866,8,3332,3332,0
A_N8_r8,A,8,8,32.77479142700031,8,3351,3351,0
A_N8_r8,A,8,8,32.975757555999735,8,3369,3369,0
A_N8_r8,A,8,8,33.177154996000354,8,3390,3390,0
A_N8_r8,A,8,8,33.378828801000054,8,3410,3410,0
A_N8_r8,A,8,8,33.5795892899996,8,3433,3433,0
A_N8_r8,A,8,8,33.780470058999526,8,3453,3453,0
A_N8_r8,A,8,8,33.98146879399974,8,3474,3474,0
A_N8_r8,A,8,8,34.182000832000085,8,3494,3494,0
A_N8_r8,A,8,8,34.38233724699967,8,3516,3516,0
A_N8_r8,A,8,8,34.582669645999886,8,3537,3537,0
A_N8_r8,A,8,8,34.783710302000145,8,3555,3555,0
A_N8_r8,A,8,8,34.985967554000126,8,3577,3577,0
A_N8_r8,A,8,8,35.186633950000214,8,3600,3600,0
A_N8_r8,A,8,8,35.387669527999606,8,3620,3620,0
A_N8_r8,A,8,8,35.5885016000002,8,3641,3641,0
A_N8_r8,A,8,8,35.788977877000434,8,3665,3665,0
A_N8_r8,A,8,8,35.98930147499959,8,3687,3687,0
A_N8_r8,A,8,8,36.19034177600042,8,3706,3706,0
A_N8_r8,A,8,8,36.40974584200012,8,3723,3723,0
A_N8_r8,A,8,8,36.609901040000295,8,3746,3746,0
A_N8_r8,A,8,8,36.8103739850003,8,3768,3768,0
A_N8_r8,A,8,8,37.011319137999635,8,3790,3790,0
A_N8_r8,A,8,8,37.21336972300014,8,3809,3809,0
A_N8_r8,A,8,8,37.41413274899969,8,3830,3830,0
A_N8_r8,A,8,8,37.615319411999735,8,3851,3851,0
A_N8_r8,A,8,8,37.81594909799969,8,3871,3871,0
A_N8_r8,A,8,8,38.01716946800025,8,3892,3892,0
A_N8_r8,A,8,8,38.21888180299993,8,3911,3911,0
A_N8_r8,A,8,8,38.41997446999994,8,3932,3932,0
A_N8_r8,A,8,8,38.62068953899961,8,3952,3952,0
A_N8_r8,A,8,8,38.82173288499962,8,3973,3973,0
A_N8_r8,A,8,8,39.02222727800017,8,3994,3994,0
A_N8_r8,A,8,8,39.223420448999605,8,4013,4013,0
A_N8_r8,A,8,8,39.42436246299985,8,4034,4034,0
A_N8_r8,A,8,8,39.625039061999814,8,4054,4054,0
A_N8_r8,A,8,8,39.825967333000335,8,4076,4076,0
A_N8_r8,A,8,8,40.02718062599979,8,4095,4095,0
A_N8_r8,A,8,8,40.22848435099968,8,4116,4116,0
A_N8_r8,A,8,8,40.42913352100004,8,4137,4137,0
A_N8_r8,A,8,8,40.62983432999954,8,4157,4157,0
A_N8_r8,A,8,8,40.831187091000174,8,4179,4179,0
A_N8_r8,A,8,8,41.03160725900034,8,4201,4201,0
A_N8_r8,A,8,8,41.23272511399955,8,4222,4222,0
A_N8_r8,A,8,8,41.43481385599989,8,4240,4240,0
A_N8_r8,A,8,8,41.63538297699961,8,4261,4261,0
A_N8_r8,A,8,8,41.8361157420004,8,4281,4281,0
A_N8_r8,A,8,8,42.03686855599972,8,4303,4303,0
A_N8_r8,A,8,8,42.23720923699966,8,4324,4324,0
A_N8_r8,A,8,8,42.43838136799968,8,4346,4346,0
A_N8_r8,A,8,8,42.63907582199954,8,4367,4367,0
A_N8_r8,A,8,8,42.83975235399976,8,4390,4390,0
A_N8_r8,A,8,8,43.04038921099982,8,4412,4412,0
A_N8_r8,A,8,8,43.240995459999795,8,4435,4435,0
A_N8_r8,A,8,8,43.44225878799989,8,4454,4454,0
A_N8_r8,A,8,8,43.64298831100041,8,4475,4475,0
A_N8_r8,A,8,8,43.84417292299986,8,4497,4497,0
A_N8_r8,A,8,8,44.04515480899954,8,4516,4516,0
A_N8_r8,A,8,8,44.245708080999975,8,4537,4537,0
A_N8_r8,A,8,8,44.446450761999586,8,4561,4561,0
A_N8_r8,A,8,8,44.64749361400027,8,4579,4579,0
A_N8_r8,A,8,8,44.84863457600022,8,4596,4596,0
A_N8_r8,A,8,8,45.04995357699954,8,4616,4616,0
A_N8_r8,A,8,8,45.250251456000115,8,4638,4638,0
A_N8_r8,A,8,8,45.45198954300031,8,4658,4658,0
A_N8_r8,A,8,8,45.653246306000256,8,4678,4678,0
A_N8_r8,A,8,8,45.85436637099974,8,4697,4697,0
A_N8_r8,A,8,8,46.05627960499987,8,4716,4716,0
A_N8_r8,A,8,8,46.25688992100004,8,4736,4736,0
A_N8_r8,A,8,8,46.45874690799974,8,4759,4759,0
A_N8_r8,A,8,8,46.660351405000256,8,4777,4777,0
A_N8_r8,A,8,8,46.86215527399963,8,4800,4800,0
A_N8_r8,A,8,8,47.0629171620003,8,4817,4817,0
A_N8_r8,A,8,8,47.26362312400033,8,4838,4838,0
A_N8_r8,A,8,8,47.46479837700008,8,4857,4857,0
A_N8_r8,A,8,8,47.666107846999694,8,4880,4880,0
A_N8_r8,A,8,8,47.86707322500024,8,4902,4902,0
A_N8_r8,A,8,8,48.06791197199982,8,4922,4922,0
A_N8_r8,A,8,8,48.2688970879999,8,4941,4941,0
A_N8_r8,A,8,8,48.46983933199954,8,4963,4963,0
A_N8_r8,A,8,8,48.671090853999885,8,4986,4986,0
A_N8_r8,A,8,8,48.8720077830003,8,5005,5005,0
A_N8_r8,A,8,8,49.07460714199988,8,5027,5027,0
A_N8_r8,A,8,8,49.27546838499984,8,5042,5042,0
A_N8_r8,A,8,8,49.475926140999945,8,5064,5064,0
A_N8_r8,A,8,8,49.67684284999996,8,5085,5085,0
A_N8_r8,A,8,8,49.87836265900023,8,5105,5105,0
A_N8_r8,A,8,8,50.079908196999895,8,5124,5124,0
A_N8_r8,A,8,8,50.28034923500036,8,5145,5145,0
A_N8_r8,A,8,8,50.48142478800037,8,5165,5165,0
A_N8_r8,A,8,8,50.68471012499958,8,5184,5184,0
A_N8_r8,A,8,8,50.88554320200001,8,5205,5205,0
A_N8_r8,A,8,8,51.08597412299969,8,5226,5226,0
A_N8_r8,A,8,8,51.28667836400018,8,5245,5245,0
A_N8_r8,A,8,8,51.4870961710003,8,5264,5264,0
A_N8_r8,A,8,8,51.68840458100021,8,5286,5286,0
A_N8_r8,A,8,8,51.88962536799954,8,5304,5304,0
A_N8_r8,A,8,8,52.09064415099965,8,5325,5325,0
A_N8_r8,A,8,8,52.291770918999646,8,5344,5344,0
A_N8_r8,A,8,8,52.49396523700034,8,5364,5364,0
A_N8_r8,A,8,8,52.69531018100042,8,5385,5385,0
A_N8_r8,A,8,8,52.896549215999585,8,5402,5402,0
A_N8_r8,A,8,8,53.097785394999846,8,5422,5422,0
A_N8_r8,A,8,8,53.298166589000175,8,5441,5441,0
A_N8_r8,A,8,8,53.49929080499987,8,5464,5464,0
A_N8_r8,A,8,8,53.70035336500041,8,5483,5483,0
A_N8_r8,A,8,8,53.90079602900005,8,5505,5505,0
A_N8_r8,A,8,8,54.1019926959998,8,5527,5527,0
A_N8_r8,A,8,8,54.30337459600014,8,5549,5549,0
A_N8_r8,A,8,8,54.50468495899986,8,5570,5570,0
A_N8_r8,A,8,8,54.705287226999644,8,5588,5588,0
A_N8_r8,A,8,8,54.906548199999634,8,5608,5608,0
A_N8_r8,A,8,8,55.10759386399968,8,5629,5629,0
A_N8_r8,A,8,8,55.3087691540004,8,5650,5650,0
A_N8_r8,A,8,8,55.50965279899992,8,5673,5673,0
A_N8_r8,A,8,8,55.71030493499984,8,5695,5695,0
A_N8_r8,A,8,8,55.9112117679997,8,5715,5715,0
A_N8_r8,A,8,8,56.11226113199973,8,5735,5735,0
A_N8_r8,A,8,8,56.31333783700029,8,5755,5755,0
A_N8_r8,A,8,8,56.51452024399987,8,5774,5774,0
A_N8_r8,A,8,8,56.714964949000205,8,5793,5793,0
A_N8_r8,A,8,8,56.91708197600019,8,5813,5813,0
A_N8_r8,A,8,8,57.118018850000226,8,5832,5832,0
A_N8_r8,A,8,8,57.3192072210004,8,5854,5854,0
A_N8_r8,A,8,8,57.52069576299982,8,5874,5874,0
A_N8_r8,A,8,8,57.7228039849997,8,5896,5896,0
A_N8_r8,A,8,8,57.92336816199986,8,5914,5914,0
A_N8_r8,A,8,8,58.12454324200007,8,5935,5935,0
A_N8_r8,A,8,8,58.326150371999574,8,5956,5956,0
A_N8_r8,A,8,8,58.52841881099994,8,5977,5977,0
A_N8_r8,A,8,8,58.73014678300024,8,5999,5999,0
A_N8_r8,A,8,8,58.93134037100026,8,6021,6021,0
A_N8_r8,A,8,8,59.13282654500017,8,6043,6043,0
A_N8_r8,A,8,8,59.33376211199993,8,6063,6063,0
A_N8_r8,A,8,8,59.53590595700007,8,6083,6083,0
A_N8_r8,A,8,8,59.73732439299965,8,6105,6105,0
A_N8_r8,A,8,8,59.93755817900001,8,6128,6128,0
A_N8_r8,A,8,8,60.13855782100018,0,6140,6140,0
A_N8_r9,A,8,9,0.006190121999679832,0,0,0,0
A_N8_r9,A,8,9,0.20655569799964724,8,16,16,0
A_N8_r9,A,8,9,0.40700007600025856,8,35,35,0
A_N8_r9,A,8,9,0.6074307389999376,8,55,55,0
A_N8_r9,A,8,9,0.8084954489995653,8,73,73,0
A_N8_r9,A,8,9,1.0097760589997051,8,94,94,0
A_N8_r9,A,8,9,1.2104223320002347,8,115,115,0
A_N8_r9,A,8,9,1.4115272589997403,8,136,136,0
A_N8_r9,A,8,9,1.6124804789997143,8,156,156,0
A_N8_r9,A,8,9,1.8151056389997393,8,176,176,0
A_N8_r9,A,8,9,2.0156097150002097,8,198,198,0
A_N8_r9,A,8,9,2.217064479000328,8,216,216,0
A_N8_r9,A,8,9,2.417967555999894,8,237,237,0
A_N8_r9,A,8,9,2.618646938999518,8,257,257,0
A_N8_r9,A,8,9,2.8207283680003457,8,275,275,0
A_N8_r9,A,8,9,3.021503050999854,8,295,295,0
A_N8_r9,A,8,9,3.221991550999519,8,316,316,0
A_N8_r9,A,8,9,3.4242909679996956,8,335,335,0
A_N8_r9,A,8,9,3.6248250669996196,8,356,356,0
A_N8_r9,A,8,9,3.8258790859999863,8,376,376,0
A_N8_r9,A,8,9,4.026393848000225,8,395,395,0
A_N8_r9,A,8,9,4.227033367999866,8,417,417,0
A_N8_r9,A,8,9,4.427904099999978,8,438,438,0
A_N8_r9,A,8,9,4.628226118999919,8,460,460,0
A_N8_r9,A,8,9,4.830245225999533,8,481,481,0
A_N8_r9,A,8,9,5.031129134000366,8,500,500,0
A_N8_r9,A,8,9,5.232125575999817,8,517,517,0
A_N8_r9,A,8,9,5.43492458899982,8,537,537,0
A_N8_r9,A,8,9,5.635579664999568,8,558,558,0
A_N8_r9,A,8,9,5.836462694000147,8,580,580,0
A_N8_r9,A,8,9,6.037043657999675,8,599,599,0
A_N8_r9,A,8,9,6.240911584999594,8,621,621,0
A_N8_r9,A,8,9,6.44296814900008,8,641,641,0
A_N8_r9,A,8,9,6.643486969000151,8,659,659,0
A_N8_r9,A,8,9,6.844531818999712,8,680,680,0
A_N8_r9,A,8,9,7.045671359000153,8,702,702,0
A_N8_r9,A,8,9,7.247120517999974,8,724,724,0
A_N8_r9,A,8,9,7.448602702999779,8,748,748,0
A_N8_r9,A,8,9,7.648929531000249,8,767,767,0
A_N8_r9,A,8,9,7.85109698999986,8,785,785,0
A_N8_r9,A,8,9,8.051738395999564,8,808,808,0
A_N8_r9,A,8,9,8.252624296999784,8,829,829,0
A_N8_r9,A,8,9,8.454589322999709,8,849,849,0
A_N8_r9,A,8,9,8.654958223999529,8,871,871,0
A_N8_r9,A,8,9,8.856208721999792,8,890,890,0
A_N8_r9,A,8,9,9.057046865000302,8,915,915,0
A_N8_r9,A,8,9,9.258671505000166,8,932,932,0
A_N8_r9,A,8,9,9.459002046000023,8,952,952,0
A_N8_r9,A,8,9,9.662871567000366,8,973,973,0
A_N8_r9,A,8,9,9.863764838999487,8,996,996,0
A_N8_r9,A,8,9,10.064937582000312,8,1018,1018,0
A_N8_r9,A,8,9,10.265831534999961,8,1039,1039,0
A_N8_r9,A,8,9,10.466699792000327,8,1061,1061,0
A_N8_r9,A,8,9,10.668093236999994,8,1080,1080,0
A_N8_r9,A,8,9,10.868376501999592,8,1103,1103,0
A_N8_r9,A,8,9,11.068940920999921,8,1124,1124,0
A_N8_r9,A,8,9,11.269634686000245,8,1143,1143,0
A_N8_r9,A,8,9,11.470192495999981,8,1162,1162,0
A_N8_r9,A,8,9,11.671085652999864,8,1181,1181,0
A_N8_r9,A,8,9,11.871992776999832,8,1201,1201,0
A_N8_r9,A,8,9,12.073041921999902,8,1224,1224,0
A_N8_r9,A,8,9,12.27386831199965,8,1243,1243,0
A_N8_r9,A,8,9,12.474177262000012,8,1261,1261,0
A_N8_r9,A,8,9,12.676095562000228,8,1282,1282,0
A_N8_r9,A,8,9,12.876788321000276,8,1301,1301,0
A_N8_r9,A,8,9,13.077372984999784,8,1322,1322,0
A_N8_r9,A,8,9,13.278473880999627,8,1343,1343,0
A_N8_r9,A,8,9,13.479479790000369,8,1362,1362,0
A_N8_r9,A,8,9,13.680231323999578,8,1380,1380,0
A_N8_r9,A,8,9,13.880966446999992,8,1402,1402,0
A_N8_r9,A,8,9,14.083775905000039,8,1422,1422,0
A_N8_r9,A,8,9,14.285047039000347,8,1444,1444,0
A_N8_r9,A,8,9,14.485570331999952,8,1465,1465,0
A_N8_r9,A,8,9,14.68672836299993,8,1486,1486,0
A_N8_r9,A,8,9,14.887780672999725,8,1507,1507,0
A_N8_r9,A,8,9,15.088434354000128,8,1525,1525,0
A_N8_r9,A,8,9,15.288886311999704,8,1547,1547,0
A_N8_r9,A,8,9,15.48930449799991,8,1567,1567,0
A_N8_r9,A,8,9,15.689788599999702,8,1588,1588,0
A_N8_r9,A,8,9,15.890773404000356,8,1608,1608,0
A_N8_r9,A,8,9,16.09103298900027,8,1629,1629,0
A_N8_r9,A,8,9,16.292162879999523,8,1649,1649,0
A_N8_r9,A,8,9,16.493432368999493,8,1667,1667,0
A_N8_r9,A,8,9,16.694590525999956,8,1689,1689,0
A_N8_r9,A,8,9,16.89564958400024,8,1710,1710,0
A_N8_r9,A,8,9,17.096711418000268,8,1732,1732,0
A_N8_r9,A,8,9,17.297815512999478,8,1752,1752,0
A_N8_r9,A,8,9,17.49951236800007,8,1776,1776,0
A_N8_r9,A,8,9,17.700059294999846,8,1796,1796,0
A_N8_r9,A,8,9,17.90096958399954,8,1817,1817,0
A_N8_r9,A,8,9,18.102373220999652,8,1835,1835,0
A_N8_r9,A,8,9,18.303252360999977,8,1858,1858,0
A_N8_r9,A,8,9,18.50455947699993,8,1879,1879,0
A_N8_r9,A,8,9,18.70475674299996,8,1900,1900,0
A_N8_r9,A,8,9,18.90685075700003,8,1921,1921,0
A_N8_r9,A,8,9,19.107940398999745,8,1941,1941,0
A_N8_r9,A,8,9,19.30849314199986,8,1960,1960,0
A_N8_r9,A,8,9,19.50886877999983,8,1981,1981,0
A_N8_r9,A,8,9,19.714278682999975,8,2004,2004,0
A_N8_r9,A,8,9,19.91499301499971,8,2024,2024,0
A_N8_r9,A,8,9,20.115270555999814,8,2045,2045,0
A_N8_r9,A,8,9,20.315372674999708,8,2066,2066,0
A_N8_r9,A,8,9,20.515884985999946,8,2084,2084,0
A_N8_r9,A,8,9,20.71686849300022,8,2106,2106,0
A_N8_r9,A,8,9,20.91802115199971,8,2125,2125,0
A_N8_r9,A,8,9,21.118845906999923,8,2145,2145,0
A_N8_r9,A,8,9,21.320064241999717,8,2165,2165,0
A_N8_r9,A,8,9,21.523062303999723,8,2183,2183,0
A_N8_r9,A,8,9,21.72411273200032,8,2204,2204,0
A_N8_r9,A,8,9,21.925046516999828,8,2224,2224,0
A_N8_r9,A,8,9,22.12562178099961,8,2245,2245,0
A_N8_r9,A,8,9,22.326397197000006,8,2264,2264,0
A_N8_r9,A,8,9,22.527589586999966,8,2286,2286,0
A_N8_r9,A,8,9,22.72850057300002,8,2307,2307,0
A_N8_r9,A,8,9,22.93069603099957,8,2327,2327,0
A_N8_r9,A,8,9,23.131567290999556,8,2346,2346,0
A_N8_r9,A,8,9,23.331838711000273,8,2367,2367,0
A_N8_r9,A,8,9,23.532473784999638,8,2389,2389,0
A_N8_r9,A,8,9,23.732888038000056,8,2410,2410,0
A_N8_r9,A,8,9,23.933432488999642,8,2431,2431,0
A_N8_r9,A,8,9,24.134400476000337,8,2451,2451,0
A_N8_r9,A,8,9,24.336753038000097,8,2473,2473,0
A_N8_r9,A,8,9,24.53703937099999,8,2493,2493,0
A_N8_r9,A,8,9,24.738252086000102,8,2516,2516,0
A_N8_r9,A,8,9,24.941440329000216,8,2538,2538,0
A_N8_r9,A,8,9,25.14181123399976,8,2559,2559,0
A_N8_r9,A,8,9,25.343647136000072,8,2577,2577,0
A_N8_r9,A,8,9,25.545837394000046,8,2597,2597,0
A_N8_r9,A,8,9,25.747525646999748,8,2619,2619,0
A_N8_r9,A,8,9,25.94903146300021,8,2640,2640,0
A_N8_r9,A,8,9,26.15060012899994,8,2662,2662,0
A_N8_r9,A,8,9,26.351137394000034,8,2683,2683,0
A_N8_r9,A,8,9,26.552395271000023,8,2704,2704,0
A_N8_r9,A,8,9,26.75335794700004,8,2724,2724,0
A_N8_r9,A,8,9,26.95435065000038,8,2744,2744,0
A_N8_r9,A,8,9,27.156462932999602,8,2762,2762,0
A_N8_r9,A,8,9,27.35696277900024,8,2782,2782,0
A_N8_r9,A,8,9,27.55871164400014,8,2803,2803,0
A_N8_r9,A,8,9,27.75919425899974,8,2822,2822,0
A_N8_r9,A,8,9,27.959790091000286,8,2841,2841,0
A_N8_r9,A,8,9,28.160663319999912,8,2861,2861,0
A_N8_r9,A,8,9,28.361557369000366,8,2881,2881,0
A_N8_r9,A,8,9,28.563819203000094,8,2899,2899,0
A_N8_r9,A,8,9,28.76415112399991,8,2921,2921,0
A_N8_r9,A,8,9,28.965108014999714,8,2940,2940,0
A_N8_r9,A,8,9,29.165690934999475,8,2957,2957,0
A_N8_r9,A,8,9,29.36656437900001,8,2977,2977,0
A_N8_r9,A,8,9,29.56748902199979,8,2998,2998,0
A_N8_r9,A,8,9,29.769541740000022,8,3018,3018,0
A_N8_r9,A,8,9,29.970410556999923,8,3038,3038,0
A_N8_r9,A,8,9,30.170880554000178,8,3060,3060,0
A_N8_r9,A,8,9,30.372429054999884,8,3080,3080,0
A_N8_r9,A,8,9,30.574684051000077,8,3099,3099,0
A_N8_r9,A,8,9,30.775168680000206,8,3122,3122,0
A_N8_r9,A,8,9,30.978529901,8,3141,3141,0
A_N8_r9,A,8,9,31.179535100000066,8,3159,3159,0
A_N8_r9,A,8,9,31.380671971000083,8,3177,3177,0
A_N8_r9,A,8,9,31.581550330999562,8,3196,3196,0
A_N8_r9,A,8,9,31.782517380000172,8,3216,3216,0
A_N8_r9,A,8,9,31.98333814200032,8,3236,3236,0
A_N8_r9,A,8,9,32.18422185199961,8,3255,3255,0
A_N8_r9,A,8,9,32.3846160639996,8,3276,3276,0
A_N8_r9,A,8,9,32.586367527999755,8,3296,3296,0
A_N8_r9,A,8,9,32.78742127500027,8,3317,3317,0
A_N8_r9,A,8,9,32.98758384800021,8,3339,3339,0
A_N8_r9,A,8,9,33.18850183700033,8,3360,3360,0
A_N8_r9,A,8,9,33.38963269299984,8,3383,3383,0
A_N8_r9,A,8,9,33.590124864000245,8,3404,3404,0
A_N8_r9,A,8,9,33.790975859000355,8,3424,3424,0
A_N8_r9,A,8,9,33.99123278299976,8,3447,3447,0
A_N8_r9,A,8,9,34.19280499999968,8,3467,3467,0
A_N8_r9,A,8,9,34.39686603199971,8,3490,3490,0
A_N8_r9,A,8,9,34.598056165000344,8,3510,3510,0
A_N8_r9,A,8,9,34.79859118100012,8,3529,3529,0
A_N8_r9,A,8,9,35.00073201299983,8,3548,3548,0
A_N8_r9,A,8,9,35.20147449399974,8,3566,3566,0
A_N8_r9,A,8,9,35.40238751099969,8,3586,3586,0
A_N8_r9,A,8,9,35.60314227900017,8,3607,3607,0
A_N8_r9,A,8,9,35.8035682310001,8,3627,3627,0
A_N8_r9,A,8,9,36.00452460199995,8,3648,3648,0
A_N8_r9,A,8,9,36.20677838099982,8,3667,3667,0
A_N8_r9,A,8,9,36.40873087900036,8,3687,3687,0
A_N8_r9,A,8,9,36.61069958899952,8,3706,3706,0
A_N8_r9,A,8,9,36.811574346999805,8,3727,3727,0
A_N8_r9,A,8,9,37.0126525529995,8,3745,3745,0
A_N8_r9,A,8,9,37.213622493,8,3766,3766,0
A_N8_r9,A,8,9,37.41412821199992,8,3785,3785,0
A_N8_r9,A,8,9,37.61565461400005,8,3805,3805,0
A_N8_r9,A,8,9,37.81827778099978,8,3822,3822,0
A_N8_r9,A,8,9,38.019194773999516,8,3846,3846,0
A_N8_r9,A,8,9,38.21981742600019,8,3866,3866,0
A_N8_r9,A,8,9,38.42141477400037,8,3886,3886,0
A_N8_r9,A,8,9,38.62240087099963,8,3908,3908,0
A_N8_r9,A,8,9,38.823170945999664,8,3928,3928,0
A_N8_r9,A,8,9,39.025179778000165,8,3948,3948,0
A_N8_r9,A,8,9,39.225748951999776,8,3968,3968,0
A_N8_r9,A,8,9,39.42659319099948,8,3989,3989,0
A_N8_r9,A,8,9,39.627703025999836,8,4010,4010,0
A_N8_r9,A,8,9,39.829522570000336,8,4027,4027,0
A_N8_r9,A,8,9,40.03025026799969,8,4047,4047,0
A_N8_r9,A,8,9,40.23332619299981,8,4066,4066,0
A_N8_r9,A,8,9,40.436408993999976,8,4088,4088,0
A_N8_r9,A,8,9,40.63760824200017,8,4109,4109,0
A_N8_r9,A,8,9,40.84099504099959,8,4130,4130,0
A_N8_r9,A,8,9,41.04190227300023,8,4150,4150,0
A_N8_r9,A,8,9,41.245976139999584,8,4169,4169,0
A_N8_r9,A,8,9,41.446983634999924,8,4190,4190,0
A_N8_r9,A,8,9,41.64751929399972,8,4212,4212,0
A_N8_r9,A,8,9,41.85402307499953,8,4232,4232,0
A_N8_r9,A,8,9,42.05472797600032,8,4252,4252,0
A_N8_r9,A,8,9,42.255021984999985,8,4271,4271,0
A_N8_r9,A,8,9,42.45713490599974,8,4292,4292,0
A_N8_r9,A,8,9,42.65825807500005,8,4311,4311,0
A_N8_r9,A,8,9,42.85993633099952,8,4332,4332,0
A_N8_r9,A,8,9,43.06090489500002,8,4353,4353,0
A_N8_r9,A,8,9,43.26157900999988,8,4372,4372,0
A_N8_r9,A,8,9,43.46218192200013,8,4392,4392,0
A_N8_r9,A,8,9,43.66366274499978,8,4414,4414,0
A_N8_r9,A,8,9,43.925211468999805,8,4435,4435,0
A_N8_r9,A,8,9,44.126100845999645,8,4457,4457,0
A_N8_r9,A,8,9,44.32639228700009,8,4478,4478,0
A_N8_r9,A,8,9,44.527833877000376,8,4500,4500,0
A_N8_r9,A,8,9,44.728232944999945,8,4522,4522,0
A_N8_r9,A,8,9,44.92897780000021,8,4542,4542,0
A_N8_r9,A,8,9,45.12950723500035,8,4563,4563,0
A_N8_r9,A,8,9,45.32976725899971,8,4584,4584,0
A_N8_r9,A,8,9,45.530184663999535,8,4607,4607,0
A_N8_r9,A,8,9,45.73133219899955,8,4628,4628,0
A_N8_r9,A,8,9,45.932255206000264,8,4649,4649,0
A_N8_r9,A,8,9,46.13413819899961,8,4670,4670,0
A_N8_r9,A,8,9,46.33476795899969,8,4690,4690,0
A_N8_r9,A,8,9,46.535706478000066,8,4709,4709,0
A_N8_r9,A,8,9,46.73640714599969,8,4728,4728,0
A_N8_r9,A,8,9,46.93729804499981,8,4751,4751,0
A_N8_r9,A,8,9,47.1379032599998,8,4773,4773,0
A_N8_r9,A,8,9,47.33996608999951,8,4794,4794,0
A_N8_r9,A,8,9,47.54054137099956,8,4816,4816,0
A_N8_r9,A,8,9,47.74166512600004,8,4837,4837,0
A_N8_r9,A,8,9,47.94272567999997,8,4857,4857,0
A_N8_r9,A,8,9,48.142993295999986,8,4880,4880,0
A_N8_r9,A,8,9,48.34346833899963,8,4902,4902,0
A_N8_r9,A,8,9,48.54416426199987,8,4923,4923,0
A_N8_r9,A,8,9,48.74511864800024,8,4944,4944,0
A_N8_r9,A,8,9,48.94574513899988,8,4964,4964,0
A_N8_r9,A,8,9,49.14598818200011,8,4984,4984,0
A_N8_r9,A,8,9,49.34714446199996,8,5004,5004,0
A_N8_r9,A,8,9,49.54782456900011,8,5024,5024,0
A_N8_r9,A,8,9,49.750256919000094,8,5044,5044,0
A_N8_r9,A,8,9,49.95201306299987,8,5066,5066,0
A_N8_r9,A,8,9,50.15306517699992,8,5090,5090,0
A_N8_r9,A,8,9,50.35397024299982,8,5111,5111,0
A_N8_r9,A,8,9,50.554731807999815,8,5133,5133,0
A_N8_r9,A,8,9,50.75519194899971,8,5152,5152,0
A_N8_r9,A,8,9,50.95542537900019,8,5173,5173,0
A_N8_r9,A,8,9,51.15640972700021,8,5194,5194,0
A_N8_r9,A,8,9,51.35707650199947,8,5213,5213,0
A_N8_r9,A,8,9,51.55799375599963,8,5234,5234,0
A_N8_r9,A,8,9,51.75893799000005,8,5255,5255,0
A_N8_r9,A,8,9,51.960175614000036,8,5275,5275,0
A_N8_r9,A,8,9,52.16668355299953,8,5296,5296,0
A_N8_r9,A,8,9,52.37031877899972,8,5317,5317,0
A_N8_r9,A,8,9,52.57111998500022,8,5336,5336,0
A_N8_r9,A,8,9,52.77280687599978,8,5354,5354,0
A_N8_r9,A,8,9,52.97421848199974,8,5375,5375,0
A_N8_r9,A,8,9,53.175359525000204,8,5396,5396,0
A_N8_r9,A,8,9,53.3768031540003,8,5415,5415,0
A_N8_r9,A,8,9,53.577830733000155,8,5436,5436,0
A_N8_r9,A,8,9,53.778263641000194,8,5454,5454,0
A_N8_r9,A,8,9,53.979401720999704,8,5477,5477,0
A_N8_r9,A,8,9,54.180577230999916,8,5498,5498,0
A_N8_r9,A,8,9,54.38141769599952,8,5520,5520,0
A_N8_r9,A,8,9,54.582327152999824,8,5539,5539,0
A_N8_r9,A,8,9,54.78477690099953,8,5559,5559,0
A_N8_r9,A,8,9,54.986299875999975,8,5581,5581,0
A_N8_r9,A,8,9,55.1870818110001,8,5604,5604,0
A_N8_r9,A,8,9,55.38762341999973,8,5623,5623,0
A_N8_r9,A,8,9,55.58809090900013,8,5643,5643,0
A_N8_r9,A,8,9,55.788830176000374,8,5664,5664,0
A_N8_r9,A,8,9,55.98958224699982,8,5683,5683,0
A_N8_r9,A,8,9,56.19179388399971,8,5704,5704,0
A_N8_r9,A,8,9,56.3928003609999,8,5725,5725,0
A_N8_r9,A,8,9,56.59409949499968,8,5744,5744,0
A_N8_r9,A,8,9,56.7978154780003,8,5767,5767,0
A_N8_r9,A,8,9,57.000070361000326,8,5788,5788,0
A_N8_r9,A,8,9,57.20047202800015,8,5809,5809,0
A_N8_r9,A,8,9,57.4016606539999,8,5826,5826,0
A_N8_r9,A,8,9,57.604893249999805,8,5845,5845,0
A_N8_r9,A,8,9,57.8064601369997,8,5865,5865,0
A_N8_r9,A,8,9,58.00706099499985,8,5887,5887,0
A_N8_r9,A,8,9,58.20791502599968,8,5907,5907,0
A_N8_r9,A,8,9,58.4091904400002,8,5925,5925,0
A_N8_r9,A,8,9,58.61062290399968,8,5948,5948,0
A_N8_r9,A,8,9,58.813056652999876,8,5968,5968,0
A_N8_r9,A,8,9,59.01532640999994,8,5990,5990,0
A_N8_r9,A,8,9,59.216092194999874,8,6013,6013,0
A_N8_r9,A,8,9,59.417400274999636,8,6036,6036,0
A_N8_r9,A,8,9,59.618428261999725,8,6058,6058,0
A_N8_r9,A,8,9,59.819370797000374,8,6078,6078,0
A_N8_r9,A,8,9,60.01998220099995,6,6099,6099,0
A_N8_r9,A,8,9,60.22168300900012,0,6105,6105,0
A_N8_r10,A,8,10,0.005958977999398485,0,0,0,0
A_N8_r10,A,8,10,0.2067098799998348,8,17,17,0
A_N8_r10,A,8,10,0.40901128399946174,8,36,36,0
A_N8_r10,A,8,10,0.6112012539997522,8,56,56,0
A_N8_r10,A,8,10,0.8119179219993384,8,77,77,0
A_N8_r10,A,8,10,1.013184438999815,8,97,97,0
A_N8_r10,A,8,10,1.2142272900000535,8,121,121,0
A_N8_r10,A,8,10,1.4146109769999384,8,143,143,0
A_N8_r10,A,8,10,1.6150177780000377,8,162,162,0
A_N8_r10,A,8,10,1.815503668999554,8,186,186,0
A_N8_r10,A,8,10,2.0157719899998483,8,205,205,0
A_N8_r10,A,8,10,2.216575617999297,8,227,227,0
A_N8_r10,A,8,10,2.4179420179998488,8,250,250,0
A_N8_r10,A,8,10,2.618812403999982,8,272,272,0
A_N8_r10,A,8,10,2.8192256199999974,8,292,292,0
A_N8_r10,A,8,10,3.0223414509991926,8,313,313,0
A_N8_r10,A,8,10,3.2234435399996073,8,332,332,0
A_N8_r10,A,8,10,3.4240902530000312,8,354,354,0
A_N8_r10,A,8,10,3.6249765529992146,8,376,376,0
A_N8_r10,A,8,10,3.8280989360000603,8,398,398,0
A_N8_r10,A,8,10,4.0284437779992,8,417,417,0
A_N8_r10,A,8,10,4.229637042999457,8,439,439,0
A_N8_r10,A,8,10,4.432810586999949,8,459,459,0
A_N8_r10,A,8,10,4.633116744999825,8,481,481,0
A_N8_r10,A,8,10,4.83373478699923,8,503,503,0
A_N8_r10,A,8,10,5.034798247999788,8,522,522,0
A_N8_r10,A,8,10,5.235906895999506,8,544,544,0
A_N8_r10,A,8,10,5.437714693999624,8,566,566,0
A_N8_r10,A,8,10,5.638915105999331,8,588,588,0
A_N8_r10,A,8,10,5.8399641709993375,8,609,609,0
A_N8_r10,A,8,10,6.040780063999591,8,631,631,0
A_N8_r10,A,8,10,6.241266450999319,8,653,653,0
A_N8_r10,A,8,10,6.443677027999911,8,674,674,0
A_N8_r10,A,8,10,6.644173803999365,8,694,694,0
A_N8_r10,A,8,10,6.8477585659993565,8,715,715,0
A_N8_r10,A,8,10,7.048725449999438,8,739,739,0
A_N8_r10,A,8,10,7.249294385999747,8,762,762,0
A_N8_r10,A,8,10,7.450376999999207,8,783,783,0
A_N8_r10,A,8,10,7.651040225999168,8,803,803,0
A_N8_r10,A,8,10,7.852090488999238,8,822,822,0
A_N8_r10,A,8,10,8.053920837999613,8,842,842,0
A_N8_r10,A,8,10,8.254785408999851,8,863,863,0
A_N8_r10,A,8,10,8.455833579999307,8,883,883,0
A_N8_r10,A,8,10,8.65647816299952,8,906,906,0
A_N8_r10,A,8,10,8.858340463999411,8,925,925,0
A_N8_r10,A,8,10,9.059303956999429,8,945,945,0
A_N8_r10,A,8,10,9.26078919199972,8,968,968,0
A_N8_r10,A,8,10,9.461029518999567,8,988,988,0
A_N8_r10,A,8,10,9.662201898999228,8,1007,1007,0
A_N8_r10,A,8,10,9.862659799999165,8,1027,1027,0
A_N8_r10,A,8,10,10.063933444999748,8,1047,1047,0
A_N8_r10,A,8,10,10.266535017999558,8,1066,1066,0
A_N8_r10,A,8,10,10.466844348999985,8,1087,1087,0
A_N8_r10,A,8,10,10.668584161999206,8,1105,1105,0
A_N8_r10,A,8,10,10.870344513999953,8,1127,1127,0
A_N8_r10,A,8,10,11.07254510599978,8,1148,1148,0
A_N8_r10,A,8,10,11.273009214000012,8,1170,1170,0
A_N8_r10,A,8,10,11.474922198999593,8,1191,1191,0
A_N8_r10,A,8,10,11.676370809999753,8,1212,1212,0
A_N8_r10,A,8,10,11.877074864999486,8,1230,1230,0
A_N8_r10,A,8,10,12.077959345999261,8,1253,1253,0
A_N8_r10,A,8,10,12.27866428499965,8,1271,1271,0
A_N8_r10,A,8,10,12.479815663999943,8,1292,1292,0
A_N8_r10,A,8,10,12.680182188999424,8,1312,1312,0
A_N8_r10,A,8,10,12.881382642000062,8,1331,1331,0
A_N8_r10,A,8,10,13.082191421999596,8,1353,1353,0
A_N8_r10,A,8,10,13.28263024699936,8,1376,1376,0
A_N8_r10,A,8,10,13.483302456999809,8,1397,1397,0
A_N8_r10,A,8,10,13.684257874999275,8,1417,1417,0
A_N8_r10,A,8,10,13.884775260999959,8,1437,1437,0
A_N8_r10,A,8,10,14.085956893000002,8,1459,1459,0
A_N8_r10,A,8,10,14.286860083999272,8,1481,1481,0
A_N8_r10,A,8,10,14.487263965999773,8,1501,1501,0
A_N8_r10,A,8,10,14.687942760999249,8,1521,1521,0
A_N8_r10,A,8,10,14.889073736999308,8,1540,1540,0
A_N8_r10,A,8,10,15.090483205000055,8,1562,1562,0
A_N8_r10,A,8,10,15.291581901999962,8,1583,1583,0
A_N8_r10,A,8,10,15.492731224999261,8,1604,1604,0
A_N8_r10,A,8,10,15.694023739999466,8,1624,1624,0
A_N8_r10,A,8,10,15.894545139000002,8,1645,1645,0
A_N8_r10,A,8,10,16.095205674999306,8,1665,1665,0
A_N8_r10,A,8,10,16.295801937999386,8,1687,1687,0
A_N8_r10,A,8,10,16.496807228999387,8,1709,1709,0
A_N8_r10,A,8,10,16.6976618639992,8,1730,1730,0
A_N8_r10,A,8,10,16.898480350999307,8,1753,1753,0
A_N8_r10,A,8,10,17.099215782999636,8,1773,1773,0
A_N8_r10,A,8,10,17.29952081400006,8,1792,1792,0
A_N8_r10,A,8,10,17.50064620699959,8,1814,1814,0
A_N8_r10,A,8,10,17.70141477099969,8,1831,1831,0
A_N8_r10,A,8,10,17.9025686089999,8,1853,1853,0
A_N8_r10,A,8,10,18.104258007999306,8,1872,1872,0
A_N8_r10,A,8,10,18.304779443999905,8,1893,1893,0
A_N8_r10,A,8,10,18.50527684499957,8,1913,1913,0
A_N8_r10,A,8,10,18.707230326999706,8,1930,1930,0
A_N8_r10,A,8,10,18.908223351999368,8,1949,1949,0
A_N8_r10,A,8,10,19.1091312059998,8,1969,1969,0
A_N8_r10,A,8,10,19.30946092999966,8,1991,1991,0
A_N8_r10,A,8,10,19.509627723999984,8,2010,2010,0
A_N8_r10,A,8,10,19.710705722000057,8,2032,2032,0
A_N8_r10,A,8,10,19.913053788999605,8,2051,2051,0
A_N8_r10,A,8,10,20.114495902999806,8,2070,2070,0
A_N8_r10,A,8,10,20.315431391999482,8,2089,2089,0
A_N8_r10,A,8,10,20.516206396999223,8,2111,2111,0
A_N8_r10,A,8,10,20.71707784499995,8,2131,2131,0
A_N8_r10,A,8,10,20.920194556999377,8,2154,2154,0
A_N8_r10,A,8,10,21.121280564999324,8,2173,2173,0
A_N8_r10,A,8,10,21.322158778999437,8,2195,2195,0
A_N8_r10,A,8,10,21.523341230999904,8,2215,2215,0
A_N8_r10,A,8,10,21.72452297199925,8,2235,2235,0
A_N8_r10,A,8,10,21.927261116999944,8,2259,2259,0
A_N8_r10,A,8,10,22.12766968899996,8,2279,2279,0
A_N8_r10,A,8,10,22.328174665000006,8,2299,2299,0
A_N8_r10,A,8,10,22.528521700000056,8,2320,2320,0
A_N8_r10,A,8,10,22.729002920999847,8,2341,2341,0
A_N8_r10,A,8,10,22.930277773999478,8,2364,2364,0
A_N8_r10,A,8,10,23.131186019999404,8,2386,2386,0
A_N8_r10,A,8,10,23.33241137999994,8,2408,2408,0
A_N8_r10,A,8,10,23.535682011000063,8,2426,2426,0
A_N8_r10,A,8,10,23.736589565999566,8,2446,2446,0
A_N8_r10,A,8,10,23.93996500799949,8,2466,2466,0
A_N8_r10,A,8,10,24.14034169599927,8,2488,2488,0
A_N8_r10,A,8,10,24.341571566999846,8,2508,2508,0
A_N8_r10,A,8,10,24.54240672599917,8,2531,2531,0
A_N8_r10,A,8,10,24.74375129500004,8,2553,2553,0
A_N8_r10,A,8,10,24.94433147199925,8,2573,2573,0
A_N8_r10,A,8,10,25.145290960999773,8,2593,2593,0
A_N8_r10,A,8,10,25.346821425999224,8,2614,2614,0
A_N8_r10,A,8,10,25.54714388299999,8,2638,2638,0
A_N8_r10,A,8,10,25.748186039999382,8,2659,2659,0
A_N8_r10,A,8,10,25.950083885999447,8,2679,2679,0
A_N8_r10,A,8,10,26.15106746299989,8,2702,2702,0
A_N8_r10,A,8,10,26.35223357799987,8,2721,2721,0
A_N8_r10,A,8,10,26.553933298999254,8,2742,2742,0
A_N8_r10,A,8,10,26.754789272999915,8,2761,2761,0
A_N8_r10,A,8,10,26.95602893999967,8,2783,2783,0
A_N8_r10,A,8,10,27.15685537199988,8,2805,2805,0
A_N8_r10,A,8,10,27.358346436999454,8,2825,2825,0
A_N8_r10,A,8,10,27.558836297999733,8,2847,2847,0
A_N8_r10,A,8,10,27.76386394399924,8,2868,2868,0
A_N8_r10,A,8,10,27.964330221999262,8,2890,2890,0
A_N8_r10,A,8,10,28.165136547999282,8,2911,2911,0
A_N8_r10,A,8,10,28.36571707299936,8,2931,2931,0
A_N8_r10,A,8,10,28.568454042999292,8,2950,2950,0
A_N8_r10,A,8,10,28.769187619999684,8,2971,2971,0
A_N8_r10,A,8,10,28.970203506999496,8,2993,2993,0
A_N8_r10,A,8,10,29.17039917299917,8,3013,3013,0
A_N8_r10,A,8,10,29.371423545999278,8,3032,3032,0
A_N8_r10,A,8,10,29.572372505999738,8,3054,3054,0
A_N8_r10,A,8,10,29.773230832999616,8,3075,3075,0
A_N8_r10,A,8,10,29.973681616999784,8,3095,3095,0
A_N8_r10,A,8,10,30.17459850799969,8,3115,3115,0
A_N8_r10,A,8,10,30.37539136399937,8,3137,3137,0
A_N8_r10,A,8,10,30.577818819999266,8,3158,3158,0
A_N8_r10,A,8,10,30.778141750999566,8,3179,3179,0
A_N8_r10,A,8,10,30.9784390549994,8,3199,3199,0
A_N8_r10,A,8,10,31.178979794000043,8,3220,3220,0
A_N8_r10,A,8,10,31.379621122999197,8,3240,3240,0
A_N8_r10,A,8,10,31.580621585999324,8,3259,3259,0
A_N8_r10,A,8,10,31.781019752999782,8,3280,3280,0
A_N8_r10,A,8,10,31.982216691999383,8,3300,3300,0
A_N8_r10,A,8,10,32.18262285699984,8,3321,3321,0
A_N8_r10,A,8,10,32.382966313,8,3340,3340,0
A_N8_r10,A,8,10,32.58404820399937,8,3361,3361,0
A_N8_r10,A,8,10,32.78590935699958,8,3384,3384,0
A_N8_r10,A,8,10,32.98651061599958,8,3403,3403,0
A_N8_r10,A,8,10,33.1878225269993,8,3423,3423,0
A_N8_r10,A,8,10,33.38853344399922,8,3442,3442,0
A_N8_r10,A,8,10,33.589468528,8,3462,3462,0
A_N8_r10,A,8,10,33.79000921199986,8,3484,3484,0
A_N8_r10,A,8,10,33.99286899099934,8,3504,3504,0
A_N8_r10,A,8,10,34.193384638999305,8,3525,3525,0
A_N8_r10,A,8,10,34.39437600299971,8,3544,3544,0
A_N8_r10,A,8,10,34.595155854999575,8,3566,3566,0
A_N8_r10,A,8,10,34.79676453299999,8,3586,3586,0
A_N8_r10,A,8,10,34.997666579,8,3606,3606,0
A_N8_r10,A,8,10,35.19810002399936,8,3627,3627,0
A_N8_r10,A,8,10,35.39868650999961,8,3650,3650,0
A_N8_r10,A,8,10,35.60077318099957,8,3671,3671,0
A_N8_r10,A,8,10,35.80452122299994,8,3691,3691,0
A_N8_r10,A,8,10,36.00524848999976,8,3712,3712,0
A_N8_r10,A,8,10,36.20569861900003,8,3732,3732,0
A_N8_r10,A,8,10,36.407796883999254,8,3752,3752,0
A_N8_r10,A,8,10,36.60885828699975,8,3770,3770,0
A_N8_r10,A,8,10,36.81023389699931,8,3790,3790,0
A_N8_r10,A,8,10,37.01091034899946,8,3813,3813,0
A_N8_r10,A,8,10,37.21237923999979,8,3832,3832,0
A_N8_r10,A,8,10,37.41290793099961,8,3853,3853,0
A_N8_r10,A,8,10,37.61355564899986,8,3875,3875,0
A_N8_r10,A,8,10,37.81401752399961,8,3897,3897,0
A_N8_r10,A,8,10,38.0143636899993,8,3918,3918,0
A_N8_r10,A,8,10,38.21501455699945,8,3940,3940,0
A_N8_r10,A,8,10,38.41613980599959,8,3959,3959,0
A_N8_r10,A,8,10,38.61659238499942,8,3978,3978,0
A_N8_r10,A,8,10,38.8180421119996,8,4000,4000,0
A_N8_r10,A,8,10,39.01879482499953,8,4023,4023,0
A_N8_r10,A,8,10,39.219662726000024,8,4041,4041,0
A_N8_r10,A,8,10,39.42086188899975,8,4061,4061,0
A_N8_r10,A,8,10,39.62219134999941,8,4080,4080,0
A_N8_r10,A,8,10,39.822765792999235,8,4102,4102,0
A_N8_r10,A,8,10,40.02446611199957,8,4125,4125,0
A_N8_r10,A,8,10,40.22504377399946,8,4144,4144,0
A_N8_r10,A,8,10,40.42698250699959,8,4165,4165,0
A_N8_r10,A,8,10,40.63022392899984,8,4184,4184,0
A_N8_r10,A,8,10,40.8312892189997,8,4203,4203,0
A_N8_r10,A,8,10,41.03222162899965,8,4224,4224,0
A_N8_r10,A,8,10,41.23294014299972,8,4243,4243,0
A_N8_r10,A,8,10,41.43415535099939,8,4264,4264,0
A_N8_r10,A,8,10,41.63460202599981,8,4283,4283,0
A_N8_r10,A,8,10,41.83637621899925,8,4303,4303,0
A_N8_r10,A,8,10,42.03723921999972,8,4324,4324,0
A_N8_r10,A,8,10,42.23844970199934,8,4345,4345,0
A_N8_r10,A,8,10,42.43898242399973,8,4364,4364,0
A_N8_r10,A,8,10,42.639803082999606,8,4384,4384,0
A_N8_r10,A,8,10,42.84137762899991,8,4403,4403,0
A_N8_r10,A,8,10,43.04323773999931,8,4424,4424,0
A_N8_r10,A,8,10,43.244160255999304,8,4446,4446,0
A_N8_r10,A,8,10,43.4452609609998,8,4465,4465,0
A_N8_r10,A,8,10,43.6460091859999,8,4486,4486,0
A_N8_r10,A,8,10,43.847690478000004,8,4507,4507,0
A_N8_r10,A,8,10,44.048788580999826,8,4525,4525,0
A_N8_r10,A,8,10,44.249659250999684,8,4546,4546,0
A_N8_r10,A,8,10,44.450447123999766,8,4567,4567,0
A_N8_r10,A,8,10,44.651328133999414,8,4587,4587,0
A_N8_r10,A,8,10,44.85252248100005,8,4608,4608,0
A_N8_r10,A,8,10,45.05292964199998,8,4631,4631,0
A_N8_r10,A,8,10,45.25408003699977,8,4652,4652,0
A_N8_r10,A,8,10,45.45526565,8,4675,4675,0
A_N8_r10,A,8,10,45.65627286199924,8,4696,4696,0
A_N8_r10,A,8,10,45.856569433000004,8,4715,4715,0
A_N8_r10,A,8,10,46.057681457999934,8,4737,4737,0
A_N8_r10,A,8,10,46.258313038999404,8,4757,4757,0
A_N8_r10,A,8,10,46.46240596699954,8,4776,4776,0
A_N8_r10,A,8,10,46.66298597900004,8,4795,4795,0
A_N8_r10,A,8,10,46.86402720999922,8,4817,4817,0
A_N8_r10,A,8,10,47.065345369999704,8,4839,4839,0
A_N8_r10,A,8,10,47.26602535599977,8,4863,4863,0
A_N8_r10,A,8,10,47.46675603699987,8,4884,4884,0
A_N8_r10,A,8,10,47.66789419499946,8,4903,4903,0
A_N8_r10,A,8,10,47.868664542999795,8,4924,4924,0
A_N8_r10,A,8,10,48.069966563999515,8,4946,4946,0
A_N8_r10,A,8,10,48.27095434799958,8,4966,4966,0
A_N8_r10,A,8,10,48.472316824999325,8,4985,4985,0
A_N8_r10,A,8,10,48.67348885999945,8,5005,5005,0
A_N8_r10,A,8,10,48.87474714799919,8,5026,5026,0
A_N8_r10,A,8,10,49.07616878099998,8,5048,5048,0
A_N8_r10,A,8,10,49.276961476,8,5068,5068,0
A_N8_r10,A,8,10,49.478219064999394,8,5089,5089,0
A_N8_r10,A,8,10,49.679657799999404,8,5109,5109,0
A_N8_r10,A,8,10,49.87991215099919,8,5131,5131,0
A_N8_r10,A,8,10,50.08053794099942,8,5154,5154,0
A_N8_r10,A,8,10,50.28090614099983,8,5175,5175,0
A_N8_r10,A,8,10,50.482252591999895,8,5193,5193,0
A_N8_r10,A,8,10,50.68388093999965,8,5208,5208,0
A_N8_r10,A,8,10,50.884366313999635,8,5231,5231,0
A_N8_r10,A,8,10,51.08548211899961,8,5252,5252,0
A_N8_r10,A,8,10,51.28660998699979,8,5274,5274,0
A_N8_r10,A,8,10,51.488279616,8,5296,5296,0
A_N8_r10,A,8,10,51.689421720999235,8,5317,5317,0
A_N8_r10,A,8,10,51.89170073199966,8,5338,5338,0
A_N8_r10,A,8,10,52.09353110899974,8,5359,5359,0
A_N8_r10,A,8,10,52.29487136499938,8,5382,5382,0
A_N8_r10,A,8,10,52.49609977599994,8,5400,5400,0
A_N8_r10,A,8,10,52.69756396699995,8,5421,5421,0
A_N8_r10,A,8,10,52.89841185599926,8,5444,5444,0
A_N8_r10,A,8,10,53.10002456199982,8,5463,5463,0
A_N8_r10,A,8,10,53.30133202699926,8,5484,5484,0
A_N8_r10,A,8,10,53.50193613299962,8,5505,5505,0
A_N8_r10,A,8,10,53.70386269699975,8,5526,5526,0
A_N8_r10,A,8,10,53.905127841999274,8,5551,5551,0
A_N8_r10,A,8,10,54.10703681499945,8,5572,5572,0
A_N8_r10,A,8,10,54.30774252699939,8,5593,5593,0
A_N8_r10,A,8,10,54.5093063129998,8,5612,5612,0
A_N8_r10,A,8,10,54.71019036399957,8,5631,5631,0
A_N8_r10,A,8,10,54.912948242999846,8,5651,5651,0
A_N8_r10,A,8,10,55.113415954999255,8,5671,5671,0
A_N8_r10,A,8,10,55.314582416999656,8,5690,5690,0
A_N8_r10,A,8,10,55.515831656000046,8,5710,5710,0
A_N8_r10,A,8,10,55.7167968549993,8,5731,5731,0
A_N8_r10,A,8,10,55.9188442349996,8,5753,5753,0
A_N8_r10,A,8,10,56.11968539999998,8,5775,5775,0
A_N8_r10,A,8,10,56.32092615599959,8,5797,5797,0
A_N8_r10,A,8,10,56.522123578999526,8,5816,5816,0
A_N8_r10,A,8,10,56.72334000799947,8,5836,5836,0
A_N8_r10,A,8,10,56.92730776600001,8,5857,5857,0
A_N8_r10,A,8,10,57.127992235999955,8,5877,5877,0
A_N8_r10,A,8,10,57.32819771300001,8,5898,5898,0
A_N8_r10,A,8,10,57.529109624999364,8,5919,5919,0
A_N8_r10,A,8,10,57.72959475599964,8,5939,5939,0
A_N8_r10,A,8,10,57.930264187999455,8,5960,5960,0
A_N8_r10,A,8,10,58.131291201999375,8,5980,5980,0
A_N8_r10,A,8,10,58.33211904699965,8,6003,6003,0
A_N8_r10,A,8,10,58.532911613999204,8,6022,6022,0
A_N8_r10,A,8,10,58.73379954399934,8,6042,6042,0
A_N8_r10,A,8,10,58.93490165200001,8,6062,6062,0
A_N8_r10,A,8,10,59.135602577999634,8,6082,6082,0
A_N8_r10,A,8,10,59.336303344000044,8,6103,6103,0
A_N8_r10,A,8,10,59.53677586499998,8,6125,6125,0
A_N8_r10,A,8,10,59.73807761399985,8,6146,6146,0
A_N8_r10,A,8,10,59.93874947599943,8,6167,6167,0
A_N8_r10,A,8,10,60.13989065199985,0,6182,6182,0
A_N16_r1,A,16,1,0.0066414009997970425,0,0,0,0
A_N16_r1,A,16,1,0.2090498089992252,16,16,16,0
A_N16_r1,A,16,1,0.4094985679994352,16,48,48,0
A_N16_r1,A,16,1,0.6103481309992276,16,78,78,0
A_N16_r1,A,16,1,0.8126132889992732,16,106,106,0
A_N16_r1,A,16,1,1.0132747959996777,16,136,136,0
A_N16_r1,A,16,1,1.214487299999746,16,168,168,0
A_N16_r1,A,16,1,1.4157870209992325,16,197,197,0
A_N16_r1,A,16,1,1.6185443179992944,16,227,227,0
A_N16_r1,A,16,1,1.8197966009993252,16,258,258,0
A_N16_r1,A,16,1,2.0228414959992733,16,289,289,0
A_N16_r1,A,16,1,2.2231821629993647,16,317,317,0
A_N16_r1,A,16,1,2.424659524999697,16,345,345,0
A_N16_r1,A,16,1,2.628074317000028,16,376,376,0
A_N16_r1,A,16,1,2.833897382000032,16,407,407,0
A_N16_r1,A,16,1,3.035618529999738,16,435,435,0
A_N16_r1,A,16,1,3.2359650009993857,16,467,467,0
A_N16_r1,A,16,1,3.437000944999454,16,494,494,0
A_N16_r1,A,16,1,3.638333144999706,16,524,524,0
A_N16_r1,A,16,1,3.839222971999334,16,554,554,0
A_N16_r1,A,16,1,4.043010587000026,16,583,583,0
A_N16_r1,A,16,1,4.244287661999806,16,614,614,0
A_N16_r1,A,16,1,4.4452649369995925,16,643,643,0
A_N16_r1,A,16,1,4.647369950999746,16,672,672,0
A_N16_r1,A,16,1,4.848956456999986,16,700,700,0
A_N16_r1,A,16,1,5.052555184000084,16,731,731,0
A_N16_r1,A,16,1,5.253258248999373,16,759,759,0
A_N16_r1,A,16,1,5.454039403000024,16,789,789,0
A_N16_r1,A,16,1,5.655665897999825,16,818,818,0
A_N16_r1,A,16,1,5.859613099999478,16,848,848,0
A_N16_r1,A,16,1,6.061595031999786,16,878,878,0
A_N16_r1,A,16,1,6.26260448299945,16,909,909,0
A_N16_r1,A,16,1,6.463040422999256,16,938,938,0
A_N16_r1,A,16,1,6.664490483999543,16,967,967,0
A_N16_r1,A,16,1,6.865937369999301,16,998,998,0
A_N16_r1,A,16,1,7.067705877999288,16,1027,1027,0
A_N16_r1,A,16,1,7.268878481999309,16,1056,1056,0
A_N16_r1,A,16,1,7.46991713099942,16,1083,1083,0
A_N16_r1,A,16,1,7.671511159999682,16,1116,1116,0
A_N16_r1,A,16,1,7.8731929549994675,16,1145,1145,0
A_N16_r1,A,16,1,8.074767045999579,16,1174,1174,0
A_N16_r1,A,16,1,8.27769262899983,16,1206,1206,0
A_N16_r1,A,16,1,8.478722322999602,16,1234,1234,0
A_N16_r1,A,16,1,8.679192314999455,16,1262,1262,0
A_N16_r1,A,16,1,8.882054879999487,16,1293,1293,0
A_N16_r1,A,16,1,9.084157498999957,16,1321,1321,0
A_N16_r1,A,16,1,9.284444160999556,16,1353,1353,0
A_N16_r1,A,16,1,9.486778842999229,16,1382,1382,0
A_N16_r1,A,16,1,9.69143647799956,16,1409,1409,0
A_N16_r1,A,16,1,9.895311553999818,16,1439,1439,0
A_N16_r1,A,16,1,10.096823650999795,16,1469,1469,0
A_N16_r1,A,16,1,10.298726551999607,16,1500,1500,0
A_N16_r1,A,16,1,10.499986249999893,16,1528,1528,0
A_N16_r1,A,16,1,10.701470226999845,16,1558,1558,0
A_N16_r1,A,16,1,10.903258942999855,16,1588,1588,0
A_N16_r1,A,16,1,11.10436201399989,16,1616,1616,0
A_N16_r1,A,16,1,11.304971285999272,16,1647,1647,0
A_N16_r1,A,16,1,11.507517694999478,16,1676,1676,0
A_N16_r1,A,16,1,11.709615021999525,16,1704,1704,0
A_N16_r1,A,16,1,11.911595345000023,16,1732,1732,0
A_N16_r1,A,16,1,12.112013795999701,16,1763,1763,0
A_N16_r1,A,16,1,12.31396608599971,16,1793,1793,0
A_N16_r1,A,16,1,12.515095701000064,16,1822,1822,0
A_N16_r1,A,16,1,12.716176164999524,16,1852,1852,0
A_N16_r1,A,16,1,12.918246591999377,16,1881,1881,0
A_N16_r1,A,16,1,13.119447946000037,16,1910,1910,0
A_N16_r1,A,16,1,13.320857355000044,16,1940,1940,0
A_N16_r1,A,16,1,13.52123840799959,16,1969,1969,0
A_N16_r1,A,16,1,13.721876040999632,16,1999,1999,0
A_N16_r1,A,16,1,13.924324810999678,16,2027,2027,0
A_N16_r1,A,16,1,14.12672140199993,16,2057,2057,0
A_N16_r1,A,16,1,14.328153757999644,16,2088,2088,0
A_N16_r1,A,16,1,14.528971684999306,16,2117,2117,0
A_N16_r1,A,16,1,14.732443404999685,16,2144,2144,0
A_N16_r1,A,16,1,14.933853329999693,16,2175,2175,0
A_N16_r1,A,16,1,15.13542809899991,16,2206,2206,0
A_N16_r1,A,16,1,15.339122342999872,16,2237,2237,0
A_N16_r1,A,16,1,15.540176782999879,16,2267,2267,0
A_N16_r1,A,16,1,15.742442729999311,16,2297,2297,0
A_N16_r1,A,16,1,15.943585709999752,16,2324,2324,0
A_N16_r1,A,16,1,16.147644289999334,16,2356,2356,0
A_N16_r1,A,16,1,16.34810808599923,16,2386,2386,0
A_N16_r1,A,16,1,16.549107172999356,16,2416,2416,0
A_N16_r1,A,16,1,16.750070152999797,16,2444,2444,0
A_N16_r1,A,16,1,16.95072348299982,16,2471,2471,0
A_N16_r1,A,16,1,17.151288774999557,16,2501,2501,0
A_N16_r1,A,16,1,17.352343689999543,16,2529,2529,0
A_N16_r1,A,16,1,17.556881484999394,16,2560,2560,0
A_N16_r1,A,16,1,17.757242761999805,16,2590,2590,0
A_N16_r1,A,16,1,17.959663207999256,16,2618,2618,0
A_N16_r1,A,16,1,18.160834946999785,16,2649,2649,0
A_N16_r1,A,16,1,18.361228254999332,16,2677,2677,0
A_N16_r1,A,16,1,18.56223756700001,16,2706,2706,0
A_N16_r1,A,16,1,18.765079467999385,16,2735,2735,0
A_N16_r1,A,16,1,18.966150727999775,16,2764,2764,0
A_N16_r1,A,16,1,19.167562556999655,16,2794,2794,0
A_N16_r1,A,16,1,19.369207009000093,16,2823,2823,0
A_N16_r1,A,16,1,19.570129447999534,16,2853,2853,0
A_N16_r1,A,16,1,19.772029879,16,2880,2880,0
A_N16_r1,A,16,1,19.973720569999386,16,2910,2910,0
A_N16_r1,A,16,1,20.17440954599988,16,2940,2940,0
A_N16_r1,A,16,1,20.37667664499986,16,2969,2969,0
A_N16_r1,A,16,1,20.580305447999308,16,2999,2999,0
A_N16_r1,A,16,1,20.78194548600004,16,3029,3029,0
A_N16_r1,A,16,1,20.98251378399982,16,3058,3058,0
A_N16_r1,A,16,1,21.185611496999627,16,3088,3088,0
A_N16_r1,A,16,1,21.38671043499926,16,3117,3117,0
A_N16_r1,A,16,1,21.587508852999235,16,3147,3147,0
A_N16_r1,A,16,1,21.78839904599954,16,3174,3174,0
A_N16_r1,A,16,1,21.99041180599943,16,3202,3202,0
A_N16_r1,A,16,1,22.192277796999406,16,3233,3233,0
A_N16_r1,A,16,1,22.404579514000034,16,3261,3261,0
A_N16_r1,A,16,1,22.605264066999553,16,3293,3293,0
A_N16_r1,A,16,1,22.807214099999328,16,3322,3322,0
A_N16_r1,A,16,1,23.011607784999796,16,3350,3350,0
A_N16_r1,A,16,1,23.212505133999912,16,3380,3380,0
A_N16_r1,A,16,1,23.416379199999938,16,3405,3405,0
A_N16_r1,A,16,1,23.621535137999672,16,3436,3436,0
A_N16_r1,A,16,1,23.823602026000117,16,3456,3456,0
A_N16_r1,A,16,1,24.02512228299929,16,3488,3488,0
A_N16_r1,A,16,1,24.226122620999377,16,3518,3518,0
A_N16_r1,A,16,1,24.426545779999287,16,3548,3548,0
A_N16_r1,A,16,1,24.627102073999595,16,3578,3578,0
A_N16_r1,A,16,1,24.827584677999766,16,3607,3607,0
A_N16_r1,A,16,1,25.029081743999996,16,3637,3637,0
A_N16_r1,A,16,1,25.23031873399941,16,3666,3666,0
A_N16_r1,A,16,1,25.43103733799944,16,3695,3695,0
A_N16_r1,A,16,1,25.63175561299977,16,3724,3724,0
A_N16_r1,A,16,1,25.832431408000048,16,3753,3753,0
A_N16_r1,A,16,1,26.036329687000034,16,3780,3780,0
A_N16_r1,A,16,1,26.23965351300012,16,3811,3811,0
A_N16_r1,A,16,1,26.44183184799931,16,3842,3842,0
A_N16_r1,A,16,1,26.64244388299994,16,3871,3871,0
A_N16_r1,A,16,1,26.847604276999846,16,3900,3900,0
A_N16_r1,A,16,1,27.04796287999943,16,3928,3928,0
A_N16_r1,A,16,1,27.24916077099988,16,3959,3959,0
A_N16_r1,A,16,1,27.449895299999298,16,3987,3987,0
A_N16_r1,A,16,1,27.654932832999293,16,4017,4017,0
A_N16_r1,A,16,1,27.857470756999646,16,4047,4047,0
A_N16_r1,A,16,1,28.05828804599969,16,4077,4077,0
A_N16_r1,A,16,1,28.25919378299932,16,4106,4106,0
A_N16_r1,A,16,1,28.460938227000042,16,4135,4135,0
A_N16_r1,A,16,1,28.662581038999633,16,4165,4165,0
A_N16_r1,A,16,1,28.86311750599998,16,4193,4193,0
A_N16_r1,A,16,1,29.065231013999437,16,4223,4223,0
A_N16_r1,A,16,1,29.266152593999323,16,4251,4251,0
A_N16_r1,A,16,1,29.46671108299961,16,4280,4280,0
A_N16_r1,A,16,1,29.66866873699928,16,4308,4308,0
A_N16_r1,A,16,1,29.86954009300007,16,4338,4338,0
A_N16_r1,A,16,1,30.070224072999736,16,4367,4367,0
A_N16_r1,A,16,1,30.27244110099946,16,4397,4397,0
A_N16_r1,A,16,1,30.473707619999914,16,4426,4426,0
A_N16_r1,A,16,1,30.67649847299981,16,4452,4452,0
A_N16_r1,A,16,1,30.879571573999783,16,4484,4484,0
A_N16_r1,A,16,1,31.083846281999286,16,4512,4512,0
A_N16_r1,A,16,1,31.285159131,16,4543,4543,0
A_N16_r1,A,16,1,31.486619151000014,16,4571,4571,0
A_N16_r1,A,16,1,31.687359912999455,16,4601,4601,0
A_N16_r1,A,16,1,31.888418270999864,16,4630,4630,0
A_N16_r1,A,16,1,32.09005080099996,16,4659,4659,0
A_N16_r1,A,16,1,32.29153364600006,16,4688,4688,0
A_N16_r1,A,16,1,32.49305827099943,16,4717,4717,0
A_N16_r1,A,16,1,32.69603586499943,16,4748,4748,0
A_N16_r1,A,16,1,32.89666715099975,16,4776,4776,0
A_N16_r1,A,16,1,33.09774635999929,16,4804,4804,0
A_N16_r1,A,16,1,33.30029388499952,16,4834,4834,0
A_N16_r1,A,16,1,33.50058973399973,16,4862,4862,0
A_N16_r1,A,16,1,33.70226177399945,16,4892,4892,0
A_N16_r1,A,16,1,33.90338968800006,16,4920,4920,0
A_N16_r1,A,16,1,34.105506424999476,16,4948,4948,0
A_N16_r1,A,16,1,34.312616708999485,16,4977,4977,0
A_N16_r1,A,16,1,34.51343402299972,16,5009,5009,0
A_N16_r1,A,16,1,34.7140784989997,16,5037,5037,0
A_N16_r1,A,16,1,34.916360512999745,16,5065,5065,0
A_N16_r1,A,16,1,35.11787637799989,16,5094,5094,0
A_N16_r1,A,16,1,35.318929922999814,16,5123,5123,0
A_N16_r1,A,16,1,35.52201499700004,16,5152,5152,0
A_N16_r1,A,16,1,35.724719126999844,16,5182,5182,0
A_N16_r1,A,16,1,35.92562559399994,16,5211,5211,0
A_N16_r1,A,16,1,36.12745096099934,16,5239,5239,0
A_N16_r1,A,16,1,36.329545210000106,16,5269,5269,0
A_N16_r1,A,16,1,36.53286323999964,16,5297,5297,0
A_N16_r1,A,16,1,36.73618654099937,16,5327,5327,0
A_N16_r1,A,16,1,36.938308263999716,16,5356,5356,0
A_N16_r1,A,16,1,37.13990041899979,16,5388,5388,0
A_N16_r1,A,16,1,37.34514635100004,16,5417,5417,0
A_N16_r1,A,16,1,37.54679079699963,16,5447,5447,0
A_N16_r1,A,16,1,37.74746133999997,16,5475,5475,0
A_N16_r1,A,16,1,37.94938735300002,16,5503,5503,0
A_N16_r1,A,16,1,38.152366931999495,16,5532,5532,0
A_N16_r1,A,16,1,38.356200346999685,16,5563,5563,0
A_N16_r1,A,16,1,38.55840411000008,16,5592,5592,0
A_N16_r1,A,16,1,38.762638100000004,16,5621,5621,0
A_N16_r1,A,16,1,38.963662728999225,16,5650,5650,0
A_N16_r1,A,16,1,39.164826673999414,16,5679,5679,0
A_N16_r1,A,16,1,39.36549214899969,16,5708,5708,0
A_N16_r1,A,16,1,39.56767968399981,16,5736,5736,0
A_N16_r1,A,16,1,39.768432367999594,16,5764,5764,0
A_N16_r1,A,16,1,39.97181107199958,16,5794,5794,0
A_N16_r1,A,16,1,40.172659557999395,16,5823,5823,0
A_N16_r1,A,16,1,40.374099319999914,16,5852,5852,0
A_N16_r1,A,16,1,40.575639384999704,16,5882,5882,0
A_N16_r1,A,16,1,40.776578074999634,16,5911,5911,0
A_N16_r1,A,16,1,40.977639949999684,16,5942,5942,0
A_N16_r1,A,16,1,41.181489302000045,16,5967,5967,0
A_N16_r1,A,16,1,41.38351676499951,16,5997,5997,0
A_N16_r1,A,16,1,41.58370605099935,16,6027,6027,0
A_N16_r1,A,16,1,41.78490241399959,16,6053,6053,0
A_N16_r1,A,16,1,41.986859715999344,16,6083,6083,0
A_N16_r1,A,16,1,42.188046651999684,16,6113,6113,0
A_N16_r1,A,16,1,42.38876503499978,16,6144,6144,0
A_N16_r1,A,16,1,42.589725069999986,16,6171,6171,0
A_N16_r1,A,16,1,42.79168974899949,16,6200,6200,0
A_N16_r1,A,16,1,42.992921531999855,16,6230,6230,0
A_N16_r1,A,16,1,43.19364964599936,16,6260,6260,0
A_N16_r1,A,16,1,43.39563302999977,16,6289,6289,0
A_N16_r1,A,16,1,43.59962590199939,16,6319,6319,0
A_N16_r1,A,16,1,43.80109422799978,16,6349,6349,0
A_N16_r1,A,16,1,44.006679010999505,16,6378,6378,0
A_N16_r1,A,16,1,44.20748520599955,16,6408,6408,0
A_N16_r1,A,16,1,44.40808358599952,16,6436,6436,0
A_N16_r1,A,16,1,44.60855850200005,16,6464,6464,0
A_N16_r1,A,16,1,44.8087603189997,16,6494,6494,0
A_N16_r1,A,16,1,45.01012065099985,16,6523,6523,0
A_N16_r1,A,16,1,45.210743470000125,16,6553,6553,0
A_N16_r1,A,16,1,45.411898470999404,16,6582,6582,0
A_N16_r1,A,16,1,45.6126923869997,16,6613,6613,0
A_N16_r1,A,16,1,45.815170350999324,16,6641,6641,0
A_N16_r1,A,16,1,46.022432932999436,16,6669,6669,0
A_N16_r1,A,16,1,46.22317555099926,16,6698,6698,0
A_N16_r1,A,16,1,46.42393643499963,16,6727,6727,0
A_N16_r1,A,16,1,46.62514907100012,16,6758,6758,0
A_N16_r1,A,16,1,46.827481047999754,16,6785,6785,0
A_N16_r1,A,16,1,47.02838921399962,16,6813,6813,0
A_N16_r1,A,16,1,47.230097052999554,16,6842,6842,0
A_N16_r1,A,16,1,47.43607387099928,16,6871,6871,0
A_N16_r1,A,16,1,47.6370283669994,16,6899,6899,0
A_N16_r1,A,16,1,47.838767186999576,16,6930,6930,0
A_N16_r1,A,16,1,48.03923174099964,16,6957,6957,0
A_N16_r1,A,16,1,48.24229400100012,16,6987,6987,0
A_N16_r1,A,16,1,48.444537190999654,16,7017,7017,0
A_N16_r1,A,16,1,48.64477583799999,16,7045,7045,0
A_N16_r1,A,16,1,48.845694177999576,16,7075,7075,0
A_N16_r1,A,16,1,49.04699215099936,16,7104,7104,0
A_N16_r1,A,16,1,49.24833402799959,16,7132,7132,0
A_N16_r1,A,16,1,49.449028711999745,16,7163,7163,0
A_N16_r1,A,16,1,49.6504404239995,16,7191,7191,0
A_N16_r1,A,16,1,49.85165761499957,16,7218,7218,0
A_N16_r1,A,16,1,50.05307824400006,16,7248,7248,0
A_N16_r1,A,16,1,50.2565206929994,16,7277,7277,0
A_N16_r1,A,16,1,50.4588504229996,16,7308,7308,0
A_N16_r1,A,16,1,50.659241563999785,16,7337,7337,0
A_N16_r1,A,16,1,50.859650007999335,16,7367,7367,0
A_N16_r1,A,16,1,51.06119949399999,16,7396,7396,0
A_N16_r1,A,16,1,51.26255556199976,16,7425,7425,0
A_N16_r1,A,16,1,51.46375476199955,16,7453,7453,0
A_N16_r1,A,16,1,51.664266394999686,16,7483,7483,0
A_N16_r1,A,16,1,51.86485206799989,16,7514,7514,0
A_N16_r1,A,16,1,52.065850868999405,16,7540,7540,0
A_N16_r1,A,16,1,52.26764109599935,16,7566,7566,0
A_N16_r1,A,16,1,52.46804602599968,16,7598,7598,0
A_N16_r1,A,16,1,52.670203624999886,16,7624,7624,0
A_N16_r1,A,16,1,52.873003265999614,16,7654,7654,0
A_N16_r1,A,16,1,53.07424911899943,16,7682,7682,0
A_N16_r1,A,16,1,53.27526309099994,16,7711,7711,0
A_N16_r1,A,16,1,53.476344860999234,16,7741,7741,0
A_N16_r1,A,16,1,53.67776751299971,16,7771,7771,0
A_N16_r1,A,16,1,53.878817494999566,16,7801,7801,0
A_N16_r1,A,16,1,54.07994817100007,16,7829,7829,0
A_N16_r1,A,16,1,54.281603575999725,16,7859,7859,0
A_N16_r1,A,16,1,54.482885450999675,16,7888,7888,0
A_N16_r1,A,16,1,54.68329889300003,16,7917,7917,0
A_N16_r1,A,16,1,54.88518368699988,16,7945,7945,0
A_N16_r1,A,16,1,55.085696238999844,16,7978,7978,0
A_N16_r1,A,16,1,55.28667219199997,16,8005,8005,0
A_N16_r1,A,16,1,55.48762773699946,16,8033,8033,0
A_N16_r1,A,16,1,55.69160330499926,16,8063,8063,0
A_N16_r1,A,16,1,55.89373254699967,16,8094,8094,0
A_N16_r1,A,16,1,56.0997232310001,16,8122,8122,0
A_N16_r1,A,16,1,56.30390106399955,16,8153,8153,0
A_N16_r1,A,16,1,56.50570267199964,16,8182,8182,0
A_N16_r1,A,16,1,56.70638477099965,16,8211,8211,0
A_N16_r1,A,16,1,56.908072904999244,16,8241,8241,0
A_N16_r1,A,16,1,57.11061105799945,16,8270,8270,0
A_N16_r1,A,16,1,57.31294964099925,16,8298,8298,0
A_N16_r1,A,16,1,57.51530799200009,16,8329,8329,0
A_N16_r1,A,16,1,57.71744202699938,16,8361,8361,0
A_N16_r1,A,16,1,57.92058172799989,16,8388,8388,0
A_N16_r1,A,16,1,58.121448699999746,16,8419,8419,0
A_N16_r1,A,16,1,58.32202910699925,16,8447,8447,0
A_N16_r1,A,16,1,58.523637422999855,16,8475,8475,0
A_N16_r1,A,16,1,58.727564805999464,16,8506,8506,0
A_N16_r1,A,16,1,58.93162924899934,16,8536,8536,0
A_N16_r1,A,16,1,59.13209101299981,16,8565,8565,0
A_N16_r1,A,16,1,59.33316350899986,16,8594,8594,0
A_N16_r1,A,16,1,59.5351278549997,16,8624,8624,0
A_N16_r1,A,16,1,59.73603342499973,16,8654,8654,0
A_N16_r1,A,16,1,59.93742392999957,16,8682,8682,0
A_N16_r1,A,16,1,60.13873608499944,0,8706,8706,0
A_N16_r2,A,16,2,0.006347687000015867,0,0,0,0
A_N16_r2,A,16,2,0.20833253500040882,16,17,17,0
A_N16_r2,A,16,2,0.40900796000005357,16,50,50,0
A_N16_r2,A,16,2,0.6100938859999587,16,77,77,0
A_N16_r2,A,16,2,0.8146954680005365,16,107,107,0
A_N16_r2,A,16,2,1.0183722080000734,16,138,138,0
A_N16_r2,A,16,2,1.2197516250007538,16,167,167,0
A_N16_r2,A,16,2,1.4266995060006593,16,196,196,0
A_N16_r2,A,16,2,1.6338304660002905,16,226,226,0
A_N16_r2,A,16,2,1.835484847000771,16,252,252,0
A_N16_r2,A,16,2,2.0376287310000407,16,280,280,0
A_N16_r2,A,16,2,2.2399532710005587,16,308,308,0
A_N16_r2,A,16,2,2.4426218759999756,16,335,335,0
A_N16_r2,A,16,2,2.644012016000488,16,365,365,0
A_N16_r2,A,16,2,2.846047785000337,16,396,396,0
A_N16_r2,A,16,2,3.0477411050005685,16,423,423,0
A_N16_r2,A,16,2,3.249055543000395,16,451,451,0
A_N16_r2,A,16,2,3.450186312000369,16,480,480,0
A_N16_r2,A,16,2,3.6550556490001327,16,510,510,0
A_N16_r2,A,16,2,3.8575368490000983,16,538,538,0
A_N16_r2,A,16,2,4.05804540400004,16,566,566,0
A_N16_r2,A,16,2,4.258591061000516,16,596,596,0
A_N16_r2,A,16,2,4.4592179119999855,16,625,625,0
A_N16_r2,A,16,2,4.66038642500007,16,653,653,0
A_N16_r2,A,16,2,4.861108377000164,16,683,683,0
A_N16_r2,A,16,2,5.063399289000699,16,709,709,0
A_N16_r2,A,16,2,5.2650666940007795,16,740,740,0
A_N16_r2,A,16,2,5.466544597000393,16,770,770,0
A_N16_r2,A,16,2,5.66842893500052,16,799,799,0
A_N16_r2,A,16,2,5.868653613000788,16,828,828,0
A_N16_r2,A,16,2,6.07010257300044,16,857,857,0
A_N16_r2,A,16,2,6.270808610000131,16,885,885,0
A_N16_r2,A,16,2,6.474718207000478,16,914,914,0
A_N16_r2,A,16,2,6.67589749400031,16,944,944,0
A_N16_r2,A,16,2,6.877878840000449,16,973,973,0
A_N16_r2,A,16,2,7.0789666950004175,16,1000,1000,0
A_N16_r2,A,16,2,7.280252166000537,16,1031,1031,0
A_N16_r2,A,16,2,7.481263917999968,16,1059,1059,0
A_N16_r2,A,16,2,7.6867823500006125,16,1088,1088,0
A_N16_r2,A,16,2,7.887932094000462,16,1118,1118,0
A_N16_r2,A,16,2,8.090123793000203,16,1148,1148,0
A_N16_r2,A,16,2,8.2921148610003,16,1176,1176,0
A_N16_r2,A,16,2,8.493388122000397,16,1206,1206,0
A_N16_r2,A,16,2,8.695441899000798,16,1235,1235,0
A_N16_r2,A,16,2,8.898051706000842,16,1263,1263,0
A_N16_r2,A,16,2,9.098925237000003,16,1294,1294,0
A_N16_r2,A,16,2,9.300199953000629,16,1322,1322,0
A_N16_r2,A,16,2,9.501233850000062,16,1350,1350,0
A_N16_r2,A,16,2,9.702095360000385,16,1379,1379,0
A_N16_r2,A,16,2,9.904429232000439,16,1407,1407,0
A_N16_r2,A,16,2,10.105141770000046,16,1436,1436,0
A_N16_r2,A,16,2,10.306020875000286,16,1467,1467,0
A_N16_r2,A,16,2,10.51068457600013,16,1496,1496,0
A_N16_r2,A,16,2,10.712086797000666,16,1525,1525,0
A_N16_r2,A,16,2,10.9137474500003,16,1554,1554,0
A_N16_r2,A,16,2,11.114703203000317,16,1583,1583,0
A_N16_r2,A,16,2,11.316633532000196,16,1612,1612,0
A_N16_r2,A,16,2,11.517756073000783,16,1642,1642,0
A_N16_r2,A,16,2,11.718117723999967,16,1671,1671,0
A_N16_r2,A,16,2,11.918617319000077,16,1701,1701,0
A_N16_r2,A,16,2,12.121048112000608,16,1729,1729,0
A_N16_r2,A,16,2,12.32169386700025,16,1758,1758,0
A_N16_r2,A,16,2,12.522826639000414,16,1784,1784,0
A_N16_r2,A,16,2,12.724993601000278,16,1813,1813,0
A_N16_r2,A,16,2,12.92608092700084,16,1844,1844,0
A_N16_r2,A,16,2,13.127348177000385,16,1871,1871,0
A_N16_r2,A,16,2,13.328144882000743,16,1902,1902,0
A_N16_r2,A,16,2,13.534053832000609,16,1932,1932,0
A_N16_r2,A,16,2,13.735019577999992,16,1962,1962,0
A_N16_r2,A,16,2,13.936274786000467,16,1989,1989,0
A_N16_r2,A,16,2,14.138706306000131,16,2015,2015,0
A_N16_r2,A,16,2,14.339122448000126,16,2042,2042,0
A_N16_r2,A,16,2,14.540235086000393,16,2071,2071,0
A_N16_r2,A,16,2,14.74370275900037,16,2099,2099,0
A_N16_r2,A,16,2,14.946001055000124,16,2129,2129,0
A_N16_r2,A,16,2,15.147570455000277,16,2151,2151,0
A_N16_r2,A,16,2,15.349786838,16,2180,2180,0
A_N16_r2,A,16,2,15.550888798000415,16,2207,2207,0
A_N16_r2,A,16,2,15.754773186999955,16,2237,2237,0
A_N16_r2,A,16,2,15.956400417000623,16,2265,2265,0
A_N16_r2,A,16,2,16.156923257000017,16,2293,2293,0
A_N16_r2,A,16,2,16.358444789000714,16,2321,2321,0
A_N16_r2,A,16,2,16.55970221700045,16,2350,2350,0
A_N16_r2,A,16,2,16.761426053000832,16,2380,2380,0
A_N16_r2,A,16,2,16.964219016000243,16,2405,2405,0
A_N16_r2,A,16,2,17.16701467600069,16,2432,2432,0
A_N16_r2,A,16,2,17.368176735000816,16,2460,2460,0
A_N16_r2,A,16,2,17.569754286000716,16,2486,2486,0
A_N16_r2,A,16,2,17.770709431000796,16,2512,2512,0
A_N16_r2,A,16,2,17.972518653000407,16,2539,2539,0
A_N16_r2,A,16,2,18.175130524999986,16,2566,2566,0
A_N16_r2,A,16,2,18.376889323000796,16,2594,2594,0
A_N16_r2,A,16,2,18.579737865000425,16,2622,2622,0
A_N16_r2,A,16,2,18.7808845870004,16,2649,2649,0
A_N16_r2,A,16,2,18.982422865000444,16,2678,2678,0
A_N16_r2,A,16,2,19.18289499399998,16,2707,2707,0
A_N16_r2,A,16,2,19.38421969800038,16,2731,2731,0
A_N16_r2,A,16,2,19.586718998000833,16,2761,2761,0
A_N16_r2,A,16,2,19.788089007000053,16,2791,2791,0
A_N16_r2,A,16,2,19.99186611100049,16,2819,2819,0
A_N16_r2,A,16,2,20.195923510000284,16,2850,2850,0
A_N16_r2,A,16,2,20.39894735100006,16,2876,2876,0
A_N16_r2,A,16,2,20.655020357000467,16,2904,2904,0
A_N16_r2,A,16,2,20.856842510000206,16,2936,2936,0
A_N16_r2,A,16,2,21.05849459900037,16,2965,2965,0
A_N16_r2,A,16,2,21.260402878000605,16,2993,2993,0
A_N16_r2,A,16,2,21.461768594000205,16,3023,3023,0
A_N16_r2,A,16,2,21.663803503000054,16,3052,3052,0
A_N16_r2,A,16,2,21.86766269800046,16,3080,3080,0
A_N16_r2,A,16,2,22.069173310000224,16,3111,3111,0
A_N16_r2,A,16,2,22.270801527000003,16,3137,3137,0
A_N16_r2,A,16,2,22.472990683000717,16,3165,3165,0
A_N16_r2,A,16,2,22.674401778000174,16,3195,3195,0
A_N16_r2,A,16,2,22.87603914200008,16,3225,3225,0
A_N16_r2,A,16,2,23.077536593000332,16,3252,3252,0
A_N16_r2,A,16,2,23.282716085000175,16,3282,3282,0
A_N16_r2,A,16,2,23.486667459000273,16,3310,3310,0
A_N16_r2,A,16,2,23.69106219800051,16,3342,3342,0
A_N16_r2,A,16,2,23.893773850000798,16,3370,3370,0
A_N16_r2,A,16,2,24.0954975930008,16,3397,3397,0
A_N16_r2,A,16,2,24.296861671999977,16,3428,3428,0
A_N16_r2,A,16,2,24.49803596000038,16,3457,3457,0
A_N16_r2,A,16,2,24.69916289699995,16,3485,3485,0
A_N16_r2,A,16,2,24.89963183100008,16,3515,3515,0
A_N16_r2,A,16,2,25.1008897290003,16,3543,3543,0
A_N16_r2,A,16,2,25.30286312000044,16,3570,3570,0
A_N16_r2,A,16,2,25.50412356400011,16,3600,3600,0
A_N16_r2,A,16,2,25.704455018000772,16,3628,3628,0
A_N16_r2,A,16,2,25.906814554999983,16,3656,3656,0
A_N16_r2,A,16,2,26.107406978000654,16,3685,3685,0
A_N16_r2,A,16,2,26.30803517000004,16,3715,3715,0
A_N16_r2,A,16,2,26.510410459000013,16,3744,3744,0
A_N16_r2,A,16,2,26.71498891400006,16,3772,3772,0
A_N16_r2,A,16,2,26.918703122000807,16,3801,3801,0
A_N16_r2,A,16,2,27.120158561000608,16,3830,3830,0
A_N16_r2,A,16,2,27.32396669100035,16,3858,3858,0
A_N16_r2,A,16,2,27.525148309000542,16,3889,3889,0
A_N16_r2,A,16,2,27.72631691100014,16,3915,3915,0
A_N16_r2,A,16,2,27.927238935000787,16,3947,3947,0
A_N16_r2,A,16,2,28.1288673250001,16,3976,3976,0
A_N16_r2,A,16,2,28.329993520000244,16,4003,4003,0
A_N16_r2,A,16,2,28.53188168500037,16,4031,4031,0
A_N16_r2,A,16,2,28.732452131000173,16,4059,4059,0
A_N16_r2,A,16,2,28.93341131700072,16,4087,4087,0
A_N16_r2,A,16,2,29.136358201000803,16,4117,4117,0
A_N16_r2,A,16,2,29.33873777500048,16,4143,4143,0
A_N16_r2,A,16,2,29.545343056000092,16,4174,4174,0
A_N16_r2,A,16,2,29.746740028000204,16,4205,4205,0
A_N16_r2,A,16,2,29.94750941500024,16,4232,4232,0
A_N16_r2,A,16,2,30.149098034000417,16,4260,4260,0
A_N16_r2,A,16,2,30.349877092000497,16,4290,4290,0
A_N16_r2,A,16,2,30.55199248400004,16,4319,4319,0
A_N16_r2,A,16,2,30.753685452000354,16,4347,4347,0
A_N16_r2,A,16,2,30.957017161000294,16,4377,4377,0
A_N16_r2,A,16,2,31.15831317500033,16,4405,4405,0
A_N16_r2,A,16,2,31.361863271999937,16,4434,4434,0
A_N16_r2,A,16,2,31.56237204700028,16,4465,4465,0
A_N16_r2,A,16,2,31.76610953100044,16,4495,4495,0
A_N16_r2,A,16,2,31.971077157000764,16,4525,4525,0
A_N16_r2,A,16,2,32.172382331000335,16,4552,4552,0
A_N16_r2,A,16,2,32.375986684000054,16,4581,4581,0
A_N16_r2,A,16,2,32.57830232200013,16,4611,4611,0
A_N16_r2,A,16,2,32.779212653000286,16,4642,4642,0
A_N16_r2,A,16,2,32.980807167999956,16,4668,4668,0
A_N16_r2,A,16,2,33.181307562000256,16,4700,4700,0
A_N16_r2,A,16,2,33.3855626250006,16,4729,4729,0
A_N16_r2,A,16,2,33.58753402000002,16,4755,4755,0
A_N16_r2,A,16,2,33.788285270000415,16,4786,4786,0
A_N16_r2,A,16,2,33.98890672500056,16,4814,4814,0
A_N16_r2,A,16,2,34.19062051000037,16,4843,4843,0
A_N16_r2,A,16,2,34.39518555700033,16,4871,4871,0
A_N16_r2,A,16,2,34.599695188000624,16,4901,4901,0
A_N16_r2,A,16,2,34.80091366000033,16,4931,4931,0
A_N16_r2,A,16,2,35.00268368500019,16,4961,4961,0
A_N16_r2,A,16,2,35.20386872600011,16,4986,4986,0
A_N16_r2,A,16,2,35.40719961400009,16,5016,5016,0
A_N16_r2,A,16,2,35.60836083000049,16,5046,5046,0
A_N16_r2,A,16,2,35.81110647300011,16,5075,5075,0
A_N16_r2,A,16,2,36.012304589999985,16,5101,5101,0
A_N16_r2,A,16,2,36.21348815000056,16,5132,5132,0
A_N16_r2,A,16,2,36.4140514690007,16,5161,5161,0
A_N16_r2,A,16,2,36.61593056500078,16,5189,5189,0
A_N16_r2,A,16,2,36.81683528400026,16,5217,5217,0
A_N16_r2,A,16,2,37.01768821600035,16,5247,5247,0
A_N16_r2,A,16,2,37.218622523000704,16,5276,5276,0
A_N16_r2,A,16,2,37.42051026700028,16,5306,5306,0
A_N16_r2,A,16,2,37.620868107000206,16,5334,5334,0
A_N16_r2,A,16,2,37.8212151860007,16,5365,5365,0
A_N16_r2,A,16,2,38.02440550200026,16,5393,5393,0
A_N16_r2,A,16,2,38.22586996100017,16,5421,5421,0
A_N16_r2,A,16,2,38.42885982600001,16,5450,5450,0
A_N16_r2,A,16,2,38.62994742800038,16,5480,5480,0
A_N16_r2,A,16,2,38.83068978200026,16,5509,5509,0
A_N16_r2,A,16,2,39.03265112900044,16,5539,5539,0
A_N16_r2,A,16,2,39.232956193000064,16,5566,5566,0
A_N16_r2,A,16,2,39.433301392999965,16,5596,5596,0
A_N16_r2,A,16,2,39.6347281620001,16,5625,5625,0
A_N16_r2,A,16,2,39.8352293300004,16,5654,5654,0
A_N16_r2,A,16,2,40.03795589600031,16,5685,5685,0
A_N16_r2,A,16,2,40.23839423500067,16,5711,5711,0
A_N16_r2,A,16,2,40.43900827900052,16,5739,5739,0
A_N16_r2,A,16,2,40.64139053100007,16,5766,5766,0
A_N16_r2,A,16,2,40.843141511000795,16,5796,5796,0
A_N16_r2,A,16,2,41.04406362200007,16,5824,5824,0
A_N16_r2,A,16,2,41.245876632000545,16,5853,5853,0
A_N16_r2,A,16,2,41.446212338000805,16,5883,5883,0
A_N16_r2,A,16,2,41.64897801200004,16,5911,5911,0
A_N16_r2,A,16,2,41.851091164000536,16,5938,5938,0
A_N16_r2,A,16,2,42.054715394000596,16,5968,5968,0
A_N16_r2,A,16,2,42.256717556000694,16,5997,5997,0
A_N16_r2,A,16,2,42.45703863600011,16,6026,6026,0
A_N16_r2,A,16,2,42.66136539600029,16,6057,6057,0
A_N16_r2,A,16,2,42.86356353100018,16,6083,6083,0
A_N16_r2,A,16,2,43.06459444400025,16,6113,6113,0
A_N16_r2,A,16,2,43.26673392000066,16,6141,6141,0
A_N16_r2,A,16,2,43.46759787600058,16,6171,6171,0
A_N16_r2,A,16,2,43.66859191000003,16,6199,6199,0
A_N16_r2,A,16,2,43.869700573000046,16,6229,6229,0
A_N16_r2,A,16,2,44.07094483400033,16,6256,6256,0
A_N16_r2,A,16,2,44.27201413400053,16,6285,6285,0
A_N16_r2,A,16,2,44.47322861000066,16,6315,6315,0
A_N16_r2,A,16,2,44.673760396000034,16,6341,6341,0
A_N16_r2,A,16,2,44.874510136000026,16,6372,6372,0
A_N16_r2,A,16,2,45.078048099000625,16,6399,6399,0
A_N16_r2,A,16,2,45.28049133700006,16,6431,6431,0
A_N16_r2,A,16,2,45.48295738900015,16,6460,6460,0
A_N16_r2,A,16,2,45.68361020700013,16,6488,6488,0
A_N16_r2,A,16,2,45.88510433800002,16,6516,6516,0
A_N16_r2,A,16,2,46.08539039900006,16,6545,6545,0
A_N16_r2,A,16,2,46.28627964000043,16,6573,6573,0
A_N16_r2,A,16,2,46.4886316660004,16,6602,6602,0
A_N16_r2,A,16,2,46.69159032800053,16,6631,6631,0
A_N16_r2,A,16,2,46.89341565200084,16,6659,6659,0
A_N16_r2,A,16,2,47.095810662000076,16,6687,6687,0
A_N16_r2,A,16,2,47.29947114300012,16,6714,6714,0
A_N16_r2,A,16,2,47.5001819550007,16,6741,6741,0
A_N16_r2,A,16,2,47.702774993000276,16,6770,6770,0
A_N16_r2,A,16,2,47.903378552000504,16,6799,6799,0
A_N16_r2,A,16,2,48.103808000000754,16,6828,6828,0
A_N16_r2,A,16,2,48.30449115200008,16,6856,6856,0
A_N16_r2,A,16,2,48.50671196300027,16,6885,6885,0
A_N16_r2,A,16,2,48.70784391000052,16,6915,6915,0
A_N16_r2,A,16,2,48.909329791000346,16,6944,6944,0
A_N16_r2,A,16,2,49.10961899400081,16,6971,6971,0
A_N16_r2,A,16,2,49.31156443300006,16,7000,7000,0
A_N16_r2,A,16,2,49.51751550100016,16,7032,7032,0
A_N16_r2,A,16,2,49.717983094000374,16,7053,7053,0
A_N16_r2,A,16,2,49.921112808000544,16,7083,7083,0
A_N16_r2,A,16,2,50.121782509000695,16,7112,7112,0
A_N16_r2,A,16,2,50.324252408000575,16,7141,7141,0
A_N16_r2,A,16,2,50.525123522000285,16,7169,7169,0
A_N16_r2,A,16,2,50.72611945400058,16,7198,7198,0
A_N16_r2,A,16,2,50.927599258000555,16,7229,7229,0
A_N16_r2,A,16,2,51.12936327500029,16,7257,7257,0
A_N16_r2,A,16,2,51.331834228000844,16,7287,7287,0
A_N16_r2,A,16,2,51.53460413100038,16,7315,7315,0
A_N16_r2,A,16,2,51.738672887000575,16,7344,7344,0
A_N16_r2,A,16,2,51.94269654800064,16,7376,7376,0
A_N16_r2,A,16,2,52.14433729300072,16,7404,7404,0
A_N16_r2,A,16,2,52.34601586000008,16,7433,7433,0
A_N16_r2,A,16,2,52.54658805899999,16,7461,7461,0
A_N16_r2,A,16,2,52.74858451,16,7490,7490,0
A_N16_r2,A,16,2,52.94908089500041,16,7521,7521,0
A_N16_r2,A,16,2,53.151758827000776,16,7551,7551,0
A_N16_r2,A,16,2,53.35422452400053,16,7577,7577,0
A_N16_r2,A,16,2,53.55506344300011,16,7606,7606,0
A_N16_r2,A,16,2,53.75606823800081,16,7635,7635,0
A_N16_r2,A,16,2,53.957621417000155,16,7661,7661,0
A_N16_r2,A,16,2,54.158794435000345,16,7691,7691,0
A_N16_r2,A,16,2,54.36184708300061,16,7720,7720,0
A_N16_r2,A,16,2,54.56359025600068,16,7750,7750,0
A_N16_r2,A,16,2,54.76798772500024,16,7779,7779,0
A_N16_r2,A,16,2,54.9702518210006,16,7807,7807,0
A_N16_r2,A,16,2,55.17303092900056,16,7837,7837,0
A_N16_r2,A,16,2,55.37337354700048,16,7867,7867,0
A_N16_r2,A,16,2,55.575399882000056,16,7895,7895,0
A_N16_r2,A,16,2,55.77605822000078,16,7923,7923,0
A_N16_r2,A,16,2,55.97743908600023,16,7951,7951,0
A_N16_r2,A,16,2,56.178219600000375,16,7981,7981,0
A_N16_r2,A,16,2,56.38111208600003,16,8010,8010,0
A_N16_r2,A,16,2,56.58152917799998,16,8038,8038,0
A_N16_r2,A,16,2,56.78273362900018,16,8069,8069,0
A_N16_r2,A,16,2,56.98311176700008,16,8097,8097,0
A_N16_r2,A,16,2,57.185632908000116,16,8124,8124,0
A_N16_r2,A,16,2,57.38779562700074,16,8153,8153,0
A_N16_r2,A,16,2,57.58882251200066,16,8184,8184,0
A_N16_r2,A,16,2,57.79032529300002,16,8213,8213,0
A_N16_r2,A,16,2,57.991074861000016,16,8242,8242,0
A_N16_r2,A,16,2,58.19183815500037,16,8272,8272,0
A_N16_r2,A,16,2,58.39377533700008,16,8299,8299,0
A_N16_r2,A,16,2,58.59624921000068,16,8329,8329,0
A_N16_r2,A,16,2,58.798448340000505,16,8358,8358,0
A_N16_r2,A,16,2,59.00342213500062,16,8386,8386,0
A_N16_r2,A,16,2,59.20474178200038,16,8415,8415,0
A_N16_r2,A,16,2,59.40645436700015,16,8444,8444,0
A_N16_r2,A,16,2,59.607761791000485,16,8474,8474,0
A_N16_r2,A,16,2,59.8095906970002,16,8502,8502,0
A_N16_r2,A,16,2,60.010254856000756,14,8532,8532,0
A_N16_r2,A,16,2,60.21106515400061,0,8546,8546,0
A_N16_r3,A,16,3,0.006940530000065337,0,0,0,0
A_N16_r3,A,16,3,0.21113038600014988,16,16,16,0
A_N16_r3,A,16,3,0.4123560059997544,16,44,44,0
A_N16_r3,A,16,3,0.6166091139994023,16,73,73,0
A_N16_r3,A,16,3,0.8189916289993562,16,101,101,0
A_N16_r3,A,16,3,1.0232717290000437,16,128,128,0
A_N16_r3,A,16,3,1.2245230999997148,16,155,155,0
A_N16_r3,A,16,3,1.4275720239993461,16,183,183,0
A_N16_r3,A,16,3,1.6283672279996608,16,214,214,0
A_N16_r3,A,16,3,1.8310146899993924,16,243,243,0
A_N16_r3,A,16,3,2.0314468930000658,16,272,272,0
A_N16_r3,A,16,3,2.232790269999896,16,299,299,0
A_N16_r3,A,16,3,2.4339997239994773,16,328,328,0
A_N16_r3,A,16,3,2.6345785769999566,16,357,357,0
A_N16_r3,A,16,3,2.835883453999486,16,388,388,0
A_N16_r3,A,16,3,3.036991635999584,16,416,416,0
A_N16_r3,A,16,3,3.2377532269993026,16,443,443,0
A_N16_r3,A,16,3,3.43921760899957,16,473,473,0
A_N16_r3,A,16,3,3.6440468199998577,16,501,501,0
A_N16_r3,A,16,3,3.846492961999502,16,532,532,0
A_N16_r3,A,16,3,4.047745611999744,16,562,562,0
A_N16_r3,A,16,3,4.248823848000029,16,591,591,0
A_N16_r3,A,16,3,4.449949074999495,16,619,619,0
A_N16_r3,A,16,3,4.650626349999584,16,648,648,0
A_N16_r3,A,16,3,4.851631108999754,16,674,674,0
A_N16_r3,A,16,3,5.052816170999904,16,703,703,0
A_N16_r3,A,16,3,5.25526993999938,16,731,731,0
A_N16_r3,A,16,3,5.45822888299972,16,758,758,0
A_N16_r3,A,16,3,5.660102678999465,16,788,788,0
A_N16_r3,A,16,3,5.862115007999819,16,818,818,0
A_N16_r3,A,16,3,6.063696528000037,16,845,845,0
A_N16_r3,A,16,3,6.264544509999723,16,875,875,0
A_N16_r3,A,16,3,6.465850825999951,16,902,902,0
A_N16_r3,A,16,3,6.666325989999677,16,930,930,0
A_N16_r3,A,16,3,6.8676042440001765,16,961,961,0
A_N16_r3,A,16,3,7.06907995399979,16,990,990,0
A_N16_r3,A,16,3,7.270961567000086,16,1019,1019,0
A_N16_r3,A,16,3,7.474645202999454,16,1047,1047,0
A_N16_r3,A,16,3,7.675530239999716,16,1073,1073,0
A_N16_r3,A,16,3,7.8761116480000055,16,1104,1104,0
A_N16_r3,A,16,3,8.077262941999834,16,1133,1133,0
A_N16_r3,A,16,3,8.279678343999876,16,1159,1159,0
A_N16_r3,A,16,3,8.480472238999937,16,1189,1189,0
A_N16_r3,A,16,3,8.682966993999798,16,1218,1218,0
A_N16_r3,A,16,3,8.885213646000011,16,1248,1248,0
A_N16_r3,A,16,3,9.086155172999497,16,1274,1274,0
A_N16_r3,A,16,3,9.287262243999976,16,1303,1303,0
A_N16_r3,A,16,3,9.488447034999808,16,1332,1332,0
A_N16_r3,A,16,3,9.689576760999444,16,1361,1361,0
A_N16_r3,A,16,3,9.893112710999958,16,1390,1390,0
A_N16_r3,A,16,3,10.094787256000018,16,1420,1420,0
A_N16_r3,A,16,3,10.299395680000089,16,1447,1447,0
A_N16_r3,A,16,3,10.50064218999978,16,1476,1476,0
A_N16_r3,A,16,3,10.701712725000107,16,1506,1506,0
A_N16_r3,A,16,3,10.903086388999327,16,1535,1535,0
A_N16_r3,A,16,3,11.10358666799948,16,1560,1560,0
A_N16_r3,A,16,3,11.30495564299963,16,1591,1591,0
A_N16_r3,A,16,3,11.505451654999888,16,1619,1619,0
A_N16_r3,A,16,3,11.706076935000056,16,1650,1650,0
A_N16_r3,A,16,3,11.906757750999532,16,1677,1677,0
A_N16_r3,A,16,3,12.107288760999836,16,1706,1706,0
A_N16_r3,A,16,3,12.307941492999817,16,1732,1732,0
A_N16_r3,A,16,3,12.510268474999975,16,1764,1764,0
A_N16_r3,A,16,3,12.712181580000106,16,1793,1793,0
A_N16_r3,A,16,3,12.917284000000109,16,1822,1822,0
A_N16_r3,A,16,3,13.11970951100011,16,1850,1850,0
A_N16_r3,A,16,3,13.320498484999916,16,1882,1882,0
A_N16_r3,A,16,3,13.522004224999364,16,1908,1908,0
A_N16_r3,A,16,3,13.723361772999851,16,1938,1938,0
A_N16_r3,A,16,3,13.925082302999726,16,1966,1966,0
A_N16_r3,A,16,3,14.126830144999985,16,1994,1994,0
A_N16_r3,A,16,3,14.329183650999767,16,2024,2024,0
A_N16_r3,A,16,3,14.531445132999579,16,2054,2054,0
A_N16_r3,A,16,3,14.733011039999838,16,2082,2082,0
A_N16_r3,A,16,3,14.933949061000021,16,2109,2109,0
A_N16_r3,A,16,3,15.134948949999853,16,2139,2139,0
A_N16_r3,A,16,3,15.336296050999408,16,2167,2167,0
A_N16_r3,A,16,3,15.537433833999785,16,2197,2197,0
A_N16_r3,A,16,3,15.737938180999663,16,2223,2223,0
A_N16_r3,A,16,3,15.939708859999882,16,2253,2253,0
A_N16_r3,A,16,3,16.14099266299945,16,2281,2281,0
A_N16_r3,A,16,3,16.34786083200015,16,2310,2310,0
A_N16_r3,A,16,3,16.548931418999928,16,2339,2339,0
A_N16_r3,A,16,3,16.750174775999767,16,2367,2367,0
A_N16_r3,A,16,3,16.950681048999286,16,2397,2397,0
A_N16_r3,A,16,3,17.152155635999407,16,2425,2425,0
A_N16_r3,A,16,3,17.352788129000146,16,2454,2454,0
A_N16_r3,A,16,3,17.55318988399995,16,2481,2481,0
A_N16_r3,A,16,3,17.754155343000093,16,2511,2511,0
A_N16_r3,A,16,3,17.954935349000152,16,2539,2539,0
A_N16_r3,A,16,3,18.17142231700018,16,2570,2570,0
A_N16_r3,A,16,3,18.371738328999527,16,2591,2591,0
A_N16_r3,A,16,3,18.575959681999848,16,2622,2622,0
A_N16_r3,A,16,3,18.777196449999792,16,2650,2650,0
A_N16_r3,A,16,3,18.980102708999766,16,2680,2680,0
A_N16_r3,A,16,3,19.182146815000124,16,2707,2707,0
A_N16_r3,A,16,3,19.38670637299947,16,2739,2739,0
A_N16_r3,A,16,3,19.58870473299976,16,2767,2767,0
A_N16_r3,A,16,3,19.791318436999973,16,2794,2794,0
A_N16_r3,A,16,3,19.994830931999786,16,2825,2825,0
A_N16_r3,A,16,3,20.19659280199994,16,2854,2854,0
A_N16_r3,A,16,3,20.399592159999884,16,2883,2883,0
A_N16_r3,A,16,3,20.60013057099968,16,2913,2913,0
A_N16_r3,A,16,3,20.801291699000103,16,2943,2943,0
A_N16_r3,A,16,3,21.003190501999597,16,2971,2971,0
A_N16_r3,A,16,3,21.206986299000164,16,3000,3000,0
A_N16_r3,A,16,3,21.40874643799998,16,3030,3030,0
A_N16_r3,A,16,3,21.61104713899931,16,3059,3059,0
A_N16_r3,A,16,3,21.811983159999727,16,3085,3085,0
A_N16_r3,A,16,3,22.013319654000043,16,3113,3113,0
A_N16_r3,A,16,3,22.214151846999812,16,3142,3142,0
A_N16_r3,A,16,3,22.41544840499955,16,3172,3172,0
A_N16_r3,A,16,3,22.616768459000014,16,3201,3201,0
A_N16_r3,A,16,3,22.81735603800007,16,3229,3229,0
A_N16_r3,A,16,3,23.01996587999929,16,3259,3259,0
A_N16_r3,A,16,3,23.22095208799965,16,3288,3288,0
A_N16_r3,A,16,3,23.42298539100011,16,3316,3316,0
A_N16_r3,A,16,3,23.62525015799929,16,3345,3345,0
A_N16_r3,A,16,3,23.826027309999517,16,3373,3373,0
A_N16_r3,A,16,3,24.027330563999385,16,3404,3404,0
A_N16_r3,A,16,3,24.230951343000015,16,3431,3431,0
A_N16_r3,A,16,3,24.433619198000088,16,3458,3458,0
A_N16_r3,A,16,3,24.635063732999697,16,3488,3488,0
A_N16_r3,A,16,3,24.836661469999854,16,3517,3517,0
A_N16_r3,A,16,3,25.038798193999355,16,3544,3544,0
A_N16_r3,A,16,3,25.239345729999513,16,3571,3571,0
A_N16_r3,A,16,3,25.44064531099957,16,3601,3601,0
A_N16_r3,A,16,3,25.641156629999386,16,3627,3627,0
A_N16_r3,A,16,3,25.841891414999736,16,3657,3657,0
A_N16_r3,A,16,3,26.04412294099984,16,3684,3684,0
A_N16_r3,A,16,3,26.246172340999692,16,3715,3715,0
A_N16_r3,A,16,3,26.44695617099933,16,3743,3743,0
A_N16_r3,A,16,3,26.647669676999612,16,3771,3771,0
A_N16_r3,A,16,3,26.84894290000011,16,3799,3799,0
A_N16_r3,A,16,3,27.052684024999508,16,3828,3828,0
A_N16_r3,A,16,3,27.254091432999303,16,3857,3857,0
A_N16_r3,A,16,3,27.45632394399945,16,3886,3886,0
A_N16_r3,A,16,3,27.658148257999528,16,3914,3914,0
A_N16_r3,A,16,3,27.859439286999987,16,3942,3942,0
A_N16_r3,A,16,3,28.060468697000033,16,3972,3972,0
A_N16_r3,A,16,3,28.261504358999446,16,4002,4002,0
A_N16_r3,A,16,3,28.46269170100004,16,4030,4030,0
A_N16_r3,A,16,3,28.665865908999876,16,4060,4060,0
A_N16_r3,A,16,3,28.86859767399983,16,4087,4087,0
A_N16_r3,A,16,3,29.073878014,16,4117,4117,0
A_N16_r3,A,16,3,29.274418885999694,16,4148,4148,0
A_N16_r3,A,16,3,29.47554070499973,16,4175,4175,0
A_N16_r3,A,16,3,29.67681101800008,16,4204,4204,0
A_N16_r3,A,16,3,29.877488741999514,16,4234,4234,0
A_N16_r3,A,16,3,30.07898027600004,16,4262,4262,0
A_N16_r3,A,16,3,30.280101935999483,16,4290,4290,0
A_N16_r3,A,16,3,30.481828238999697,16,4318,4318,0
A_N16_r3,A,16,3,30.684117263999724,16,4348,4348,0
A_N16_r3,A,16,3,30.888034761999734,16,4378,4378,0
A_N16_r3,A,16,3,31.089181641999858,16,4406,4406,0
A_N16_r3,A,16,3,31.289686207999694,16,4435,4435,0
A_N16_r3,A,16,3,31.49149898699943,16,4462,4462,0
A_N16_r3,A,16,3,31.6950894040001,16,4492,4492,0
A_N16_r3,A,16,3,31.896629453999594,16,4520,4520,0
A_N16_r3,A,16,3,32.09804007799994,16,4549,4549,0
A_N16_r3,A,16,3,32.298467177999555,16,4577,4577,0
A_N16_r3,A,16,3,32.4998027799993,16,4604,4604,0
A_N16_r3,A,16,3,32.70064265899964,16,4636,4636,0
A_N16_r3,A,16,3,32.90313839200007,16,4663,4663,0
A_N16_r3,A,16,3,33.10491102800006,16,4693,4693,0
A_N16_r3,A,16,3,33.30571977699947,16,4723,4723,0
A_N16_r3,A,16,3,33.506179782999425,16,4750,4750,0
A_N16_r3,A,16,3,33.70960873599961,16,4779,4779,0
A_N16_r3,A,16,3,33.91001282599973,16,4808,4808,0
A_N16_r3,A,16,3,34.11028807099956,16,4836,4836,0
A_N16_r3,A,16,3,34.310647655999674,16,4864,4864,0
A_N16_r3,A,16,3,34.51336105599967,16,4894,4894,0
A_N16_r3,A,16,3,34.71449435799968,16,4922,4922,0
A_N16_r3,A,16,3,34.91496709100011,16,4953,4953,0
A_N16_r3,A,16,3,35.11640059399997,16,4980,4980,0
A_N16_r3,A,16,3,35.317648903999725,16,5009,5009,0
A_N16_r3,A,16,3,35.522633313999904,16,5039,5039,0
A_N16_r3,A,16,3,35.7236697620001,16,5069,5069,0
A_N16_r3,A,16,3,35.92529954099973,16,5097,5097,0
A_N16_r3,A,16,3,36.126140135999776,16,5124,5124,0
A_N16_r3,A,16,3,36.32729332799954,16,5154,5154,0
A_N16_r3,A,16,3,36.52951072699943,16,5181,5181,0
A_N16_r3,A,16,3,36.730659701999684,16,5209,5209,0
A_N16_r3,A,16,3,36.931615800000145,16,5238,5238,0
A_N16_r3,A,16,3,37.13233115799994,16,5267,5267,0
A_N16_r3,A,16,3,37.333313826999984,16,5295,5295,0
A_N16_r3,A,16,3,37.53379257599954,16,5324,5324,0
A_N16_r3,A,16,3,37.734782989999985,16,5353,5353,0
A_N16_r3,A,16,3,37.93568312299976,16,5382,5382,0
A_N16_r3,A,16,3,38.13899060199947,16,5411,5411,0
A_N16_r3,A,16,3,38.34002229499947,16,5440,5440,0
A_N16_r3,A,16,3,38.542180235999695,16,5471,5471,0
A_N16_r3,A,16,3,38.743957701,16,5500,5500,0
A_N16_r3,A,16,3,38.94466856500003,16,5526,5526,0
A_N16_r3,A,16,3,39.14489059799962,16,5557,5557,0
A_N16_r3,A,16,3,39.34526158399967,16,5584,5584,0
A_N16_r3,A,16,3,39.54806226099936,16,5612,5612,0
A_N16_r3,A,16,3,39.74990949199946,16,5641,5641,0
A_N16_r3,A,16,3,39.9540050759997,16,5668,5668,0
A_N16_r3,A,16,3,40.15493425800014,16,5695,5695,0
A_N16_r3,A,16,3,40.35644815299929,16,5724,5724,0
A_N16_r3,A,16,3,40.56083150699942,16,5754,5754,0
A_N16_r3,A,16,3,40.761373372999515,16,5782,5782,0
A_N16_r3,A,16,3,40.96190087099967,16,5810,5810,0
A_N16_r3,A,16,3,41.164795439000045,16,5840,5840,0
A_N16_r3,A,16,3,41.366942712999844,16,5866,5866,0
A_N16_r3,A,16,3,41.568776000999605,16,5894,5894,0
A_N16_r3,A,16,3,41.77099778899992,16,5926,5926,0
A_N16_r3,A,16,3,41.97377577599946,16,5954,5954,0
A_N16_r3,A,16,3,42.17525238500002,16,5982,5982,0
A_N16_r3,A,16,3,42.37899220500003,16,6010,6010,0
A_N16_r3,A,16,3,42.583999180999854,16,6036,6036,0
A_N16_r3,A,16,3,42.78447583599973,16,6068,6068,0
A_N16_r3,A,16,3,42.98619093999969,16,6096,6096,0
A_N16_r3,A,16,3,43.188143256999865,16,6125,6125,0
A_N16_r3,A,16,3,43.38921292199939,16,6153,6153,0
A_N16_r3,A,16,3,43.59088581699962,16,6181,6181,0
A_N16_r3,A,16,3,43.79267994499969,16,6211,6211,0
A_N16_r3,A,16,3,43.99351192799986,16,6239,6239,0
A_N16_r3,A,16,3,44.199010182000166,16,6267,6267,0
A_N16_r3,A,16,3,44.39984916100002,16,6296,6296,0
A_N16_r3,A,16,3,44.603556674000174,16,6327,6327,0
A_N16_r3,A,16,3,44.8055356549994,16,6354,6354,0
A_N16_r3,A,16,3,45.006018414999744,16,6383,6383,0
A_N16_r3,A,16,3,45.20769629200004,16,6411,6411,0
A_N16_r3,A,16,3,45.40967579500011,16,6441,6441,0
A_N16_r3,A,16,3,45.61101446799967,16,6471,6471,0
A_N16_r3,A,16,3,45.81154384899946,16,6497,6497,0
A_N16_r3,A,16,3,46.01291266899989,16,6527,6527,0
A_N16_r3,A,16,3,46.21799033499974,16,6556,6556,0
A_N16_r3,A,16,3,46.420774592999805,16,6586,6586,0
A_N16_r3,A,16,3,46.62287293400004,16,6613,6613,0
A_N16_r3,A,16,3,46.825275045000126,16,6642,6642,0
A_N16_r3,A,16,3,47.02702016399962,16,6669,6669,0
A_N16_r3,A,16,3,47.22924853399945,16,6688,6688,0
A_N16_r3,A,16,3,47.43099617799999,16,6718,6718,0
A_N16_r3,A,16,3,47.632943092999994,16,6748,6748,0
A_N16_r3,A,16,3,47.83349438999994,16,6777,6777,0
A_N16_r3,A,16,3,48.03510769999957,16,6805,6805,0
A_N16_r3,A,16,3,48.236086680999506,16,6835,6835,0
A_N16_r3,A,16,3,48.43805461699958,16,6864,6864,0
A_N16_r3,A,16,3,48.639928023999346,16,6893,6893,0
A_N16_r3,A,16,3,48.84298192000006,16,6920,6920,0
A_N16_r3,A,16,3,49.0458785259998,16,6949,6949,0
A_N16_r3,A,16,3,49.24711825599934,16,6979,6979,0
A_N16_r3,A,16,3,49.45080890600002,16,7006,7006,0
A_N16_r3,A,16,3,49.65195699299966,16,7035,7035,0
A_N16_r3,A,16,3,49.85235449999982,16,7063,7063,0
A_N16_r3,A,16,3,50.05317319000005,16,7091,7091,0
A_N16_r3,A,16,3,50.25374308499977,16,7120,7120,0
A_N16_r3,A,16,3,50.458000546999756,16,7150,7150,0
A_N16_r3,A,16,3,50.65927505599939,16,7176,7176,0
A_N16_r3,A,16,3,50.86447106699961,16,7205,7205,0
A_N16_r3,A,16,3,51.067316599999685,16,7236,7236,0
A_N16_r3,A,16,3,51.27096848000019,16,7265,7265,0
A_N16_r3,A,16,3,51.47382669699982,16,7294,7294,0
A_N16_r3,A,16,3,51.6742589939995,16,7321,7321,0
A_N16_r3,A,16,3,51.877261497999825,16,7350,7350,0
A_N16_r3,A,16,3,52.08295889599958,16,7379,7379,0
A_N16_r3,A,16,3,52.285599088999334,16,7409,7409,0
A_N16_r3,A,16,3,52.487168974999804,16,7437,7437,0
A_N16_r3,A,16,3,52.68803109199962,16,7466,7466,0
A_N16_r3,A,16,3,52.88951932300006,16,7495,7495,0
A_N16_r3,A,16,3,53.09069915500004,16,7522,7522,0
A_N16_r3,A,16,3,53.29208732499956,16,7550,7550,0
A_N16_r3,A,16,3,53.49354023900014,16,7580,7580,0
A_N16_r3,A,16,3,53.69631311000012,16,7609,7609,0
A_N16_r3,A,16,3,53.89891703699959,16,7637,7637,0
A_N16_r3,A,16,3,54.10052225199979,16,7663,7663,0
A_N16_r3,A,16,3,54.30093800099985,16,7692,7692,0
A_N16_r3,A,16,3,54.503253840999605,16,7721,7721,0
A_N16_r3,A,16,3,54.70510494700011,16,7747,7747,0
A_N16_r3,A,16,3,54.90703570400001,16,7777,7777,0
A_N16_r3,A,16,3,55.10893683499944,16,7806,7806,0
A_N16_r3,A,16,3,55.313602382999306,16,7836,7836,0
A_N16_r3,A,16,3,55.514262259000134,16,7863,7863,0
A_N16_r3,A,16,3,55.71629573399969,16,7893,7893,0
A_N16_r3,A,16,3,55.91818767999939,16,7922,7922,0
A_N16_r3,A,16,3,56.11967562500013,16,7950,7950,0
A_N16_r3,A,16,3,56.32068507799977,16,7978,7978,0
A_N16_r3,A,16,3,56.5213516799995,16,8008,8008,0
A_N16_r3,A,16,3,56.72320009399937,16,8036,8036,0
A_N16_r3,A,16,3,56.92516846699982,16,8063,8063,0
A_N16_r3,A,16,3,57.12655125299989,16,8092,8092,0
A_N16_r3,A,16,3,57.328392342999905,16,8119,8119,0
A_N16_r3,A,16,3,57.52951766099977,16,8146,8146,0
A_N16_r3,A,16,3,57.7319133889996,16,8171,8171,0
A_N16_r3,A,16,3,57.934539976999986,16,8203,8203,0
A_N16_r3,A,16,3,58.136311016000036,16,8230,8230,0
A_N16_r3,A,16,3,58.337742496999454,16,8259,8259,0
A_N16_r3,A,16,3,58.5392947499995,16,8285,8285,0
A_N16_r3,A,16,3,58.73977360800018,16,8315,8315,0
A_N16_r3,A,16,3,58.94150402000014,16,8342,8342,0
A_N16_r3,A,16,3,59.14382335499977,16,8372,8372,0
A_N16_r3,A,16,3,59.34650210400014,16,8401,8401,0
A_N16_r3,A,16,3,59.548877989000175,16,8428,8428,0
A_N16_r3,A,16,3,59.749842423999326,16,8459,8459,0
A_N16_r3,A,16,3,59.95387419300005,16,8489,8489,0
A_N16_r3,A,16,3,60.15447207899979,0,8512,8512,0
A_N16_r4,A,16,4,0.006316746000265994,0,0,0,0
A_N16_r4,A,16,4,0.20747195600051782,16,17,17,0
A_N16_r4,A,16,4,0.40873010300038004,16,44,44,0
A_N16_r4,A,16,4,0.615214637000463,16,73,73,0
A_N16_r4,A,16,4,0.8168734670007325,16,102,102,0
A_N16_r4,A,16,4,1.0195543050003835,16,128,128,0
A_N16_r4,A,16,4,1.224824016000639,16,157,157,0
A_N16_r4,A,16,4,1.4264031660004548,16,187,187,0
A_N16_r4,A,16,4,1.6290226680002888,16,215,215,0
A_N16_r4,A,16,4,1.8312301350006237,16,245,245,0
A_N16_r4,A,16,4,2.0348898199999894,16,271,271,0
A_N16_r4,A,16,4,2.2372029610005484,16,302,302,0
A_N16_r4,A,16,4,2.442298633000064,16,331,331,0
A_N16_r4,A,16,4,2.6448793930003376,16,361,361,0
A_N16_r4,A,16,4,2.846075714000108,16,390,390,0
A_N16_r4,A,16,4,3.046641595999972,16,418,418,0
A_N16_r4,A,16,4,3.2477716550001787,16,448,448,0
A_N16_r4,A,16,4,3.450396630000796,16,477,477,0
A_N16_r4,A,16,4,3.655220345000089,16,506,506,0
A_N16_r4,A,16,4,3.8571310510005787,16,536,536,0
A_N16_r4,A,16,4,4.060717390000718,16,566,566,0
A_N16_r4,A,16,4,4.263812825000059,16,594,594,0
A_N16_r4,A,16,4,4.469839875000616,16,622,622,0
A_N16_r4,A,16,4,4.671494864000124,16,652,652,0
A_N16_r4,A,16,4,4.877873654000723,16,679,679,0
A_N16_r4,A,16,4,5.081342392000806,16,711,711,0
A_N16_r4,A,16,4,5.282835134000379,16,739,739,0
A_N16_r4,A,16,4,5.483427140000458,16,769,769,0
A_N16_r4,A,16,4,5.685576172000765,16,796,796,0
A_N16_r4,A,16,4,5.886918218000574,16,825,825,0
A_N16_r4,A,16,4,6.087263445000644,16,852,852,0
A_N16_r4,A,16,4,6.293165190000764,16,880,880,0
A_N16_r4,A,16,4,6.494067990000076,16,910,910,0
A_N16_r4,A,16,4,6.694357731000309,16,939,939,0
A_N16_r4,A,16,4,6.896298840000782,16,966,966,0
A_N16_r4,A,16,4,7.097603308000544,16,993,993,0
A_N16_r4,A,16,4,7.2985387810003886,16,1022,1022,0
A_N16_r4,A,16,4,7.500879473000168,16,1052,1052,0
A_N16_r4,A,16,4,7.7044613790003496,16,1079,1079,0
A_N16_r4,A,16,4,7.9062972589999845,16,1108,1108,0
A_N16_r4,A,16,4,8.106568088000131,16,1136,1136,0
A_N16_r4,A,16,4,8.308112524000535,16,1166,1166,0
A_N16_r4,A,16,4,8.51089246400079,16,1193,1193,0
A_N16_r4,A,16,4,8.711381118000645,16,1222,1222,0
A_N16_r4,A,16,4,8.913922504000766,16,1252,1252,0
A_N16_r4,A,16,4,9.115865671000392,16,1278,1278,0
A_N16_r4,A,16,4,9.317070722000608,16,1308,1308,0
A_N16_r4,A,16,4,9.52248241899997,16,1335,1335,0
A_N16_r4,A,16,4,9.724072083000465,16,1365,1365,0
A_N16_r4,A,16,4,9.924434198000199,16,1395,1395,0
A_N16_r4,A,16,4,10.1272468140005,16,1422,1422,0
A_N16_r4,A,16,4,10.328483958000106,16,1451,1451,0
A_N16_r4,A,16,4,10.530219171000681,16,1480,1480,0
A_N16_r4,A,16,4,10.733150884000679,16,1510,1510,0
A_N16_r4,A,16,4,10.934404078000625,16,1536,1536,0
A_N16_r4,A,16,4,11.136773221000112,16,1565,1565,0
A_N16_r4,A,16,4,11.33895897399998,16,1596,1596,0
A_N16_r4,A,16,4,11.54006476900031,16,1623,1623,0
A_N16_r4,A,16,4,11.741089811000165,16,1651,1651,0
A_N16_r4,A,16,4,11.942477834000783,16,1679,1679,0
A_N16_r4,A,16,4,12.145272880000448,16,1709,1709,0
A_N16_r4,A,16,4,12.346588738000719,16,1736,1736,0
A_N16_r4,A,16,4,12.547776591000002,16,1764,1764,0
A_N16_r4,A,16,4,12.750335958000505,16,1794,1794,0
A_N16_r4,A,16,4,12.952762803000041,16,1822,1822,0
A_N16_r4,A,16,4,13.154130079999959,16,1852,1852,0
A_N16_r4,A,16,4,13.356793165999989,16,1880,1880,0
A_N16_r4,A,16,4,13.558110247000513,16,1907,1907,0
A_N16_r4,A,16,4,13.759405998000148,16,1939,1939,0
A_N16_r4,A,16,4,13.960793605000617,16,1964,1964,0
A_N16_r4,A,16,4,14.161898644000757,16,1994,1994,0
A_N16_r4,A,16,4,14.362327174000711,16,2024,2024,0
A_N16_r4,A,16,4,14.56284278000021,16,2052,2052,0
A_N16_r4,A,16,4,14.76467244000014,16,2080,2080,0
A_N16_r4,A,16,4,14.96643035300076,16,2110,2110,0
A_N16_r4,A,16,4,15.168602968000414,16,2139,2139,0
A_N16_r4,A,16,4,15.372258850000435,16,2168,2168,0
A_N16_r4,A,16,4,15.57532785300009,16,2196,2196,0
A_N16_r4,A,16,4,15.816104016000281,16,2221,2221,0
A_N16_r4,A,16,4,16.02015327800018,16,2254,2254,0
A_N16_r4,A,16,4,16.225256760000775,16,2285,2285,0
A_N16_r4,A,16,4,16.427692258000206,16,2313,2313,0
A_N16_r4,A,16,4,16.629687216000093,16,2345,2345,0
A_N16_r4,A,16,4,16.831192932000704,16,2374,2374,0
A_N16_r4,A,16,4,17.031413049000548,16,2402,2402,0
A_N16_r4,A,16,4,17.23631674200078,16,2429,2429,0
A_N16_r4,A,16,4,17.436775615000442,16,2460,2460,0
A_N16_r4,A,16,4,17.637773054000718,16,2488,2488,0
A_N16_r4,A,16,4,17.839038414000242,16,2517,2517,0
A_N16_r4,A,16,4,18.04044570499991,16,2546,2546,0
A_N16_r4,A,16,4,18.241208659000222,16,2575,2575,0
A_N16_r4,A,16,4,18.442212222000308,16,2601,2601,0
A_N16_r4,A,16,4,18.644802087000244,16,2632,2632,0
A_N16_r4,A,16,4,18.846926965999955,16,2662,2662,0
A_N16_r4,A,16,4,19.04990506300055,16,2691,2691,0
A_N16_r4,A,16,4,19.254343963000792,16,2717,2717,0
A_N16_r4,A,16,4,19.45483100399997,16,2746,2746,0
A_N16_r4,A,16,4,19.656276640000215,16,2776,2776,0
A_N16_r4,A,16,4,19.85748436400081,16,2803,2803,0
A_N16_r4,A,16,4,20.058668804000263,16,2833,2833,0
A_N16_r4,A,16,4,20.260468817999936,16,2863,2863,0
A_N16_r4,A,16,4,20.462215800000195,16,2892,2892,0
A_N16_r4,A,16,4,20.66388895199998,16,2920,2920,0
A_N16_r4,A,16,4,20.864738124000723,16,2948,2948,0
A_N16_r4,A,16,4,21.065049853000346,16,2976,2976,0
A_N16_r4,A,16,4,21.265713163000328,16,3004,3004,0
A_N16_r4,A,16,4,21.46837048100042,16,3034,3034,0
A_N16_r4,A,16,4,21.670748699000796,16,3063,3063,0
A_N16_r4,A,16,4,21.874730350999926,16,3093,3093,0
A_N16_r4,A,16,4,22.076811403000647,16,3121,3121,0
A_N16_r4,A,16,4,22.28126788300051,16,3149,3149,0
A_N16_r4,A,16,4,22.481981951000307,16,3178,3178,0
A_N16_r4,A,16,4,22.68580886000018,16,3207,3207,0
A_N16_r4,A,16,4,22.889359933000378,16,3236,3236,0
A_N16_r4,A,16,4,23.090297740000096,16,3263,3263,0
A_N16_r4,A,16,4,23.292739090000396,16,3293,3293,0
A_N16_r4,A,16,4,23.493866497000454,16,3320,3320,0
A_N16_r4,A,16,4,23.69409934000032,16,3350,3350,0
A_N16_r4,A,16,4,23.896523930000512,16,3377,3377,0
A_N16_r4,A,16,4,24.097801163999975,16,3404,3404,0
A_N16_r4,A,16,4,24.298342695999963,16,3433,3433,0
A_N16_r4,A,16,4,24.502083114000015,16,3463,3463,0
A_N16_r4,A,16,4,24.702745167000103,16,3492,3492,0
A_N16_r4,A,16,4,24.903252704000806,16,3521,3521,0
A_N16_r4,A,16,4,25.104563214000336,16,3549,3549,0
A_N16_r4,A,16,4,25.306201848000455,16,3576,3576,0
A_N16_r4,A,16,4,25.509423790000255,16,3604,3604,0
A_N16_r4,A,16,4,25.71288628000002,16,3631,3631,0
A_N16_r4,A,16,4,25.9141138720006,16,3659,3659,0
A_N16_r4,A,16,4,26.116530079000768,16,3690,3690,0
A_N16_r4,A,16,4,26.316781292000087,16,3716,3716,0
A_N16_r4,A,16,4,26.518528536000304,16,3746,3746,0
A_N16_r4,A,16,4,26.72076703500079,16,3774,3774,0
A_N16_r4,A,16,4,26.923738752000645,16,3803,3803,0
A_N16_r4,A,16,4,27.125099200000477,16,3833,3833,0
A_N16_r4,A,16,4,27.32581040000059,16,3861,3861,0
A_N16_r4,A,16,4,27.526643492999938,16,3888,3888,0
A_N16_r4,A,16,4,27.728585759999987,16,3919,3919,0
A_N16_r4,A,16,4,27.930238615000235,16,3948,3948,0
A_N16_r4,A,16,4,28.132338204000007,16,3977,3977,0
A_N16_r4,A,16,4,28.334113173000333,16,4004,4004,0
A_N16_r4,A,16,4,28.53667362000033,16,4034,4034,0
A_N16_r4,A,16,4,28.73729955900035,16,4062,4062,0
A_N16_r4,A,16,4,28.937879792000786,16,4090,4090,0
A_N16_r4,A,16,4,29.13943775000007,16,4117,4117,0
A_N16_r4,A,16,4,29.340053683000406,16,4143,4143,0
A_N16_r4,A,16,4,29.541259860000537,16,4173,4173,0
A_N16_r4,A,16,4,29.74214426400067,16,4199,4199,0
A_N16_r4,A,16,4,29.9427617500005,16,4229,4229,0
A_N16_r4,A,16,4,30.143797725000695,16,4258,4258,0
A_N16_r4,A,16,4,30.344971141000315,16,4286,4286,0
A_N16_r4,A,16,4,30.547410821000085,16,4316,4316,0
A_N16_r4,A,16,4,30.748763038000106,16,4347,4347,0
A_N16_r4,A,16,4,30.949868065000373,16,4373,4373,0
A_N16_r4,A,16,4,31.150679904000754,16,4404,4404,0
A_N16_r4,A,16,4,31.352793905,16,4432,4432,0
A_N16_r4,A,16,4,31.555453034000493,16,4462,4462,0
A_N16_r4,A,16,4,31.75640390800072,16,4489,4489,0
A_N16_r4,A,16,4,31.957102923000093,16,4518,4518,0
A_N16_r4,A,16,4,32.157502148000276,16,4549,4549,0
A_N16_r4,A,16,4,32.35913916100071,16,4576,4576,0
A_N16_r4,A,16,4,32.5605229720004,16,4604,4604,0
A_N16_r4,A,16,4,32.76213072900009,16,4632,4632,0
A_N16_r4,A,16,4,32.963816837000195,16,4662,4662,0
A_N16_r4,A,16,4,33.16663779800001,16,4692,4692,0
A_N16_r4,A,16,4,33.36821250400044,16,4719,4719,0
A_N16_r4,A,16,4,33.569032663000144,16,4747,4747,0
A_N16_r4,A,16,4,33.77046286299992,16,4775,4775,0
A_N16_r4,A,16,4,33.97243376500046,16,4804,4804,0
A_N16_r4,A,16,4,34.173497680000764,16,4832,4832,0
A_N16_r4,A,16,4,34.37673382400044,16,4861,4861,0
A_N16_r4,A,16,4,34.57723628800068,16,4890,4890,0
A_N16_r4,A,16,4,34.77813132100073,16,4917,4917,0
A_N16_r4,A,16,4,34.97857873200064,16,4948,4948,0
A_N16_r4,A,16,4,35.18044239200026,16,4976,4976,0
A_N16_r4,A,16,4,35.3890363670007,16,5004,5004,0
A_N16_r4,A,16,4,35.59288987000036,16,5034,5034,0
A_N16_r4,A,16,4,35.793147479000254,16,5064,5064,0
A_N16_r4,A,16,4,35.9938856660001,16,5091,5091,0
A_N16_r4,A,16,4,36.19482747100028,16,5119,5119,0
A_N16_r4,A,16,4,36.39692285399997,16,5149,5149,0
A_N16_r4,A,16,4,36.59856779900019,16,5176,5176,0
A_N16_r4,A,16,4,36.80022626000027,16,5202,5202,0
A_N16_r4,A,16,4,37.00116688400067,16,5232,5232,0
A_N16_r4,A,16,4,37.20184622100078,16,5260,5260,0
A_N16_r4,A,16,4,37.402879512000254,16,5290,5290,0
A_N16_r4,A,16,4,37.60410674200011,16,5318,5318,0
A_N16_r4,A,16,4,37.80742845500026,16,5348,5348,0
A_N16_r4,A,16,4,38.00815178600078,16,5375,5375,0
A_N16_r4,A,16,4,38.20880816099998,16,5406,5406,0
A_N16_r4,A,16,4,38.40987567800039,16,5432,5432,0
A_N16_r4,A,16,4,38.61104648300079,16,5461,5461,0
A_N16_r4,A,16,4,38.81297234700014,16,5490,5490,0
A_N16_r4,A,16,4,39.01354002400058,16,5518,5518,0
A_N16_r4,A,16,4,39.21833382400018,16,5547,5547,0
A_N16_r4,A,16,4,39.41883523500019,16,5577,5577,0
A_N16_r4,A,16,4,39.62041480100015,16,5605,5605,0
A_N16_r4,A,16,4,39.82309668700054,16,5636,5636,0
A_N16_r4,A,16,4,40.03160949600078,16,5665,5665,0
A_N16_r4,A,16,4,40.232794511000066,16,5695,5695,0
A_N16_r4,A,16,4,40.43411919200025,16,5724,5724,0
A_N16_r4,A,16,4,40.63612936000027,16,5752,5752,0
A_N16_r4,A,16,4,40.83806449500025,16,5782,5782,0
A_N16_r4,A,16,4,41.03847676800069,16,5808,5808,0
A_N16_r4,A,16,4,41.23944499300069,16,5838,5838,0
A_N16_r4,A,16,4,41.44021549900026,16,5867,5867,0
A_N16_r4,A,16,4,41.644070504999945,16,5898,5898,0
A_N16_r4,A,16,4,41.84522475199992,16,5925,5925,0
A_N16_r4,A,16,4,42.04615387300055,16,5953,5953,0
A_N16_r4,A,16,4,42.24682163600028,16,5982,5982,0
A_N16_r4,A,16,4,42.44844907700008,16,6010,6010,0
A_N16_r4,A,16,4,42.6527580890006,16,6041,6041,0
A_N16_r4,A,16,4,42.85320215600041,16,6069,6069,0
A_N16_r4,A,16,4,43.05631823500062,16,6096,6096,0
A_N16_r4,A,16,4,43.25743919400065,16,6125,6125,0
A_N16_r4,A,16,4,43.45813954000005,16,6155,6155,0
A_N16_r4,A,16,4,43.65946855400034,16,6185,6185,0
A_N16_r4,A,16,4,43.86285943800067,16,6215,6215,0
A_N16_r4,A,16,4,44.064578056000755,16,6241,6241,0
A_N16_r4,A,16,4,44.269135596000524,16,6270,6270,0
A_N16_r4,A,16,4,44.47180902300079,16,6297,6297,0
A_N16_r4,A,16,4,44.67366015500011,16,6328,6328,0
A_N16_r4,A,16,4,44.8767673300008,16,6352,6352,0
A_N16_r4,A,16,4,45.07896388100016,16,6379,6379,0
A_N16_r4,A,16,4,45.28154184899995,16,6406,6406,0
A_N16_r4,A,16,4,45.484348272000716,16,6437,6437,0
A_N16_r4,A,16,4,45.68860180299998,16,6465,6465,0
A_N16_r4,A,16,4,45.890633300000445,16,6495,6495,0
A_N16_r4,A,16,4,46.09304257800068,16,6525,6525,0
A_N16_r4,A,16,4,46.293645985000694,16,6553,6553,0
A_N16_r4,A,16,4,46.497936718000346,16,6580,6580,0
A_N16_r4,A,16,4,46.699887252000735,16,6611,6611,0
A_N16_r4,A,16,4,46.90035797600012,16,6639,6639,0
A_N16_r4,A,16,4,47.102899247000096,16,6667,6667,0
A_N16_r4,A,16,4,47.30443502200069,16,6696,6696,0
A_N16_r4,A,16,4,47.50562590000027,16,6726,6726,0
A_N16_r4,A,16,4,47.70706535099998,16,6753,6753,0
A_N16_r4,A,16,4,47.907662368000274,16,6781,6781,0
A_N16_r4,A,16,4,48.10839132700039,16,6810,6810,0
A_N16_r4,A,16,4,48.31277025200052,16,6838,6838,0
A_N16_r4,A,16,4,48.51384754500032,16,6868,6868,0
A_N16_r4,A,16,4,48.715952155000195,16,6895,6895,0
A_N16_r4,A,16,4,48.91737985600048,16,6926,6926,0
A_N16_r4,A,16,4,49.12072203700063,16,6952,6952,0
A_N16_r4,A,16,4,49.323758786000326,16,6982,6982,0
A_N16_r4,A,16,4,49.525873107000734,16,7012,7012,0
A_N16_r4,A,16,4,49.72668904300008,16,7038,7038,0
A_N16_r4,A,16,4,49.928392512000755,16,7068,7068,0
A_N16_r4,A,16,4,50.1297290120001,16,7097,7097,0
A_N16_r4,A,16,4,50.331357518000004,16,7125,7125,0
A_N16_r4,A,16,4,50.533265167000536,16,7155,7155,0
A_N16_r4,A,16,4,50.735046505000355,16,7184,7184,0
A_N16_r4,A,16,4,50.937123096000505,16,7212,7212,0
A_N16_r4,A,16,4,51.13827774099991,16,7240,7240,0
A_N16_r4,A,16,4,51.33878197700051,16,7271,7271,0
A_N16_r4,A,16,4,51.5416722100008,16,7298,7298,0
A_N16_r4,A,16,4,51.74678161100019,16,7328,7328,0
A_N16_r4,A,16,4,51.94730785899992,16,7355,7355,0
A_N16_r4,A,16,4,52.14867448000041,16,7384,7384,0
A_N16_r4,A,16,4,52.350206105000325,16,7413,7413,0
A_N16_r4,A,16,4,52.55296224400081,16,7439,7439,0
A_N16_r4,A,16,4,52.75494630200046,16,7467,7467,0
A_N16_r4,A,16,4,52.95652201100074,16,7496,7496,0
A_N16_r4,A,16,4,53.15772262700011,16,7526,7526,0
A_N16_r4,A,16,4,53.359941264000554,16,7557,7557,0
A_N16_r4,A,16,4,53.56150041300043,16,7584,7584,0
A_N16_r4,A,16,4,53.76279894500021,16,7613,7613,0
A_N16_r4,A,16,4,53.96348241600026,16,7641,7641,0
A_N16_r4,A,16,4,54.16505860899997,16,7670,7670,0
A_N16_r4,A,16,4,54.366187210000135,16,7698,7698,0
A_N16_r4,A,16,4,54.56789039500018,16,7726,7726,0
A_N16_r4,A,16,4,54.76844711600006,16,7754,7754,0
A_N16_r4,A,16,4,54.9687328,16,7781,7781,0
A_N16_r4,A,16,4,55.169451239999944,16,7811,7811,0
A_N16_r4,A,16,4,55.37274931699994,16,7838,7838,0
A_N16_r4,A,16,4,55.57386146800036,16,7866,7866,0
A_N16_r4,A,16,4,55.77678357700006,16,7895,7895,0
A_N16_r4,A,16,4,55.97806742600005,16,7921,7921,0
A_N16_r4,A,16,4,56.17842469900006,16,7952,7952,0
A_N16_r4,A,16,4,56.379471557000215,16,7979,7979,0
A_N16_r4,A,16,4,56.580342490000476,16,8007,8007,0
A_N16_r4,A,16,4,56.781525126000815,16,8034,8034,0
A_N16_r4,A,16,4,56.98282285300047,16,8063,8063,0
A_N16_r4,A,16,4,57.18360804300028,16,8089,8089,0
A_N16_r4,A,16,4,57.384474858999965,16,8118,8118,0
A_N16_r4,A,16,4,57.58597297899996,16,8149,8149,0
A_N16_r4,A,16,4,57.786780281000574,16,8177,8177,0
A_N16_r4,A,16,4,57.9903925410008,16,8204,8204,0
A_N16_r4,A,16,4,58.191625326000576,16,8231,8231,0
A_N16_r4,A,16,4,58.395732589000545,16,8260,8260,0
A_N16_r4,A,16,4,58.596213452000484,16,8289,8289,0
A_N16_r4,A,16,4,58.79854244600028,16,8317,8317,0
A_N16_r4,A,16,4,59.00260799100033,16,8348,8348,0
A_N16_r4,A,16,4,59.20386546500049,16,8373,8373,0
A_N16_r4,A,16,4,59.404890355000134,16,8404,8404,0
A_N16_r4,A,16,4,59.609480912000436,16,8430,8430,0
A_N16_r4,A,16,4,59.81069547400057,16,8460,8460,0
A_N16_r4,A,16,4,60.01235232900035,14,8489,8489,0
A_N16_r4,A,16,4,60.213242986000296,0,8503,8503,0
A_N16_r5,A,16,5,0.006494637999821862,0,0,0,0
A_N16_r5,A,16,5,0.2073292670002047,16,16,16,0
A_N16_r5,A,16,5,0.4084929340006056,16,47,47,0
A_N16_r5,A,16,5,0.6088796920003006,16,76,76,0
A_N16_r5,A,16,5,0.8104255990001548,16,105,105,0
A_N16_r5,A,16,5,1.0114521960003913,16,128,128,0
A_N16_r5,A,16,5,1.2133018209997317,16,157,157,0
A_N16_r5,A,16,5,1.4146781460003695,16,185,185,0
A_N16_r5,A,16,5,1.6160130919997755,16,214,214,0
A_N16_r5,A,16,5,1.8165745840005911,16,244,244,0
A_N16_r5,A,16,5,2.017632171000514,16,272,272,0
A_N16_r5,A,16,5,2.218778698999813,16,300,300,0
A_N16_r5,A,16,5,2.421172553999895,16,329,329,0
A_N16_r5,A,16,5,2.6256950859997232,16,357,357,0
A_N16_r5,A,16,5,2.8267455220002375,16,387,387,0
A_N16_r5,A,16,5,3.0279343120000703,16,414,414,0
A_N16_r5,A,16,5,3.2303744959999676,16,440,440,0
A_N16_r5,A,16,5,3.4321567870001672,16,470,470,0
A_N16_r5,A,16,5,3.6327652420004597,16,500,500,0
A_N16_r5,A,16,5,3.8338882770003693,16,525,525,0
A_N16_r5,A,16,5,4.0346012410000185,16,556,556,0
A_N16_r5,A,16,5,4.236893756000427,16,586,586,0
A_N16_r5,A,16,5,4.437310555000295,16,614,614,0
A_N16_r5,A,16,5,4.63790741000048,16,644,644,0
A_N16_r5,A,16,5,4.839449414999763,16,671,671,0
A_N16_r5,A,16,5,5.039961528000276,16,700,700,0
A_N16_r5,A,16,5,5.241490909999811,16,728,728,0
A_N16_r5,A,16,5,5.442191854000157,16,757,757,0
A_N16_r5,A,16,5,5.647646338000413,16,785,785,0
A_N16_r5,A,16,5,5.850501517999874,16,812,812,0
A_N16_r5,A,16,5,6.052416645999983,16,841,841,0
A_N16_r5,A,16,5,6.2553356369999165,16,871,871,0
A_N16_r5,A,16,5,6.4573314400004165,16,901,901,0
A_N16_r5,A,16,5,6.65839833300015,16,927,927,0
A_N16_r5,A,16,5,6.859419909999815,16,958,958,0
A_N16_r5,A,16,5,7.06440369899974,16,987,987,0
A_N16_r5,A,16,5,7.266686920000211,16,1016,1016,0
A_N16_r5,A,16,5,7.4698835429999235,16,1041,1041,0
A_N16_r5,A,16,5,7.670514737000303,16,1073,1073,0
A_N16_r5,A,16,5,7.873002440000164,16,1100,1100,0
A_N16_r5,A,16,5,8.073325407000084,16,1131,1131,0
A_N16_r5,A,16,5,8.276529054000093,16,1159,1159,0
A_N16_r5,A,16,5,8.477620857000147,16,1189,1189,0
A_N16_r5,A,16,5,8.678845424000428,16,1219,1219,0
A_N16_r5,A,16,5,8.879377922000458,16,1245,1245,0
A_N16_r5,A,16,5,9.080711827000414,16,1274,1274,0
A_N16_r5,A,16,5,9.282113621999997,16,1304,1304,0
A_N16_r5,A,16,5,9.483301279000443,16,1334,1334,0
A_N16_r5,A,16,5,9.684621710000101,16,1361,1361,0
A_N16_r5,A,16,5,9.884862734000308,16,1390,1390,0
A_N16_r5,A,16,5,10.08906681100052,16,1420,1420,0
A_N16_r5,A,16,5,10.29020206899986,16,1451,1451,0
A_N16_r5,A,16,5,10.492620314000305,16,1478,1478,0
A_N16_r5,A,16,5,10.693921109000257,16,1508,1508,0
A_N16_r5,A,16,5,10.89493367399973,16,1538,1538,0
A_N16_r5,A,16,5,11.09635757399974,16,1566,1566,0
A_N16_r5,A,16,5,11.299065692000113,16,1594,1594,0
A_N16_r5,A,16,5,11.499846617000003,16,1622,1622,0
A_N16_r5,A,16,5,11.703190627999902,16,1653,1653,0
A_N16_r5,A,16,5,11.904372609000347,16,1680,1680,0
A_N16_r5,A,16,5,12.10483335400022,16,1710,1710,0
A_N16_r5,A,16,5,12.305991598999753,16,1739,1739,0
A_N16_r5,A,16,5,12.507878033000452,16,1769,1769,0
A_N16_r5,A,16,5,12.708913856000436,16,1795,1795,0
A_N16_r5,A,16,5,12.910721811000258,16,1824,1824,0
A_N16_r5,A,16,5,13.111967795000055,16,1853,1853,0
A_N16_r5,A,16,5,13.314357158000348,16,1881,1881,0
A_N16_r5,A,16,5,13.516478010000355,16,1902,1902,0
A_N16_r5,A,16,5,13.717773410000518,16,1935,1935,0
A_N16_r5,A,16,5,13.918498433000423,16,1963,1963,0
A_N16_r5,A,16,5,14.120495490000394,16,1993,1993,0
A_N16_r5,A,16,5,14.32242536800004,16,2022,2022,0
A_N16_r5,A,16,5,14.522807078000369,16,2051,2051,0
A_N16_r5,A,16,5,14.723848464000184,16,2078,2078,0
A_N16_r5,A,16,5,14.92777250600011,16,2109,2109,0
A_N16_r5,A,16,5,15.12852786700023,16,2135,2135,0
A_N16_r5,A,16,5,15.329056186000344,16,2164,2164,0
A_N16_r5,A,16,5,15.529327557000215,16,2194,2194,0
A_N16_r5,A,16,5,15.73050263999994,16,2222,2222,0
A_N16_r5,A,16,5,15.930978671000048,16,2251,2251,0
A_N16_r5,A,16,5,16.13210673499998,16,2277,2277,0
A_N16_r5,A,16,5,16.33377791299972,16,2306,2306,0
A_N16_r5,A,16,5,16.53569329899983,16,2334,2334,0
A_N16_r5,A,16,5,16.737077843000407,16,2365,2365,0
A_N16_r5,A,16,5,16.937459546000355,16,2393,2393,0
A_N16_r5,A,16,5,17.139671937000458,16,2419,2419,0
A_N16_r5,A,16,5,17.34272360900013,16,2448,2448,0
A_N16_r5,A,16,5,17.543943962000412,16,2479,2479,0
A_N16_r5,A,16,5,17.744239512000604,16,2507,2507,0
A_N16_r5,A,16,5,17.950969925999743,16,2533,2533,0
A_N16_r5,A,16,5,18.152278006000415,16,2563,2563,0
A_N16_r5,A,16,5,18.353094599000542,16,2592,2592,0
A_N16_r5,A,16,5,18.55346384099994,16,2620,2620,0
A_N16_r5,A,16,5,18.75474533200031,16,2649,2649,0
A_N16_r5,A,16,5,18.959941854000135,16,2678,2678,0
A_N16_r5,A,16,5,19.161343935000332,16,2705,2705,0
A_N16_r5,A,16,5,19.363514069000303,16,2734,2734,0
A_N16_r5,A,16,5,19.56425459000002,16,2763,2763,0
A_N16_r5,A,16,5,19.766265743000076,16,2793,2793,0
A_N16_r5,A,16,5,19.968176164000397,16,2821,2821,0
A_N16_r5,A,16,5,20.173620851000123,16,2851,2851,0
A_N16_r5,A,16,5,20.375623427999926,16,2878,2878,0
A_N16_r5,A,16,5,20.576319284999954,16,2906,2906,0
A_N16_r5,A,16,5,20.78198214999975,16,2936,2936,0
A_N16_r5,A,16,5,20.982570572999975,16,2964,2964,0
A_N16_r5,A,16,5,21.183800528000575,16,2991,2991,0
A_N16_r5,A,16,5,21.387379300000248,16,3021,3021,0
A_N16_r5,A,16,5,21.588093674999982,16,3051,3051,0
A_N16_r5,A,16,5,21.789216998000484,16,3079,3079,0
A_N16_r5,A,16,5,21.990788306000468,16,3106,3106,0
A_N16_r5,A,16,5,22.19173886000044,16,3134,3134,0
A_N16_r5,A,16,5,22.392637967000155,16,3164,3164,0
A_N16_r5,A,16,5,22.59463234299983,16,3192,3192,0
A_N16_r5,A,16,5,22.795711372999904,16,3219,3219,0
A_N16_r5,A,16,5,22.99608857700059,16,3248,3248,0
A_N16_r5,A,16,5,23.196970390999923,16,3278,3278,0
A_N16_r5,A,16,5,23.39792561700051,16,3306,3306,0
A_N16_r5,A,16,5,23.5998145020003,16,3335,3335,0
A_N16_r5,A,16,5,23.801870817000236,16,3364,3364,0
A_N16_r5,A,16,5,24.00240881799982,16,3394,3394,0
A_N16_r5,A,16,5,24.204513274999954,16,3421,3421,0
A_N16_r5,A,16,5,24.40774594300001,16,3450,3450,0
A_N16_r5,A,16,5,24.609905465999873,16,3479,3479,0
A_N16_r5,A,16,5,24.81040013599977,16,3509,3509,0
A_N16_r5,A,16,5,25.016552048999984,16,3538,3538,0
A_N16_r5,A,16,5,25.218669040999885,16,3565,3565,0
A_N16_r5,A,16,5,25.419781798999793,16,3596,3596,0
A_N16_r5,A,16,5,25.62010723900039,16,3620,3620,0
A_N16_r5,A,16,5,25.824520359000417,16,3652,3652,0
A_N16_r5,A,16,5,26.025061899999855,16,3680,3680,0
A_N16_r5,A,16,5,26.225423668000076,16,3709,3709,0
A_N16_r5,A,16,5,26.42842612000004,16,3738,3738,0
A_N16_r5,A,16,5,26.63053738400049,16,3767,3767,0
A_N16_r5,A,16,5,26.834871295000085,16,3797,3797,0
A_N16_r5,A,16,5,27.03535441599979,16,3825,3825,0
A_N16_r5,A,16,5,27.23775939999996,16,3853,3853,0
A_N16_r5,A,16,5,27.43836767999983,16,3879,3879,0
A_N16_r5,A,16,5,27.63960204399973,16,3908,3908,0
A_N16_r5,A,16,5,27.840348178000568,16,3938,3938,0
A_N16_r5,A,16,5,28.042712276000202,16,3967,3967,0
A_N16_r5,A,16,5,28.245611424000344,16,3995,3995,0
A_N16_r5,A,16,5,28.44636871000057,16,4022,4022,0
A_N16_r5,A,16,5,28.64790675400036,16,4051,4051,0
A_N16_r5,A,16,5,28.849344367999947,16,4079,4079,0
A_N16_r5,A,16,5,29.05249931399976,16,4109,4109,0
A_N16_r5,A,16,5,29.252927192999778,16,4136,4136,0
A_N16_r5,A,16,5,29.45398714700059,16,4166,4166,0
A_N16_r5,A,16,5,29.655369597000572,16,4193,4193,0
A_N16_r5,A,16,5,29.8567693290006,16,4223,4223,0
A_N16_r5,A,16,5,30.05835555700014,16,4250,4250,0
A_N16_r5,A,16,5,30.258717460999833,16,4280,4280,0
A_N16_r5,A,16,5,30.460183842000333,16,4309,4309,0
A_N16_r5,A,16,5,30.663842832000228,16,4339,4339,0
A_N16_r5,A,16,5,30.865292071000113,16,4368,4368,0
A_N16_r5,A,16,5,31.06602318000023,16,4397,4397,0
A_N16_r5,A,16,5,31.267449093999858,16,4427,4427,0
A_N16_r5,A,16,5,31.46918245500001,16,4455,4455,0
A_N16_r5,A,16,5,31.67114529399987,16,4483,4483,0
A_N16_r5,A,16,5,31.87278206100018,16,4514,4514,0
A_N16_r5,A,16,5,32.07360100000005,16,4539,4539,0
A_N16_r5,A,16,5,32.27470233599979,16,4569,4569,0
A_N16_r5,A,16,5,32.4803580050002,16,4599,4599,0
A_N16_r5,A,16,5,32.68169491200024,16,4623,4623,0
A_N16_r5,A,16,5,32.88383106299989,16,4651,4651,0
A_N16_r5,A,16,5,33.08694745200046,16,4678,4678,0
A_N16_r5,A,16,5,33.29236583900001,16,4705,4705,0
A_N16_r5,A,16,5,33.497685799000465,16,4732,4732,0
A_N16_r5,A,16,5,33.69850799699998,16,4758,4758,0
A_N16_r5,A,16,5,33.89952695000011,16,4787,4787,0
A_N16_r5,A,16,5,34.100501076,16,4810,4810,0
A_N16_r5,A,16,5,34.3033955840001,16,4838,4838,0
A_N16_r5,A,16,5,34.50398307600062,16,4866,4866,0
A_N16_r5,A,16,5,34.70839320400046,16,4894,4894,0
A_N16_r5,A,16,5,34.9115145249998,16,4920,4920,0
A_N16_r5,A,16,5,35.11360793699987,16,4948,4948,0
A_N16_r5,A,16,5,35.316268921999836,16,4970,4970,0
A_N16_r5,A,16,5,35.51700589899974,16,5002,5002,0
A_N16_r5,A,16,5,35.717857196000296,16,5031,5031,0
A_N16_r5,A,16,5,35.91891430299984,16,5058,5058,0
A_N16_r5,A,16,5,36.12763737400019,16,5084,5084,0
A_N16_r5,A,16,5,36.327993296000386,16,5112,5112,0
A_N16_r5,A,16,5,36.52948834000017,16,5138,5138,0
A_N16_r5,A,16,5,36.730598191000354,16,5168,5168,0
A_N16_r5,A,16,5,36.932893410999895,16,5196,5196,0
A_N16_r5,A,16,5,37.13496292000036,16,5225,5225,0
A_N16_r5,A,16,5,37.336148133999814,16,5254,5254,0
A_N16_r5,A,16,5,37.539273227000194,16,5281,5281,0
A_N16_r5,A,16,5,37.73988248400019,16,5310,5310,0
A_N16_r5,A,16,5,37.94339877400034,16,5338,5338,0
A_N16_r5,A,16,5,38.144999891000225,16,5365,5365,0
A_N16_r5,A,16,5,38.347492840000086,16,5394,5394,0
A_N16_r5,A,16,5,38.54922528000043,16,5421,5421,0
A_N16_r5,A,16,5,38.75022022400026,16,5453,5453,0
A_N16_r5,A,16,5,38.951715101000445,16,5478,5478,0
A_N16_r5,A,16,5,39.1524355420006,16,5507,5507,0
A_N16_r5,A,16,5,39.35653019500023,16,5536,5536,0
A_N16_r5,A,16,5,39.556964672000504,16,5565,5565,0
A_N16_r5,A,16,5,39.757893201000115,16,5593,5593,0
A_N16_r5,A,16,5,39.9594688140005,16,5621,5621,0
A_N16_r5,A,16,5,40.16063406400008,16,5649,5649,0
A_N16_r5,A,16,5,40.36237303800044,16,5678,5678,0
A_N16_r5,A,16,5,40.563756977000594,16,5708,5708,0
A_N16_r5,A,16,5,40.76482837900039,16,5738,5738,0
A_N16_r5,A,16,5,40.96642491300008,16,5766,5766,0
A_N16_r5,A,16,5,41.17346713700044,16,5796,5796,0
A_N16_r5,A,16,5,41.37767134200021,16,5825,5825,0
A_N16_r5,A,16,5,41.579686304999996,16,5853,5853,0
A_N16_r5,A,16,5,41.78083294299995,16,5880,5880,0
A_N16_r5,A,16,5,41.98122634500032,16,5909,5909,0
A_N16_r5,A,16,5,42.181776995999826,16,5938,5938,0
A_N16_r5,A,16,5,42.38244834800025,16,5968,5968,0
A_N16_r5,A,16,5,42.653168425999866,16,5996,5996,0
A_N16_r5,A,16,5,42.855370346999734,16,6029,6029,0
A_N16_r5,A,16,5,43.05792634200043,16,6060,6060,0
A_N16_r5,A,16,5,43.26024052699995,16,6090,6090,0
A_N16_r5,A,16,5,43.4613421009999,16,6118,6118,0
A_N16_r5,A,16,5,43.66535966399988,16,6148,6148,0
A_N16_r5,A,16,5,43.866574675000265,16,6177,6177,0
A_N16_r5,A,16,5,44.0675958970005,16,6207,6207,0
A_N16_r5,A,16,5,44.26881036699979,16,6233,6233,0
A_N16_r5,A,16,5,44.47054432799996,16,6262,6262,0
A_N16_r5,A,16,5,44.67193941400001,16,6292,6292,0
A_N16_r5,A,16,5,44.87259257500045,16,6322,6322,0
A_N16_r5,A,16,5,45.07801863500026,16,6348,6348,0
A_N16_r5,A,16,5,45.28057304000049,16,6377,6377,0
A_N16_r5,A,16,5,45.48232086900043,16,6408,6408,0
A_N16_r5,A,16,5,45.68832393000048,16,6435,6435,0
A_N16_r5,A,16,5,45.89149833800002,16,6466,6466,0
A_N16_r5,A,16,5,46.09391558400057,16,6494,6494,0
A_N16_r5,A,16,5,46.29456212400055,16,6522,6522,0
A_N16_r5,A,16,5,46.495078396999816,16,6551,6551,0
A_N16_r5,A,16,5,46.69756090900046,16,6581,6581,0
A_N16_r5,A,16,5,46.90054592800061,16,6611,6611,0
A_N16_r5,A,16,5,47.102152760000536,16,6639,6639,0
A_N16_r5,A,16,5,47.305913699000484,16,6665,6665,0
A_N16_r5,A,16,5,47.506567866000296,16,6696,6696,0
A_N16_r5,A,16,5,47.707712588000504,16,6728,6728,0
A_N16_r5,A,16,5,47.909445862999746,16,6756,6756,0
A_N16_r5,A,16,5,48.1107639060001,16,6784,6784,0
A_N16_r5,A,16,5,48.31317054400006,16,6814,6814,0
A_N16_r5,A,16,5,48.51519403400016,16,6844,6844,0
A_N16_r5,A,16,5,48.716475848999835,16,6870,6870,0
A_N16_r5,A,16,5,48.91875623800024,16,6898,6898,0
A_N16_r5,A,16,5,49.1197837790005,16,6928,6928,0
A_N16_r5,A,16,5,49.32189501500034,16,6954,6954,0
A_N16_r5,A,16,5,49.5230456320005,16,6984,6984,0
A_N16_r5,A,16,5,49.72421026499978,16,7012,7012,0
A_N16_r5,A,16,5,49.92547880700022,16,7040,7040,0
A_N16_r5,A,16,5,50.126150892000624,16,7069,7069,0
A_N16_r5,A,16,5,50.32708612799979,16,7096,7096,0
A_N16_r5,A,16,5,50.527493499999764,16,7126,7126,0
A_N16_r5,A,16,5,50.72983402600039,16,7156,7156,0
A_N16_r5,A,16,5,50.93168953799977,16,7184,7184,0
A_N16_r5,A,16,5,51.1325736280005,16,7213,7213,0
A_N16_r5,A,16,5,51.33574128100008,16,7243,7243,0
A_N16_r5,A,16,5,51.54037378800058,16,7271,7271,0
A_N16_r5,A,16,5,51.742369528999916,16,7299,7299,0
A_N16_r5,A,16,5,51.94434570199974,16,7327,7327,0
A_N16_r5,A,16,5,52.144583240999964,16,7356,7356,0
A_N16_r5,A,16,5,52.345169015000465,16,7383,7383,0
A_N16_r5,A,16,5,52.546881537000445,16,7413,7413,0
A_N16_r5,A,16,5,52.74763707500006,16,7442,7442,0
A_N16_r5,A,16,5,52.949396617000275,16,7470,7470,0
A_N16_r5,A,16,5,53.14967231999981,16,7497,7497,0
A_N16_r5,A,16,5,53.35184793500048,16,7528,7528,0
A_N16_r5,A,16,5,53.554533133000405,16,7554,7554,0
A_N16_r5,A,16,5,53.757862950000344,16,7584,7584,0
A_N16_r5,A,16,5,53.95841210599974,16,7613,7613,0
A_N16_r5,A,16,5,54.15993866500048,16,7642,7642,0
A_N16_r5,A,16,5,54.36156180800026,16,7670,7670,0
A_N16_r5,A,16,5,54.56202670499988,16,7699,7699,0
A_N16_r5,A,16,5,54.76302788400062,16,7727,7727,0
A_N16_r5,A,16,5,54.96452395600045,16,7756,7756,0
A_N16_r5,A,16,5,55.168409984999926,16,7781,7781,0
A_N16_r5,A,16,5,55.368908747000205,16,7812,7812,0
A_N16_r5,A,16,5,55.57331162100036,16,7838,7838,0
A_N16_r5,A,16,5,55.77393809700061,16,7869,7869,0
A_N16_r5,A,16,5,55.97528808300012,16,7898,7898,0
A_N16_r5,A,16,5,56.17652584500047,16,7925,7925,0
A_N16_r5,A,16,5,56.379015733000415,16,7954,7954,0
A_N16_r5,A,16,5,56.580321626000114,16,7982,7982,0
A_N16_r5,A,16,5,56.78171749000012,16,8011,8011,0
A_N16_r5,A,16,5,56.98346521500025,16,8038,8038,0
A_N16_r5,A,16,5,57.18487651899977,16,8067,8067,0
A_N16_r5,A,16,5,57.388461356000334,16,8098,8098,0
A_N16_r5,A,16,5,57.589393248000306,16,8124,8124,0
A_N16_r5,A,16,5,57.791625578000094,16,8154,8154,0
A_N16_r5,A,16,5,57.99362324000049,16,8183,8183,0
A_N16_r5,A,16,5,58.19428443600009,16,8213,8213,0
A_N16_r5,A,16,5,58.396583724000266,16,8241,8241,0
A_N16_r5,A,16,5,58.59767341800034,16,8270,8270,0
A_N16_r5,A,16,5,58.80157765600052,16,8298,8298,0
A_N16_r5,A,16,5,59.00280387000021,16,8327,8327,0
A_N16_r5,A,16,5,59.20337463400028,16,8355,8355,0
A_N16_r5,A,16,5,59.4054466610005,16,8384,8384,0
A_N16_r5,A,16,5,59.60896502500054,16,8414,8414,0
A_N16_r5,A,16,5,59.80975294500058,16,8440,8440,0
A_N16_r5,A,16,5,60.010449149000124,14,8468,8468,0
A_N16_r5,A,16,5,60.21092075599972,0,8482,8482,0
A_N16_r6,A,16,6,0.006736180999723729,0,0,0,0
A_N16_r6,A,16,6,0.2074399020002602,16,18,18,0
A_N16_r6,A,16,6,0.4077771230004146,16,48,48,0
A_N16_r6,A,16,6,0.6081319189997885,16,77,77,0
A_N16_r6,A,16,6,0.809744371999841,16,105,105,0
A_N16_r6,A,16,6,1.0109558419999303,16,132,132,0
A_N16_r6,A,16,6,1.2132786000001943,16,161,161,0
A_N16_r6,A,16,6,1.4143586890004372,16,188,188,0
A_N16_r6,A,16,6,1.6149301189998368,16,214,214,0
A_N16_r6,A,16,6,1.8153569830001288,16,246,246,0
A_N16_r6,A,16,6,2.0161710769998535,16,272,272,0
A_N16_r6,A,16,6,2.2172711459998027,16,299,299,0
A_N16_r6,A,16,6,2.4200041570002213,16,326,326,0
A_N16_r6,A,16,6,2.620610244999625,16,358,358,0
A_N16_r6,A,16,6,2.823205573999985,16,385,385,0
A_N16_r6,A,16,6,3.0286182859999826,16,413,413,0
A_N16_r6,A,16,6,3.2304188910002267,16,441,441,0
A_N16_r6,A,16,6,3.4319246249997377,16,469,469,0
A_N16_r6,A,16,6,3.633986607999759,16,500,500,0
A_N16_r6,A,16,6,3.835370509999848,16,525,525,0
A_N16_r6,A,16,6,4.037895788999776,16,555,555,0
A_N16_r6,A,16,6,4.239463300999887,16,586,586,0
A_N16_r6,A,16,6,4.4419068839997635,16,614,614,0
A_N16_r6,A,16,6,4.642771687000277,16,640,640,0
A_N16_r6,A,16,6,4.843857652000224,16,670,670,0
A_N16_r6,A,16,6,5.044488239999737,16,698,698,0
A_N16_r6,A,16,6,5.247716429999855,16,726,726,0
A_N16_r6,A,16,6,5.449848629999906,16,755,755,0
A_N16_r6,A,16,6,5.652096071000415,16,781,781,0
A_N16_r6,A,16,6,5.852721379000286,16,813,813,0
A_N16_r6,A,16,6,6.054764540999713,16,841,841,0
A_N16_r6,A,16,6,6.260845009999684,16,868,868,0
A_N16_r6,A,16,6,6.4624573709998,16,895,895,0
A_N16_r6,A,16,6,6.664225127999998,16,926,926,0
A_N16_r6,A,16,6,6.8671515850001015,16,954,954,0
A_N16_r6,A,16,6,7.067627981000442,16,984,984,0
A_N16_r6,A,16,6,7.2689156550004554,16,1014,1014,0
A_N16_r6,A,16,6,7.470219048000217,16,1040,1040,0
A_N16_r6,A,16,6,7.67371069300043,16,1069,1069,0
A_N16_r6,A,16,6,7.8754803459996765,16,1099,1099,0
A_N16_r6,A,16,6,8.076395090000005,16,1126,1126,0
A_N16_r6,A,16,6,8.278649496999606,16,1154,1154,0
A_N16_r6,A,16,6,8.480862426000385,16,1183,1183,0
A_N16_r6,A,16,6,8.681637493999915,16,1209,1209,0
A_N16_r6,A,16,6,8.882028490000266,16,1239,1239,0
A_N16_r6,A,16,6,9.084073900000476,16,1265,1265,0
A_N16_r6,A,16,6,9.285044461000325,16,1292,1292,0
A_N16_r6,A,16,6,9.486615067000457,16,1322,1322,0
A_N16_r6,A,16,6,9.687904116000027,16,1349,1349,0
A_N16_r6,A,16,6,9.889049260999855,16,1378,1378,0
A_N16_r6,A,16,6,10.091556332999971,16,1407,1407,0
A_N16_r6,A,16,6,10.291783018000388,16,1435,1435,0
A_N16_r6,A,16,6,10.492270390000158,16,1465,1465,0
A_N16_r6,A,16,6,10.693860012999721,16,1493,1493,0
A_N16_r6,A,16,6,10.894478125000205,16,1520,1520,0
A_N16_r6,A,16,6,11.096448143999623,16,1551,1551,0
A_N16_r6,A,16,6,11.300876881000477,16,1571,1571,0
A_N16_r6,A,16,6,11.502475051999681,16,1600,1600,0
A_N16_r6,A,16,6,11.705722556999717,16,1627,1627,0
A_N16_r6,A,16,6,11.906850813000347,16,1656,1656,0
A_N16_r6,A,16,6,12.108796647999952,16,1684,1684,0
A_N16_r6,A,16,6,12.309166779000407,16,1712,1712,0
A_N16_r6,A,16,6,12.510863108000194,16,1741,1741,0
A_N16_r6,A,16,6,12.71290733099977,16,1769,1769,0
A_N16_r6,A,16,6,12.91547902000002,16,1798,1798,0
A_N16_r6,A,16,6,13.116483861999768,16,1824,1824,0
A_N16_r6,A,16,6,13.317175105999922,16,1853,1853,0
A_N16_r6,A,16,6,13.518689520999942,16,1881,1881,0
A_N16_r6,A,16,6,13.720487245000186,16,1909,1909,0
A_N16_r6,A,16,6,13.921782571000222,16,1938,1938,0
A_N16_r6,A,16,6,14.127034811999692,16,1968,1968,0
A_N16_r6,A,16,6,14.332936652000171,16,1996,1996,0
A_N16_r6,A,16,6,14.533754177999981,16,2026,2026,0
A_N16_r6,A,16,6,14.73486667799989,16,2056,2056,0
A_N16_r6,A,16,6,14.937007016999814,16,2082,2082,0
A_N16_r6,A,16,6,15.138820563999616,16,2110,2110,0
A_N16_r6,A,16,6,15.3406416050002,16,2141,2141,0
A_N16_r6,A,16,6,15.544908208999914,16,2169,2169,0
A_N16_r6,A,16,6,15.74630523199994,16,2200,2200,0
A_N16_r6,A,16,6,15.947377335000056,16,2225,2225,0
A_N16_r6,A,16,6,16.148787123999682,16,2254,2254,0
A_N16_r6,A,16,6,16.349273101999643,16,2282,2282,0
A_N16_r6,A,16,6,16.550165093000032,16,2311,2311,0
A_N16_r6,A,16,6,16.756526582000333,16,2342,2342,0
A_N16_r6,A,16,6,16.95706907800013,16,2370,2370,0
A_N16_r6,A,16,6,17.158213251000234,16,2397,2397,0
A_N16_r6,A,16,6,17.359061641999688,16,2428,2428,0
A_N16_r6,A,16,6,17.563586760000362,16,2456,2456,0
A_N16_r6,A,16,6,17.764802910999606,16,2484,2484,0
A_N16_r6,A,16,6,17.966260242000317,16,2511,2511,0
A_N16_r6,A,16,6,18.167340035000052,16,2541,2541,0
A_N16_r6,A,16,6,18.36891507099972,16,2569,2569,0
A_N16_r6,A,16,6,18.569444032999854,16,2600,2600,0
A_N16_r6,A,16,6,18.77411558299991,16,2628,2628,0
A_N16_r6,A,16,6,18.976913741000317,16,2655,2655,0
A_N16_r6,A,16,6,19.17906395600039,16,2684,2684,0
A_N16_r6,A,16,6,19.37943591899966,16,2714,2714,0
A_N16_r6,A,16,6,19.580871211000158,16,2741,2741,0
A_N16_r6,A,16,6,19.784923049999634,16,2770,2770,0
A_N16_r6,A,16,6,19.98636265100049,16,2801,2801,0
A_N16_r6,A,16,6,20.187667033999787,16,2826,2826,0
A_N16_r6,A,16,6,20.388731087999986,16,2855,2855,0
A_N16_r6,A,16,6,20.595051975000388,16,2883,2883,0
A_N16_r6,A,16,6,20.7976340539999,16,2912,2912,0
A_N16_r6,A,16,6,21.000563495999813,16,2942,2942,0
A_N16_r6,A,16,6,21.201115916999697,16,2970,2970,0
A_N16_r6,A,16,6,21.40308668200032,16,2998,2998,0
A_N16_r6,A,16,6,21.607427103999726,16,3028,3028,0
A_N16_r6,A,16,6,21.80875399100023,16,3053,3053,0
A_N16_r6,A,16,6,22.01071232400045,16,3084,3084,0
A_N16_r6,A,16,6,22.212557259999812,16,3112,3112,0
A_N16_r6,A,16,6,22.41366424900025,16,3142,3142,0
A_N16_r6,A,16,6,22.616879146999963,16,3170,3170,0
A_N16_r6,A,16,6,22.819831544999943,16,3197,3197,0
A_N16_r6,A,16,6,23.02246125900001,16,3227,3227,0
A_N16_r6,A,16,6,23.224618401000043,16,3254,3254,0
A_N16_r6,A,16,6,23.42647749600019,16,3282,3282,0
A_N16_r6,A,16,6,23.627606598000057,16,3312,3312,0
A_N16_r6,A,16,6,23.828679023000404,16,3339,3339,0
A_N16_r6,A,16,6,24.03031530499993,16,3369,3369,0
A_N16_r6,A,16,6,24.23373596700003,16,3396,3396,0
A_N16_r6,A,16,6,24.43455724500018,16,3423,3423,0
A_N16_r6,A,16,6,24.6352946220004,16,3452,3452,0
A_N16_r6,A,16,6,24.836582519999865,16,3481,3481,0
A_N16_r6,A,16,6,25.037863133999963,16,3509,3509,0
A_N16_r6,A,16,6,25.239848440999594,16,3537,3537,0
A_N16_r6,A,16,6,25.441636614000345,16,3565,3565,0
A_N16_r6,A,16,6,25.64185938100036,16,3592,3592,0
A_N16_r6,A,16,6,25.843205520999618,16,3621,3621,0
A_N16_r6,A,16,6,26.043696912000087,16,3649,3649,0
A_N16_r6,A,16,6,26.24658835900027,16,3676,3676,0
A_N16_r6,A,16,6,26.44813572200019,16,3703,3703,0
A_N16_r6,A,16,6,26.648865527999988,16,3732,3732,0
A_N16_r6,A,16,6,26.851844681999864,16,3760,3760,0
A_N16_r6,A,16,6,27.054299477999848,16,3787,3787,0
A_N16_r6,A,16,6,27.255158750999726,16,3818,3818,0
A_N16_r6,A,16,6,27.456938780999735,16,3846,3846,0
A_N16_r6,A,16,6,27.657863428999917,16,3874,3874,0
A_N16_r6,A,16,6,27.859389184000065,16,3903,3903,0
A_N16_r6,A,16,6,28.061809695000193,16,3930,3930,0
A_N16_r6,A,16,6,28.262501170000178,16,3958,3958,0
A_N16_r6,A,16,6,28.465819132999968,16,3987,3987,0
A_N16_r6,A,16,6,28.66678441000022,16,4017,4017,0
A_N16_r6,A,16,6,28.868365231000098,16,4044,4044,0
A_N16_r6,A,16,6,29.068918373999622,16,4073,4073,0
A_N16_r6,A,16,6,29.270888187999844,16,4101,4101,0
A_N16_r6,A,16,6,29.47379295399969,16,4130,4130,0
A_N16_r6,A,16,6,29.67736544299987,16,4160,4160,0
A_N16_r6,A,16,6,29.878462693000074,16,4188,4188,0
A_N16_r6,A,16,6,30.080231455000103,16,4217,4217,0
A_N16_r6,A,16,6,30.28118388999974,16,4245,4245,0
A_N16_r6,A,16,6,30.482263298000362,16,4273,4273,0
A_N16_r6,A,16,6,30.683181817999866,16,4303,4303,0
A_N16_r6,A,16,6,30.885314363999896,16,4331,4331,0
A_N16_r6,A,16,6,31.086490487000447,16,4358,4358,0
A_N16_r6,A,16,6,31.28851894499985,16,4387,4387,0
A_N16_r6,A,16,6,31.489916771000026,16,4415,4415,0
A_N16_r6,A,16,6,31.693128824999803,16,4447,4447,0
A_N16_r6,A,16,6,31.895310806999987,16,4473,4473,0
A_N16_r6,A,16,6,32.096941969,16,4504,4504,0
A_N16_r6,A,16,6,32.29884480800047,16,4533,4533,0
A_N16_r6,A,16,6,32.499237128999994,16,4560,4560,0
A_N16_r6,A,16,6,32.70017903600001,16,4589,4589,0
A_N16_r6,A,16,6,32.900814982000156,16,4618,4618,0
A_N16_r6,A,16,6,33.102828955000405,16,4645,4645,0
A_N16_r6,A,16,6,33.30364926200036,16,4674,4674,0
A_N16_r6,A,16,6,33.50463596600002,16,4705,4705,0
A_N16_r6,A,16,6,33.70825544099989,16,4734,4734,0
A_N16_r6,A,16,6,33.91039580500001,16,4761,4761,0
A_N16_r6,A,16,6,34.11284966800031,16,4792,4792,0
A_N16_r6,A,16,6,34.31473896500029,16,4818,4818,0
A_N16_r6,A,16,6,34.51568506300009,16,4846,4846,0
A_N16_r6,A,16,6,34.717267105000246,16,4875,4875,0
A_N16_r6,A,16,6,34.917690446999586,16,4904,4904,0
A_N16_r6,A,16,6,35.11838485699991,16,4930,4930,0
A_N16_r6,A,16,6,35.32146457500039,16,4961,4961,0
A_N16_r6,A,16,6,35.52453754900034,16,4987,4987,0
A_N16_r6,A,16,6,35.72539930899984,16,5017,5017,0
A_N16_r6,A,16,6,35.92610661300023,16,5042,5042,0
A_N16_r6,A,16,6,36.12748187299985,16,5072,5072,0
A_N16_r6,A,16,6,36.33307456300008,16,5102,5102,0
A_N16_r6,A,16,6,36.53372888800004,16,5130,5130,0
A_N16_r6,A,16,6,36.73412616200039,16,5160,5160,0
A_N16_r6,A,16,6,36.93652494399976,16,5186,5186,0
A_N16_r6,A,16,6,37.13778784999977,16,5213,5213,0
A_N16_r6,A,16,6,37.340311420000035,16,5244,5244,0
A_N16_r6,A,16,6,37.54233647000001,16,5270,5270,0
A_N16_r6,A,16,6,37.746118308000405,16,5300,5300,0
A_N16_r6,A,16,6,37.94750197600024,16,5330,5330,0
A_N16_r6,A,16,6,38.147874084999785,16,5356,5356,0
A_N16_r6,A,16,6,38.349284083000384,16,5383,5383,0
A_N16_r6,A,16,6,38.55139482699997,16,5413,5413,0
A_N16_r6,A,16,6,38.7529892270004,16,5441,5441,0
A_N16_r6,A,16,6,38.95347426300032,16,5471,5471,0
A_N16_r6,A,16,6,39.15687173100014,16,5499,5499,0
A_N16_r6,A,16,6,39.35815070100034,16,5527,5527,0
A_N16_r6,A,16,6,39.562163092000446,16,5556,5556,0
A_N16_r6,A,16,6,39.76439465800013,16,5586,5586,0
A_N16_r6,A,16,6,39.96541887300009,16,5612,5612,0
A_N16_r6,A,16,6,40.16576464500031,16,5643,5643,0
A_N16_r6,A,16,6,40.40920656199978,16,5666,5666,0
A_N16_r6,A,16,6,40.6097884640003,16,5700,5700,0
A_N16_r6,A,16,6,40.811566035000396,16,5729,5729,0
A_N16_r6,A,16,6,41.01477224199971,16,5758,5758,0
A_N16_r6,A,16,6,41.216934398000376,16,5786,5786,0
A_N16_r6,A,16,6,41.418188222000026,16,5816,5816,0
A_N16_r6,A,16,6,41.61992056899999,16,5845,5845,0
A_N16_r6,A,16,6,41.82064911100042,16,5872,5872,0
A_N16_r6,A,16,6,42.02132455500032,16,5902,5902,0
A_N16_r6,A,16,6,42.22338906599998,16,5929,5929,0
A_N16_r6,A,16,6,42.425772053999935,16,5958,5958,0
A_N16_r6,A,16,6,42.626636908000364,16,5985,5985,0
A_N16_r6,A,16,6,42.831532397000046,16,6013,6013,0
A_N16_r6,A,16,6,43.03190168800029,16,6042,6042,0
A_N16_r6,A,16,6,43.232822951000344,16,6072,6072,0
A_N16_r6,A,16,6,43.436042885999996,16,6098,6098,0
A_N16_r6,A,16,6,43.63917998299985,16,6127,6127,0
A_N16_r6,A,16,6,43.840178573999765,16,6158,6158,0
A_N16_r6,A,16,6,44.04330806800044,16,6184,6184,0
A_N16_r6,A,16,6,44.24477020300037,16,6213,6213,0
A_N16_r6,A,16,6,44.4468004219998,16,6242,6242,0
A_N16_r6,A,16,6,44.64861443799964,16,6270,6270,0
A_N16_r6,A,16,6,44.851450873999966,16,6297,6297,0
A_N16_r6,A,16,6,45.05228151600022,16,6329,6329,0
A_N16_r6,A,16,6,45.25265993700032,16,6354,6354,0
A_N16_r6,A,16,6,45.45893712399993,16,6384,6384,0
A_N16_r6,A,16,6,45.661832632999904,16,6413,6413,0
A_N16_r6,A,16,6,45.86265371799982,16,6443,6443,0
A_N16_r6,A,16,6,46.06303673799994,16,6471,6471,0
A_N16_r6,A,16,6,46.26329811600044,16,6499,6499,0
A_N16_r6,A,16,6,46.46445631500046,16,6527,6527,0
A_N16_r6,A,16,6,46.66651542100044,16,6554,6554,0
A_N16_r6,A,16,6,46.866964267000185,16,6582,6582,0
A_N16_r6,A,16,6,47.07044590700025,16,6611,6611,0
A_N16_r6,A,16,6,47.272923802999685,16,6641,6641,0
A_N16_r6,A,16,6,47.47387455700027,16,6667,6667,0
A_N16_r6,A,16,6,47.67478030500024,16,6697,6697,0
A_N16_r6,A,16,6,47.875136114999805,16,6724,6724,0
A_N16_r6,A,16,6,48.07623735800007,16,6752,6752,0
A_N16_r6,A,16,6,48.28063511500022,16,6782,6782,0
A_N16_r6,A,16,6,48.48264763499992,16,6809,6809,0
A_N16_r6,A,16,6,48.68429741300042,16,6840,6840,0
A_N16_r6,A,16,6,48.88480637700013,16,6869,6869,0
A_N16_r6,A,16,6,49.085864869000034,16,6898,6898,0
A_N16_r6,A,16,6,49.28666816399982,16,6927,6927,0
A_N16_r6,A,16,6,49.49120126100024,16,6954,6954,0
A_N16_r6,A,16,6,49.69155610100006,16,6984,6984,0
A_N16_r6,A,16,6,49.892387941999914,16,7013,7013,0
A_N16_r6,A,16,6,50.093228791,16,7040,7040,0
A_N16_r6,A,16,6,50.29399328300042,16,7068,7068,0
A_N16_r6,A,16,6,50.49500445600006,16,7097,7097,0
A_N16_r6,A,16,6,50.69527774299968,16,7125,7125,0
A_N16_r6,A,16,6,50.8957017570001,16,7155,7155,0
A_N16_r6,A,16,6,51.0971893599999,16,7183,7183,0
A_N16_r6,A,16,6,51.29842638399987,16,7214,7214,0
A_N16_r6,A,16,6,51.501000229000056,16,7243,7243,0
A_N16_r6,A,16,6,51.702200532999996,16,7273,7273,0
A_N16_r6,A,16,6,51.90286233200004,16,7300,7300,0
A_N16_r6,A,16,6,52.108943555000224,16,7330,7330,0
A_N16_r6,A,16,6,52.31039717400017,16,7357,7357,0
A_N16_r6,A,16,6,52.51273990899972,16,7386,7386,0
A_N16_r6,A,16,6,52.71332718600024,16,7415,7415,0
A_N16_r6,A,16,6,52.9169636380002,16,7443,7443,0
A_N16_r6,A,16,6,53.11811448099979,16,7472,7472,0
A_N16_r6,A,16,6,53.319947173999935,16,7500,7500,0
A_N16_r6,A,16,6,53.52117804000045,16,7530,7530,0
A_N16_r6,A,16,6,53.72492944199985,16,7559,7559,0
A_N16_r6,A,16,6,53.92905415600035,16,7588,7588,0
A_N16_r6,A,16,6,54.13144938300047,16,7616,7616,0
A_N16_r6,A,16,6,54.332162091999635,16,7647,7647,0
A_N16_r6,A,16,6,54.53347019600005,16,7674,7674,0
A_N16_r6,A,16,6,54.73387439700036,16,7702,7702,0
A_N16_r6,A,16,6,54.93577709599958,16,7731,7731,0
A_N16_r6,A,16,6,55.13651730899983,16,7761,7761,0
A_N16_r6,A,16,6,55.340639019000264,16,7791,7791,0
A_N16_r6,A,16,6,55.54152761400019,16,7818,7818,0
A_N16_r6,A,16,6,55.744713590000174,16,7847,7847,0
A_N16_r6,A,16,6,55.94943356299973,16,7875,7875,0
A_N16_r6,A,16,6,56.15036453999983,16,7905,7905,0
A_N16_r6,A,16,6,56.35195868200026,16,7934,7934,0
A_N16_r6,A,16,6,56.55241544599994,16,7963,7963,0
A_N16_r6,A,16,6,56.755149221000465,16,7993,7993,0
A_N16_r6,A,16,6,56.95646139699966,16,8020,8020,0
A_N16_r6,A,16,6,57.15719740399982,16,8048,8048,0
A_N16_r6,A,16,6,57.35862420800004,16,8076,8076,0
A_N16_r6,A,16,6,57.56369681399974,16,8106,8106,0
A_N16_r6,A,16,6,57.76460278600007,16,8135,8135,0
A_N16_r6,A,16,6,57.96573354700013,16,8164,8164,0
A_N16_r6,A,16,6,58.16640964100043,16,8192,8192,0
A_N16_r6,A,16,6,58.367578043999856,16,8221,8221,0
A_N16_r6,A,16,6,58.56791327799965,16,8251,8251,0
A_N16_r6,A,16,6,58.770138947000305,16,8280,8280,0
A_N16_r6,A,16,6,58.97139509800036,16,8306,8306,0
A_N16_r6,A,16,6,59.17458683000041,16,8336,8336,0
A_N16_r6,A,16,6,59.377189157999965,16,8365,8365,0
A_N16_r6,A,16,6,59.57820501199967,16,8394,8394,0
A_N16_r6,A,16,6,59.78051400999993,16,8424,8424,0
A_N16_r6,A,16,6,59.98138540000036,16,8452,8452,0
A_N16_r6,A,16,6,60.18192739099959,0,8471,8471,0
A_N16_r7,A,16,7,0.006203568000273663,0,0,0,0
A_N16_r7,A,16,7,0.2097609279999233,16,18,18,0
A_N16_r7,A,16,7,0.4106923019999158,16,46,46,0
A_N16_r7,A,16,7,0.612349672000164,16,77,77,0
A_N16_r7,A,16,7,0.8152224980003666,16,104,104,0
A_N16_r7,A,16,7,1.0159961220006153,16,134,134,0
A_N16_r7,A,16,7,1.2190293140001813,16,160,160,0
A_N16_r7,A,16,7,1.422166355000627,16,190,190,0
A_N16_r7,A,16,7,1.6245081810002375,16,217,217,0
A_N16_r7,A,16,7,1.8272319739999148,16,246,246,0
A_N16_r7,A,16,7,2.0285959650000223,16,276,276,0
A_N16_r7,A,16,7,2.229128429999946,16,306,306,0
A_N16_r7,A,16,7,2.432949697999902,16,334,334,0
A_N16_r7,A,16,7,2.6342258929998934,16,363,363,0
A_N16_r7,A,16,7,2.835470126000473,16,391,391,0
A_N16_r7,A,16,7,3.03907212500053,16,420,420,0
A_N16_r7,A,16,7,3.2401719340005,16,449,449,0
A_N16_r7,A,16,7,3.4411817720001636,16,476,476,0
A_N16_r7,A,16,7,3.6452881040004286,16,506,506,0
A_N16_r7,A,16,7,3.8482672770005593,16,534,534,0
A_N16_r7,A,16,7,4.050841938999838,16,566,566,0
A_N16_r7,A,16,7,4.251786432000699,16,594,594,0
A_N16_r7,A,16,7,4.452276460000576,16,621,621,0
A_N16_r7,A,16,7,4.655721262000043,16,650,650,0
A_N16_r7,A,16,7,4.856957914000304,16,677,677,0
A_N16_r7,A,16,7,5.057726062000256,16,706,706,0
A_N16_r7,A,16,7,5.259399718000168,16,736,736,0
A_N16_r7,A,16,7,5.460992970000007,16,764,764,0
A_N16_r7,A,16,7,5.661560457000633,16,793,793,0
A_N16_r7,A,16,7,5.867223741000089,16,818,818,0
A_N16_r7,A,16,7,6.06948095900043,16,849,849,0
A_N16_r7,A,16,7,6.269834559000628,16,876,876,0
A_N16_r7,A,16,7,6.470901259000129,16,906,906,0
A_N16_r7,A,16,7,6.672844931999862,16,935,935,0
A_N16_r7,A,16,7,6.8771555769999395,16,963,963,0
A_N16_r7,A,16,7,7.079115219000414,16,991,991,0
A_N16_r7,A,16,7,7.28037459799998,16,1021,1021,0
A_N16_r7,A,16,7,7.481404328000281,16,1048,1048,0
A_N16_r7,A,16,7,7.685123387000203,16,1079,1079,0
A_N16_r7,A,16,7,7.887873178000518,16,1107,1107,0
A_N16_r7,A,16,7,8.08816745600052,16,1135,1135,0
A_N16_r7,A,16,7,8.291339272000187,16,1163,1163,0
A_N16_r7,A,16,7,8.49762345199997,16,1192,1192,0
A_N16_r7,A,16,7,8.702713626999866,16,1222,1222,0
A_N16_r7,A,16,7,8.905418783000641,16,1252,1252,0
A_N16_r7,A,16,7,9.120260432000578,16,1272,1272,0
A_N16_r7,A,16,7,9.321437806000176,16,1304,1304,0
A_N16_r7,A,16,7,9.524442595000437,16,1333,1333,0
A_N16_r7,A,16,7,9.725308946000041,16,1362,1362,0
A_N16_r7,A,16,7,9.930297138000242,16,1391,1391,0
A_N16_r7,A,16,7,10.133541594000235,16,1419,1419,0
A_N16_r7,A,16,7,10.337099219000265,16,1444,1444,0
A_N16_r7,A,16,7,10.538712886000212,16,1472,1472,0
A_N16_r7,A,16,7,10.740687172000435,16,1498,1498,0
A_N16_r7,A,16,7,10.94252789300026,16,1526,1526,0
A_N16_r7,A,16,7,11.143889439999839,16,1551,1551,0
A_N16_r7,A,16,7,11.345307876000334,16,1583,1583,0
A_N16_r7,A,16,7,11.54707446700013,16,1610,1610,0
A_N16_r7,A,16,7,11.74801435200061,16,1637,1637,0
A_N16_r7,A,16,7,11.948598578000201,16,1666,1666,0
A_N16_r7,A,16,7,12.15085979200012,16,1691,1691,0
A_N16_r7,A,16,7,12.352033773000585,16,1722,1722,0
A_N16_r7,A,16,7,12.553484303000005,16,1746,1746,0
A_N16_r7,A,16,7,12.753668347000712,16,1777,1777,0
A_N16_r7,A,16,7,12.956497134000529,16,1806,1806,0
A_N16_r7,A,16,7,13.158506540000417,16,1834,1834,0
A_N16_r7,A,16,7,13.36171486100011,16,1863,1863,0
A_N16_r7,A,16,7,13.562852445000317,16,1889,1889,0
A_N16_r7,A,16,7,13.763906950000091,16,1918,1918,0
A_N16_r7,A,16,7,13.967480248000356,16,1947,1947,0
A_N16_r7,A,16,7,14.168462956999974,16,1975,1975,0
A_N16_r7,A,16,7,14.370036633000382,16,2003,2003,0
A_N16_r7,A,16,7,14.570746362000136,16,2030,2030,0
A_N16_r7,A,16,7,14.772555107000699,16,2057,2057,0
A_N16_r7,A,16,7,14.974068679000084,16,2082,2082,0
A_N16_r7,A,16,7,15.17784569700052,16,2112,2112,0
A_N16_r7,A,16,7,15.37931853200007,16,2140,2140,0
A_N16_r7,A,16,7,15.580396684999869,16,2169,2169,0
A_N16_r7,A,16,7,15.783561617000487,16,2196,2196,0
A_N16_r7,A,16,7,15.984256679000282,16,2225,2225,0
A_N16_r7,A,16,7,16.186212837000312,16,2253,2253,0
A_N16_r7,A,16,7,16.38737498000046,16,2281,2281,0
A_N16_r7,A,16,7,16.58933106800032,16,2309,2309,0
A_N16_r7,A,16,7,16.790444730000672,16,2340,2340,0
A_N16_r7,A,16,7,16.99088199200014,16,2368,2368,0
A_N16_r7,A,16,7,17.19214069100053,16,2394,2394,0
A_N16_r7,A,16,7,17.394535055000233,16,2423,2423,0
A_N16_r7,A,16,7,17.594978430000083,16,2447,2447,0
A_N16_r7,A,16,7,17.796592117000728,16,2477,2477,0
A_N16_r7,A,16,7,17.99841199599996,16,2502,2502,0
A_N16_r7,A,16,7,18.199344143000417,16,2530,2530,0
A_N16_r7,A,16,7,18.40229047200046,16,2559,2559,0
A_N16_r7,A,16,7,18.603020594000554,16,2586,2586,0
A_N16_r7,A,16,7,18.80395131000023,16,2616,2616,0
A_N16_r7,A,16,7,19.00508530300067,16,2641,2641,0
A_N16_r7,A,16,7,19.20575939900027,16,2669,2669,0
A_N16_r7,A,16,7,19.408127346000583,16,2697,2697,0
A_N16_r7,A,16,7,19.609076878999986,16,2728,2728,0
A_N16_r7,A,16,7,19.81037768100032,16,2752,2752,0
A_N16_r7,A,16,7,20.01156904400068,16,2779,2779,0
A_N16_r7,A,16,7,20.21253790300034,16,2808,2808,0
A_N16_r7,A,16,7,20.412755201000437,16,2832,2832,0
A_N16_r7,A,16,7,20.61404778799988,16,2859,2859,0
A_N16_r7,A,16,7,20.815353321000657,16,2890,2890,0
A_N16_r7,A,16,7,21.016346647999853,16,2921,2921,0
A_N16_r7,A,16,7,21.217548923999857,16,2947,2947,0
A_N16_r7,A,16,7,21.417955844000062,16,2976,2976,0
A_N16_r7,A,16,7,21.62111800799994,16,3003,3003,0
A_N16_r7,A,16,7,21.82211973199992,16,3031,3031,0
A_N16_r7,A,16,7,22.0244206440002,16,3058,3058,0
A_N16_r7,A,16,7,22.225673938,16,3085,3085,0
A_N16_r7,A,16,7,22.426230344000032,16,3114,3114,0
A_N16_r7,A,16,7,22.62987152200003,16,3142,3142,0
A_N16_r7,A,16,7,22.83166217300004,16,3169,3169,0
A_N16_r7,A,16,7,23.03308659400045,16,3197,3197,0
A_N16_r7,A,16,7,23.23386280900013,16,3223,3223,0
A_N16_r7,A,16,7,23.436942188000103,16,3253,3253,0
A_N16_r7,A,16,7,23.6377293860005,16,3279,3279,0
A_N16_r7,A,16,7,23.84036141100023,16,3309,3309,0
A_N16_r7,A,16,7,24.04199249800058,16,3334,3334,0
A_N16_r7,A,16,7,24.24421009300022,16,3361,3361,0
A_N16_r7,A,16,7,24.444754820000526,16,3391,3391,0
A_N16_r7,A,16,7,24.64785846599989,16,3421,3421,0
A_N16_r7,A,16,7,24.849490616000367,16,3449,3449,0
A_N16_r7,A,16,7,25.05003989099987,16,3475,3475,0
A_N16_r7,A,16,7,25.25264160000006,16,3504,3504,0
A_N16_r7,A,16,7,25.454488420000416,16,3533,3533,0
A_N16_r7,A,16,7,25.655606481000177,16,3559,3559,0
A_N16_r7,A,16,7,25.85662624500037,16,3587,3587,0
A_N16_r7,A,16,7,26.057885193999937,16,3614,3614,0
A_N16_r7,A,16,7,26.258505256000717,16,3641,3641,0
A_N16_r7,A,16,7,26.459570206000535,16,3668,3668,0
A_N16_r7,A,16,7,26.660145554000337,16,3693,3693,0
A_N16_r7,A,16,7,26.861953241000265,16,3723,3723,0
A_N16_r7,A,16,7,27.063414197000384,16,3753,3753,0
A_N16_r7,A,16,7,27.264815509000073,16,3780,3780,0
A_N16_r7,A,16,7,27.466421553000146,16,3808,3808,0
A_N16_r7,A,16,7,27.667760067000017,16,3836,3836,0
A_N16_r7,A,16,7,27.87027815000056,16,3864,3864,0
A_N16_r7,A,16,7,28.07145529599984,16,3893,3893,0
A_N16_r7,A,16,7,28.272562187999938,16,3921,3921,0
A_N16_r7,A,16,7,28.474557425000057,16,3949,3949,0
A_N16_r7,A,16,7,28.67573291900044,16,3974,3974,0
A_N16_r7,A,16,7,28.884605981000277,16,4004,4004,0
A_N16_r7,A,16,7,29.085259059000236,16,4031,4031,0
A_N16_r7,A,16,7,29.287809365000612,16,4061,4061,0
A_N16_r7,A,16,7,29.488913724000668,16,4089,4089,0
A_N16_r7,A,16,7,29.692261652000525,16,4116,4116,0
A_N16_r7,A,16,7,29.892865327000436,16,4144,4144,0
A_N16_r7,A,16,7,30.093211420000443,16,4170,4170,0
A_N16_r7,A,16,7,30.29390794200026,16,4200,4200,0
A_N16_r7,A,16,7,30.494614955000543,16,4228,4228,0
A_N16_r7,A,16,7,30.695930499000497,16,4257,4257,0
A_N16_r7,A,16,7,30.896483659000296,16,4281,4281,0
A_N16_r7,A,16,7,31.097672801000044,16,4308,4308,0
A_N16_r7,A,16,7,31.302234845000385,16,4339,4339,0
A_N16_r7,A,16,7,31.503426223000133,16,4368,4368,0
A_N16_r7,A,16,7,31.70409736900001,16,4395,4395,0
A_N16_r7,A,16,7,31.905828275000204,16,4424,4424,0
A_N16_r7,A,16,7,32.107790854000086,16,4450,4450,0
A_N16_r7,A,16,7,32.3082997700003,16,4479,4479,0
A_N16_r7,A,16,7,32.5093795570001,16,4507,4507,0
A_N16_r7,A,16,7,32.71573901100055,16,4535,4535,0
A_N16_r7,A,16,7,32.91643685899999,16,4563,4563,0
A_N16_r7,A,16,7,33.11781959200016,16,4590,4590,0
A_N16_r7,A,16,7,33.319578724000166,16,4618,4618,0
A_N16_r7,A,16,7,33.52212277400031,16,4649,4649,0
A_N16_r7,A,16,7,33.728495093000674,16,4676,4676,0
A_N16_r7,A,16,7,33.92895792499985,16,4705,4705,0
A_N16_r7,A,16,7,34.12966500099992,16,4732,4732,0
A_N16_r7,A,16,7,34.3321739740004,16,4762,4762,0
A_N16_r7,A,16,7,34.53316301999985,16,4789,4789,0
A_N16_r7,A,16,7,34.7370000460005,16,4814,4814,0
A_N16_r7,A,16,7,34.9398457719999,16,4843,4843,0
A_N16_r7,A,16,7,35.14130424199993,16,4873,4873,0
A_N16_r7,A,16,7,35.3433815340004,16,4899,4899,0
A_N16_r7,A,16,7,35.54627324900048,16,4928,4928,0
A_N16_r7,A,16,7,35.74733367099998,16,4956,4956,0
A_N16_r7,A,16,7,35.94872202900024,16,4984,4984,0
A_N16_r7,A,16,7,36.15594628600047,16,5014,5014,0
A_N16_r7,A,16,7,36.3582742360004,16,5039,5039,0
A_N16_r7,A,16,7,36.55999667300057,16,5066,5066,0
A_N16_r7,A,16,7,36.7610379000007,16,5094,5094,0
A_N16_r7,A,16,7,36.96211715000027,16,5120,5120,0
A_N16_r7,A,16,7,37.16279418300019,16,5149,5149,0
A_N16_r7,A,16,7,37.36426231400037,16,5177,5177,0
A_N16_r7,A,16,7,37.566956435000066,16,5205,5205,0
A_N16_r7,A,16,7,37.76793685800021,16,5233,5233,0
A_N16_r7,A,16,7,37.96936818999984,16,5258,5258,0
A_N16_r7,A,16,7,38.169858007000585,16,5288,5288,0
A_N16_r7,A,16,7,38.372158527000465,16,5318,5318,0
A_N16_r7,A,16,7,38.5738961750003,16,5346,5346,0
A_N16_r7,A,16,7,38.7749955750005,16,5375,5375,0
A_N16_r7,A,16,7,38.975490653000634,16,5399,5399,0
A_N16_r7,A,16,7,39.17682108500048,16,5420,5420,0
A_N16_r7,A,16,7,39.37724485800027,16,5450,5450,0
A_N16_r7,A,16,7,39.58015191699997,16,5477,5477,0
A_N16_r7,A,16,7,39.78088478900008,16,5508,5508,0
A_N16_r7,A,16,7,39.9829126020004,16,5535,5535,0
A_N16_r7,A,16,7,40.1848045050001,16,5563,5563,0
A_N16_r7,A,16,7,40.38943833700068,16,5590,5590,0
A_N16_r7,A,16,7,40.59005851600068,16,5621,5621,0
A_N16_r7,A,16,7,40.79243424300057,16,5648,5648,0
A_N16_r7,A,16,7,40.99286326699985,16,5672,5672,0
A_N16_r7,A,16,7,41.19443690400021,16,5704,5704,0
A_N16_r7,A,16,7,41.39672835100009,16,5730,5730,0
A_N16_r7,A,16,7,41.59872465599983,16,5758,5758,0
A_N16_r7,A,16,7,41.80093072999989,16,5787,5787,0
A_N16_r7,A,16,7,42.00452908900024,16,5816,5816,0
A_N16_r7,A,16,7,42.20681425500061,16,5843,5843,0
A_N16_r7,A,16,7,42.40760547199989,16,5872,5872,0
A_N16_r7,A,16,7,42.6090813740002,16,5898,5898,0
A_N16_r7,A,16,7,42.8103668950007,16,5927,5927,0
A_N16_r7,A,16,7,43.0116898160004,16,5954,5954,0
A_N16_r7,A,16,7,43.21416479400068,16,5985,5985,0
A_N16_r7,A,16,7,43.41473800699987,16,6008,6008,0
A_N16_r7,A,16,7,43.61833092800043,16,6039,6039,0
A_N16_r7,A,16,7,43.81862989799993,16,6064,6064,0
A_N16_r7,A,16,7,44.025171803000376,16,6095,6095,0
A_N16_r7,A,16,7,44.226270949000536,16,6124,6124,0
A_N16_r7,A,16,7,44.4302402379999,16,6151,6151,0
A_N16_r7,A,16,7,44.63299336900036,16,6178,6178,0
A_N16_r7,A,16,7,44.834109168000396,16,6208,6208,0
A_N16_r7,A,16,7,45.03893077400062,16,6235,6235,0
A_N16_r7,A,16,7,45.239939437999965,16,6266,6266,0
A_N16_r7,A,16,7,45.44269111799986,16,6295,6295,0
A_N16_r7,A,16,7,45.64532327899997,16,6322,6322,0
A_N16_r7,A,16,7,45.8462900049999,16,6349,6349,0
A_N16_r7,A,16,7,46.05027878300007,16,6379,6379,0
A_N16_r7,A,16,7,46.2555444160007,16,6407,6407,0
A_N16_r7,A,16,7,46.45740570900034,16,6434,6434,0
A_N16_r7,A,16,7,46.6582851990006,16,6463,6463,0
A_N16_r7,A,16,7,46.85976380200009,16,6489,6489,0
A_N16_r7,A,16,7,47.060226648000025,16,6517,6517,0
A_N16_r7,A,16,7,47.26231079599984,16,6547,6547,0
A_N16_r7,A,16,7,47.46485859800032,16,6575,6575,0
A_N16_r7,A,16,7,47.66676450700015,16,6603,6603,0
A_N16_r7,A,16,7,47.870053433000066,16,6626,6626,0
A_N16_r7,A,16,7,48.071565010000086,16,6657,6657,0
A_N16_r7,A,16,7,48.27298849900035,16,6681,6681,0
A_N16_r7,A,16,7,48.47627066299992,16,6709,6709,0
A_N16_r7,A,16,7,48.677788464000514,16,6736,6736,0
A_N16_r7,A,16,7,48.878797052000664,16,6767,6767,0
A_N16_r7,A,16,7,49.07945745699999,16,6796,6796,0
A_N16_r7,A,16,7,49.28012303200012,16,6823,6823,0
A_N16_r7,A,16,7,49.48144128200056,16,6852,6852,0
A_N16_r7,A,16,7,49.68269507900004,16,6878,6878,0
A_N16_r7,A,16,7,49.88481873599994,16,6909,6909,0
A_N16_r7,A,16,7,50.08763170700058,16,6938,6938,0
A_N16_r7,A,16,7,50.29031506000047,16,6965,6965,0
A_N16_r7,A,16,7,50.49143753899989,16,6994,6994,0
A_N16_r7,A,16,7,50.69341661999988,16,7022,7022,0
A_N16_r7,A,16,7,50.89426920400001,16,7047,7047,0
A_N16_r7,A,16,7,51.09523260900005,16,7077,7077,0
A_N16_r7,A,16,7,51.297829639000156,16,7105,7105,0
A_N16_r7,A,16,7,51.499728599000264,16,7133,7133,0
A_N16_r7,A,16,7,51.70033185800003,16,7160,7160,0
A_N16_r7,A,16,7,51.901044426000226,16,7190,7190,0
A_N16_r7,A,16,7,52.10234783099986,16,7216,7216,0
A_N16_r7,A,16,7,52.30336720300056,16,7245,7245,0
A_N16_r7,A,16,7,52.503663939000035,16,7274,7274,0
A_N16_r7,A,16,7,52.70437468599994,16,7302,7302,0
A_N16_r7,A,16,7,52.905188878000445,16,7330,7330,0
A_N16_r7,A,16,7,53.1056037190001,16,7347,7347,0
A_N16_r7,A,16,7,53.30991713500043,16,7381,7381,0
A_N16_r7,A,16,7,53.51086406200011,16,7409,7409,0
A_N16_r7,A,16,7,53.71313914100028,16,7437,7437,0
A_N16_r7,A,16,7,53.91445333899992,16,7468,7468,0
A_N16_r7,A,16,7,54.11501269600012,16,7497,7497,0
A_N16_r7,A,16,7,54.315672495999934,16,7525,7525,0
A_N16_r7,A,16,7,54.51779998500024,16,7552,7552,0
A_N16_r7,A,16,7,54.718140566999864,16,7580,7580,0
A_N16_r7,A,16,7,54.919502726000246,16,7609,7609,0
A_N16_r7,A,16,7,55.12205224100035,16,7637,7637,0
A_N16_r7,A,16,7,55.32259225300004,16,7666,7666,0
A_N16_r7,A,16,7,55.523204995000015,16,7690,7690,0
A_N16_r7,A,16,7,55.72403246600061,16,7719,7719,0
A_N16_r7,A,16,7,55.9254986750002,16,7747,7747,0
A_N16_r7,A,16,7,56.127678655000636,16,7773,7773,0
A_N16_r7,A,16,7,56.329251519000536,16,7804,7804,0
A_N16_r7,A,16,7,56.5343609370002,16,7829,7829,0
A_N16_r7,A,16,7,56.735603390000506,16,7859,7859,0
A_N16_r7,A,16,7,56.94050732699998,16,7888,7888,0
A_N16_r7,A,16,7,57.1411917559999,16,7916,7916,0
A_N16_r7,A,16,7,57.343472610999925,16,7941,7941,0
A_N16_r7,A,16,7,57.54418881200036,16,7972,7972,0
A_N16_r7,A,16,7,57.745132236000245,16,8000,8000,0
A_N16_r7,A,16,7,57.94822281600045,16,8027,8027,0
A_N16_r7,A,16,7,58.149697924000066,16,8058,8058,0
A_N16_r7,A,16,7,58.35210624299998,16,8086,8086,0
A_N16_r7,A,16,7,58.554780700000265,16,8114,8114,0
A_N16_r7,A,16,7,58.75806065100005,16,8140,8140,0
A_N16_r7,A,16,7,58.959294279999995,16,8172,8172,0
A_N16_r7,A,16,7,59.160696730999916,16,8199,8199,0
A_N16_r7,A,16,7,59.361996266999995,16,8227,8227,0
A_N16_r7,A,16,7,59.563206773000275,16,8257,8257,0
A_N16_r7,A,16,7,59.76982814800067,16,8288,8288,0
A_N16_r7,A,16,7,59.970584508000684,16,8316,8316,0
A_N16_r7,A,16,7,60.17146368200065,0,8335,8335,0
A_N16_r8,A,16,8,0.006228367000403523,0,0,0,0
A_N16_r8,A,16,8,0.20718284600025072,16,16,16,0
A_N16_r8,A,16,8,0.40815929700056586,16,46,46,0
A_N16_r8,A,16,8,0.6093832500000644,16,76,76,0
A_N16_r8,A,16,8,0.8114819110005556,16,101,101,0
A_N16_r8,A,16,8,1.0119522280001547,16,128,128,0
A_N16_r8,A,16,8,1.2155079490003118,16,157,157,0
A_N16_r8,A,16,8,1.4173554520002654,16,186,186,0
A_N16_r8,A,16,8,1.6178695920007158,16,214,214,0
A_N16_r8,A,16,8,1.8182807060002233,16,241,241,0
A_N16_r8,A,16,8,2.0188707430006616,16,267,267,0
A_N16_r8,A,16,8,2.219362612000623,16,295,295,0
A_N16_r8,A,16,8,2.420928890000141,16,320,320,0
A_N16_r8,A,16,8,2.621934779000185,16,350,350,0
A_N16_r8,A,16,8,2.8224187330006316,16,381,381,0
A_N16_r8,A,16,8,3.0235111380006856,16,407,407,0
A_N16_r8,A,16,8,3.2252985190007166,16,437,437,0
A_N16_r8,A,16,8,3.4276053100002173,16,461,461,0
A_N16_r8,A,16,8,3.629616067000825,16,488,488,0
A_N16_r8,A,16,8,3.8303964470005667,16,521,521,0
A_N16_r8,A,16,8,4.035385595000662,16,548,548,0
A_N16_r8,A,16,8,4.23573738900086,16,575,575,0
A_N16_r8,A,16,8,4.438937235000594,16,604,604,0
A_N16_r8,A,16,8,4.639509489000375,16,632,632,0
A_N16_r8,A,16,8,4.84402855100052,16,661,661,0
A_N16_r8,A,16,8,5.046838724000736,16,690,690,0
A_N16_r8,A,16,8,5.24874815000021,16,714,714,0
A_N16_r8,A,16,8,5.4497826370006806,16,746,746,0
A_N16_r8,A,16,8,5.653001399000459,16,773,773,0
A_N16_r8,A,16,8,5.853723040000659,16,800,800,0
A_N16_r8,A,16,8,6.0557987640004285,16,828,828,0
A_N16_r8,A,16,8,6.256167633000587,16,851,851,0
A_N16_r8,A,16,8,6.459197456000766,16,886,886,0
A_N16_r8,A,16,8,6.661358553000355,16,913,913,0
A_N16_r8,A,16,8,6.861856719000571,16,942,942,0
A_N16_r8,A,16,8,7.062818299000355,16,971,971,0
A_N16_r8,A,16,8,7.2634383580007125,16,997,997,0
A_N16_r8,A,16,8,7.465545573000782,16,1025,1025,0
A_N16_r8,A,16,8,7.669437492000725,16,1053,1053,0
A_N16_r8,A,16,8,7.871486005000406,16,1081,1081,0
A_N16_r8,A,16,8,8.073662003000209,16,1107,1107,0
A_N16_r8,A,16,8,8.317822307000824,16,1133,1133,0
A_N16_r8,A,16,8,8.518142526000702,16,1167,1167,0
A_N16_r8,A,16,8,8.719450217000485,16,1197,1197,0
A_N16_r8,A,16,8,8.921255989000201,16,1223,1223,0
A_N16_r8,A,16,8,9.123612942000364,16,1252,1252,0
A_N16_r8,A,16,8,9.32618247100072,16,1282,1282,0
A_N16_r8,A,16,8,9.527469965000819,16,1309,1309,0
A_N16_r8,A,16,8,9.728696403000868,16,1339,1339,0
A_N16_r8,A,16,8,9.931326408000132,16,1365,1365,0
A_N16_r8,A,16,8,10.134550116000355,16,1391,1391,0
A_N16_r8,A,16,8,10.336554949000856,16,1416,1416,0
A_N16_r8,A,16,8,10.537164972000028,16,1448,1448,0
A_N16_r8,A,16,8,10.737888060000842,16,1475,1475,0
A_N16_r8,A,16,8,10.9390341670005,16,1501,1501,0
A_N16_r8,A,16,8,11.139739222000571,16,1532,1532,0
A_N16_r8,A,16,8,11.341683491000367,16,1560,1560,0
A_N16_r8,A,16,8,11.543009010000787,16,1589,1589,0
A_N16_r8,A,16,8,11.74388887800069,16,1615,1615,0
A_N16_r8,A,16,8,11.945685837000383,16,1643,1643,0
A_N16_r8,A,16,8,12.146505412000806,16,1671,1671,0
A_N16_r8,A,16,8,12.346698782000203,16,1698,1698,0
A_N16_r8,A,16,8,12.554978484000458,16,1728,1728,0
A_N16_r8,A,16,8,12.756508003000818,16,1755,1755,0
A_N16_r8,A,16,8,12.958683154000028,16,1781,1781,0
A_N16_r8,A,16,8,13.160206061000281,16,1811,1811,0
A_N16_r8,A,16,8,13.361146648000613,16,1837,1837,0
A_N16_r8,A,16,8,13.561788815,16,1864,1864,0
A_N16_r8,A,16,8,13.764684961000057,16,1892,1892,0
A_N16_r8,A,16,8,13.96537465000074,16,1919,1919,0
A_N16_r8,A,16,8,14.166176213000654,16,1950,1950,0
A_N16_r8,A,16,8,14.36992935500075,16,1980,1980,0
A_N16_r8,A,16,8,14.571795207000832,16,2008,2008,0
A_N16_r8,A,16,8,14.772136562000014,16,2036,2036,0
A_N16_r8,A,16,8,14.976305097000477,16,2064,2064,0
A_N16_r8,A,16,8,15.17960404400037,16,2092,2092,0
A_N16_r8,A,16,8,15.383036925000852,16,2120,2120,0
A_N16_r8,A,16,8,15.584226449000198,16,2149,2149,0
A_N16_r8,A,16,8,15.785040587000367,16,2178,2178,0
A_N16_r8,A,16,8,15.986341393000657,16,2206,2206,0
A_N16_r8,A,16,8,16.191484789000242,16,2236,2236,0
A_N16_r8,A,16,8,16.392608728000596,16,2264,2264,0
A_N16_r8,A,16,8,16.593918090999978,16,2293,2293,0
A_N16_r8,A,16,8,16.796440107000308,16,2324,2324,0
A_N16_r8,A,16,8,16.996977049000634,16,2349,2349,0
A_N16_r8,A,16,8,17.198098715000015,16,2378,2378,0
A_N16_r8,A,16,8,17.39834247700037,16,2408,2408,0
A_N16_r8,A,16,8,17.600419164000414,16,2436,2436,0
A_N16_r8,A,16,8,17.801571369000158,16,2466,2466,0
A_N16_r8,A,16,8,18.00248676299998,16,2493,2493,0
A_N16_r8,A,16,8,18.20547421900028,16,2522,2522,0
A_N16_r8,A,16,8,18.408457526000348,16,2550,2550,0
A_N16_r8,A,16,8,18.61091357800069,16,2578,2578,0
A_N16_r8,A,16,8,18.812595916000646,16,2608,2608,0
A_N16_r8,A,16,8,19.01406175000011,16,2636,2636,0
A_N16_r8,A,16,8,19.21562429900041,16,2666,2666,0
A_N16_r8,A,16,8,19.415991639000822,16,2695,2695,0
A_N16_r8,A,16,8,19.619509828000446,16,2724,2724,0
A_N16_r8,A,16,8,19.82252252300077,16,2753,2753,0
A_N16_r8,A,16,8,20.023505879000368,16,2781,2781,0
A_N16_r8,A,16,8,20.22503294100079,16,2812,2812,0
A_N16_r8,A,16,8,20.42600741000024,16,2840,2840,0
A_N16_r8,A,16,8,20.628242283000873,16,2866,2866,0
A_N16_r8,A,16,8,20.829490294000607,16,2894,2894,0
A_N16_r8,A,16,8,21.030690804000187,16,2922,2922,0
A_N16_r8,A,16,8,21.23329664600078,16,2953,2953,0
A_N16_r8,A,16,8,21.435300579000796,16,2979,2979,0
A_N16_r8,A,16,8,21.6363387600004,16,3009,3009,0
A_N16_r8,A,16,8,21.836726852000538,16,3036,3036,0
A_N16_r8,A,16,8,22.038594646000092,16,3065,3065,0
A_N16_r8,A,16,8,22.239490507000482,16,3096,3096,0
A_N16_r8,A,16,8,22.439930639000522,16,3123,3123,0
A_N16_r8,A,16,8,22.640431386000273,16,3153,3153,0
A_N16_r8,A,16,8,22.842722970000068,16,3180,3180,0
A_N16_r8,A,16,8,23.04318031600087,16,3209,3209,0
A_N16_r8,A,16,8,23.244589466000434,16,3238,3238,0
A_N16_r8,A,16,8,23.4451423240007,16,3265,3265,0
A_N16_r8,A,16,8,23.647638478000772,16,3294,3294,0
A_N16_r8,A,16,8,23.850591203000477,16,3323,3323,0
A_N16_r8,A,16,8,24.051858535000065,16,3353,3353,0
A_N16_r8,A,16,8,24.25540700700003,16,3380,3380,0
A_N16_r8,A,16,8,24.45600502200068,16,3408,3408,0
A_N16_r8,A,16,8,24.656999243000428,16,3438,3438,0
A_N16_r8,A,16,8,24.858253600000353,16,3467,3467,0
A_N16_r8,A,16,8,25.058701900000415,16,3493,3493,0
A_N16_r8,A,16,8,25.260483834000297,16,3522,3522,0
A_N16_r8,A,16,8,25.46192902600069,16,3550,3550,0
A_N16_r8,A,16,8,25.663095677000456,16,3577,3577,0
A_N16_r8,A,16,8,25.8674876390005,16,3607,3607,0
A_N16_r8,A,16,8,26.068578045000322,16,3637,3637,0
A_N16_r8,A,16,8,26.269253239000136,16,3665,3665,0
A_N16_r8,A,16,8,26.470149235000463,16,3694,3694,0
A_N16_r8,A,16,8,26.671543200000087,16,3720,3720,0
A_N16_r8,A,16,8,26.872345146000043,16,3750,3750,0
A_N16_r8,A,16,8,27.08073866200084,16,3777,3777,0
A_N16_r8,A,16,8,27.282056904000456,16,3810,3810,0
A_N16_r8,A,16,8,27.488815942000656,16,3836,3836,0
A_N16_r8,A,16,8,27.691143649000878,16,3865,3865,0
A_N16_r8,A,16,8,27.892800337000153,16,3895,3895,0
A_N16_r8,A,16,8,28.094122728000002,16,3922,3922,0
A_N16_r8,A,16,8,28.295547193000857,16,3951,3951,0
A_N16_r8,A,16,8,28.49749417500061,16,3979,3979,0
A_N16_r8,A,16,8,28.69873210500009,16,4006,4006,0
A_N16_r8,A,16,8,28.90347272500003,16,4035,4035,0
A_N16_r8,A,16,8,29.10453335800048,16,4065,4065,0
A_N16_r8,A,16,8,29.30585506800071,16,4092,4092,0
A_N16_r8,A,16,8,29.51224288100002,16,4123,4123,0
A_N16_r8,A,16,8,29.713006908000352,16,4151,4151,0
A_N16_r8,A,16,8,29.913717393000297,16,4181,4181,0
A_N16_r8,A,16,8,30.114946327000325,16,4209,4209,0
A_N16_r8,A,16,8,30.31711182900017,16,4236,4236,0
A_N16_r8,A,16,8,30.518236744000205,16,4265,4265,0
A_N16_r8,A,16,8,30.72017979100019,16,4294,4294,0
A_N16_r8,A,16,8,30.92190644600032,16,4321,4321,0
A_N16_r8,A,16,8,31.123381470000822,16,4352,4352,0
A_N16_r8,A,16,8,31.324625305000154,16,4377,4377,0
A_N16_r8,A,16,8,31.52578033900045,16,4407,4407,0
A_N16_r8,A,16,8,31.7274696530003,16,4436,4436,0
A_N16_r8,A,16,8,31.928848816000027,16,4466,4466,0
A_N16_r8,A,16,8,32.13084202000027,16,4495,4495,0
A_N16_r8,A,16,8,32.33338157700018,16,4525,4525,0
A_N16_r8,A,16,8,32.53400069000054,16,4552,4552,0
A_N16_r8,A,16,8,32.736120385000504,16,4582,4582,0
A_N16_r8,A,16,8,32.936750982000376,16,4608,4608,0
A_N16_r8,A,16,8,33.137269985000785,16,4639,4639,0
A_N16_r8,A,16,8,33.33830285900058,16,4668,4668,0
A_N16_r8,A,16,8,33.54077390600014,16,4696,4696,0
A_N16_r8,A,16,8,33.74345541399998,16,4725,4725,0
A_N16_r8,A,16,8,33.947523257000285,16,4754,4754,0
A_N16_r8,A,16,8,34.14944568900046,16,4781,4781,0
A_N16_r8,A,16,8,34.35093223900003,16,4811,4811,0
A_N16_r8,A,16,8,34.552545951000866,16,4836,4836,0
A_N16_r8,A,16,8,34.754612668000846,16,4868,4868,0
A_N16_r8,A,16,8,34.96004044500023,16,4898,4898,0
A_N16_r8,A,16,8,35.16324085500037,16,4924,4924,0
A_N16_r8,A,16,8,35.36401314400064,16,4953,4953,0
A_N16_r8,A,16,8,35.567122681,16,4983,4983,0
A_N16_r8,A,16,8,35.77586199400048,16,5012,5012,0
A_N16_r8,A,16,8,35.97820516000047,16,5043,5043,0
A_N16_r8,A,16,8,36.17928492600004,16,5072,5072,0
A_N16_r8,A,16,8,36.381131876000836,16,5102,5102,0
A_N16_r8,A,16,8,36.582269963000726,16,5131,5131,0
A_N16_r8,A,16,8,36.78430061400013,16,5158,5158,0
A_N16_r8,A,16,8,36.98558840700025,16,5186,5186,0
A_N16_r8,A,16,8,37.18821180900068,16,5214,5214,0
A_N16_r8,A,16,8,37.44212167600017,16,5242,5242,0
A_N16_r8,A,16,8,37.64433839200046,16,5274,5274,0
A_N16_r8,A,16,8,37.84724896100033,16,5304,5304,0
A_N16_r8,A,16,8,38.04934889500055,16,5335,5335,0
A_N16_r8,A,16,8,38.2495930390005,16,5363,5363,0
A_N16_r8,A,16,8,38.450814067000465,16,5390,5390,0
A_N16_r8,A,16,8,38.652036307000344,16,5419,5419,0
A_N16_r8,A,16,8,38.8527276750001,16,5449,5449,0
A_N16_r8,A,16,8,39.05419243900087,16,5478,5478,0
A_N16_r8,A,16,8,39.25455676399997,16,5506,5506,0
A_N16_r8,A,16,8,39.45783298200058,16,5534,5534,0
A_N16_r8,A,16,8,39.65914183800032,16,5563,5563,0
A_N16_r8,A,16,8,39.85999169000024,16,5592,5592,0
A_N16_r8,A,16,8,40.06114526100009,16,5620,5620,0
A_N16_r8,A,16,8,40.263477621000675,16,5648,5648,0
A_N16_r8,A,16,8,40.46731717500006,16,5677,5677,0
A_N16_r8,A,16,8,40.670047804000205,16,5706,5706,0
A_N16_r8,A,16,8,40.87123476800025,16,5735,5735,0
A_N16_r8,A,16,8,41.07406334500047,16,5761,5761,0
A_N16_r8,A,16,8,41.27591084100004,16,5789,5789,0
A_N16_r8,A,16,8,41.47771110700069,16,5816,5816,0
A_N16_r8,A,16,8,41.67847230100051,16,5845,5845,0
A_N16_r8,A,16,8,41.88157234600021,16,5876,5876,0
A_N16_r8,A,16,8,42.083514924000156,16,5902,5902,0
A_N16_r8,A,16,8,42.28610177000064,16,5930,5930,0
A_N16_r8,A,16,8,42.48766854200039,16,5957,5957,0
A_N16_r8,A,16,8,42.68808702300066,16,5987,5987,0
A_N16_r8,A,16,8,42.88857420600016,16,6015,6015,0
A_N16_r8,A,16,8,43.08968661200015,16,6043,6043,0
A_N16_r8,A,16,8,43.29042765900067,16,6070,6070,0
A_N16_r8,A,16,8,43.49211796700001,16,6100,6100,0
A_N16_r8,A,16,8,43.69428349200007,16,6129,6129,0
A_N16_r8,A,16,8,43.89559934600038,16,6158,6158,0
A_N16_r8,A,16,8,44.09689667500061,16,6184,6184,0
A_N16_r8,A,16,8,44.29951569500008,16,6213,6213,0
A_N16_r8,A,16,8,44.502053671000795,16,6242,6242,0
A_N16_r8,A,16,8,44.702302621000854,16,6271,6271,0
A_N16_r8,A,16,8,44.904040241000075,16,6298,6298,0
A_N16_r8,A,16,8,45.105557030000455,16,6326,6326,0
A_N16_r8,A,16,8,45.31154206100018,16,6355,6355,0
A_N16_r8,A,16,8,45.513062587000604,16,6383,6383,0
A_N16_r8,A,16,8,45.71410370900048,16,6411,6411,0
A_N16_r8,A,16,8,45.916057602000365,16,6437,6437,0
A_N16_r8,A,16,8,46.11736337000002,16,6467,6467,0
A_N16_r8,A,16,8,46.32132899000044,16,6497,6497,0
A_N16_r8,A,16,8,46.52450827100074,16,6527,6527,0
A_N16_r8,A,16,8,46.72559911799999,16,6555,6555,0
A_N16_r8,A,16,8,46.92815080300079,16,6583,6583,0
A_N16_r8,A,16,8,47.13147278700035,16,6613,6613,0
A_N16_r8,A,16,8,47.33262370000011,16,6642,6642,0
A_N16_r8,A,16,8,47.533940280000024,16,6671,6671,0
A_N16_r8,A,16,8,47.73649911800021,16,6698,6698,0
A_N16_r8,A,16,8,47.93692865600042,16,6725,6725,0
A_N16_r8,A,16,8,48.13818605300003,16,6753,6753,0
A_N16_r8,A,16,8,48.33987718800017,16,6782,6782,0
A_N16_r8,A,16,8,48.54349957600061,16,6809,6809,0
A_N16_r8,A,16,8,48.744480095000654,16,6839,6839,0
A_N16_r8,A,16,8,48.94784583400087,16,6867,6867,0
A_N16_r8,A,16,8,49.148759026000334,16,6896,6896,0
A_N16_r8,A,16,8,49.350228048000645,16,6924,6924,0
A_N16_r8,A,16,8,49.5516212550001,16,6954,6954,0
A_N16_r8,A,16,8,49.75250800700087,16,6982,6982,0
A_N16_r8,A,16,8,49.955437746000825,16,7011,7011,0
A_N16_r8,A,16,8,50.155707872000676,16,7040,7040,0
A_N16_r8,A,16,8,50.35953428100038,16,7071,7071,0
A_N16_r8,A,16,8,50.560783655000705,16,7099,7099,0
A_N16_r8,A,16,8,50.76310897100029,16,7128,7128,0
A_N16_r8,A,16,8,50.96486108500085,16,7157,7157,0
A_N16_r8,A,16,8,51.16552751800009,16,7185,7185,0
A_N16_r8,A,16,8,51.36593261300004,16,7213,7213,0
A_N16_r8,A,16,8,51.566230363000614,16,7243,7243,0
A_N16_r8,A,16,8,51.767393453000295,16,7271,7271,0
A_N16_r8,A,16,8,51.97151737200056,16,7301,7301,0
A_N16_r8,A,16,8,52.17327403500076,16,7328,7328,0
A_N16_r8,A,16,8,52.37421029400048,16,7357,7357,0
A_N16_r8,A,16,8,52.57586037400051,16,7386,7386,0
A_N16_r8,A,16,8,52.77785877900078,16,7414,7414,0
A_N16_r8,A,16,8,52.97959983400051,16,7441,7441,0
A_N16_r8,A,16,8,53.1816090300008,16,7470,7470,0
A_N16_r8,A,16,8,53.382436282000526,16,7501,7501,0
A_N16_r8,A,16,8,53.587521094000294,16,7530,7530,0
A_N16_r8,A,16,8,53.78944262300047,16,7557,7557,0
A_N16_r8,A,16,8,53.991663293000784,16,7587,7587,0
A_N16_r8,A,16,8,54.19193011800053,16,7616,7616,0
A_N16_r8,A,16,8,54.3940117230004,16,7646,7646,0
A_N16_r8,A,16,8,54.599221054000736,16,7675,7675,0
A_N16_r8,A,16,8,54.80068981000022,16,7704,7704,0
A_N16_r8,A,16,8,55.00428930200087,16,7732,7732,0
A_N16_r8,A,16,8,55.205471733000195,16,7761,7761,0
A_N16_r8,A,16,8,55.406220076000864,16,7790,7790,0
A_N16_r8,A,16,8,55.608787750000374,16,7818,7818,0
A_N16_r8,A,16,8,55.80949048600087,16,7847,7847,0
A_N16_r8,A,16,8,56.01077571500082,16,7875,7875,0
A_N16_r8,A,16,8,56.21147443400059,16,7902,7902,0
A_N16_r8,A,16,8,56.41284371300026,16,7931,7931,0
A_N16_r8,A,16,8,56.61381384000015,16,7960,7960,0
A_N16_r8,A,16,8,56.81579835299999,16,7987,7987,0
A_N16_r8,A,16,8,57.01679225600037,16,8017,8017,0
A_N16_r8,A,16,8,57.21763123400069,16,8044,8044,0
A_N16_r8,A,16,8,57.41861418700046,16,8074,8074,0
A_N16_r8,A,16,8,57.61985208600072,16,8105,8105,0
A_N16_r8,A,16,8,57.8202936760008,16,8134,8134,0
A_N16_r8,A,16,8,58.02077002400074,16,8162,8162,0
A_N16_r8,A,16,8,58.22219336800026,16,8190,8190,0
A_N16_r8,A,16,8,58.42408968400014,16,8219,8219,0
A_N16_r8,A,16,8,58.6247485290005,16,8247,8247,0
A_N16_r8,A,16,8,58.82704987800025,16,8276,8276,0
A_N16_r8,A,16,8,59.02821677400061,16,8306,8306,0
A_N16_r8,A,16,8,59.230134892000024,16,8333,8333,0
A_N16_r8,A,16,8,59.43140860100084,16,8360,8360,0
A_N16_r8,A,16,8,59.63485947300069,16,8393,8393,0
A_N16_r8,A,16,8,59.837009975,16,8420,8420,0
A_N16_r8,A,16,8,60.03806709200035,11,8449,8449,0
A_N16_r8,A,16,8,60.240107104000344,0,8460,8460,0
A_N16_r9,A,16,9,0.005991617999825394,0,0,0,0
A_N16_r9,A,16,9,0.20818740699996852,16,17,17,0
A_N16_r9,A,16,9,0.4086103359995832,16,44,44,0
A_N16_r9,A,16,9,0.6100921340002969,16,74,74,0
A_N16_r9,A,16,9,0.8111130830002367,16,103,103,0
A_N16_r9,A,16,9,1.0148193639997771,16,129,129,0
A_N16_r9,A,16,9,1.216388318999634,16,158,158,0
A_N16_r9,A,16,9,1.4184076029996504,16,187,187,0
A_N16_r9,A,16,9,1.6202462829996875,16,213,213,0
A_N16_r9,A,16,9,1.8259357369997815,16,239,239,0
A_N16_r9,A,16,9,2.029117889999725,16,270,270,0
A_N16_r9,A,16,9,2.2319297759995607,16,295,295,0
A_N16_r9,A,16,9,2.4335392399998454,16,319,319,0
A_N16_r9,A,16,9,2.6358051850002084,16,347,347,0
A_N16_r9,A,16,9,2.8364886330000445,16,375,375,0
A_N16_r9,A,16,9,3.0394467189998977,16,402,402,0
A_N16_r9,A,16,9,3.242003690000274,16,430,430,0
A_N16_r9,A,16,9,3.442945951999718,16,461,461,0
A_N16_r9,A,16,9,3.6461902049995842,16,488,488,0
A_N16_r9,A,16,9,3.8486893159997635,16,519,519,0
A_N16_r9,A,16,9,4.051599802000055,16,546,546,0
A_N16_r9,A,16,9,4.257731181999588,16,574,574,0
A_N16_r9,A,16,9,4.460150893999526,16,603,603,0
A_N16_r9,A,16,9,4.664817189000132,16,631,631,0
A_N16_r9,A,16,9,4.865898498000206,16,659,659,0
A_N16_r9,A,16,9,5.066246516999854,16,685,685,0
A_N16_r9,A,16,9,5.268979335999575,16,714,714,0
A_N16_r9,A,16,9,5.4716039590002765,16,742,742,0
A_N16_r9,A,16,9,5.672292428999754,16,771,771,0
A_N16_r9,A,16,9,5.873376822999489,16,799,799,0
A_N16_r9,A,16,9,6.077691820999462,16,825,825,0
A_N16_r9,A,16,9,6.338066856000296,16,850,850,0
A_N16_r9,A,16,9,6.538955478999924,16,883,883,0
A_N16_r9,A,16,9,6.740687609999441,16,913,913,0
A_N16_r9,A,16,9,6.9420015139994575,16,941,941,0
A_N16_r9,A,16,9,7.143187493999903,16,969,969,0
A_N16_r9,A,16,9,7.344738159999906,16,994,994,0
A_N16_r9,A,16,9,7.547273624999434,16,1023,1023,0
A_N16_r9,A,16,9,7.748200531999828,16,1051,1051,0
A_N16_r9,A,16,9,7.950623341999744,16,1081,1081,0
A_N16_r9,A,16,9,8.15267610599949,16,1108,1108,0
A_N16_r9,A,16,9,8.356314644999657,16,1136,1136,0
A_N16_r9,A,16,9,8.557672064000144,16,1164,1164,0
A_N16_r9,A,16,9,8.760242766999909,16,1195,1195,0
A_N16_r9,A,16,9,8.961035729000287,16,1223,1223,0
A_N16_r9,A,16,9,9.164376149999953,16,1251,1251,0
A_N16_r9,A,16,9,9.368183391999992,16,1279,1279,0
A_N16_r9,A,16,9,9.570271093999509,16,1308,1308,0
A_N16_r9,A,16,9,9.771191419999923,16,1337,1337,0
A_N16_r9,A,16,9,9.978830502000164,16,1364,1364,0
A_N16_r9,A,16,9,10.18038933600019,16,1391,1391,0
A_N16_r9,A,16,9,10.382821766999768,16,1420,1420,0
A_N16_r9,A,16,9,10.58468702600021,16,1449,1449,0
A_N16_r9,A,16,9,10.785097049999422,16,1478,1478,0
A_N16_r9,A,16,9,10.986005894999835,16,1504,1504,0
A_N16_r9,A,16,9,11.187692503000108,16,1534,1534,0
A_N16_r9,A,16,9,11.388437165999676,16,1563,1563,0
A_N16_r9,A,16,9,11.590698412000165,16,1591,1591,0
A_N16_r9,A,16,9,11.793380780000007,16,1620,1620,0
A_N16_r9,A,16,9,11.994709015999433,16,1649,1649,0
A_N16_r9,A,16,9,12.196013126999787,16,1678,1678,0
A_N16_r9,A,16,9,12.399484560999554,16,1708,1708,0
A_N16_r9,A,16,9,12.60185558699959,16,1736,1736,0
A_N16_r9,A,16,9,12.80340898400027,16,1766,1766,0
A_N16_r9,A,16,9,13.008928694999668,16,1794,1794,0
A_N16_r9,A,16,9,13.21008226899994,16,1823,1823,0
A_N16_r9,A,16,9,13.412364546999925,16,1850,1850,0
A_N16_r9,A,16,9,13.61455634199956,16,1878,1878,0
A_N16_r9,A,16,9,13.820545008999943,16,1907,1907,0
A_N16_r9,A,16,9,14.024215995999839,16,1936,1936,0
A_N16_r9,A,16,9,14.226046541999494,16,1964,1964,0
A_N16_r9,A,16,9,14.426411933999589,16,1991,1991,0
A_N16_r9,A,16,9,14.628756672000236,16,2019,2019,0
A_N16_r9,A,16,9,14.829074563000177,16,2050,2050,0
A_N16_r9,A,16,9,15.029443923000144,16,2078,2078,0
A_N16_r9,A,16,9,15.230034504999821,16,2105,2105,0
A_N16_r9,A,16,9,15.432144816999426,16,2134,2134,0
A_N16_r9,A,16,9,15.635168320000048,16,2164,2164,0
A_N16_r9,A,16,9,15.839486693000254,16,2193,2193,0
A_N16_r9,A,16,9,16.040526753999984,16,2221,2221,0
A_N16_r9,A,16,9,16.242608710999775,16,2248,2248,0
A_N16_r9,A,16,9,16.444122656000218,16,2278,2278,0
A_N16_r9,A,16,9,16.64536049399976,16,2308,2308,0
A_N16_r9,A,16,9,16.846963478999896,16,2336,2336,0
A_N16_r9,A,16,9,17.048197269999946,16,2364,2364,0
A_N16_r9,A,16,9,17.249328044999857,16,2392,2392,0
A_N16_r9,A,16,9,17.45033925200005,16,2421,2421,0
A_N16_r9,A,16,9,17.653066912999748,16,2448,2448,0
A_N16_r9,A,16,9,17.853785581999546,16,2477,2477,0
A_N16_r9,A,16,9,18.055014733999997,16,2505,2505,0
A_N16_r9,A,16,9,18.25680405499952,16,2534,2534,0
A_N16_r9,A,16,9,18.45926516899999,16,2563,2563,0
A_N16_r9,A,16,9,18.661659796000095,16,2592,2592,0
A_N16_r9,A,16,9,18.862444090999816,16,2622,2622,0
A_N16_r9,A,16,9,19.063563685999725,16,2650,2650,0
A_N16_r9,A,16,9,19.26735865399951,16,2678,2678,0
A_N16_r9,A,16,9,19.47008756899959,16,2707,2707,0
A_N16_r9,A,16,9,19.670690047999415,16,2734,2734,0
A_N16_r9,A,16,9,19.873543199999403,16,2763,2763,0
A_N16_r9,A,16,9,20.074433367999518,16,2791,2791,0
A_N16_r9,A,16,9,20.276339453999753,16,2819,2819,0
A_N16_r9,A,16,9,20.477441647999512,16,2849,2849,0
A_N16_r9,A,16,9,20.679583654999988,16,2879,2879,0
A_N16_r9,A,16,9,20.879782334999618,16,2908,2908,0
A_N16_r9,A,16,9,21.08101028799956,16,2934,2934,0
A_N16_r9,A,16,9,21.282713378000153,16,2965,2965,0
A_N16_r9,A,16,9,21.483922876999713,16,2991,2991,0
A_N16_r9,A,16,9,21.685222727999644,16,3024,3024,0
A_N16_r9,A,16,9,21.885846289000256,16,3050,3050,0
A_N16_r9,A,16,9,22.088544868999634,16,3075,3075,0
A_N16_r9,A,16,9,22.291457997999714,16,3105,3105,0
A_N16_r9,A,16,9,22.492462426000202,16,3134,3134,0
A_N16_r9,A,16,9,22.69302228699962,16,3164,3164,0
A_N16_r9,A,16,9,22.895136742999966,16,3191,3191,0
A_N16_r9,A,16,9,23.09829809599978,16,3221,3221,0
A_N16_r9,A,16,9,23.30022210900006,16,3250,3250,0
A_N16_r9,A,16,9,23.50492264999957,16,3276,3276,0
A_N16_r9,A,16,9,23.706386064999606,16,3305,3305,0
A_N16_r9,A,16,9,23.906798635000087,16,3332,3332,0
A_N16_r9,A,16,9,24.107273605000046,16,3361,3361,0
A_N16_r9,A,16,9,24.308173174999865,16,3390,3390,0
A_N16_r9,A,16,9,24.50927976099956,16,3418,3418,0
A_N16_r9,A,16,9,24.711665797000023,16,3445,3445,0
A_N16_r9,A,16,9,24.91412439099986,16,3476,3476,0
A_N16_r9,A,16,9,25.114603750000242,16,3502,3502,0
A_N16_r9,A,16,9,25.315737979000005,16,3532,3532,0
A_N16_r9,A,16,9,25.516966837999462,16,3559,3559,0
A_N16_r9,A,16,9,25.71952139699988,16,3588,3588,0
A_N16_r9,A,16,9,25.920717042999968,16,3616,3616,0
A_N16_r9,A,16,9,26.12260873699961,16,3646,3646,0
A_N16_r9,A,16,9,26.325858852999772,16,3673,3673,0
A_N16_r9,A,16,9,26.53461560300002,16,3703,3703,0
A_N16_r9,A,16,9,26.73578016099964,16,3730,3730,0
A_N16_r9,A,16,9,26.9375929050002,16,3756,3756,0
A_N16_r9,A,16,9,27.138851462000275,16,3786,3786,0
A_N16_r9,A,16,9,27.342425075999927,16,3814,3814,0
A_N16_r9,A,16,9,27.544233272999918,16,3840,3840,0
A_N16_r9,A,16,9,27.74633993899988,16,3870,3870,0
A_N16_r9,A,16,9,27.946845530000246,16,3899,3899,0
A_N16_r9,A,16,9,28.147885761999532,16,3926,3926,0
A_N16_r9,A,16,9,28.352095510000254,16,3955,3955,0
A_N16_r9,A,16,9,28.55612608699994,16,3985,3985,0
A_N16_r9,A,16,9,28.762190634000035,16,4014,4014,0
A_N16_r9,A,16,9,28.963231808000273,16,4042,4042,0
A_N16_r9,A,16,9,29.164343436999843,16,4071,4071,0
A_N16_r9,A,16,9,29.368185815000288,16,4098,4098,0
A_N16_r9,A,16,9,29.57000872200024,16,4126,4126,0
A_N16_r9,A,16,9,29.772097785999904,16,4154,4154,0
A_N16_r9,A,16,9,29.97379743700003,16,4183,4183,0
A_N16_r9,A,16,9,30.176183327999752,16,4211,4211,0
A_N16_r9,A,16,9,30.3765223649998,16,4238,4238,0
A_N16_r9,A,16,9,30.579224369000258,16,4266,4266,0
A_N16_r9,A,16,9,30.78020642299998,16,4296,4296,0
A_N16_r9,A,16,9,30.98266119500022,16,4326,4326,0
A_N16_r9,A,16,9,31.184367218999796,16,4353,4353,0
A_N16_r9,A,16,9,31.38517509200028,16,4383,4383,0
A_N16_r9,A,16,9,31.586241907999465,16,4410,4410,0
A_N16_r9,A,16,9,31.787145172000237,16,4438,4438,0
A_N16_r9,A,16,9,31.989971334000074,16,4468,4468,0
A_N16_r9,A,16,9,32.1904270240002,16,4496,4496,0
A_N16_r9,A,16,9,32.39156766199994,16,4524,4524,0
A_N16_r9,A,16,9,32.59745464400021,16,4554,4554,0
A_N16_r9,A,16,9,32.79968350699983,16,4582,4582,0
A_N16_r9,A,16,9,33.00162818900026,16,4612,4612,0
A_N16_r9,A,16,9,33.202328897999905,16,4639,4639,0
A_N16_r9,A,16,9,33.40367921699999,16,4667,4667,0
A_N16_r9,A,16,9,33.60908947000007,16,4695,4695,0
A_N16_r9,A,16,9,33.8162330389996,16,4726,4726,0
A_N16_r9,A,16,9,34.01805112999955,16,4757,4757,0
A_N16_r9,A,16,9,34.21925314599957,16,4785,4785,0
A_N16_r9,A,16,9,34.42243269499977,16,4809,4809,0
A_N16_r9,A,16,9,34.623521796000205,16,4841,4841,0
A_N16_r9,A,16,9,34.825993303999894,16,4871,4871,0
A_N16_r9,A,16,9,35.02728689600008,16,4897,4897,0
A_N16_r9,A,16,9,35.22935819099985,16,4927,4927,0
A_N16_r9,A,16,9,35.432197332000214,16,4954,4954,0
A_N16_r9,A,16,9,35.636181896999915,16,4979,4979,0
A_N16_r9,A,16,9,35.837718322999535,16,5009,5009,0
A_N16_r9,A,16,9,36.03937081999993,16,5037,5037,0
A_N16_r9,A,16,9,36.239869996999914,16,5066,5066,0
A_N16_r9,A,16,9,36.44177206099994,16,5095,5095,0
A_N16_r9,A,16,9,36.645518843999525,16,5124,5124,0
A_N16_r9,A,16,9,36.84833376899951,16,5152,5152,0
A_N16_r9,A,16,9,37.050853640999776,16,5182,5182,0
A_N16_r9,A,16,9,37.25316549699983,16,5208,5208,0
A_N16_r9,A,16,9,37.45706554299977,16,5239,5239,0
A_N16_r9,A,16,9,37.65799484299987,16,5266,5266,0
A_N16_r9,A,16,9,37.85887909600024,16,5296,5296,0
A_N16_r9,A,16,9,38.06024957599948,16,5325,5325,0
A_N16_r9,A,16,9,38.26114196599974,16,5354,5354,0
A_N16_r9,A,16,9,38.46310653099954,16,5381,5381,0
A_N16_r9,A,16,9,38.66538957400007,16,5411,5411,0
A_N16_r9,A,16,9,38.86631740099983,16,5440,5440,0
A_N16_r9,A,16,9,39.06757222200031,16,5469,5469,0
A_N16_r9,A,16,9,39.270843629999945,16,5497,5497,0
A_N16_r9,A,16,9,39.4710154659997,16,5525,5525,0
A_N16_r9,A,16,9,39.67209435299992,16,5555,5555,0
A_N16_r9,A,16,9,39.87282820099972,16,5583,5583,0
A_N16_r9,A,16,9,40.07358608499999,16,5611,5611,0
A_N16_r9,A,16,9,40.27484064700002,16,5639,5639,0
A_N16_r9,A,16,9,40.475423988999864,16,5668,5668,0
A_N16_r9,A,16,9,40.67632853400028,16,5696,5696,0
A_N16_r9,A,16,9,40.87748727399958,16,5725,5725,0
A_N16_r9,A,16,9,41.07804298300016,16,5754,5754,0
A_N16_r9,A,16,9,41.28319511100017,16,5784,5784,0
A_N16_r9,A,16,9,41.48419879499943,16,5812,5812,0
A_N16_r9,A,16,9,41.68554013399989,16,5842,5842,0
A_N16_r9,A,16,9,41.88743164300013,16,5870,5870,0
A_N16_r9,A,16,9,42.08871863799959,16,5898,5898,0
A_N16_r9,A,16,9,42.290168685000026,16,5927,5927,0
A_N16_r9,A,16,9,42.49158424599955,16,5956,5956,0
A_N16_r9,A,16,9,42.69244208300006,16,5986,5986,0
A_N16_r9,A,16,9,42.89422291200026,16,6012,6012,0
A_N16_r9,A,16,9,43.09578806799982,16,6042,6042,0
A_N16_r9,A,16,9,43.29955972500011,16,6070,6070,0
A_N16_r9,A,16,9,43.50019290399996,16,6097,6097,0
A_N16_r9,A,16,9,43.70225421899977,16,6128,6128,0
A_N16_r9,A,16,9,43.90565842500018,16,6155,6155,0
A_N16_r9,A,16,9,44.10800180699971,16,6185,6185,0
A_N16_r9,A,16,9,44.3097214190002,16,6214,6214,0
A_N16_r9,A,16,9,44.51041906299997,16,6243,6243,0
A_N16_r9,A,16,9,44.711035551999885,16,6272,6272,0
A_N16_r9,A,16,9,44.91280885800006,16,6300,6300,0
A_N16_r9,A,16,9,45.1139655070001,16,6327,6327,0
A_N16_r9,A,16,9,45.314877589999924,16,6355,6355,0
A_N16_r9,A,16,9,45.5156952440002,16,6384,6384,0
A_N16_r9,A,16,9,45.71779990199957,16,6413,6413,0
A_N16_r9,A,16,9,45.91852145299981,16,6439,6439,0
A_N16_r9,A,16,9,46.12171447699984,16,6469,6469,0
A_N16_r9,A,16,9,46.332804195999415,16,6499,6499,0
A_N16_r9,A,16,9,46.53619393699955,16,6526,6526,0
A_N16_r9,A,16,9,46.73929256300016,16,6555,6555,0
A_N16_r9,A,16,9,46.939942416999656,16,6586,6586,0
A_N16_r9,A,16,9,47.14091843299957,16,6613,6613,0
A_N16_r9,A,16,9,47.342361752000215,16,6643,6643,0
A_N16_r9,A,16,9,47.54708597900026,16,6672,6672,0
A_N16_r9,A,16,9,47.749339042999964,16,6700,6700,0
A_N16_r9,A,16,9,47.9503020760003,16,6730,6730,0
A_N16_r9,A,16,9,48.150562658000126,16,6756,6756,0
A_N16_r9,A,16,9,48.35397637599999,16,6786,6786,0
A_N16_r9,A,16,9,48.55713793399991,16,6816,6816,0
A_N16_r9,A,16,9,48.76240492699981,16,6841,6841,0
A_N16_r9,A,16,9,48.96360454200021,16,6872,6872,0
A_N16_r9,A,16,9,49.16480556999977,16,6899,6899,0
A_N16_r9,A,16,9,49.366104975999406,16,6927,6927,0
A_N16_r9,A,16,9,49.56718881100005,16,6956,6956,0
A_N16_r9,A,16,9,49.7710094160002,16,6985,6985,0
A_N16_r9,A,16,9,49.972181770000134,16,7012,7012,0
A_N16_r9,A,16,9,50.17302562700024,16,7042,7042,0
A_N16_r9,A,16,9,50.3743510839995,16,7069,7069,0
A_N16_r9,A,16,9,50.5753529929998,16,7100,7100,0
A_N16_r9,A,16,9,50.77670485999988,16,7130,7130,0
A_N16_r9,A,16,9,50.97963105999952,16,7159,7159,0
A_N16_r9,A,16,9,51.181223587000204,16,7186,7186,0
A_N16_r9,A,16,9,51.38268121599958,16,7213,7213,0
A_N16_r9,A,16,9,51.584820956999465,16,7242,7242,0
A_N16_r9,A,16,9,51.78820404899943,16,7271,7271,0
A_N16_r9,A,16,9,51.99111046300004,16,7302,7302,0
A_N16_r9,A,16,9,52.19324159699954,16,7330,7330,0
A_N16_r9,A,16,9,52.397226148999835,16,7358,7358,0
A_N16_r9,A,16,9,52.59841311299988,16,7387,7387,0
A_N16_r9,A,16,9,52.7992764089995,16,7416,7416,0
A_N16_r9,A,16,9,53.000506284999574,16,7444,7444,0
A_N16_r9,A,16,9,53.20213779799997,16,7471,7471,0
A_N16_r9,A,16,9,53.40351208999982,16,7499,7499,0
A_N16_r9,A,16,9,53.60789963099978,16,7528,7528,0
A_N16_r9,A,16,9,53.80967551899994,16,7556,7556,0
A_N16_r9,A,16,9,54.01221544599957,16,7585,7585,0
A_N16_r9,A,16,9,54.21378112399998,16,7613,7613,0
A_N16_r9,A,16,9,54.4181780429999,16,7644,7644,0
A_N16_r9,A,16,9,54.62018605499998,16,7674,7674,0
A_N16_r9,A,16,9,54.82140805800009,16,7703,7703,0
A_N16_r9,A,16,9,55.02273090299968,16,7731,7731,0
A_N16_r9,A,16,9,55.22308180500022,16,7759,7759,0
A_N16_r9,A,16,9,55.42351782900005,16,7789,7789,0
A_N16_r9,A,16,9,55.624630454,16,7819,7819,0
A_N16_r9,A,16,9,55.82532251700013,16,7847,7847,0
A_N16_r9,A,16,9,56.026256952999574,16,7877,7877,0
A_N16_r9,A,16,9,56.22773641799995,16,7905,7905,0
A_N16_r9,A,16,9,56.42807610899945,16,7934,7934,0
A_N16_r9,A,16,9,56.628692548999425,16,7961,7961,0
A_N16_r9,A,16,9,56.83222243599994,16,7990,7990,0
A_N16_r9,A,16,9,57.03357456899994,16,8020,8020,0
A_N16_r9,A,16,9,57.2361065719997,16,8044,8044,0
A_N16_r9,A,16,9,57.43886850600029,16,8075,8075,0
A_N16_r9,A,16,9,57.63917688800029,16,8102,8102,0
A_N16_r9,A,16,9,57.845194251000066,16,8131,8131,0
A_N16_r9,A,16,9,58.04680436699982,16,8162,8162,0
A_N16_r9,A,16,9,58.248015101999954,16,8189,8189,0
A_N16_r9,A,16,9,58.45252841599995,16,8217,8217,0
A_N16_r9,A,16,9,58.654699083000196,16,8243,8243,0
A_N16_r9,A,16,9,58.85682798899961,16,8273,8273,0
A_N16_r9,A,16,9,59.05729428399991,16,8301,8301,0
A_N16_r9,A,16,9,59.258219122999435,16,8331,8331,0
A_N16_r9,A,16,9,59.46232712700021,16,8357,8357,0
A_N16_r9,A,16,9,59.662901147999946,16,8387,8387,0
A_N16_r9,A,16,9,59.866682766999475,16,8415,8415,0
A_N16_r9,A,16,9,60.067208495999694,4,8446,8446,0
A_N16_r9,A,16,9,60.26800571399963,0,8450,8450,0
A_N16_r10,A,16,10,0.006560294999871985,0,0,0,0
A_N16_r10,A,16,10,0.20865382499960106,16,16,16,0
A_N16_r10,A,16,10,0.41089911600010964,16,44,44,0
A_N16_r10,A,16,10,0.6182790809998551,16,74,74,0
A_N16_r10,A,16,10,0.8250591830001213,16,102,102,0
A_N16_r10,A,16,10,1.0310173070001838,16,130,130,0
A_N16_r10,A,16,10,1.232551711999804,16,159,159,0
A_N16_r10,A,16,10,1.4336988779996318,16,185,185,0
A_N16_r10,A,16,10,1.6349070599999322,16,213,213,0
A_N16_r10,A,16,10,1.8373310930001026,16,242,242,0
A_N16_r10,A,16,10,2.038460646999738,16,272,272,0
A_N16_r10,A,16,10,2.239524134000021,16,300,300,0
A_N16_r10,A,16,10,2.4411411979999684,16,328,328,0
A_N16_r10,A,16,10,2.6423678169994673,16,355,355,0
A_N16_r10,A,16,10,2.8441731800003254,16,386,386,0
A_N16_r10,A,16,10,3.0450631379999322,16,415,415,0
A_N16_r10,A,16,10,3.2477334209997935,16,442,442,0
A_N16_r10,A,16,10,3.4519191459994545,16,472,472,0
A_N16_r10,A,16,10,3.6529712230003497,16,501,501,0
A_N16_r10,A,16,10,3.8546845609998854,16,529,529,0
A_N16_r10,A,16,10,4.1227422619995195,16,558,558,0
A_N16_r10,A,16,10,4.32314365899947,16,590,590,0
A_N16_r10,A,16,10,4.524670482000147,16,620,620,0
A_N16_r10,A,16,10,4.725536985999497,16,650,650,0
A_N16_r10,A,16,10,4.926974228999825,16,677,677,0
A_N16_r10,A,16,10,5.127707829999963,16,706,706,0
A_N16_r10,A,16,10,5.328110057999766,16,736,736,0
A_N16_r10,A,16,10,5.53020951399958,16,764,764,0
A_N16_r10,A,16,10,5.731893217999641,16,792,792,0
A_N16_r10,A,16,10,5.9334118979995765,16,821,821,0
A_N16_r10,A,16,10,6.1358008469997,16,849,849,0
A_N16_r10,A,16,10,6.336102614999618,16,878,878,0
A_N16_r10,A,16,10,6.537391605999801,16,904,904,0
A_N16_r10,A,16,10,6.740675072999693,16,935,935,0
A_N16_r10,A,16,10,6.941237758999705,16,962,962,0
A_N16_r10,A,16,10,7.142888901999868,16,991,991,0
A_N16_r10,A,16,10,7.344384678000097,16,1019,1019,0
A_N16_r10,A,16,10,7.547549318000165,16,1049,1049,0
A_N16_r10,A,16,10,7.751936552000188,16,1079,1079,0
A_N16_r10,A,16,10,7.95406144899971,16,1108,1108,0
A_N16_r10,A,16,10,8.155308903000332,16,1135,1135,0
A_N16_r10,A,16,10,8.357038997000018,16,1163,1163,0
A_N16_r10,A,16,10,8.559736326000348,16,1192,1192,0
A_N16_r10,A,16,10,8.761084251999819,16,1222,1222,0
A_N16_r10,A,16,10,8.962641356999484,16,1250,1250,0
A_N16_r10,A,16,10,9.163387394999518,16,1279,1279,0
A_N16_r10,A,16,10,9.364723177999622,16,1308,1308,0
A_N16_r10,A,16,10,9.565015571000004,16,1336,1336,0
A_N16_r10,A,16,10,9.766431997999462,16,1367,1367,0
A_N16_r10,A,16,10,9.969605657999637,16,1398,1398,0
A_N16_r10,A,16,10,10.169963536999603,16,1425,1425,0
A_N16_r10,A,16,10,10.371073348999744,16,1452,1452,0
A_N16_r10,A,16,10,10.574618667999857,16,1481,1481,0
A_N16_r10,A,16,10,10.777055282999754,16,1508,1508,0
A_N16_r10,A,16,10,10.977751827999782,16,1538,1538,0
A_N16_r10,A,16,10,11.17863778500032,16,1567,1567,0
A_N16_r10,A,16,10,11.379618271000254,16,1595,1595,0
A_N16_r10,A,16,10,11.580744787000185,16,1623,1623,0
A_N16_r10,A,16,10,11.782085011000163,16,1652,1652,0
A_N16_r10,A,16,10,11.98628981999991,16,1683,1683,0
A_N16_r10,A,16,10,12.186985774999812,16,1713,1713,0
A_N16_r10,A,16,10,12.388077663999866,16,1740,1740,0
A_N16_r10,A,16,10,12.591641791000256,16,1767,1767,0
A_N16_r10,A,16,10,12.79379746199993,16,1798,1798,0
A_N16_r10,A,16,10,12.996689286999754,16,1827,1827,0
A_N16_r10,A,16,10,13.203224721999504,16,1853,1853,0
A_N16_r10,A,16,10,13.404712267999457,16,1883,1883,0
A_N16_r10,A,16,10,13.607469937000133,16,1911,1911,0
A_N16_r10,A,16,10,13.809639213999617,16,1938,1938,0
A_N16_r10,A,16,10,14.010234309000225,16,1968,1968,0
A_N16_r10,A,16,10,14.213641487000132,16,1993,1993,0
A_N16_r10,A,16,10,14.415983373999552,16,2023,2023,0
A_N16_r10,A,16,10,14.618690788000094,16,2050,2050,0
A_N16_r10,A,16,10,14.819803841000066,16,2080,2080,0
A_N16_r10,A,16,10,15.02150685000015,16,2108,2108,0
A_N16_r10,A,16,10,15.222686789999898,16,2136,2136,0
A_N16_r10,A,16,10,15.423702377000154,16,2166,2166,0
A_N16_r10,A,16,10,15.624655857000107,16,2193,2193,0
A_N16_r10,A,16,10,15.827878725000119,16,2220,2220,0
A_N16_r10,A,16,10,16.032750821000263,16,2250,2250,0
A_N16_r10,A,16,10,16.23469740499968,16,2279,2279,0
A_N16_r10,A,16,10,16.436670709999817,16,2305,2305,0
A_N16_r10,A,16,10,16.637332753999544,16,2334,2334,0
A_N16_r10,A,16,10,16.83936263800024,16,2362,2362,0
A_N16_r10,A,16,10,17.040712795000218,16,2389,2389,0
A_N16_r10,A,16,10,17.243885449000118,16,2418,2418,0
A_N16_r10,A,16,10,17.44457940400025,16,2448,2448,0
A_N16_r10,A,16,10,17.64591599599953,16,2475,2475,0
A_N16_r10,A,16,10,17.848021193999557,16,2501,2501,0
A_N16_r10,A,16,10,18.049629313999503,16,2533,2533,0
A_N16_r10,A,16,10,18.249903089000327,16,2560,2560,0
A_N16_r10,A,16,10,18.451149198000167,16,2589,2589,0
A_N16_r10,A,16,10,18.652396972000133,16,2618,2618,0
A_N16_r10,A,16,10,18.854275747999964,16,2646,2646,0
A_N16_r10,A,16,10,19.05635745299969,16,2676,2676,0
A_N16_r10,A,16,10,19.25744722499985,16,2703,2703,0
A_N16_r10,A,16,10,19.457740668000042,16,2731,2731,0
A_N16_r10,A,16,10,19.65946288699979,16,2757,2757,0
A_N16_r10,A,16,10,19.859942045000025,16,2787,2787,0
A_N16_r10,A,16,10,20.060718009000084,16,2815,2815,0
A_N16_r10,A,16,10,20.262925715000165,16,2844,2844,0
A_N16_r10,A,16,10,20.466246273999786,16,2871,2871,0
A_N16_r10,A,16,10,20.670256579000124,16,2901,2901,0
A_N16_r10,A,16,10,20.87283938099972,16,2929,2929,0
A_N16_r10,A,16,10,21.076244030999987,16,2959,2959,0
A_N16_r10,A,16,10,21.28098655299982,16,2987,2987,0
A_N16_r10,A,16,10,21.482693785000265,16,3016,3016,0
A_N16_r10,A,16,10,21.683924597999976,16,3045,3045,0
A_N16_r10,A,16,10,21.88525498099989,16,3073,3073,0
A_N16_r10,A,16,10,22.086379411999587,16,3102,3102,0
A_N16_r10,A,16,10,22.287187529999755,16,3129,3129,0
A_N16_r10,A,16,10,22.488417030000164,16,3158,3158,0
A_N16_r10,A,16,10,22.68964727399998,16,3187,3187,0
A_N16_r10,A,16,10,22.89072948499961,16,3214,3214,0
A_N16_r10,A,16,10,23.092585682999925,16,3243,3243,0
A_N16_r10,A,16,10,23.294703007999487,16,3271,3271,0
A_N16_r10,A,16,10,23.496028913999908,16,3301,3301,0
A_N16_r10,A,16,10,23.69660307599952,16,3328,3328,0
A_N16_r10,A,16,10,23.897192086999894,16,3356,3356,0
A_N16_r10,A,16,10,24.09895990699988,16,3386,3386,0
A_N16_r10,A,16,10,24.30107852600031,16,3413,3413,0
A_N16_r10,A,16,10,24.502790399000332,16,3442,3442,0
A_N16_r10,A,16,10,24.70377959399957,16,3470,3470,0
A_N16_r10,A,16,10,24.904022896000242,16,3499,3499,0
A_N16_r10,A,16,10,25.105455748000168,16,3524,3524,0
A_N16_r10,A,16,10,25.30938254800003,16,3555,3555,0
A_N16_r10,A,16,10,25.510236834999887,16,3583,3583,0
A_N16_r10,A,16,10,25.71159192899995,16,3613,3613,0
A_N16_r10,A,16,10,25.915364364999732,16,3642,3642,0
A_N16_r10,A,16,10,26.116058597999654,16,3669,3669,0
A_N16_r10,A,16,10,26.317353266999817,16,3697,3697,0
A_N16_r10,A,16,10,26.51943539900003,16,3725,3725,0
A_N16_r10,A,16,10,26.720897236999917,16,3754,3754,0
A_N16_r10,A,16,10,26.925166191000244,16,3784,3784,0
A_N16_r10,A,16,10,27.126776432000042,16,3811,3811,0
A_N16_r10,A,16,10,27.3290729929995,16,3839,3839,0
A_N16_r10,A,16,10,27.532674162999683,16,3869,3869,0
A_N16_r10,A,16,10,27.734372924000127,16,3899,3899,0
A_N16_r10,A,16,10,27.93569039799968,16,3927,3927,0
A_N16_r10,A,16,10,28.13601400599964,16,3954,3954,0
A_N16_r10,A,16,10,28.338046844999553,16,3981,3981,0
A_N16_r10,A,16,10,28.54207383799985,16,4010,4010,0
A_N16_r10,A,16,10,28.742382669000108,16,4040,4040,0
A_N16_r10,A,16,10,28.943204899000193,16,4064,4064,0
A_N16_r10,A,16,10,29.14534315899982,16,4094,4094,0
A_N16_r10,A,16,10,29.347101063999617,16,4121,4121,0
A_N16_r10,A,16,10,29.55078991299979,16,4151,4151,0
A_N16_r10,A,16,10,29.752003810999668,16,4178,4178,0
A_N16_r10,A,16,10,29.95411096299995,16,4206,4206,0
A_N16_r10,A,16,10,30.15566634300012,16,4236,4236,0
A_N16_r10,A,16,10,30.356708352999703,16,4263,4263,0
A_N16_r10,A,16,10,30.55761574600001,16,4291,4291,0
A_N16_r10,A,16,10,30.759117974999754,16,4322,4322,0
A_N16_r10,A,16,10,30.9615299699999,16,4347,4347,0
A_N16_r10,A,16,10,31.16481568099971,16,4377,4377,0
A_N16_r10,A,16,10,31.37012957099978,16,4406,4406,0
A_N16_r10,A,16,10,31.572025902999485,16,4435,4435,0
A_N16_r10,A,16,10,31.77392329600025,16,4464,4464,0
A_N16_r10,A,16,10,31.975485259999914,16,4493,4493,0
A_N16_r10,A,16,10,32.176434234000226,16,4522,4522,0
A_N16_r10,A,16,10,32.38025332399957,16,4550,4550,0
A_N16_r10,A,16,10,32.58467783800006,16,4578,4578,0
A_N16_r10,A,16,10,32.78575407700009,16,4608,4608,0
A_N16_r10,A,16,10,32.98845346100006,16,4637,4637,0
A_N16_r10,A,16,10,33.19021221099956,16,4663,4663,0
A_N16_r10,A,16,10,33.39221750100023,16,4690,4690,0
A_N16_r10,A,16,10,33.59456099699946,16,4717,4717,0
A_N16_r10,A,16,10,33.79565140199975,16,4744,4744,0
A_N16_r10,A,16,10,33.99691803499991,16,4772,4772,0
A_N16_r10,A,16,10,34.19794125199951,16,4800,4800,0
A_N16_r10,A,16,10,34.39964694199989,16,4828,4828,0
A_N16_r10,A,16,10,34.600755311000285,16,4856,4856,0
A_N16_r10,A,16,10,34.80148340699998,16,4887,4887,0
A_N16_r10,A,16,10,35.00454677699963,16,4914,4914,0
A_N16_r10,A,16,10,35.20868814400001,16,4942,4942,0
A_N16_r10,A,16,10,35.41373099100019,16,4973,4973,0
A_N16_r10,A,16,10,35.615480034999564,16,5000,5000,0
A_N16_r10,A,16,10,35.81691006100027,16,5030,5030,0
A_N16_r10,A,16,10,36.0177947559996,16,5057,5057,0
A_N16_r10,A,16,10,36.220231410999986,16,5089,5089,0
A_N16_r10,A,16,10,36.421703918000276,16,5116,5116,0
A_N16_r10,A,16,10,36.623054230999514,16,5144,5144,0
A_N16_r10,A,16,10,36.82466507200024,16,5173,5173,0
A_N16_r10,A,16,10,37.0266450070003,16,5200,5200,0
A_N16_r10,A,16,10,37.22876057099984,16,5229,5229,0
A_N16_r10,A,16,10,37.43249191799987,16,5258,5258,0
A_N16_r10,A,16,10,37.63411517199984,16,5288,5288,0
A_N16_r10,A,16,10,37.836990597000295,16,5316,5316,0
A_N16_r10,A,16,10,38.038026712999454,16,5346,5346,0
A_N16_r10,A,16,10,38.238611697000124,16,5373,5373,0
A_N16_r10,A,16,10,38.440892507999706,16,5403,5403,0
A_N16_r10,A,16,10,38.643870426999456,16,5430,5430,0
A_N16_r10,A,16,10,38.84544622300018,16,5458,5458,0
A_N16_r10,A,16,10,39.04900089500006,16,5486,5486,0
A_N16_r10,A,16,10,39.250817760000245,16,5515,5515,0
A_N16_r10,A,16,10,39.45115281899962,16,5543,5543,0
A_N16_r10,A,16,10,39.65239573999952,16,5572,5572,0
A_N16_r10,A,16,10,39.85769761499978,16,5601,5601,0
A_N16_r10,A,16,10,40.059946204999505,16,5628,5628,0
A_N16_r10,A,16,10,40.260776168999655,16,5658,5658,0
A_N16_r10,A,16,10,40.46113808999962,16,5685,5685,0
A_N16_r10,A,16,10,40.66238688300018,16,5714,5714,0
A_N16_r10,A,16,10,40.86341007600004,16,5741,5741,0
A_N16_r10,A,16,10,41.063926842999535,16,5770,5770,0
A_N16_r10,A,16,10,41.27333939100026,16,5799,5799,0
A_N16_r10,A,16,10,41.47398273999988,16,5826,5826,0
A_N16_r10,A,16,10,41.67597099500017,16,5857,5857,0
A_N16_r10,A,16,10,41.8762734740003,16,5884,5884,0
A_N16_r10,A,16,10,42.083743076000246,16,5913,5913,0
A_N16_r10,A,16,10,42.28860171799988,16,5943,5943,0
A_N16_r10,A,16,10,42.49270248299945,16,5972,5972,0
A_N16_r10,A,16,10,42.69314413800021,16,6000,6000,0
A_N16_r10,A,16,10,42.8947096969996,16,6028,6028,0
A_N16_r10,A,16,10,43.1009204689999,16,6058,6058,0
A_N16_r10,A,16,10,43.304141667000295,16,6088,6088,0
A_N16_r10,A,16,10,43.50696113899994,16,6116,6116,0
A_N16_r10,A,16,10,43.70892196299974,16,6145,6145,0
A_N16_r10,A,16,10,43.91065261800031,16,6172,6172,0
A_N16_r10,A,16,10,44.11549645299965,16,6202,6202,0
A_N16_r10,A,16,10,44.31664492799973,16,6231,6231,0
A_N16_r10,A,16,10,44.517583441999705,16,6259,6259,0
A_N16_r10,A,16,10,44.720226467999964,16,6287,6287,0
A_N16_r10,A,16,10,44.92473137700017,16,6317,6317,0
A_N16_r10,A,16,10,45.1255977539995,16,6346,6346,0
A_N16_r10,A,16,10,45.326418554000156,16,6376,6376,0
A_N16_r10,A,16,10,45.52778653800033,16,6404,6404,0
A_N16_r10,A,16,10,45.72889063000002,16,6432,6432,0
A_N16_r10,A,16,10,45.93063721699946,16,6460,6460,0
A_N16_r10,A,16,10,46.13144933100011,16,6489,6489,0
A_N16_r10,A,16,10,46.334448407999844,16,6517,6517,0
A_N16_r10,A,16,10,46.53512573500029,16,6547,6547,0
A_N16_r10,A,16,10,46.73555331700027,16,6576,6576,0
A_N16_r10,A,16,10,46.93687874199986,16,6603,6603,0
A_N16_r10,A,16,10,47.1394317080003,16,6631,6631,0
A_N16_r10,A,16,10,47.340483109999695,16,6659,6659,0
A_N16_r10,A,16,10,47.542806427999494,16,6686,6686,0
A_N16_r10,A,16,10,47.7454360619995,16,6713,6713,0
A_N16_r10,A,16,10,47.947097307999684,16,6743,6743,0
A_N16_r10,A,16,10,48.14768888300023,16,6771,6771,0
A_N16_r10,A,16,10,48.35115040399978,16,6798,6798,0
A_N16_r10,A,16,10,48.5529370889999,16,6829,6829,0
A_N16_r10,A,16,10,48.756760661000044,16,6857,6857,0
A_N16_r10,A,16,10,48.95802648300014,16,6884,6884,0
A_N16_r10,A,16,10,49.15980139699968,16,6914,6914,0
A_N16_r10,A,16,10,49.36153803799971,16,6940,6940,0
A_N16_r10,A,16,10,49.56200556699969,16,6971,6971,0
A_N16_r10,A,16,10,49.76224295799966,16,6998,6998,0
A_N16_r10,A,16,10,49.96356366700002,16,7025,7025,0
A_N16_r10,A,16,10,50.16422007700021,16,7057,7057,0
A_N16_r10,A,16,10,50.37041673699969,16,7086,7086,0
A_N16_r10,A,16,10,50.574099100999774,16,7112,7112,0
A_N16_r10,A,16,10,50.77516204800031,16,7143,7143,0
A_N16_r10,A,16,10,50.9760992749998,16,7170,7170,0
A_N16_r10,A,16,10,51.176896855999985,16,7200,7200,0
A_N16_r10,A,16,10,51.3789994560002,16,7228,7228,0
A_N16_r10,A,16,10,51.58062275300017,16,7256,7256,0
A_N16_r10,A,16,10,51.781075967000106,16,7284,7284,0
A_N16_r10,A,16,10,51.98341865600014,16,7315,7315,0
A_N16_r10,A,16,10,52.18446322899945,16,7344,7344,0
A_N16_r10,A,16,10,52.388149100999726,16,7374,7374,0
A_N16_r10,A,16,10,52.59055619300034,16,7401,7401,0
A_N16_r10,A,16,10,52.792308786999456,16,7430,7430,0
A_N16_r10,A,16,10,52.99316524200003,16,7459,7459,0
A_N16_r10,A,16,10,53.194351606000055,16,7487,7487,0
A_N16_r10,A,16,10,53.39810452599977,16,7518,7518,0
A_N16_r10,A,16,10,53.600569238999924,16,7547,7547,0
A_N16_r10,A,16,10,53.804667739999786,16,7574,7574,0
A_N16_r10,A,16,10,54.006097358999796,16,7604,7604,0
A_N16_r10,A,16,10,54.20767901799991,16,7633,7633,0
A_N16_r10,A,16,10,54.40995400999964,16,7660,7660,0
A_N16_r10,A,16,10,54.612666174999504,16,7690,7690,0
A_N16_r10,A,16,10,54.81535589899977,16,7721,7721,0
A_N16_r10,A,16,10,55.02212831199995,16,7750,7750,0
A_N16_r10,A,16,10,55.22366155999953,16,7777,7777,0
A_N16_r10,A,16,10,55.42588551500012,16,7806,7806,0
A_N16_r10,A,16,10,55.62688776899995,16,7834,7834,0
A_N16_r10,A,16,10,55.828676354999516,16,7862,7862,0
A_N16_r10,A,16,10,56.03042679699956,16,7892,7892,0
A_N16_r10,A,16,10,56.232443386999876,16,7922,7922,0
A_N16_r10,A,16,10,56.433711388999654,16,7951,7951,0
A_N16_r10,A,16,10,56.63467446999948,16,7980,7980,0
A_N16_r10,A,16,10,56.83629036699949,16,8008,8008,0
A_N16_r10,A,16,10,57.04146683599993,16,8036,8036,0
A_N16_r10,A,16,10,57.24470131099952,16,8067,8067,0
A_N16_r10,A,16,10,57.44661188000009,16,8094,8094,0
A_N16_r10,A,16,10,57.64833297699988,16,8123,8123,0
A_N16_r10,A,16,10,57.852606684999955,16,8153,8153,0
A_N16_r10,A,16,10,58.05604257499999,16,8183,8183,0
A_N16_r10,A,16,10,58.25698773299973,16,8210,8210,0
A_N16_r10,A,16,10,58.45921787299994,16,8240,8240,0
A_N16_r10,A,16,10,58.66010182300033,16,8268,8268,0
A_N16_r10,A,16,10,58.860978791999514,16,8296,8296,0
A_N16_r10,A,16,10,59.061503879000156,16,8327,8327,0
A_N16_r10,A,16,10,59.262881061999906,16,8357,8357,0
A_N16_r10,A,16,10,59.46420649599986,16,8386,8386,0
A_N16_r10,A,16,10,59.66544548499951,16,8415,8415,0
A_N16_r10,A,16,10,59.86800801000027,16,8443,8443,0
A_N16_r10,A,16,10,60.06822463000026,1,8476,8476,0
A_N16_r10,A,16,10,60.2692189419995,0,8477,8477,0
A_N32_r1,A,32,1,0.00856695399943419,0,0,0,0
A_N32_r1,A,32,1,0.209326049000083,32,0,0,0
A_N32_r1,A,32,1,0.4243927219995385,32,40,40,0
A_N32_r1,A,32,1,0.6440115690002131,32,56,56,0
A_N32_r1,A,32,1,0.8560824449996289,32,72,72,0
A_N32_r1,A,32,1,1.0830000589994597,32,93,93,0
A_N32_r1,A,32,1,1.2957985840002948,32,114,114,0
A_N32_r1,A,32,1,1.510608196999783,32,133,133,0
A_N32_r1,A,32,1,1.7267843769996034,32,157,157,0
A_N32_r1,A,32,1,1.9748359810000693,32,179,179,0
A_N32_r1,A,32,1,2.1913173140001163,32,206,206,0
A_N32_r1,A,32,1,2.4095352499998626,32,228,228,0
A_N32_r1,A,32,1,2.627607098000226,32,247,247,0
A_N32_r1,A,32,1,2.844383022999864,32,268,268,0
A_N32_r1,A,32,1,3.059703550999984,32,290,290,0
A_N32_r1,A,32,1,3.2776172880003287,32,309,309,0
A_N32_r1,A,32,1,3.495898104999469,32,332,332,0
A_N32_r1,A,32,1,3.7123225899995305,32,354,354,0
A_N32_r1,A,32,1,3.9333865870003137,32,377,377,0
A_N32_r1,A,32,1,4.1592508929998075,32,394,394,0
A_N32_r1,A,32,1,4.375657083999613,32,411,411,0
A_N32_r1,A,32,1,4.584542616999897,32,433,433,0
A_N32_r1,A,32,1,4.802442537999923,32,455,455,0
A_N32_r1,A,32,1,5.019195089999812,32,478,478,0
A_N32_r1,A,32,1,5.231830607999655,32,500,500,0
A_N32_r1,A,32,1,5.432972517999588,32,521,520,1
A_N32_r1,A,32,1,5.635301442000127,32,541,540,1
A_N32_r1,A,32,1,5.839604943000268,32,579,578,1
A_N32_r1,A,32,1,6.040657691999513,32,606,605,1
A_N32_r1,A,32,1,6.256872168999507,32,646,645,1
A_N32_r1,A,32,1,6.476233630999559,32,673,672,1
A_N32_r1,A,32,1,6.697482642999603,32,692,691,1
A_N32_r1,A,32,1,6.91337438499977,32,715,714,1
A_N32_r1,A,32,1,7.124968506999721,32,733,732,1
A_N32_r1,A,32,1,7.344234045999656,32,753,752,1
A_N32_r1,A,32,1,7.564307836999433,32,774,773,1
A_N32_r1,A,32,1,7.7760961200001475,32,792,791,1
A_N32_r1,A,32,1,8.005040836000262,32,815,814,1
A_N32_r1,A,32,1,8.225485625999681,32,833,832,1
A_N32_r1,A,32,1,8.439369427999736,32,857,856,1
A_N32_r1,A,32,1,8.6513799559998,32,877,876,1
A_N32_r1,A,32,1,8.872123835999446,32,901,900,1
A_N32_r1,A,32,1,9.085188825999467,32,925,924,1
A_N32_r1,A,32,1,9.296322872999554,32,941,940,1
A_N32_r1,A,32,1,9.510012364999966,32,962,961,1
A_N32_r1,A,32,1,9.723886067999956,32,979,978,1
A_N32_r1,A,32,1,9.943512367999574,32,1005,1004,1
A_N32_r1,A,32,1,10.156028532000164,32,1025,1024,1
A_N32_r1,A,32,1,10.370909647999724,32,1045,1044,1
A_N32_r1,A,32,1,10.585467717999563,32,1070,1069,1
A_N32_r1,A,32,1,10.795455929000127,32,1088,1087,1
A_N32_r1,A,32,1,11.011719913999514,32,1114,1113,1
A_N32_r1,A,32,1,11.218991894000283,32,1134,1133,1
A_N32_r1,A,32,1,11.419821100999798,32,1160,1159,1
A_N32_r1,A,32,1,11.625545898999917,32,1193,1192,1
A_N32_r1,A,32,1,11.826062178999564,32,1215,1214,1
A_N32_r1,A,32,1,12.051547989000028,32,1257,1256,1
A_N32_r1,A,32,1,12.277432740999757,32,1292,1291,1
A_N32_r1,A,32,1,12.501239860000169,32,1314,1313,1
A_N32_r1,A,32,1,12.716023201000098,32,1333,1332,1
A_N32_r1,A,32,1,12.93299377600033,32,1353,1352,1
A_N32_r1,A,32,1,13.14762273299948,32,1371,1370,1
A_N32_r1,A,32,1,13.35959741700026,32,1392,1391,1
A_N32_r1,A,32,1,13.576402636000239,32,1414,1413,1
A_N32_r1,A,32,1,13.7886099440002,32,1435,1434,1
A_N32_r1,A,32,1,14.00068909699985,32,1456,1455,1
A_N32_r1,A,32,1,14.21837067999968,32,1476,1475,1
A_N32_r1,A,32,1,14.433621414999834,32,1496,1495,1
A_N32_r1,A,32,1,14.644998138000119,32,1514,1513,1
A_N32_r1,A,32,1,14.86631900500015,32,1537,1536,1
A_N32_r1,A,32,1,15.083421722999447,32,1556,1555,1
A_N32_r1,A,32,1,15.303529476000222,32,1577,1576,1
A_N32_r1,A,32,1,15.521903861000283,32,1595,1594,1
A_N32_r1,A,32,1,15.737143155000012,32,1617,1616,1
A_N32_r1,A,32,1,15.961722037999607,32,1638,1637,1
A_N32_r1,A,32,1,16.181985137999618,32,1658,1657,1
A_N32_r1,A,32,1,16.393440161999933,32,1675,1674,1
A_N32_r1,A,32,1,16.60922827400009,32,1698,1697,1
A_N32_r1,A,32,1,16.82790673999989,32,1721,1720,1
A_N32_r1,A,32,1,17.03795315699972,32,1741,1740,1
A_N32_r1,A,32,1,17.242573261999496,32,1761,1760,1
A_N32_r1,A,32,1,17.443589370000154,32,1789,1788,1
A_N32_r1,A,32,1,17.648684300999776,32,1822,1821,1
A_N32_r1,A,32,1,17.850407558999905,32,1844,1843,1
A_N32_r1,A,32,1,18.051624278999952,32,1885,1884,1
A_N32_r1,A,32,1,18.259661385000072,32,1911,1910,1
A_N32_r1,A,32,1,18.462638734999928,32,1943,1942,1
A_N32_r1,A,32,1,18.664863840999715,32,1976,1975,1
A_N32_r1,A,32,1,18.86652875799973,32,2008,2007,1
A_N32_r1,A,32,1,19.067563181999503,32,2039,2038,1
A_N32_r1,A,32,1,19.27222319500015,32,2065,2064,1
A_N32_r1,A,32,1,19.480993999999555,32,2102,2101,1
A_N32_r1,A,32,1,19.683173980999527,32,2133,2132,1
A_N32_r1,A,32,1,19.890764984999805,32,2163,2162,1
A_N32_r1,A,32,1,20.09248196399949,32,2192,2191,1
A_N32_r1,A,32,1,20.295596396999827,32,2222,2221,1
A_N32_r1,A,32,1,20.496101693000128,32,2254,2253,1
A_N32_r1,A,32,1,20.696883216999595,32,2285,2284,1
A_N32_r1,A,32,1,20.902549167999496,32,2320,2319,1
A_N32_r1,A,32,1,21.104574254,32,2349,2348,1
A_N32_r1,A,32,1,21.304996883999593,32,2380,2379,1
A_N32_r1,A,32,1,21.510097057000166,32,2413,2412,1
A_N32_r1,A,32,1,21.711654331000318,32,2441,2440,1
A_N32_r1,A,32,1,21.919217974000276,32,2473,2472,1
A_N32_r1,A,32,1,22.12015869300012,32,2507,2506,1
A_N32_r1,A,32,1,22.324070390000088,32,2538,2537,1
A_N32_r1,A,32,1,22.52623943100025,32,2568,2567,1
A_N32_r1,A,32,1,22.729134928999883,32,2600,2599,1
A_N32_r1,A,32,1,22.93024674299977,32,2633,2632,1
A_N32_r1,A,32,1,23.13070859799973,32,2663,2662,1
A_N32_r1,A,32,1,23.332976759999838,32,2692,2691,1
A_N32_r1,A,32,1,23.53588695599956,32,2724,2723,1
A_N32_r1,A,32,1,23.73674563900022,32,2752,2751,1
A_N32_r1,A,32,1,23.937143551999725,32,2782,2781,1
A_N32_r1,A,32,1,24.15235781499996,32,2823,2822,1
A_N32_r1,A,32,1,24.363648902999557,32,2846,2845,1
A_N32_r1,A,32,1,24.577571482000167,32,2867,2866,1
A_N32_r1,A,32,1,24.795486086999517,32,2891,2890,1
A_N32_r1,A,32,1,25.014726802999576,32,2911,2910,1
A_N32_r1,A,32,1,25.234305244000097,32,2930,2929,1
A_N32_r1,A,32,1,25.45042423399991,32,2948,2947,1
A_N32_r1,A,32,1,25.662186871999438,32,2968,2967,1
A_N32_r1,A,32,1,25.87757376599984,32,2984,2983,1
A_N32_r1,A,32,1,26.089121343999977,32,3007,3006,1
A_N32_r1,A,32,1,26.304992201999994,32,3027,3026,1
A_N32_r1,A,32,1,26.52252051100004,32,3046,3045,1
A_N32_r1,A,32,1,26.738180477000242,32,3066,3065,1
A_N32_r1,A,32,1,26.947641234000002,32,3085,3084,1
A_N32_r1,A,32,1,27.171729470999708,32,3106,3105,1
A_N32_r1,A,32,1,27.3888639099996,32,3124,3123,1
A_N32_r1,A,32,1,27.603228003999902,32,3142,3141,1
A_N32_r1,A,32,1,27.825846706999982,32,3169,3168,1
A_N32_r1,A,32,1,28.039181656999972,32,3189,3188,1
A_N32_r1,A,32,1,28.256939085999875,32,3214,3213,1
A_N32_r1,A,32,1,28.472974409000017,32,3234,3233,1
A_N32_r1,A,32,1,28.691757433999555,32,3256,3255,1
A_N32_r1,A,32,1,28.91122048699981,32,3274,3273,1
A_N32_r1,A,32,1,29.118379774999994,32,3300,3299,1
A_N32_r1,A,32,1,29.321290767999926,32,3323,3322,1
A_N32_r1,A,32,1,29.52567277700018,32,3351,3350,1
A_N32_r1,A,32,1,29.739153446000273,32,3382,3381,1
A_N32_r1,A,32,1,29.9435775259999,32,3414,3413,1
A_N32_r1,A,32,1,30.14527302999977,32,3447,3446,1
A_N32_r1,A,32,1,30.346774775000085,32,3479,3478,1
A_N32_r1,A,32,1,30.547531196999444,32,3510,3509,1
A_N32_r1,A,32,1,30.753806689999692,32,3541,3540,1
A_N32_r1,A,32,1,30.954240496999773,32,3572,3571,1
A_N32_r1,A,32,1,31.155121226999654,32,3601,3600,1
A_N32_r1,A,32,1,31.35554504599986,32,3629,3628,1
A_N32_r1,A,32,1,31.559586516999843,32,3665,3664,1
A_N32_r1,A,32,1,31.763694974999453,32,3690,3689,1
A_N32_r1,A,32,1,31.965742071999557,32,3724,3723,1
A_N32_r1,A,32,1,32.174420831000134,32,3751,3750,1
A_N32_r1,A,32,1,32.38345722299982,32,3785,3784,1
A_N32_r1,A,32,1,32.584266648000266,32,3820,3819,1
A_N32_r1,A,32,1,32.78510577999987,32,3846,3845,1
A_N32_r1,A,32,1,32.98756715699983,32,3882,3881,1
A_N32_r1,A,32,1,33.18944665399977,32,3909,3908,1
A_N32_r1,A,32,1,33.393002890999924,32,3941,3940,1
A_N32_r1,A,32,1,33.594414174999656,32,3975,3974,1
A_N32_r1,A,32,1,33.798402356000224,32,4001,4000,1
A_N32_r1,A,32,1,33.9995472720002,32,4035,4034,1
A_N32_r1,A,32,1,34.20139799499975,32,4069,4068,1
A_N32_r1,A,32,1,34.40744323099989,32,4098,4097,1
A_N32_r1,A,32,1,34.61161221800012,32,4127,4126,1
A_N32_r1,A,32,1,34.8131040469998,32,4160,4159,1
A_N32_r1,A,32,1,35.01565762100017,32,4190,4189,1
A_N32_r1,A,32,1,35.21759082199969,32,4225,4224,1
A_N32_r1,A,32,1,35.41963127799954,32,4252,4251,1
A_N32_r1,A,32,1,35.620643983000264,32,4286,4285,1
A_N32_r1,A,32,1,35.8333741460001,32,4323,4322,1
A_N32_r1,A,32,1,36.05283231500016,32,4356,4355,1
A_N32_r1,A,32,1,36.27201796499958,32,4375,4374,1
A_N32_r1,A,32,1,36.48589447499944,32,4396,4395,1
A_N32_r1,A,32,1,36.70439656100007,32,4417,4416,1
A_N32_r1,A,32,1,36.92286125600003,32,4439,4438,1
A_N32_r1,A,32,1,37.142751020000105,32,4457,4456,1
A_N32_r1,A,32,1,37.366447737999806,32,4477,4476,1
A_N32_r1,A,32,1,37.581636332000016,32,4496,4495,1
A_N32_r1,A,32,1,37.79755776499951,32,4515,4514,1
A_N32_r1,A,32,1,38.01880881600027,32,4537,4536,1
A_N32_r1,A,32,1,38.23862718500004,32,4557,4556,1
A_N32_r1,A,32,1,38.452233772,32,4576,4575,1
A_N32_r1,A,32,1,38.673975200000314,32,4596,4595,1
A_N32_r1,A,32,1,38.895383381999636,32,4616,4615,1
A_N32_r1,A,32,1,39.114104819000204,32,4638,4637,1
A_N32_r1,A,32,1,39.32451166099963,32,4658,4657,1
A_N32_r1,A,32,1,39.53903249299947,32,4676,4675,1
A_N32_r1,A,32,1,39.76539484899968,32,4698,4697,1
A_N32_r1,A,32,1,39.980951917999846,32,4715,4714,1
A_N32_r1,A,32,1,40.193147683999996,32,4737,4736,1
A_N32_r1,A,32,1,40.40898044000005,32,4757,4756,1
A_N32_r1,A,32,1,40.6312838419999,32,4779,4778,1
A_N32_r1,A,32,1,40.843792284999836,32,4800,4799,1
A_N32_r1,A,32,1,41.04737348399976,32,4822,4820,2
A_N32_r1,A,32,1,41.248609299000236,32,4846,4844,2
A_N32_r1,A,32,1,41.44953972100029,32,4878,4876,2
A_N32_r1,A,32,1,41.655840640999486,32,4910,4908,2
A_N32_r1,A,32,1,41.85764189499969,32,4937,4935,2
A_N32_r1,A,32,1,42.062391143999776,32,4975,4973,2
A_N32_r1,A,32,1,42.27154680100011,32,5002,5000,2
A_N32_r1,A,32,1,42.47555103899958,32,5034,5032,2
A_N32_r1,A,32,1,42.67615165299958,32,5067,5065,2
A_N32_r1,A,32,1,42.878680515999804,32,5095,5093,2
A_N32_r1,A,32,1,43.08048808300009,32,5127,5125,2
A_N32_r1,A,32,1,43.283600861000195,32,5157,5155,2
A_N32_r1,A,32,1,43.492252617000304,32,5195,5193,2
A_N32_r1,A,32,1,43.696358148999934,32,5219,5217,2
A_N32_r1,A,32,1,43.91501863299982,32,5262,5260,2
A_N32_r1,A,32,1,44.126871888000096,32,5287,5285,2
A_N32_r1,A,32,1,44.34116471899961,32,5306,5304,2
A_N32_r1,A,32,1,44.55134277799971,32,5325,5323,2
A_N32_r1,A,32,1,44.77376484999968,32,5348,5346,2
A_N32_r1,A,32,1,44.991873080000005,32,5369,5367,2
A_N32_r1,A,32,1,45.21203912799956,32,5391,5389,2
A_N32_r1,A,32,1,45.42370269299954,32,5412,5410,2
A_N32_r1,A,32,1,45.63854057400022,32,5435,5433,2
A_N32_r1,A,32,1,45.85490339500029,32,5460,5458,2
A_N32_r1,A,32,1,46.08128862899957,32,5483,5481,2
A_N32_r1,A,32,1,46.297888002000036,32,5502,5500,2
A_N32_r1,A,32,1,46.50928781499988,32,5521,5519,2
A_N32_r1,A,32,1,46.729970870000216,32,5546,5544,2
A_N32_r1,A,32,1,46.941775203999896,32,5565,5563,2
A_N32_r1,A,32,1,47.15899273699961,32,5588,5586,2
A_N32_r1,A,32,1,47.3794994560003,32,5613,5611,2
A_N32_r1,A,32,1,47.59716559499975,32,5633,5631,2
A_N32_r1,A,32,1,47.815926983999816,32,5656,5654,2
A_N32_r1,A,32,1,48.04080099699968,32,5677,5675,2
A_N32_r1,A,32,1,48.25660588499977,32,5698,5696,2
A_N32_r1,A,32,1,48.47788720399967,32,5718,5716,2
A_N32_r1,A,32,1,48.69517029300005,32,5739,5737,2
A_N32_r1,A,32,1,48.90091968500019,32,5760,5758,2
A_N32_r1,A,32,1,49.104765195000255,32,5782,5780,2
A_N32_r1,A,32,1,49.307322988000124,32,5804,5802,2
A_N32_r1,A,32,1,49.5129797540003,32,5834,5832,2
A_N32_r1,A,32,1,49.71558656100024,32,5858,5856,2
A_N32_r1,A,32,1,49.922439449000194,32,5896,5894,2
A_N32_r1,A,32,1,50.127841178999915,32,5925,5923,2
A_N32_r1,A,32,1,50.3281801789999,32,5953,5951,2
A_N32_r1,A,32,1,50.534018933999505,32,5990,5988,2
A_N32_r1,A,32,1,50.735606014999576,32,6016,6014,2
A_N32_r1,A,32,1,50.93987440299952,32,6047,6045,2
A_N32_r1,A,32,1,51.14342004199989,32,6079,6077,2
A_N32_r1,A,32,1,51.34749570300028,32,6107,6105,2
A_N32_r1,A,32,1,51.54893883099976,32,6139,6137,2
A_N32_r1,A,32,1,51.75577203299963,32,6170,6168,2
A_N32_r1,A,32,1,51.9569128940002,32,6201,6199,2
A_N32_r1,A,32,1,52.15955855700031,32,6231,6229,2
A_N32_r1,A,32,1,52.36364444799983,32,6262,6260,2
A_N32_r1,A,32,1,52.57396117799999,32,6293,6291,2
A_N32_r1,A,32,1,52.77646837700013,32,6326,6324,2
A_N32_r1,A,32,1,52.981620902999566,32,6358,6356,2
A_N32_r1,A,32,1,53.183054092999555,32,6382,6380,2
A_N32_r1,A,32,1,53.38442033499996,32,6421,6419,2
A_N32_r1,A,32,1,53.58497725399957,32,6450,6448,2
A_N32_r1,A,32,1,53.78604793199975,32,6477,6475,2
A_N32_r1,A,32,1,53.98681377899993,32,6508,6506,2
A_N32_r1,A,32,1,54.19060209300005,32,6540,6538,2
A_N32_r1,A,32,1,54.39755150000019,32,6563,6561,2
A_N32_r1,A,32,1,54.599611165999704,32,6604,6602,2
A_N32_r1,A,32,1,54.80184712800019,32,6631,6629,2
A_N32_r1,A,32,1,55.00860869600001,32,6662,6660,2
A_N32_r1,A,32,1,55.2236001680003,32,6701,6699,2
A_N32_r1,A,32,1,55.43782398500025,32,6728,6726,2
A_N32_r1,A,32,1,55.65895536199969,32,6748,6746,2
A_N32_r1,A,32,1,55.87889283200002,32,6770,6768,2
A_N32_r1,A,32,1,56.08857089599951,32,6787,6785,2
A_N32_r1,A,32,1,56.311830204000216,32,6807,6805,2
A_N32_r1,A,32,1,56.53187640099986,32,6827,6825,2
A_N32_r1,A,32,1,56.742444745000284,32,6845,6843,2
A_N32_r1,A,32,1,56.957251293999434,32,6868,6866,2
A_N32_r1,A,32,1,57.16718852299982,32,6888,6886,2
A_N32_r1,A,32,1,57.38187585600008,32,6910,6908,2
A_N32_r1,A,32,1,57.60598026800017,32,6935,6933,2
A_N32_r1,A,32,1,57.82745155500015,32,6957,6955,2
A_N32_r1,A,32,1,58.04655352200007,32,6977,6975,2
A_N32_r1,A,32,1,58.2673751909997,32,6996,6994,2
A_N32_r1,A,32,1,58.48063268700025,32,7013,7011,2
A_N32_r1,A,32,1,58.70069189999958,32,7037,7035,2
A_N32_r1,A,32,1,58.91212328100028,32,7061,7059,2
A_N32_r1,A,32,1,59.126503448999756,32,7080,7078,2
A_N32_r1,A,32,1,59.347772381999675,32,7099,7097,2
A_N32_r1,A,32,1,59.571785682000154,32,7119,7117,2
A_N32_r1,A,32,1,59.78969107699959,32,7136,7134,2
A_N32_r1,A,32,1,59.99811515999954,32,7157,7155,2
A_N32_r1,A,32,1,60.19843335800033,11,7178,7176,2
A_N32_r1,A,32,1,60.398991522999495,0,7189,7187,2
A_N32_r2,A,32,2,0.006581738000022597,0,0,0,0
A_N32_r2,A,32,2,0.21010190500055614,32,9,9,0
A_N32_r2,A,32,2,0.41366300099980435,32,43,43,0
A_N32_r2,A,32,2,0.6300875019996965,32,71,71,0
A_N32_r2,A,32,2,0.8315048869999373,32,100,100,0
A_N32_r2,A,32,2,1.0379487540003538,32,131,131,0
A_N32_r2,A,32,2,1.2397643089998382,32,160,160,0
A_N32_r2,A,32,2,1.4413729799998691,32,189,189,0
A_N32_r2,A,32,2,1.6433695420000731,32,224,224,0
A_N32_r2,A,32,2,1.84747187100038,32,253,253,0
A_N32_r2,A,32,2,2.058534290999887,32,286,286,0
A_N32_r2,A,32,2,2.2738969160000124,32,318,318,0
A_N32_r2,A,32,2,2.4754672950002714,32,348,348,0
A_N32_r2,A,32,2,2.679444475999844,32,380,380,0
A_N32_r2,A,32,2,2.8800282820002394,32,410,410,0
A_N32_r2,A,32,2,3.082396544000403,32,441,441,0
A_N32_r2,A,32,2,3.283565376000297,32,470,470,0
A_N32_r2,A,32,2,3.4841620980005246,32,500,500,0
A_N32_r2,A,32,2,3.686902901000394,32,533,533,0
A_N32_r2,A,32,2,3.8876834630000303,32,563,563,0
A_N32_r2,A,32,2,4.0915195460002,32,593,593,0
A_N32_r2,A,32,2,4.292780495000443,32,625,625,0
A_N32_r2,A,32,2,4.493263931000001,32,657,657,0
A_N32_r2,A,32,2,4.697913857999993,32,690,690,0
A_N32_r2,A,32,2,4.903478870000072,32,714,714,0
A_N32_r2,A,32,2,5.107030801000292,32,747,747,0
A_N32_r2,A,32,2,5.308511240000371,32,782,782,0
A_N32_r2,A,32,2,5.509534517000247,32,807,807,0
A_N32_r2,A,32,2,5.711384471000201,32,840,840,0
A_N32_r2,A,32,2,5.912670479000553,32,874,874,0
A_N32_r2,A,32,2,6.117834778000542,32,903,903,0
A_N32_r2,A,32,2,6.321396659000129,32,934,934,0
A_N32_r2,A,32,2,6.523133978999795,32,962,962,0
A_N32_r2,A,32,2,6.724719759999971,32,999,999,0
A_N32_r2,A,32,2,6.925907752000057,32,1028,1028,0
A_N32_r2,A,32,2,7.192070043000058,32,1059,1059,0
A_N32_r2,A,32,2,7.401918380000097,32,1101,1101,0
A_N32_r2,A,32,2,7.61856532100046,32,1123,1123,0
A_N32_r2,A,32,2,7.839033692000157,32,1145,1145,0
A_N32_r2,A,32,2,8.056900540000242,32,1165,1165,0
A_N32_r2,A,32,2,8.270759631000146,32,1186,1186,0
A_N32_r2,A,32,2,8.487873343000501,32,1206,1206,0
A_N32_r2,A,32,2,8.697683749000134,32,1227,1227,0
A_N32_r2,A,32,2,8.920662301999982,32,1248,1248,0
A_N32_r2,A,32,2,9.135316339999918,32,1268,1268,0
A_N32_r2,A,32,2,9.354292165000516,32,1287,1287,0
A_N32_r2,A,32,2,9.571831498999927,32,1309,1309,0
A_N32_r2,A,32,2,9.786977386999752,32,1333,1333,0
A_N32_r2,A,32,2,10.001628650000384,32,1353,1353,0
A_N32_r2,A,32,2,10.213935149999998,32,1373,1373,0
A_N32_r2,A,32,2,10.427620782000304,32,1394,1394,0
A_N32_r2,A,32,2,10.645169375000478,32,1413,1413,0
A_N32_r2,A,32,2,10.86461844400037,32,1435,1435,0
A_N32_r2,A,32,2,11.08186971000032,32,1455,1455,0
A_N32_r2,A,32,2,11.299442108000221,32,1477,1477,0
A_N32_r2,A,32,2,11.511004369000148,32,1496,1496,0
A_N32_r2,A,32,2,11.729996768000092,32,1518,1518,0
A_N32_r2,A,32,2,11.950391843000034,32,1540,1540,0
A_N32_r2,A,32,2,12.167828262000512,32,1561,1561,0
A_N32_r2,A,32,2,12.369358621000174,32,1579,1579,0
A_N32_r2,A,32,2,12.572750942999846,32,1603,1603,0
A_N32_r2,A,32,2,12.773599822000506,32,1638,1638,0
A_N32_r2,A,32,2,12.974020434000522,32,1670,1670,0
A_N32_r2,A,32,2,13.174431637999987,32,1701,1701,0
A_N32_r2,A,32,2,13.376791450000383,32,1731,1731,0
A_N32_r2,A,32,2,13.583503005999773,32,1763,1763,0
A_N32_r2,A,32,2,13.785504143999788,32,1795,1795,0
A_N32_r2,A,32,2,13.997650309999699,32,1826,1826,0
A_N32_r2,A,32,2,14.205544954000288,32,1858,1858,0
A_N32_r2,A,32,2,14.407520724999813,32,1891,1891,0
A_N32_r2,A,32,2,14.611511099000381,32,1921,1921,0
A_N32_r2,A,32,2,14.815459714000099,32,1953,1953,0
A_N32_r2,A,32,2,15.019701399000041,32,1987,1987,0
A_N32_r2,A,32,2,15.221846352000284,32,2016,2016,0
A_N32_r2,A,32,2,15.424981625999862,32,2049,2049,0
A_N32_r2,A,32,2,15.62591139000051,32,2076,2076,0
A_N32_r2,A,32,2,15.830277373000172,32,2109,2109,0
A_N32_r2,A,32,2,16.0308249790005,32,2140,2140,0
A_N32_r2,A,32,2,16.2364290229998,32,2171,2171,0
A_N32_r2,A,32,2,16.44035316300051,32,2200,2200,0
A_N32_r2,A,32,2,16.64714631700008,32,2234,2234,0
A_N32_r2,A,32,2,16.849465324000448,32,2263,2263,0
A_N32_r2,A,32,2,17.055689472000267,32,2294,2294,0
A_N32_r2,A,32,2,17.259512479000477,32,2332,2332,0
A_N32_r2,A,32,2,17.45982702099991,32,2357,2357,0
A_N32_r2,A,32,2,17.6684075459998,32,2387,2387,0
A_N32_r2,A,32,2,17.86889104200054,32,2418,2418,0
A_N32_r2,A,32,2,18.071519889999763,32,2447,2447,0
A_N32_r2,A,32,2,18.276436203999765,32,2479,2479,0
A_N32_r2,A,32,2,18.479514239999844,32,2512,2512,0
A_N32_r2,A,32,2,18.681868274999943,32,2542,2542,0
A_N32_r2,A,32,2,18.883386524999878,32,2574,2574,0
A_N32_r2,A,32,2,19.086809358999744,32,2608,2608,0
A_N32_r2,A,32,2,19.287490341999728,32,2633,2633,0
A_N32_r2,A,32,2,19.490442068000448,32,2665,2665,0
A_N32_r2,A,32,2,19.692908248000094,32,2693,2693,0
A_N32_r2,A,32,2,19.896944283000266,32,2729,2729,0
A_N32_r2,A,32,2,20.100107592999848,32,2763,2763,0
A_N32_r2,A,32,2,20.306560519999948,32,2790,2790,0
A_N32_r2,A,32,2,20.510984946999997,32,2827,2827,0
A_N32_r2,A,32,2,20.71334074600054,32,2855,2855,0
A_N32_r2,A,32,2,20.922937502999957,32,2889,2889,0
A_N32_r2,A,32,2,21.123139242000434,32,2917,2917,0
A_N32_r2,A,32,2,21.323818102000587,32,2945,2945,0
A_N32_r2,A,32,2,21.52743578100035,32,2979,2979,0
A_N32_r2,A,32,2,21.728573286000028,32,3004,3004,0
A_N32_r2,A,32,2,21.93112634299996,32,3034,3034,0
A_N32_r2,A,32,2,22.133630817000267,32,3068,3068,0
A_N32_r2,A,32,2,22.334300610000355,32,3098,3098,0
A_N32_r2,A,32,2,22.539205726000546,32,3132,3132,0
A_N32_r2,A,32,2,22.740595774000212,32,3166,3166,0
A_N32_r2,A,32,2,22.94128514499971,32,3194,3194,0
A_N32_r2,A,32,2,23.145293559000493,32,3224,3224,0
A_N32_r2,A,32,2,23.345922255000005,32,3257,3257,0
A_N32_r2,A,32,2,23.55057460900025,32,3290,3290,0
A_N32_r2,A,32,2,23.75141772400002,32,3320,3320,0
A_N32_r2,A,32,2,23.951738382000258,32,3351,3351,0
A_N32_r2,A,32,2,24.155691161000505,32,3379,3379,0
A_N32_r2,A,32,2,24.359701719999975,32,3414,3414,0
A_N32_r2,A,32,2,24.562219672000538,32,3446,3446,0
A_N32_r2,A,32,2,24.763271206000354,32,3471,3471,0
A_N32_r2,A,32,2,24.98156796600051,32,3513,3513,0
A_N32_r2,A,32,2,25.20435525599987,32,3536,3536,0
A_N32_r2,A,32,2,25.416612081000494,32,3556,3556,0
A_N32_r2,A,32,2,25.634162999999717,32,3575,3575,0
A_N32_r2,A,32,2,25.848974661000284,32,3591,3591,0
A_N32_r2,A,32,2,26.05949153599977,32,3609,3609,0
A_N32_r2,A,32,2,26.27194132099976,32,3628,3628,0
A_N32_r2,A,32,2,26.483729542999754,32,3651,3651,0
A_N32_r2,A,32,2,26.6988040060005,32,3670,3670,0
A_N32_r2,A,32,2,26.920593754000038,32,3693,3693,0
A_N32_r2,A,32,2,27.13140346900036,32,3711,3711,0
A_N32_r2,A,32,2,27.344172193000304,32,3732,3732,0
A_N32_r2,A,32,2,27.56341909799994,32,3755,3755,0
A_N32_r2,A,32,2,27.77366780400007,32,3773,3773,0
A_N32_r2,A,32,2,27.98417789799987,32,3797,3797,0
A_N32_r2,A,32,2,28.19946270299988,32,3819,3819,0
A_N32_r2,A,32,2,28.414483585000198,32,3841,3841,0
A_N32_r2,A,32,2,28.691830829000537,32,3864,3864,0
A_N32_r2,A,32,2,28.907737391999945,32,3886,3886,0
A_N32_r2,A,32,2,29.125887283999873,32,3906,3906,0
A_N32_r2,A,32,2,29.33529069799988,32,3928,3928,0
A_N32_r2,A,32,2,29.54988174099981,32,3951,3951,0
A_N32_r2,A,32,2,29.7684191139997,32,3980,3980,0
A_N32_r2,A,32,2,29.969782095000483,32,4000,4000,0
A_N32_r2,A,32,2,30.17157838300045,32,4025,4025,0
A_N32_r2,A,32,2,30.391328831000465,32,4068,4068,0
A_N32_r2,A,32,2,30.60274653000033,32,4089,4089,0
A_N32_r2,A,32,2,30.814940790000037,32,4110,4110,0
A_N32_r2,A,32,2,31.02774357100043,32,4132,4132,0
A_N32_r2,A,32,2,31.238024530000075,32,4154,4154,0
A_N32_r2,A,32,2,31.448270853000395,32,4179,4179,0
A_N32_r2,A,32,2,31.66472444200008,32,4199,4199,0
A_N32_r2,A,32,2,31.875161859999935,32,4217,4217,0
A_N32_r2,A,32,2,32.08562350500051,32,4236,4236,0
A_N32_r2,A,32,2,32.304064165000455,32,4261,4261,0
A_N32_r2,A,32,2,32.521369900000536,32,4281,4281,0
A_N32_r2,A,32,2,32.735213248000036,32,4298,4298,0
A_N32_r2,A,32,2,32.94955180099987,32,4315,4315,0
A_N32_r2,A,32,2,33.17077209600029,32,4337,4337,0
A_N32_r2,A,32,2,33.38511046900021,32,4354,4354,0
A_N32_r2,A,32,2,33.60761126899979,32,4374,4374,0
A_N32_r2,A,32,2,33.819933765000314,32,4393,4393,0
A_N32_r2,A,32,2,34.0489752350004,32,4416,4416,0
A_N32_r2,A,32,2,34.26651449700057,32,4433,4433,0
A_N32_r2,A,32,2,34.47899390400016,32,4453,4453,0
A_N32_r2,A,32,2,34.6979331069997,32,4474,4474,0
A_N32_r2,A,32,2,34.91623825100032,32,4496,4496,0
A_N32_r2,A,32,2,35.13569213699975,32,4515,4515,0
A_N32_r2,A,32,2,35.34076200399977,32,4531,4531,0
A_N32_r2,A,32,2,35.543523608000214,32,4555,4554,1
A_N32_r2,A,32,2,35.74666292300026,32,4583,4582,1
A_N32_r2,A,32,2,35.947497820000535,32,4615,4614,1
A_N32_r2,A,32,2,36.16374137100047,32,4655,4654,1
A_N32_r2,A,32,2,36.37832594600059,32,4678,4677,1
A_N32_r2,A,32,2,36.59359475600013,32,4699,4698,1
A_N32_r2,A,32,2,36.81349185900035,32,4716,4715,1
A_N32_r2,A,32,2,37.036239631999706,32,4737,4736,1
A_N32_r2,A,32,2,37.2576483390003,32,4758,4757,1
A_N32_r2,A,32,2,37.48106021000058,32,4781,4780,1
A_N32_r2,A,32,2,37.69640522700047,32,4802,4801,1
A_N32_r2,A,32,2,37.918770950999715,32,4825,4824,1
A_N32_r2,A,32,2,38.127802521000376,32,4844,4843,1
A_N32_r2,A,32,2,38.339302399999724,32,4868,4867,1
A_N32_r2,A,32,2,38.55470646100002,32,4891,4890,1
A_N32_r2,A,32,2,38.77250262600046,32,4912,4911,1
A_N32_r2,A,32,2,38.98988640400057,32,4934,4933,1
A_N32_r2,A,32,2,39.2112123349998,32,4955,4954,1
A_N32_r2,A,32,2,39.4342696599997,32,4979,4978,1
A_N32_r2,A,32,2,39.64906357700056,32,5001,5000,1
A_N32_r2,A,32,2,39.86451679200036,32,5021,5020,1
A_N32_r2,A,32,2,40.08796484300001,32,5039,5038,1
A_N32_r2,A,32,2,40.30016173400054,32,5060,5059,1
A_N32_r2,A,32,2,40.515793921000295,32,5082,5081,1
A_N32_r2,A,32,2,40.72976569000002,32,5102,5101,1
A_N32_r2,A,32,2,40.93828328099971,32,5120,5119,1
A_N32_r2,A,32,2,41.14524136599994,32,5141,5140,1
A_N32_r2,A,32,2,41.348279791000095,32,5163,5162,1
A_N32_r2,A,32,2,41.550282831000004,32,5190,5189,1
A_N32_r2,A,32,2,41.750799274999736,32,5220,5219,1
A_N32_r2,A,32,2,41.95817577900016,32,5248,5247,1
A_N32_r2,A,32,2,42.16858220500035,32,5285,5284,1
A_N32_r2,A,32,2,42.38887418500053,32,5318,5317,1
A_N32_r2,A,32,2,42.60502327999984,32,5346,5345,1
A_N32_r2,A,32,2,42.81693350600017,32,5366,5365,1
A_N32_r2,A,32,2,43.03226315699976,32,5383,5382,1
A_N32_r2,A,32,2,43.250852779000525,32,5408,5407,1
A_N32_r2,A,32,2,43.468589484000404,32,5433,5432,1
A_N32_r2,A,32,2,43.68254399200032,32,5452,5451,1
A_N32_r2,A,32,2,43.902542974000426,32,5472,5471,1
A_N32_r2,A,32,2,44.12425141800031,32,5494,5493,1
A_N32_r2,A,32,2,44.337674903000334,32,5514,5513,1
A_N32_r2,A,32,2,44.55014296399986,32,5533,5532,1
A_N32_r2,A,32,2,44.77152101899992,32,5553,5552,1
A_N32_r2,A,32,2,44.99113046900038,32,5572,5571,1
A_N32_r2,A,32,2,45.21278030200028,32,5590,5589,1
A_N32_r2,A,32,2,45.43133977799971,32,5612,5611,1
A_N32_r2,A,32,2,45.65418702599982,32,5631,5630,1
A_N32_r2,A,32,2,45.86922046500058,32,5649,5648,1
A_N32_r2,A,32,2,46.087434001000474,32,5667,5666,1
A_N32_r2,A,32,2,46.30418045799979,32,5688,5687,1
A_N32_r2,A,32,2,46.52386163600022,32,5711,5710,1
A_N32_r2,A,32,2,46.740252825000425,32,5728,5727,1
A_N32_r2,A,32,2,46.96328463700047,32,5748,5747,1
A_N32_r2,A,32,2,47.17350733500007,32,5767,5766,1
A_N32_r2,A,32,2,47.38153790100023,32,5787,5786,1
A_N32_r2,A,32,2,47.58739972800049,32,5808,5807,1
A_N32_r2,A,32,2,47.78860550100035,32,5836,5835,1
A_N32_r2,A,32,2,47.989532360999874,32,5868,5867,1
A_N32_r2,A,32,2,48.191513624000436,32,5895,5894,1
A_N32_r2,A,32,2,48.393453517000125,32,5926,5925,1
A_N32_r2,A,32,2,48.62360927500049,32,5969,5968,1
A_N32_r2,A,32,2,48.838814421999814,32,5991,5990,1
A_N32_r2,A,32,2,49.05990895800005,32,6011,6010,1
A_N32_r2,A,32,2,49.281383250000545,32,6037,6036,1
A_N32_r2,A,32,2,49.50048772900027,32,6058,6057,1
A_N32_r2,A,32,2,49.71264831700046,32,6078,6077,1
A_N32_r2,A,32,2,49.93253823499981,32,6102,6101,1
A_N32_r2,A,32,2,50.14715338800033,32,6119,6118,1
A_N32_r2,A,32,2,50.36695108999993,32,6143,6142,1
A_N32_r2,A,32,2,50.580565303000185,32,6160,6159,1
A_N32_r2,A,32,2,50.79890779900052,32,6179,6178,1
A_N32_r2,A,32,2,51.011027589999685,32,6199,6198,1
A_N32_r2,A,32,2,51.22355543000049,32,6219,6218,1
A_N32_r2,A,32,2,51.447978610000064,32,6238,6237,1
A_N32_r2,A,32,2,51.67410853700039,32,6259,6258,1
A_N32_r2,A,32,2,51.88552224199975,32,6274,6273,1
A_N32_r2,A,32,2,52.09976015600023,32,6296,6295,1
A_N32_r2,A,32,2,52.30890320799972,32,6318,6317,1
A_N32_r2,A,32,2,52.525756181999895,32,6343,6342,1
A_N32_r2,A,32,2,52.745958858999984,32,6369,6368,1
A_N32_r2,A,32,2,52.96444578200044,32,6390,6389,1
A_N32_r2,A,32,2,53.182689010000104,32,6412,6411,1
A_N32_r2,A,32,2,53.40598148299978,32,6430,6429,1
A_N32_r2,A,32,2,53.6074957589999,32,6445,6444,1
A_N32_r2,A,32,2,53.81235706999996,32,6473,6472,1
A_N32_r2,A,32,2,54.012934718,32,6506,6505,1
A_N32_r2,A,32,2,54.231339625000146,32,6544,6543,1
A_N32_r2,A,32,2,54.45385201099998,32,6563,6562,1
A_N32_r2,A,32,2,54.67489746699994,32,6585,6584,1
A_N32_r2,A,32,2,54.89123335699969,32,6608,6607,1
A_N32_r2,A,32,2,55.116869534000216,32,6631,6630,1
A_N32_r2,A,32,2,55.39688011300041,32,6654,6653,1
A_N32_r2,A,32,2,55.60740909100059,32,6678,6677,1
A_N32_r2,A,32,2,55.823068239999884,32,6697,6696,1
A_N32_r2,A,32,2,56.03518444800011,32,6721,6720,1
A_N32_r2,A,32,2,56.258792866000476,32,6744,6743,1
A_N32_r2,A,32,2,56.47612669099999,32,6763,6762,1
A_N32_r2,A,32,2,56.68534809599987,32,6782,6781,1
A_N32_r2,A,32,2,56.89585986200018,32,6805,6804,1
A_N32_r2,A,32,2,57.11362729400025,32,6827,6826,1
A_N32_r2,A,32,2,57.33249968600012,32,6851,6850,1
A_N32_r2,A,32,2,57.543844452000485,32,6874,6873,1
A_N32_r2,A,32,2,57.762339494000116,32,6899,6898,1
A_N32_r2,A,32,2,57.977804113000275,32,6919,6918,1
A_N32_r2,A,32,2,58.195777470000394,32,6942,6941,1
A_N32_r2,A,32,2,58.406515949000095,32,6965,6964,1
A_N32_r2,A,32,2,58.626290684000196,32,6989,6988,1
A_N32_r2,A,32,2,58.844803990999935,32,7008,7007,1
A_N32_r2,A,32,2,59.074119071000496,32,7025,7024,1
A_N32_r2,A,32,2,59.27601387499999,32,7045,7044,1
A_N32_r2,A,32,2,59.47813870899972,32,7064,7063,1
A_N32_r2,A,32,2,59.71763465799995,32,7102,7101,1
A_N32_r2,A,32,2,59.94035919199996,32,7123,7122,1
A_N32_r2,A,32,2,60.145392717000504,18,7143,7142,1
A_N32_r2,A,32,2,60.34629696100001,0,7161,7160,1
A_N32_r3,A,32,3,0.006394693000402185,0,0,0,0
A_N32_r3,A,32,3,0.2074930589997166,32,10,10,0
A_N32_r3,A,32,3,0.4093573159998414,32,38,38,0
A_N32_r3,A,32,3,0.6111484929997459,32,66,66,0
A_N32_r3,A,32,3,0.8272947160003241,32,106,106,0
A_N32_r3,A,32,3,1.039112638000006,32,123,123,0
A_N32_r3,A,32,3,1.247656042000017,32,143,143,0
A_N32_r3,A,32,3,1.4626812639999116,32,167,167,0
A_N32_r3,A,32,3,1.6834396479998759,32,189,189,0
A_N32_r3,A,32,3,1.8935453940002844,32,208,208,0
A_N32_r3,A,32,3,2.1147913490003702,32,229,229,0
A_N32_r3,A,32,3,2.336662736999642,32,250,250,0
A_N32_r3,A,32,3,2.561091755999769,32,272,272,0
A_N32_r3,A,32,3,2.7869675560004907,32,293,293,0
A_N32_r3,A,32,3,3.010968077999678,32,314,314,0
A_N32_r3,A,32,3,3.2305155920003017,32,333,333,0
A_N32_r3,A,32,3,3.4461957160001475,32,351,351,0
A_N32_r3,A,32,3,3.661499281000033,32,371,371,0
A_N32_r3,A,32,3,3.869912457999817,32,390,390,0
A_N32_r3,A,32,3,4.086921930000244,32,416,416,0
A_N32_r3,A,32,3,4.3017476229997555,32,437,437,0
A_N32_r3,A,32,3,4.520543053000438,32,461,461,0
A_N32_r3,A,32,3,4.734466875999715,32,485,485,0
A_N32_r3,A,32,3,4.946559586000149,32,505,505,0
A_N32_r3,A,32,3,5.155185900000106,32,528,528,0
A_N32_r3,A,32,3,5.371977585999957,32,547,547,0
A_N32_r3,A,32,3,5.587393517999772,32,568,568,0
A_N32_r3,A,32,3,5.7932169340001565,32,587,587,0
A_N32_r3,A,32,3,5.9957311950001895,32,612,612,0
A_N32_r3,A,32,3,6.197257589999936,32,647,647,0
A_N32_r3,A,32,3,6.397680891999698,32,674,674,0
A_N32_r3,A,32,3,6.601618098000472,32,706,706,0
A_N32_r3,A,32,3,6.803444287000275,32,740,740,0
A_N32_r3,A,32,3,7.0042210130004605,32,768,768,0
A_N32_r3,A,32,3,7.210889001000396,32,801,801,0
A_N32_r3,A,32,3,7.411967384000491,32,832,832,0
A_N32_r3,A,32,3,7.619078507999802,32,866,866,0
A_N32_r3,A,32,3,7.820556292000219,32,893,893,0
A_N32_r3,A,32,3,8.021734945999924,32,924,924,0
A_N32_r3,A,32,3,8.222690243000216,32,952,952,0
A_N32_r3,A,32,3,8.42528941799992,32,991,991,0
A_N32_r3,A,32,3,8.642853909999758,32,1023,1023,0
A_N32_r3,A,32,3,8.860820150999643,32,1055,1055,0
A_N32_r3,A,32,3,9.075492525999834,32,1075,1075,0
A_N32_r3,A,32,3,9.290488087000085,32,1096,1096,0
A_N32_r3,A,32,3,9.500149839999722,32,1114,1114,0
A_N32_r3,A,32,3,9.716910269000437,32,1139,1139,0
A_N32_r3,A,32,3,9.934184661000472,32,1163,1163,0
A_N32_r3,A,32,3,10.147388383000362,32,1183,1183,0
A_N32_r3,A,32,3,10.36443564000001,32,1201,1201,0
A_N32_r3,A,32,3,10.578175225999985,32,1223,1223,0
A_N32_r3,A,32,3,10.79284859299969,32,1247,1247,0
A_N32_r3,A,32,3,11.003879349999806,32,1266,1266,0
A_N32_r3,A,32,3,11.22447159300009,32,1287,1287,0
A_N32_r3,A,32,3,11.435830977000478,32,1304,1304,0
A_N32_r3,A,32,3,11.649926330999733,32,1321,1321,0
A_N32_r3,A,32,3,11.867804235000222,32,1342,1342,0
A_N32_r3,A,32,3,12.080701093999778,32,1358,1358,0
A_N32_r3,A,32,3,12.304852148999998,32,1377,1377,0
A_N32_r3,A,32,3,12.521566602999883,32,1398,1398,0
A_N32_r3,A,32,3,12.737122915999862,32,1419,1419,0
A_N32_r3,A,32,3,12.954441062000114,32,1438,1438,0
A_N32_r3,A,32,3,13.168274589000248,32,1457,1457,0
A_N32_r3,A,32,3,13.381214600000021,32,1477,1477,0
A_N32_r3,A,32,3,13.598576530000173,32,1503,1503,0
A_N32_r3,A,32,3,13.80122515200037,32,1524,1524,0
A_N32_r3,A,32,3,14.002822217999892,32,1549,1549,0
A_N32_r3,A,32,3,14.206414792000032,32,1586,1586,0
A_N32_r3,A,32,3,14.414482825999585,32,1611,1611,0
A_N32_r3,A,32,3,14.61711407599978,32,1644,1644,0
A_N32_r3,A,32,3,14.82942776300024,32,1680,1680,0
A_N32_r3,A,32,3,15.04114295799991,32,1714,1714,0
A_N32_r3,A,32,3,15.260250389999783,32,1738,1738,0
A_N32_r3,A,32,3,15.476425056000153,32,1759,1759,0
A_N32_r3,A,32,3,15.694627220000257,32,1776,1776,0
A_N32_r3,A,32,3,15.908028243000444,32,1797,1797,0
A_N32_r3,A,32,3,16.12442545399972,32,1820,1820,0
A_N32_r3,A,32,3,16.345572178999646,32,1845,1845,0
A_N32_r3,A,32,3,16.558150871999715,32,1866,1866,0
A_N32_r3,A,32,3,16.776216287000352,32,1888,1888,0
A_N32_r3,A,32,3,16.987808619000134,32,1905,1905,0
A_N32_r3,A,32,3,17.19964029699986,32,1928,1928,0
A_N32_r3,A,32,3,17.41473160700025,32,1950,1950,0
A_N32_r3,A,32,3,17.636941570999625,32,1972,1972,0
A_N32_r3,A,32,3,17.857638368000153,32,1986,1986,0
A_N32_r3,A,32,3,18.076633908000076,32,2013,2013,0
A_N32_r3,A,32,3,18.292107428000236,32,2030,2030,0
A_N32_r3,A,32,3,18.504008900000372,32,2050,2050,0
A_N32_r3,A,32,3,18.723840225999993,32,2073,2073,0
A_N32_r3,A,32,3,18.9417827770003,32,2093,2093,0
A_N32_r3,A,32,3,19.156863979000263,32,2115,2115,0
A_N32_r3,A,32,3,19.369894677000048,32,2134,2134,0
A_N32_r3,A,32,3,19.588558223999826,32,2155,2155,0
A_N32_r3,A,32,3,19.80146908400002,32,2174,2174,0
A_N32_r3,A,32,3,20.007489704999898,32,2192,2192,0
A_N32_r3,A,32,3,20.208186486999693,32,2216,2216,0
A_N32_r3,A,32,3,20.42245027900026,32,2254,2254,0
A_N32_r3,A,32,3,20.641440149999653,32,2282,2282,0
A_N32_r3,A,32,3,20.859961326999837,32,2304,2304,0
A_N32_r3,A,32,3,21.076879434999682,32,2323,2323,0
A_N32_r3,A,32,3,21.291047634999813,32,2342,2342,0
A_N32_r3,A,32,3,21.5074826809996,32,2363,2363,0
A_N32_r3,A,32,3,21.726901601000463,32,2389,2389,0
A_N32_r3,A,32,3,21.94850391900036,32,2411,2411,0
A_N32_r3,A,32,3,22.16396015800001,32,2431,2431,0
A_N32_r3,A,32,3,22.374916359000053,32,2451,2451,0
A_N32_r3,A,32,3,22.59165951399973,32,2471,2471,0
A_N32_r3,A,32,3,22.806424784999763,32,2494,2494,0
A_N32_r3,A,32,3,23.0244158710002,32,2512,2512,0
A_N32_r3,A,32,3,23.242802392999693,32,2531,2531,0
A_N32_r3,A,32,3,23.457450099000198,32,2555,2555,0
A_N32_r3,A,32,3,23.679701035999642,32,2574,2574,0
A_N32_r3,A,32,3,23.89191114100049,32,2596,2596,0
A_N32_r3,A,32,3,24.106598233000113,32,2614,2614,0
A_N32_r3,A,32,3,24.328272189000018,32,2635,2635,0
A_N32_r3,A,32,3,24.54433012699974,32,2655,2655,0
A_N32_r3,A,32,3,24.76468281199959,32,2674,2674,0
A_N32_r3,A,32,3,24.980671559000257,32,2692,2692,0
A_N32_r3,A,32,3,25.194315560999712,32,2715,2715,0
A_N32_r3,A,32,3,25.401675551000153,32,2734,2734,0
A_N32_r3,A,32,3,25.603205215000344,32,2754,2753,1
A_N32_r3,A,32,3,25.804984043999866,32,2780,2779,1
A_N32_r3,A,32,3,26.00788528599969,32,2814,2813,1
A_N32_r3,A,32,3,26.208521675000156,32,2845,2844,1
A_N32_r3,A,32,3,26.432432040000094,32,2886,2885,1
A_N32_r3,A,32,3,26.64528460299971,32,2909,2908,1
A_N32_r3,A,32,3,26.858650285000294,32,2929,2928,1
A_N32_r3,A,32,3,27.077741152999806,32,2950,2949,1
A_N32_r3,A,32,3,27.294947565000257,32,2973,2972,1
A_N32_r3,A,32,3,27.513671333000275,32,2994,2993,1
A_N32_r3,A,32,3,27.73358820700014,32,3014,3013,1
A_N32_r3,A,32,3,27.951905851000447,32,3034,3033,1
A_N32_r3,A,32,3,28.16014414900019,32,3053,3052,1
A_N32_r3,A,32,3,28.368358190000436,32,3071,3070,1
A_N32_r3,A,32,3,28.589294440999765,32,3094,3093,1
A_N32_r3,A,32,3,28.80693530299959,32,3116,3115,1
A_N32_r3,A,32,3,29.02088344799995,32,3139,3138,1
A_N32_r3,A,32,3,29.238865631999943,32,3161,3160,1
A_N32_r3,A,32,3,29.45107388500037,32,3178,3177,1
A_N32_r3,A,32,3,29.66653328800021,32,3199,3198,1
A_N32_r3,A,32,3,29.88281585200002,32,3222,3221,1
A_N32_r3,A,32,3,30.096336761000202,32,3248,3247,1
A_N32_r3,A,32,3,30.318199946999812,32,3271,3270,1
A_N32_r3,A,32,3,30.53290741100045,32,3291,3290,1
A_N32_r3,A,32,3,30.7539659439999,32,3312,3311,1
A_N32_r3,A,32,3,30.974471509000068,32,3333,3332,1
A_N32_r3,A,32,3,31.18569165900044,32,3356,3355,1
A_N32_r3,A,32,3,31.39487205400019,32,3379,3378,1
A_N32_r3,A,32,3,31.597272410000187,32,3402,3401,1
A_N32_r3,A,32,3,31.801344837000215,32,3438,3437,1
A_N32_r3,A,32,3,32.00530235499991,32,3464,3463,1
A_N32_r3,A,32,3,32.21221268800036,32,3498,3497,1
A_N32_r3,A,32,3,32.414064597000106,32,3531,3530,1
A_N32_r3,A,32,3,32.61729272800039,32,3560,3559,1
A_N32_r3,A,32,3,32.81845964100012,32,3588,3587,1
A_N32_r3,A,32,3,33.021593997999844,32,3626,3625,1
A_N32_r3,A,32,3,33.22526510100033,32,3653,3652,1
A_N32_r3,A,32,3,33.428367927999716,32,3683,3682,1
A_N32_r3,A,32,3,33.62875458400049,32,3716,3715,1
A_N32_r3,A,32,3,33.829306648000056,32,3745,3744,1
A_N32_r3,A,32,3,34.03330850400016,32,3776,3775,1
A_N32_r3,A,32,3,34.23397780200048,32,3810,3809,1
A_N32_r3,A,32,3,34.4488631309996,32,3844,3843,1
A_N32_r3,A,32,3,34.66706990700004,32,3876,3875,1
A_N32_r3,A,32,3,34.885264503000144,32,3893,3892,1
A_N32_r3,A,32,3,35.10789151900008,32,3915,3914,1
A_N32_r3,A,32,3,35.31715561300007,32,3935,3934,1
A_N32_r3,A,32,3,35.53150513000037,32,3956,3955,1
A_N32_r3,A,32,3,35.73996362700018,32,3974,3973,1
A_N32_r3,A,32,3,35.95377019999978,32,3996,3995,1
A_N32_r3,A,32,3,36.17131655400044,32,4019,4018,1
A_N32_r3,A,32,3,36.384290275999774,32,4036,4035,1
A_N32_r3,A,32,3,36.60363497199978,32,4061,4060,1
A_N32_r3,A,32,3,36.816601137999896,32,4078,4077,1
A_N32_r3,A,32,3,37.03695253400019,32,4101,4100,1
A_N32_r3,A,32,3,37.2552192029998,32,4122,4121,1
A_N32_r3,A,32,3,37.474550848000035,32,4138,4137,1
A_N32_r3,A,32,3,37.697011950999695,32,4159,4158,1
A_N32_r3,A,32,3,37.91220716400039,32,4177,4176,1
A_N32_r3,A,32,3,38.130965917999674,32,4199,4198,1
A_N32_r3,A,32,3,38.348931515000004,32,4221,4220,1
A_N32_r3,A,32,3,38.56432543000028,32,4239,4238,1
A_N32_r3,A,32,3,38.777379543999814,32,4262,4261,1
A_N32_r3,A,32,3,38.996863962000134,32,4282,4281,1
A_N32_r3,A,32,3,39.21046752300026,32,4306,4305,1
A_N32_r3,A,32,3,39.41593857499993,32,4328,4327,1
A_N32_r3,A,32,3,39.61630343199977,32,4350,4349,1
A_N32_r3,A,32,3,39.817771115999676,32,4379,4378,1
A_N32_r3,A,32,3,40.01973585500036,32,4410,4409,1
A_N32_r3,A,32,3,40.221461406000344,32,4441,4440,1
A_N32_r3,A,32,3,40.4248024970002,32,4470,4469,1
A_N32_r3,A,32,3,40.629265751000275,32,4499,4498,1
A_N32_r3,A,32,3,40.8308718469998,32,4530,4529,1
A_N32_r3,A,32,3,41.03954582999995,32,4565,4564,1
A_N32_r3,A,32,3,41.24211482499959,32,4595,4594,1
A_N32_r3,A,32,3,41.463726508000036,32,4636,4635,1
A_N32_r3,A,32,3,41.681680323000364,32,4662,4661,1
A_N32_r3,A,32,3,41.89305990200046,32,4688,4687,1
A_N32_r3,A,32,3,42.123390489000485,32,4711,4710,1
A_N32_r3,A,32,3,42.33959125900037,32,4732,4731,1
A_N32_r3,A,32,3,42.55280252299963,32,4745,4744,1
A_N32_r3,A,32,3,42.76186367900027,32,4767,4766,1
A_N32_r3,A,32,3,42.97879605399976,32,4788,4787,1
A_N32_r3,A,32,3,43.19698577700001,32,4810,4809,1
A_N32_r3,A,32,3,43.40605577699989,32,4832,4831,1
A_N32_r3,A,32,3,43.615619874000004,32,4851,4850,1
A_N32_r3,A,32,3,43.83823871200002,32,4874,4873,1
A_N32_r3,A,32,3,44.058266946,32,4893,4892,1
A_N32_r3,A,32,3,44.27679634800006,32,4912,4911,1
A_N32_r3,A,32,3,44.48936048399992,32,4937,4936,1
A_N32_r3,A,32,3,44.69850239399966,32,4954,4953,1
A_N32_r3,A,32,3,44.92020687399963,32,4978,4977,1
A_N32_r3,A,32,3,45.13287175200003,32,4996,4995,1
A_N32_r3,A,32,3,45.344101276999936,32,5013,5012,1
A_N32_r3,A,32,3,45.57366127000023,32,5033,5032,1
A_N32_r3,A,32,3,45.789874017999864,32,5053,5052,1
A_N32_r3,A,32,3,46.00746064800023,32,5071,5070,1
A_N32_r3,A,32,3,46.22274395899967,32,5092,5091,1
A_N32_r3,A,32,3,46.431846769,32,5117,5116,1
A_N32_r3,A,32,3,46.633409447000304,32,5134,5133,1
A_N32_r3,A,32,3,46.834721854000236,32,5161,5160,1
A_N32_r3,A,32,3,47.039060119999704,32,5197,5196,1
A_N32_r3,A,32,3,47.25132967100035,32,5231,5230,1
A_N32_r3,A,32,3,47.46170124299988,32,5263,5262,1
A_N32_r3,A,32,3,47.66856641800041,32,5296,5295,1
A_N32_r3,A,32,3,47.88027978900027,32,5326,5325,1
A_N32_r3,A,32,3,48.084000597999875,32,5359,5358,1
A_N32_r3,A,32,3,48.28451139800018,32,5383,5382,1
A_N32_r3,A,32,3,48.485259140999915,32,5417,5416,1
A_N32_r3,A,32,3,48.690001807000044,32,5442,5441,1
A_N32_r3,A,32,3,48.8930360610002,32,5474,5473,1
A_N32_r3,A,32,3,49.09606506599994,32,5509,5508,1
A_N32_r3,A,32,3,49.296797822999906,32,5540,5539,1
A_N32_r3,A,32,3,49.497672446999786,32,5570,5569,1
A_N32_r3,A,32,3,49.699700825000036,32,5600,5599,1
A_N32_r3,A,32,3,49.905648556000415,32,5633,5632,1
A_N32_r3,A,32,3,50.10674342400034,32,5665,5664,1
A_N32_r3,A,32,3,50.30885208400014,32,5695,5694,1
A_N32_r3,A,32,3,50.51259597199987,32,5724,5723,1
A_N32_r3,A,32,3,50.71533163000004,32,5760,5759,1
A_N32_r3,A,32,3,50.91870898199977,32,5792,5791,1
A_N32_r3,A,32,3,51.11969448699983,32,5816,5815,1
A_N32_r3,A,32,3,51.323940829000094,32,5854,5853,1
A_N32_r3,A,32,3,51.52529434400003,32,5879,5878,1
A_N32_r3,A,32,3,51.727094329000465,32,5915,5914,1
A_N32_r3,A,32,3,51.9289432759997,32,5939,5938,1
A_N32_r3,A,32,3,52.14567832600005,32,5979,5978,1
A_N32_r3,A,32,3,52.360720702000435,32,5995,5994,1
A_N32_r3,A,32,3,52.57235820999995,32,6013,6012,1
A_N32_r3,A,32,3,52.787017112000285,32,6034,6033,1
A_N32_r3,A,32,3,53.0036518070001,32,6058,6057,1
A_N32_r3,A,32,3,53.22422664300029,32,6080,6079,1
A_N32_r3,A,32,3,53.4365784849997,32,6099,6098,1
A_N32_r3,A,32,3,53.650014007999744,32,6121,6120,1
A_N32_r3,A,32,3,53.866338994000216,32,6140,6139,1
A_N32_r3,A,32,3,54.086232755999845,32,6159,6158,1
A_N32_r3,A,32,3,54.310650424000414,32,6184,6183,1
A_N32_r3,A,32,3,54.537830393999684,32,6201,6200,1
A_N32_r3,A,32,3,54.75709491900034,32,6219,6218,1
A_N32_r3,A,32,3,54.973446889000115,32,6238,6237,1
A_N32_r3,A,32,3,55.190033760000006,32,6258,6257,1
A_N32_r3,A,32,3,55.398821609999686,32,6278,6277,1
A_N32_r3,A,32,3,55.615918086999955,32,6300,6299,1
A_N32_r3,A,32,3,55.83421689700026,32,6320,6319,1
A_N32_r3,A,32,3,56.05038623699966,32,6341,6340,1
A_N32_r3,A,32,3,56.26246049499969,32,6361,6360,1
A_N32_r3,A,32,3,56.47886167999968,32,6381,6380,1
A_N32_r3,A,32,3,56.69290638500024,32,6398,6397,1
A_N32_r3,A,32,3,56.90599474800001,32,6421,6420,1
A_N32_r3,A,32,3,57.11835112599965,32,6446,6445,1
A_N32_r3,A,32,3,57.31973184399976,32,6468,6467,1
A_N32_r3,A,32,3,57.52120414300043,32,6492,6491,1
A_N32_r3,A,32,3,57.72276621200035,32,6525,6524,1
A_N32_r3,A,32,3,57.92398193200006,32,6553,6552,1
A_N32_r3,A,32,3,58.132785456999954,32,6592,6591,1
A_N32_r3,A,32,3,58.33387708400005,32,6619,6618,1
A_N32_r3,A,32,3,58.537636275000295,32,6649,6648,1
A_N32_r3,A,32,3,58.740029556999616,32,6681,6680,1
A_N32_r3,A,32,3,58.94126956299988,32,6714,6713,1
A_N32_r3,A,32,3,59.14633859500009,32,6744,6743,1
A_N32_r3,A,32,3,59.355903450999904,32,6780,6779,1
A_N32_r3,A,32,3,59.569322438999734,32,6809,6808,1
A_N32_r3,A,32,3,59.77655390200016,32,6826,6825,1
A_N32_r3,A,32,3,59.99064795899994,32,6848,6847,1
A_N32_r3,A,32,3,60.19189499000004,9,6872,6871,1
A_N32_r3,A,32,3,60.393027086000075,0,6881,6880,1
A_N32_r4,A,32,4,0.006637944999965839,0,0,0,0
A_N32_r4,A,32,4,0.2085618169994632,32,11,11,0
A_N32_r4,A,32,4,0.4086829769994438,32,39,39,0
A_N32_r4,A,32,4,0.6224679759998253,32,72,72,0
A_N32_r4,A,32,4,0.8447992909996174,32,103,103,0
A_N32_r4,A,32,4,1.0696549849999428,32,122,122,0
A_N32_r4,A,32,4,1.2862171979995765,32,142,142,0
A_N32_r4,A,32,4,1.5026996809992852,32,162,162,0
A_N32_r4,A,32,4,1.7186995980000574,32,186,186,0
A_N32_r4,A,32,4,1.9299307470000713,32,203,203,0
A_N32_r4,A,32,4,2.155743956999686,32,225,225,0
A_N32_r4,A,32,4,2.3669212669992703,32,247,247,0
A_N32_r4,A,32,4,2.5837456339995697,32,271,271,0
A_N32_r4,A,32,4,2.8083089829997334,32,290,290,0
A_N32_r4,A,32,4,3.0282145020000826,32,313,313,0
A_N32_r4,A,32,4,3.2470403269999224,32,332,332,0
A_N32_r4,A,32,4,3.459392834999562,32,354,354,0
A_N32_r4,A,32,4,3.689501852999456,32,374,374,0
A_N32_r4,A,32,4,3.9013900599993576,32,392,392,0
A_N32_r4,A,32,4,4.120689939999465,32,414,414,0
A_N32_r4,A,32,4,4.340623706999395,32,437,437,0
A_N32_r4,A,32,4,4.556704442999944,32,458,458,0
A_N32_r4,A,32,4,4.773146607999479,32,480,480,0
A_N32_r4,A,32,4,4.991415560999485,32,503,503,0
A_N32_r4,A,32,4,5.20183304999955,32,524,524,0
A_N32_r4,A,32,4,5.419496419000097,32,545,545,0
A_N32_r4,A,32,4,5.6294247309997445,32,565,565,0
A_N32_r4,A,32,4,5.831613188999654,32,582,582,0
A_N32_r4,A,32,4,6.03448849599954,32,612,612,0
A_N32_r4,A,32,4,6.2367195560000255,32,642,642,0
A_N32_r4,A,32,4,6.436956101999385,32,672,672,0
A_N32_r4,A,32,4,6.6378097059996435,32,705,705,0
A_N32_r4,A,32,4,6.853769119999924,32,743,743,0
A_N32_r4,A,32,4,7.066963064999982,32,772,772,0
A_N32_r4,A,32,4,7.28796394299934,32,790,790,0
A_N32_r4,A,32,4,7.496977572000105,32,813,813,0
A_N32_r4,A,32,4,7.707685942999888,32,836,836,0
A_N32_r4,A,32,4,7.923761876999379,32,861,861,0
A_N32_r4,A,32,4,8.144959631999882,32,881,881,0
A_N32_r4,A,32,4,8.363022587999694,32,899,899,0
A_N32_r4,A,32,4,8.584824400999423,32,920,920,0
A_N32_r4,A,32,4,8.8025658939996,32,939,939,0
A_N32_r4,A,32,4,9.021066390999295,32,955,955,0
A_N32_r4,A,32,4,9.240692843000033,32,976,976,0
A_N32_r4,A,32,4,9.455279015999622,32,995,995,0
A_N32_r4,A,32,4,9.671435917999588,32,1014,1014,0
A_N32_r4,A,32,4,9.889348142999552,32,1032,1032,0
A_N32_r4,A,32,4,10.1043744159997,32,1052,1052,0
A_N32_r4,A,32,4,10.316553173000102,32,1068,1068,0
A_N32_r4,A,32,4,10.540472785999555,32,1088,1088,0
A_N32_r4,A,32,4,10.757285149999916,32,1107,1107,0
A_N32_r4,A,32,4,10.97456741499991,32,1123,1123,0
A_N32_r4,A,32,4,11.197081900999365,32,1141,1141,0
A_N32_r4,A,32,4,11.423428231999424,32,1163,1163,0
A_N32_r4,A,32,4,11.647906045999662,32,1185,1185,0
A_N32_r4,A,32,4,11.854996663999373,32,1202,1202,0
A_N32_r4,A,32,4,12.056456123999851,32,1225,1225,0
A_N32_r4,A,32,4,12.260523098999329,32,1248,1248,0
A_N32_r4,A,32,4,12.479502012999546,32,1289,1289,0
A_N32_r4,A,32,4,12.691272436999498,32,1313,1313,0
A_N32_r4,A,32,4,12.905172708999999,32,1330,1330,0
A_N32_r4,A,32,4,13.122646062999593,32,1351,1351,0
A_N32_r4,A,32,4,13.342365479999899,32,1371,1371,0
A_N32_r4,A,32,4,13.559600163000141,32,1386,1386,0
A_N32_r4,A,32,4,13.784178752000116,32,1406,1406,0
A_N32_r4,A,32,4,14.00283417099945,32,1424,1424,0
A_N32_r4,A,32,4,14.21656402699955,32,1442,1442,0
A_N32_r4,A,32,4,14.435378006000064,32,1461,1461,0
A_N32_r4,A,32,4,14.650083384000027,32,1479,1479,0
A_N32_r4,A,32,4,14.86442106100003,32,1501,1501,0
A_N32_r4,A,32,4,15.074258933999772,32,1523,1523,0
A_N32_r4,A,32,4,15.287656046999473,32,1544,1544,0
A_N32_r4,A,32,4,15.496816838000086,32,1568,1568,0
A_N32_r4,A,32,4,15.714973555999677,32,1587,1587,0
A_N32_r4,A,32,4,15.935681192999255,32,1609,1609,0
A_N32_r4,A,32,4,16.15041750799992,32,1628,1628,0
A_N32_r4,A,32,4,16.36644197499936,32,1647,1647,0
A_N32_r4,A,32,4,16.584795535000012,32,1666,1666,0
A_N32_r4,A,32,4,16.79786978499942,32,1685,1685,0
A_N32_r4,A,32,4,17.014633148999565,32,1709,1709,0
A_N32_r4,A,32,4,17.224741682999593,32,1728,1728,0
A_N32_r4,A,32,4,17.439158253999267,32,1751,1751,0
A_N32_r4,A,32,4,17.640018074999716,32,1774,1774,0
A_N32_r4,A,32,4,17.84152042200003,32,1800,1800,0
A_N32_r4,A,32,4,18.042427571999724,32,1835,1835,0
A_N32_r4,A,32,4,18.244906563999393,32,1864,1864,0
A_N32_r4,A,32,4,18.44774549199974,32,1893,1893,0
A_N32_r4,A,32,4,18.661793782999666,32,1926,1926,0
A_N32_r4,A,32,4,18.883791608999672,32,1959,1959,0
A_N32_r4,A,32,4,19.098070117000134,32,1976,1976,0
A_N32_r4,A,32,4,19.315236303999882,32,1998,1998,0
A_N32_r4,A,32,4,19.524744904999352,32,2019,2019,0
A_N32_r4,A,32,4,19.741623201999573,32,2042,2042,0
A_N32_r4,A,32,4,19.970069377000073,32,2067,2067,0
A_N32_r4,A,32,4,20.18528329899982,32,2085,2085,0
A_N32_r4,A,32,4,20.401810057000148,32,2106,2106,0
A_N32_r4,A,32,4,20.614272496000012,32,2125,2125,0
A_N32_r4,A,32,4,20.82844859099987,32,2151,2151,0
A_N32_r4,A,32,4,21.043700496999918,32,2171,2171,0
A_N32_r4,A,32,4,21.257882736999818,32,2196,2196,0
A_N32_r4,A,32,4,21.469999367000128,32,2219,2219,0
A_N32_r4,A,32,4,21.687960470999315,32,2246,2246,0
A_N32_r4,A,32,4,21.90428040400002,32,2271,2271,0
A_N32_r4,A,32,4,22.123279192000155,32,2295,2295,0
A_N32_r4,A,32,4,22.34196162199987,32,2319,2319,0
A_N32_r4,A,32,4,22.56300418399951,32,2341,2341,0
A_N32_r4,A,32,4,22.78016843399928,32,2367,2367,0
A_N32_r4,A,32,4,23.001250360000085,32,2389,2389,0
A_N32_r4,A,32,4,23.216762928999742,32,2409,2409,0
A_N32_r4,A,32,4,23.42616628899941,32,2430,2430,0
A_N32_r4,A,32,4,23.63592633799999,32,2454,2454,0
A_N32_r4,A,32,4,23.83669466399988,32,2478,2478,0
A_N32_r4,A,32,4,24.03778448399953,32,2504,2504,0
A_N32_r4,A,32,4,24.238369877999503,32,2537,2537,0
A_N32_r4,A,32,4,24.43895374800013,32,2570,2570,0
A_N32_r4,A,32,4,24.639350067000123,32,2606,2606,0
A_N32_r4,A,32,4,24.839853376000065,32,2633,2633,0
A_N32_r4,A,32,4,25.040202666999903,32,2670,2670,0
A_N32_r4,A,32,4,25.247912128999815,32,2703,2703,0
A_N32_r4,A,32,4,25.44992890100002,32,2732,2732,0
A_N32_r4,A,32,4,25.65858018200015,32,2764,2764,0
A_N32_r4,A,32,4,25.859363436999956,32,2799,2799,0
A_N32_r4,A,32,4,26.061601988999428,32,2827,2827,0
A_N32_r4,A,32,4,26.268122067999684,32,2863,2863,0
A_N32_r4,A,32,4,26.47004450499935,32,2894,2894,0
A_N32_r4,A,32,4,26.67176044400003,32,2928,2928,0
A_N32_r4,A,32,4,26.872979858999315,32,2955,2955,0
A_N32_r4,A,32,4,27.073898843999814,32,2993,2993,0
A_N32_r4,A,32,4,27.274023314999795,32,3022,3022,0
A_N32_r4,A,32,4,27.474206906999825,32,3053,3053,0
A_N32_r4,A,32,4,27.674712322999767,32,3086,3086,0
A_N32_r4,A,32,4,27.95461565000005,32,3119,3119,0
A_N32_r4,A,32,4,28.16720994499974,32,3160,3160,0
A_N32_r4,A,32,4,28.380274487999486,32,3187,3187,0
A_N32_r4,A,32,4,28.588410454999575,32,3211,3211,0
A_N32_r4,A,32,4,28.798335761999624,32,3237,3237,0
A_N32_r4,A,32,4,29.005619599000056,32,3261,3261,0
A_N32_r4,A,32,4,29.22014339299949,32,3292,3292,0
A_N32_r4,A,32,4,29.430231878000086,32,3313,3313,0
A_N32_r4,A,32,4,29.642390942999555,32,3338,3338,0
A_N32_r4,A,32,4,29.856271699999525,32,3364,3364,0
A_N32_r4,A,32,4,30.06874477600013,32,3387,3387,0
A_N32_r4,A,32,4,30.285014561000025,32,3413,3413,0
A_N32_r4,A,32,4,30.501475045000007,32,3440,3440,0
A_N32_r4,A,32,4,30.719200132999504,32,3464,3464,0
A_N32_r4,A,32,4,30.93025097699956,32,3488,3488,0
A_N32_r4,A,32,4,31.139502998999887,32,3513,3513,0
A_N32_r4,A,32,4,31.35972577999928,32,3540,3540,0
A_N32_r4,A,32,4,31.57518485499986,32,3560,3560,0
A_N32_r4,A,32,4,31.785882025999854,32,3581,3581,0
A_N32_r4,A,32,4,32.000583938999625,32,3601,3601,0
A_N32_r4,A,32,4,32.21509454199986,32,3624,3624,0
A_N32_r4,A,32,4,32.43099076999988,32,3647,3647,0
A_N32_r4,A,32,4,32.64816381499986,32,3669,3669,0
A_N32_r4,A,32,4,32.860045662999255,32,3687,3687,0
A_N32_r4,A,32,4,33.06030322100014,32,3712,3712,0
A_N32_r4,A,32,4,33.26101328799996,32,3738,3738,0
A_N32_r4,A,32,4,33.46218466999926,32,3777,3777,0
A_N32_r4,A,32,4,33.66273544700016,32,3809,3809,0
A_N32_r4,A,32,4,33.86335907099965,32,3842,3842,0
A_N32_r4,A,32,4,34.06608798199977,32,3871,3871,0
A_N32_r4,A,32,4,34.26753837900014,32,3901,3901,0
A_N32_r4,A,32,4,34.468115947000115,32,3933,3933,0
A_N32_r4,A,32,4,34.67234470399944,32,3968,3968,0
A_N32_r4,A,32,4,34.8773286579999,32,4002,4002,0
A_N32_r4,A,32,4,35.07763827599956,32,4029,4029,0
A_N32_r4,A,32,4,35.277833045999614,32,4062,4062,0
A_N32_r4,A,32,4,35.48005301000012,32,4096,4096,0
A_N32_r4,A,32,4,35.68201057099941,32,4127,4127,0
A_N32_r4,A,32,4,35.883164301999386,32,4161,4161,0
A_N32_r4,A,32,4,36.08359970799938,32,4191,4191,0
A_N32_r4,A,32,4,36.284490766999625,32,4224,4224,0
A_N32_r4,A,32,4,36.48625778099995,32,4254,4254,0
A_N32_r4,A,32,4,36.68865477899999,32,4286,4286,0
A_N32_r4,A,32,4,36.889751463999346,32,4318,4318,0
A_N32_r4,A,32,4,37.090032619999874,32,4353,4353,0
A_N32_r4,A,32,4,37.291120619999674,32,4383,4383,0
A_N32_r4,A,32,4,37.49197897799968,32,4415,4415,0
A_N32_r4,A,32,4,37.69247562700002,32,4449,4449,0
A_N32_r4,A,32,4,37.89338656400014,32,4475,4475,0
A_N32_r4,A,32,4,38.09439388499959,32,4511,4511,0
A_N32_r4,A,32,4,38.29453191099947,32,4542,4542,0
A_N32_r4,A,32,4,38.495448118999775,32,4570,4570,0
A_N32_r4,A,32,4,38.698619912999675,32,4607,4607,0
A_N32_r4,A,32,4,38.89891938299934,32,4632,4632,0
A_N32_r4,A,32,4,39.09936945899972,32,4669,4669,0
A_N32_r4,A,32,4,39.300246453999534,32,4699,4699,0
A_N32_r4,A,32,4,39.50192090699966,32,4731,4731,0
A_N32_r4,A,32,4,39.70271678900008,32,4765,4765,0
A_N32_r4,A,32,4,39.904509242999666,32,4794,4794,0
A_N32_r4,A,32,4,40.10648764100006,32,4831,4831,0
A_N32_r4,A,32,4,40.30771242999981,32,4857,4857,0
A_N32_r4,A,32,4,40.50838487100009,32,4894,4894,0
A_N32_r4,A,32,4,40.70936052199977,32,4924,4924,0
A_N32_r4,A,32,4,40.910540105999644,32,4955,4955,0
A_N32_r4,A,32,4,41.113574588999654,32,4989,4989,0
A_N32_r4,A,32,4,41.31539913599954,32,5025,5025,0
A_N32_r4,A,32,4,41.5158479669999,32,5048,5048,0
A_N32_r4,A,32,4,41.716983067999536,32,5085,5085,0
A_N32_r4,A,32,4,41.917682872000114,32,5120,5120,0
A_N32_r4,A,32,4,42.118883862000075,32,5149,5149,0
A_N32_r4,A,32,4,42.32080873799987,32,5182,5182,0
A_N32_r4,A,32,4,42.5226431229994,32,5213,5213,0
A_N32_r4,A,32,4,42.72306494499935,32,5250,5250,0
A_N32_r4,A,32,4,42.93119927599946,32,5280,5280,0
A_N32_r4,A,32,4,43.13767036799982,32,5311,5311,0
A_N32_r4,A,32,4,43.33795483299946,32,5345,5345,0
A_N32_r4,A,32,4,43.538269443999525,32,5376,5376,0
A_N32_r4,A,32,4,43.73921483999948,32,5409,5409,0
A_N32_r4,A,32,4,43.94012107299932,32,5444,5444,0
A_N32_r4,A,32,4,44.143519492999985,32,5471,5471,0
A_N32_r4,A,32,4,44.34468995299994,32,5506,5506,0
A_N32_r4,A,32,4,44.5456053529997,32,5537,5537,0
A_N32_r4,A,32,4,44.74735024199981,32,5570,5570,0
A_N32_r4,A,32,4,44.94745409799998,32,5600,5600,0
A_N32_r4,A,32,4,45.14851971799999,32,5635,5635,0
A_N32_r4,A,32,4,45.34987394299969,32,5666,5666,0
A_N32_r4,A,32,4,45.55098904899933,32,5698,5698,0
A_N32_r4,A,32,4,45.75214506299926,32,5727,5727,0
A_N32_r4,A,32,4,45.95322883999961,32,5761,5761,0
A_N32_r4,A,32,4,46.15359881299992,32,5794,5794,0
A_N32_r4,A,32,4,46.35444981299952,32,5823,5823,0
A_N32_r4,A,32,4,46.5553682310001,32,5854,5854,0
A_N32_r4,A,32,4,46.787879929000155,32,5882,5882,0
A_N32_r4,A,32,4,46.99976112399963,32,5923,5923,0
A_N32_r4,A,32,4,47.212247196000135,32,5943,5943,0
A_N32_r4,A,32,4,47.42516086299929,32,5963,5963,0
A_N32_r4,A,32,4,47.63536780300001,32,5985,5985,0
A_N32_r4,A,32,4,47.85774399999991,32,6011,6011,0
A_N32_r4,A,32,4,48.0700318019999,32,6032,6032,0
A_N32_r4,A,32,4,48.280334133,32,6055,6055,0
A_N32_r4,A,32,4,48.49494425899957,32,6082,6082,0
A_N32_r4,A,32,4,48.703048639999906,32,6103,6103,0
A_N32_r4,A,32,4,48.92100257899983,32,6129,6129,0
A_N32_r4,A,32,4,49.13531689499996,32,6151,6151,0
A_N32_r4,A,32,4,49.349580199999764,32,6176,6176,0
A_N32_r4,A,32,4,49.56457985799989,32,6202,6202,0
A_N32_r4,A,32,4,49.788732735999474,32,6228,6228,0
A_N32_r4,A,32,4,50.00646757499999,32,6249,6249,0
A_N32_r4,A,32,4,50.22254288399927,32,6271,6271,0
A_N32_r4,A,32,4,50.43728186499993,32,6295,6295,0
A_N32_r4,A,32,4,50.64722314899973,32,6319,6319,0
A_N32_r4,A,32,4,50.85749524599942,32,6341,6341,0
A_N32_r4,A,32,4,51.06958978900002,32,6363,6363,0
A_N32_r4,A,32,4,51.282211099999586,32,6384,6384,0
A_N32_r4,A,32,4,51.49447939899983,32,6408,6408,0
A_N32_r4,A,32,4,51.71198734399968,32,6431,6431,0
A_N32_r4,A,32,4,51.91609069900005,32,6453,6453,0
A_N32_r4,A,32,4,52.11799307399997,32,6480,6480,0
A_N32_r4,A,32,4,52.32479233599952,32,6510,6510,0
A_N32_r4,A,32,4,52.53139817400006,32,6550,6550,0
A_N32_r4,A,32,4,52.73230278899973,32,6573,6573,0
A_N32_r4,A,32,4,52.93307498499962,32,6611,6611,0
A_N32_r4,A,32,4,53.134341154999674,32,6640,6640,0
A_N32_r4,A,32,4,53.334530965999875,32,6673,6673,0
A_N32_r4,A,32,4,53.535711990999516,32,6705,6705,0
A_N32_r4,A,32,4,53.73608106999927,32,6741,6741,0
A_N32_r4,A,32,4,53.93704587799948,32,6767,6767,0
A_N32_r4,A,32,4,54.157267932999275,32,6814,6814,0
A_N32_r4,A,32,4,54.37696745999983,32,6836,6836,0
A_N32_r4,A,32,4,54.59496658199987,32,6856,6856,0
A_N32_r4,A,32,4,54.81226897399938,32,6882,6882,0
A_N32_r4,A,32,4,55.0259900559995,32,6908,6908,0
A_N32_r4,A,32,4,55.24200949999977,32,6931,6931,0
A_N32_r4,A,32,4,55.45345826199991,32,6954,6954,0
A_N32_r4,A,32,4,55.672490816999925,32,6977,6977,0
A_N32_r4,A,32,4,55.89039262799997,32,6998,6998,0
A_N32_r4,A,32,4,56.10389246900013,32,7021,7021,0
A_N32_r4,A,32,4,56.31800438799928,32,7044,7044,0
A_N32_r4,A,32,4,56.533508231999804,32,7066,7066,0
A_N32_r4,A,32,4,56.746648003999326,32,7092,7092,0
A_N32_r4,A,32,4,56.96084108499963,32,7117,7117,0
A_N32_r4,A,32,4,57.18360923099954,32,7138,7138,0
A_N32_r4,A,32,4,57.402696060999915,32,7158,7158,0
A_N32_r4,A,32,4,57.61269527100012,32,7182,7182,0
A_N32_r4,A,32,4,57.821440775000156,32,7205,7205,0
A_N32_r4,A,32,4,58.0390083100001,32,7230,7230,0
A_N32_r4,A,32,4,58.25227432099928,32,7251,7251,0
A_N32_r4,A,32,4,58.47085794599934,32,7276,7276,0
A_N32_r4,A,32,4,58.691570913999385,32,7300,7300,0
A_N32_r4,A,32,4,58.90513807099978,32,7322,7322,0
A_N32_r4,A,32,4,59.10910664199946,32,7344,7344,0
A_N32_r4,A,32,4,59.311136354000155,32,7369,7369,0
A_N32_r4,A,32,4,59.51321976700001,32,7401,7401,0
A_N32_r4,A,32,4,59.71608560200002,32,7432,7432,0
A_N32_r4,A,32,4,59.91695845899994,32,7467,7467,0
A_N32_r4,A,32,4,60.11746995299927,1,7509,7509,0
A_N32_r4,A,32,4,60.3184188539999,0,7510,7510,0
A_N32_r5,A,32,5,0.006213037999259541,0,0,0,0
A_N32_r5,A,32,5,0.20666105799955403,32,13,13,0
A_N32_r5,A,32,5,0.40771101900008944,32,41,41,0
A_N32_r5,A,32,5,0.6089835579996361,32,73,73,0
A_N32_r5,A,32,5,0.8113289039993106,32,109,109,0
A_N32_r5,A,32,5,1.012898271999802,32,141,141,0
A_N32_r5,A,32,5,1.217484800999955,32,177,177,0
A_N32_r5,A,32,5,1.4184918419996393,32,205,205,0
A_N32_r5,A,32,5,1.619352488000004,32,236,236,0
A_N32_r5,A,32,5,1.828409250999357,32,268,268,0
A_N32_r5,A,32,5,2.0287764989998323,32,305,305,0
A_N32_r5,A,32,5,2.2294462459994975,32,339,339,0
A_N32_r5,A,32,5,2.4299586669994824,32,371,371,0
A_N32_r5,A,32,5,2.630574512999374,32,402,402,0
A_N32_r5,A,32,5,2.834039594999922,32,435,435,0
A_N32_r5,A,32,5,3.0342960849993688,32,466,466,0
A_N32_r5,A,32,5,3.2356153840000843,32,498,498,0
A_N32_r5,A,32,5,3.4363451939998413,32,532,532,0
A_N32_r5,A,32,5,3.637135459000092,32,566,566,0
A_N32_r5,A,32,5,3.8391489219993673,32,588,588,0
A_N32_r5,A,32,5,4.040173816999413,32,622,622,0
A_N32_r5,A,32,5,4.252064668999992,32,666,666,0
A_N32_r5,A,32,5,4.4722234349992505,32,700,700,0
A_N32_r5,A,32,5,4.688543113999913,32,721,721,0
A_N32_r5,A,32,5,4.901887338000051,32,740,740,0
A_N32_r5,A,32,5,5.115395770999385,32,766,766,0
A_N32_r5,A,32,5,5.331378895999478,32,791,791,0
A_N32_r5,A,32,5,5.559899045999373,32,814,814,0
A_N32_r5,A,32,5,5.778412910000043,32,837,837,0
A_N32_r5,A,32,5,5.991079341999466,32,853,853,0
A_N32_r5,A,32,5,6.20106806900003,32,882,882,0
A_N32_r5,A,32,5,6.412327123999603,32,903,903,0
A_N32_r5,A,32,5,6.631481621999228,32,933,933,0
A_N32_r5,A,32,5,6.840896550999787,32,957,957,0
A_N32_r5,A,32,5,7.058781224000086,32,981,981,0
A_N32_r5,A,32,5,7.279717212999458,32,1004,1004,0
A_N32_r5,A,32,5,7.49110585499966,32,1026,1026,0
A_N32_r5,A,32,5,7.705665706999753,32,1051,1051,0
A_N32_r5,A,32,5,7.923449120999976,32,1072,1072,0
A_N32_r5,A,32,5,8.147479016999569,32,1093,1093,0
A_N32_r5,A,32,5,8.362629759999436,32,1114,1114,0
A_N32_r5,A,32,5,8.573172067000087,32,1139,1139,0
A_N32_r5,A,32,5,8.78800758899979,32,1165,1165,0
A_N32_r5,A,32,5,9.000816750000013,32,1190,1190,0
A_N32_r5,A,32,5,9.21611185599977,32,1212,1212,0
A_N32_r5,A,32,5,9.418007899999793,32,1234,1234,0
A_N32_r5,A,32,5,9.61958942199999,32,1260,1260,0
A_N32_r5,A,32,5,9.821221639999749,32,1290,1290,0
A_N32_r5,A,32,5,10.023741035999592,32,1326,1326,0
A_N32_r5,A,32,5,10.238197014999969,32,1365,1365,0
A_N32_r5,A,32,5,10.453915237999354,32,1398,1398,0
A_N32_r5,A,32,5,10.671193193999898,32,1421,1421,0
A_N32_r5,A,32,5,10.887500033999459,32,1441,1441,0
A_N32_r5,A,32,5,11.103907321999941,32,1465,1465,0
A_N32_r5,A,32,5,11.313698430999466,32,1491,1491,0
A_N32_r5,A,32,5,11.530913814000087,32,1515,1515,0
A_N32_r5,A,32,5,11.74743433599997,32,1543,1543,0
A_N32_r5,A,32,5,11.9641907919995,32,1561,1561,0
A_N32_r5,A,32,5,12.175666457999796,32,1582,1582,0
A_N32_r5,A,32,5,12.388862088999304,32,1604,1604,0
A_N32_r5,A,32,5,12.600725182999668,32,1624,1624,0
A_N32_r5,A,32,5,12.81540373200005,32,1653,1653,0
A_N32_r5,A,32,5,13.034403005999593,32,1679,1679,0
A_N32_r5,A,32,5,13.24617463999948,32,1705,1705,0
A_N32_r5,A,32,5,13.456878366999263,32,1728,1728,0
A_N32_r5,A,32,5,13.674674939999932,32,1751,1751,0
A_N32_r5,A,32,5,13.89463241699923,32,1773,1773,0
A_N32_r5,A,32,5,14.11360763599987,32,1801,1801,0
A_N32_r5,A,32,5,14.334076373999778,32,1822,1822,0
A_N32_r5,A,32,5,14.545369204000053,32,1844,1844,0
A_N32_r5,A,32,5,14.757402309999634,32,1870,1870,0
A_N32_r5,A,32,5,14.974038022000059,32,1895,1895,0
A_N32_r5,A,32,5,15.184587748999547,32,1921,1921,0
A_N32_r5,A,32,5,15.38549796999996,32,1945,1944,1
A_N32_r5,A,32,5,15.586294746000021,32,1966,1965,1
A_N32_r5,A,32,5,15.786687714999971,32,2006,2005,1
A_N32_r5,A,32,5,15.987755110999387,32,2030,2029,1
A_N32_r5,A,32,5,16.188734753000062,32,2068,2067,1
A_N32_r5,A,32,5,16.38983348900001,32,2101,2100,1
A_N32_r5,A,32,5,16.59329539600003,32,2135,2134,1
A_N32_r5,A,32,5,16.795462830999895,32,2165,2164,1
A_N32_r5,A,32,5,16.996461428999282,32,2201,2200,1
A_N32_r5,A,32,5,17.19729911400009,32,2228,2227,1
A_N32_r5,A,32,5,17.398595249999744,32,2261,2260,1
A_N32_r5,A,32,5,17.598895002000063,32,2293,2292,1
A_N32_r5,A,32,5,17.80076333499983,32,2324,2323,1
A_N32_r5,A,32,5,18.001841561999754,32,2359,2358,1
A_N32_r5,A,32,5,18.202723460000016,32,2389,2388,1
A_N32_r5,A,32,5,18.403578245999597,32,2421,2420,1
A_N32_r5,A,32,5,18.605334046999815,32,2454,2453,1
A_N32_r5,A,32,5,18.805829106999226,32,2489,2488,1
A_N32_r5,A,32,5,19.006165279000015,32,2522,2521,1
A_N32_r5,A,32,5,19.229326345000118,32,2558,2557,1
A_N32_r5,A,32,5,19.44388967299983,32,2590,2589,1
A_N32_r5,A,32,5,19.66335083099966,32,2613,2612,1
A_N32_r5,A,32,5,19.880223903000115,32,2636,2635,1
A_N32_r5,A,32,5,20.09808226699988,32,2661,2660,1
A_N32_r5,A,32,5,20.314730655999483,32,2683,2682,1
A_N32_r5,A,32,5,20.52489825199973,32,2703,2702,1
A_N32_r5,A,32,5,20.734333515999424,32,2727,2726,1
A_N32_r5,A,32,5,20.945410386999356,32,2750,2749,1
A_N32_r5,A,32,5,21.16108154899939,32,2776,2775,1
A_N32_r5,A,32,5,21.385526551000112,32,2800,2799,1
A_N32_r5,A,32,5,21.59698727199975,32,2818,2817,1
A_N32_r5,A,32,5,21.80956524799967,32,2841,2840,1
A_N32_r5,A,32,5,22.023236327999257,32,2864,2863,1
A_N32_r5,A,32,5,22.236996356999953,32,2890,2889,1
A_N32_r5,A,32,5,22.456771950000075,32,2916,2915,1
A_N32_r5,A,32,5,22.675074842999493,32,2941,2940,1
A_N32_r5,A,32,5,22.892004131999784,32,2960,2959,1
A_N32_r5,A,32,5,23.10658073600007,32,2982,2981,1
A_N32_r5,A,32,5,23.31604082800004,32,3002,3001,1
A_N32_r5,A,32,5,23.527899474999685,32,3026,3025,1
A_N32_r5,A,32,5,23.74090122799953,32,3048,3047,1
A_N32_r5,A,32,5,23.95345239299968,32,3068,3067,1
A_N32_r5,A,32,5,24.16499449099956,32,3095,3094,1
A_N32_r5,A,32,5,24.365442551999877,32,3117,3116,1
A_N32_r5,A,32,5,24.567911139999524,32,3143,3142,1
A_N32_r5,A,32,5,24.76883338299922,32,3177,3176,1
A_N32_r5,A,32,5,24.970774101999268,32,3211,3210,1
A_N32_r5,A,32,5,25.172089314000004,32,3240,3239,1
A_N32_r5,A,32,5,25.372630900999866,32,3275,3274,1
A_N32_r5,A,32,5,25.573811166999803,32,3304,3303,1
A_N32_r5,A,32,5,25.776029637999272,32,3340,3339,1
A_N32_r5,A,32,5,25.977348997999798,32,3372,3371,1
A_N32_r5,A,32,5,26.177991904999544,32,3400,3399,1
A_N32_r5,A,32,5,26.378787058999478,32,3433,3432,1
A_N32_r5,A,32,5,26.58129119499972,32,3467,3466,1
A_N32_r5,A,32,5,26.78181485799996,32,3498,3497,1
A_N32_r5,A,32,5,26.98295152299943,32,3529,3528,1
A_N32_r5,A,32,5,27.184273707999637,32,3565,3564,1
A_N32_r5,A,32,5,27.38527200399949,32,3596,3595,1
A_N32_r5,A,32,5,27.590643974999693,32,3638,3637,1
A_N32_r5,A,32,5,27.806984548999935,32,3661,3660,1
A_N32_r5,A,32,5,28.02788893899924,32,3682,3681,1
A_N32_r5,A,32,5,28.238823624999895,32,3703,3702,1
A_N32_r5,A,32,5,28.450936999000078,32,3726,3725,1
A_N32_r5,A,32,5,28.672063858,32,3750,3749,1
A_N32_r5,A,32,5,28.891288228999656,32,3768,3767,1
A_N32_r5,A,32,5,29.102992393000022,32,3788,3787,1
A_N32_r5,A,32,5,29.315492402999553,32,3811,3810,1
A_N32_r5,A,32,5,29.528600443999494,32,3837,3836,1
A_N32_r5,A,32,5,29.746566126999824,32,3867,3866,1
A_N32_r5,A,32,5,29.955718640999294,32,3890,3889,1
A_N32_r5,A,32,5,30.16600642999947,32,3911,3910,1
A_N32_r5,A,32,5,30.377253734999613,32,3940,3939,1
A_N32_r5,A,32,5,30.58845299799941,32,3959,3958,1
A_N32_r5,A,32,5,30.805472630999247,32,3977,3976,1
A_N32_r5,A,32,5,31.016191443000025,32,3999,3998,1
A_N32_r5,A,32,5,31.231652133999887,32,4021,4020,1
A_N32_r5,A,32,5,31.446283765999397,32,4043,4042,1
A_N32_r5,A,32,5,31.657520060000024,32,4067,4066,1
A_N32_r5,A,32,5,31.863415907999297,32,4091,4090,1
A_N32_r5,A,32,5,32.07633163199989,32,4115,4114,1
A_N32_r5,A,32,5,32.28852979599924,32,4139,4138,1
A_N32_r5,A,32,5,32.50037391799924,32,4161,4160,1
A_N32_r5,A,32,5,32.70132132699928,32,4179,4178,1
A_N32_r5,A,32,5,32.90192477799974,32,4211,4210,1
A_N32_r5,A,32,5,33.102982833999704,32,4243,4242,1
A_N32_r5,A,32,5,33.30410276699968,32,4278,4277,1
A_N32_r5,A,32,5,33.50479948799966,32,4308,4307,1
A_N32_r5,A,32,5,33.70578027800002,32,4337,4336,1
A_N32_r5,A,32,5,33.90674585099987,32,4372,4371,1
A_N32_r5,A,32,5,34.10770803699961,32,4405,4404,1
A_N32_r5,A,32,5,34.3078480159993,32,4437,4436,1
A_N32_r5,A,32,5,34.509664632999375,32,4470,4469,1
A_N32_r5,A,32,5,34.711467800999344,32,4501,4500,1
A_N32_r5,A,32,5,34.91805578000003,32,4534,4533,1
A_N32_r5,A,32,5,35.11883597299948,32,4565,4564,1
A_N32_r5,A,32,5,35.33469288199922,32,4607,4606,1
A_N32_r5,A,32,5,35.548348643999816,32,4633,4632,1
A_N32_r5,A,32,5,35.76471385900004,32,4654,4653,1
A_N32_r5,A,32,5,35.98411827199925,32,4677,4676,1
A_N32_r5,A,32,5,36.19389719499941,32,4701,4700,1
A_N32_r5,A,32,5,36.40196001000004,32,4721,4720,1
A_N32_r5,A,32,5,36.62234268299926,32,4747,4746,1
A_N32_r5,A,32,5,36.83548766900003,32,4770,4769,1
A_N32_r5,A,32,5,37.05237481699987,32,4794,4793,1
A_N32_r5,A,32,5,37.266484196999954,32,4816,4815,1
A_N32_r5,A,32,5,37.48217205099991,32,4835,4834,1
A_N32_r5,A,32,5,37.69933911499993,32,4858,4857,1
A_N32_r5,A,32,5,37.92251116699936,32,4878,4877,1
A_N32_r5,A,32,5,38.13367995599947,32,4899,4898,1
A_N32_r5,A,32,5,38.354231327999514,32,4929,4928,1
A_N32_r5,A,32,5,38.568296171999464,32,4951,4950,1
A_N32_r5,A,32,5,38.779059155999676,32,4970,4969,1
A_N32_r5,A,32,5,38.99659390299985,32,4991,4990,1
A_N32_r5,A,32,5,39.21124334999968,32,5012,5011,1
A_N32_r5,A,32,5,39.42618209200009,32,5037,5036,1
A_N32_r5,A,32,5,39.636502674999974,32,5056,5055,1
A_N32_r5,A,32,5,39.85423512399939,32,5083,5082,1
A_N32_r5,A,32,5,40.06947512199986,32,5107,5106,1
A_N32_r5,A,32,5,40.28203496900005,32,5130,5129,1
A_N32_r5,A,32,5,40.48575812999934,32,5156,5155,1
A_N32_r5,A,32,5,40.687319489999936,32,5182,5181,1
A_N32_r5,A,32,5,40.893058361999465,32,5214,5213,1
A_N32_r5,A,32,5,41.09425384299993,32,5246,5245,1
A_N32_r5,A,32,5,41.29549376899922,32,5282,5281,1
A_N32_r5,A,32,5,41.49658896599976,32,5316,5315,1
A_N32_r5,A,32,5,41.697851463000006,32,5345,5344,1
A_N32_r5,A,32,5,41.89976682899942,32,5379,5378,1
A_N32_r5,A,32,5,42.10104777199922,32,5410,5409,1
A_N32_r5,A,32,5,42.30224930499935,32,5444,5443,1
A_N32_r5,A,32,5,42.50562945099955,32,5476,5475,1
A_N32_r5,A,32,5,42.707294625999566,32,5506,5505,1
A_N32_r5,A,32,5,42.90788692199931,32,5541,5540,1
A_N32_r5,A,32,5,43.10866184099996,32,5575,5574,1
A_N32_r5,A,32,5,43.31212028099981,32,5606,5605,1
A_N32_r5,A,32,5,43.51369580199935,32,5635,5634,1
A_N32_r5,A,32,5,43.71533427599934,32,5671,5670,1
A_N32_r5,A,32,5,43.915912155000115,32,5699,5698,1
A_N32_r5,A,32,5,44.11718718499924,32,5736,5735,1
A_N32_r5,A,32,5,44.318366284999684,32,5768,5767,1
A_N32_r5,A,32,5,44.51895414599949,32,5800,5799,1
A_N32_r5,A,32,5,44.720370350999474,32,5832,5831,1
A_N32_r5,A,32,5,44.92133114999979,32,5865,5864,1
A_N32_r5,A,32,5,45.12380517599922,32,5897,5896,1
A_N32_r5,A,32,5,45.32454558900008,32,5929,5928,1
A_N32_r5,A,32,5,45.5252055459996,32,5964,5963,1
A_N32_r5,A,32,5,45.72661401699952,32,5993,5992,1
A_N32_r5,A,32,5,45.92876851099936,32,6023,6022,1
A_N32_r5,A,32,5,46.129223957999784,32,6059,6058,1
A_N32_r5,A,32,5,46.329411531000005,32,6094,6093,1
A_N32_r5,A,32,5,46.5311850829994,32,6124,6123,1
A_N32_r5,A,32,5,46.73265192300005,32,6156,6155,1
A_N32_r5,A,32,5,46.93345231799958,32,6186,6185,1
A_N32_r5,A,32,5,47.134321542999714,32,6221,6220,1
A_N32_r5,A,32,5,47.334909839999455,32,6249,6248,1
A_N32_r5,A,32,5,47.53699136099931,32,6286,6285,1
A_N32_r5,A,32,5,47.737909437999406,32,6317,6316,1
A_N32_r5,A,32,5,47.93856012099968,32,6349,6348,1
A_N32_r5,A,32,5,48.13913793699976,32,6380,6379,1
A_N32_r5,A,32,5,48.350103511999805,32,6423,6422,1
A_N32_r5,A,32,5,48.57005959499929,32,6443,6442,1
A_N32_r5,A,32,5,48.78530663799938,32,6464,6463,1
A_N32_r5,A,32,5,49.00081405099991,32,6486,6485,1
A_N32_r5,A,32,5,49.212657389000015,32,6510,6509,1
A_N32_r5,A,32,5,49.43575008900007,32,6534,6533,1
A_N32_r5,A,32,5,49.6521973709996,32,6555,6554,1
A_N32_r5,A,32,5,49.86184996499924,32,6576,6575,1
A_N32_r5,A,32,5,50.07877177099999,32,6603,6602,1
A_N32_r5,A,32,5,50.29054257200005,32,6627,6626,1
A_N32_r5,A,32,5,50.50067127599959,32,6649,6648,1
A_N32_r5,A,32,5,50.71324843399998,32,6671,6670,1
A_N32_r5,A,32,5,50.93385442399995,32,6693,6692,1
A_N32_r5,A,32,5,51.147645045999525,32,6713,6712,1
A_N32_r5,A,32,5,51.36570936199951,32,6737,6736,1
A_N32_r5,A,32,5,51.574291427999924,32,6756,6755,1
A_N32_r5,A,32,5,51.793855816999894,32,6779,6778,1
A_N32_r5,A,32,5,52.00663915399946,32,6802,6801,1
A_N32_r5,A,32,5,52.220552937999855,32,6826,6825,1
A_N32_r5,A,32,5,52.43783772699953,32,6849,6848,1
A_N32_r5,A,32,5,52.6556621310001,32,6872,6871,1
A_N32_r5,A,32,5,52.86968148399956,32,6893,6892,1
A_N32_r5,A,32,5,53.08123670899931,32,6912,6911,1
A_N32_r5,A,32,5,53.29057633299999,32,6935,6934,1
A_N32_r5,A,32,5,53.49119415399946,32,6958,6957,1
A_N32_r5,A,32,5,53.69216772099935,32,6983,6982,1
A_N32_r5,A,32,5,53.893657278999854,32,7017,7016,1
A_N32_r5,A,32,5,54.094556426000054,32,7048,7047,1
A_N32_r5,A,32,5,54.295551111999885,32,7082,7081,1
A_N32_r5,A,32,5,54.496563064999464,32,7118,7117,1
A_N32_r5,A,32,5,54.696914209999704,32,7145,7144,1
A_N32_r5,A,32,5,54.89906981100012,32,7181,7180,1
A_N32_r5,A,32,5,55.09957772999951,32,7211,7210,1
A_N32_r5,A,32,5,55.30042697299996,32,7243,7242,1
A_N32_r5,A,32,5,55.50200147299984,32,7276,7275,1
A_N32_r5,A,32,5,55.71313802899931,32,7306,7305,1
A_N32_r5,A,32,5,55.92317652800011,32,7343,7342,1
A_N32_r5,A,32,5,56.13458721999996,32,7365,7364,1
A_N32_r5,A,32,5,56.35045682500004,32,7389,7388,1
A_N32_r5,A,32,5,56.55757856999935,32,7409,7408,1
A_N32_r5,A,32,5,56.773022663999654,32,7430,7429,1
A_N32_r5,A,32,5,56.98030783899958,32,7450,7449,1
A_N32_r5,A,32,5,57.19810941099968,32,7473,7472,1
A_N32_r5,A,32,5,57.40912714299975,32,7498,7497,1
A_N32_r5,A,32,5,57.61853910099944,32,7525,7524,1
A_N32_r5,A,32,5,57.82852368799922,32,7550,7549,1
A_N32_r5,A,32,5,58.04501742799948,32,7573,7572,1
A_N32_r5,A,32,5,58.26142239000001,32,7595,7594,1
A_N32_r5,A,32,5,58.47612166499948,32,7615,7614,1
A_N32_r5,A,32,5,58.691458987999795,32,7632,7631,1
A_N32_r5,A,32,5,58.90591582399975,32,7649,7648,1
A_N32_r5,A,32,5,59.124341860999266,32,7672,7671,1
A_N32_r5,A,32,5,59.33689477200005,32,7693,7692,1
A_N32_r5,A,32,5,59.545961895999426,32,7717,7716,1
A_N32_r5,A,32,5,59.75452074799978,32,7743,7742,1
A_N32_r5,A,32,5,59.97111711099933,32,7770,7769,1
A_N32_r5,A,32,5,60.17227363799975,6,7799,7798,1
A_N32_r5,A,32,5,60.37310864899973,0,7805,7804,1
A_N32_r6,A,32,6,0.0066619620001802105,0,0,0,0
A_N32_r6,A,32,6,0.20835308500045358,32,11,11,0
A_N32_r6,A,32,6,0.40921974499997305,32,43,43,0
A_N32_r6,A,32,6,0.6104493080001703,32,75,75,0
A_N32_r6,A,32,6,0.8108628680001857,32,109,109,0
A_N32_r6,A,32,6,1.0131618430004892,32,140,140,0
A_N32_r6,A,32,6,1.2140537510003924,32,175,175,0
A_N32_r6,A,32,6,1.4143828579999536,32,205,205,0
A_N32_r6,A,32,6,1.6157560510000621,32,237,237,0
A_N32_r6,A,32,6,1.816337236000436,32,271,271,0
A_N32_r6,A,32,6,2.016694145000656,32,301,301,0
A_N32_r6,A,32,6,2.217067665000286,32,337,337,0
A_N32_r6,A,32,6,2.4175229190004757,32,361,361,0
A_N32_r6,A,32,6,2.6202797860005376,32,397,397,0
A_N32_r6,A,32,6,2.8207028420001734,32,431,431,0
A_N32_r6,A,32,6,3.0224726900005408,32,458,458,0
A_N32_r6,A,32,6,3.2234737810003935,32,497,497,0
A_N32_r6,A,32,6,3.4253453700002865,32,527,527,0
A_N32_r6,A,32,6,3.626828489000218,32,561,561,0
A_N32_r6,A,32,6,3.8281078059999345,32,589,589,0
A_N32_r6,A,32,6,4.028985423999984,32,626,626,0
A_N32_r6,A,32,6,4.229941288000191,32,656,656,0
A_N32_r6,A,32,6,4.430124879000687,32,691,691,0
A_N32_r6,A,32,6,4.632899388000624,32,721,721,0
A_N32_r6,A,32,6,4.8335060690005776,32,751,751,0
A_N32_r6,A,32,6,5.033653791000688,32,784,784,0
A_N32_r6,A,32,6,5.234951168000407,32,818,818,0
A_N32_r6,A,32,6,5.435336076000567,32,851,851,0
A_N32_r6,A,32,6,5.63599289800004,32,881,881,0
A_N32_r6,A,32,6,5.837066396000409,32,912,912,0
A_N32_r6,A,32,6,6.03746151300038,32,947,947,0
A_N32_r6,A,32,6,6.238000701000601,32,979,979,0
A_N32_r6,A,32,6,6.439258583000083,32,1012,1012,0
A_N32_r6,A,32,6,6.639888762000737,32,1041,1041,0
A_N32_r6,A,32,6,6.853274032000627,32,1081,1081,0
A_N32_r6,A,32,6,7.060964225000134,32,1103,1103,0
A_N32_r6,A,32,6,7.270236565000232,32,1125,1125,0
A_N32_r6,A,32,6,7.489690678000443,32,1154,1154,0
A_N32_r6,A,32,6,7.705037336000714,32,1178,1178,0
A_N32_r6,A,32,6,7.917811839000024,32,1206,1206,0
A_N32_r6,A,32,6,8.131538567000462,32,1229,1229,0
A_N32_r6,A,32,6,8.343622111000514,32,1254,1254,0
A_N32_r6,A,32,6,8.563303941000413,32,1281,1281,0
A_N32_r6,A,32,6,8.783041389000573,32,1307,1307,0
A_N32_r6,A,32,6,8.997442707000118,32,1330,1330,0
A_N32_r6,A,32,6,9.219342484000663,32,1354,1354,0
A_N32_r6,A,32,6,9.438760929000637,32,1377,1377,0
A_N32_r6,A,32,6,9.654638196000633,32,1394,1394,0
A_N32_r6,A,32,6,9.873019792999912,32,1418,1418,0
A_N32_r6,A,32,6,10.084893732000637,32,1440,1440,0
A_N32_r6,A,32,6,10.296387063000111,32,1458,1458,0
A_N32_r6,A,32,6,10.50850178500059,32,1477,1477,0
A_N32_r6,A,32,6,10.721518985999865,32,1498,1498,0
A_N32_r6,A,32,6,10.93766550700002,32,1524,1524,0
A_N32_r6,A,32,6,11.148730722000437,32,1546,1546,0
A_N32_r6,A,32,6,11.360897151000245,32,1568,1568,0
A_N32_r6,A,32,6,11.580011973000182,32,1589,1589,0
A_N32_r6,A,32,6,11.784571739000057,32,1615,1615,0
A_N32_r6,A,32,6,11.98561404800057,32,1640,1640,0
A_N32_r6,A,32,6,12.186539428000287,32,1667,1667,0
A_N32_r6,A,32,6,12.38711201300066,32,1703,1703,0
A_N32_r6,A,32,6,12.588006925000627,32,1734,1734,0
A_N32_r6,A,32,6,12.788498329000504,32,1763,1763,0
A_N32_r6,A,32,6,12.989436591999947,32,1800,1800,0
A_N32_r6,A,32,6,13.192557275000581,32,1832,1832,0
A_N32_r6,A,32,6,13.39473755600011,32,1864,1864,0
A_N32_r6,A,32,6,13.595260326000243,32,1899,1899,0
A_N32_r6,A,32,6,13.798197645000073,32,1930,1930,0
A_N32_r6,A,32,6,13.998686550000457,32,1961,1961,0
A_N32_r6,A,32,6,14.19917534600063,32,1992,1992,0
A_N32_r6,A,32,6,14.399906247000217,32,2024,2024,0
A_N32_r6,A,32,6,14.600702460999855,32,2055,2055,0
A_N32_r6,A,32,6,14.801771150000604,32,2091,2091,0
A_N32_r6,A,32,6,15.003946038999857,32,2120,2120,0
A_N32_r6,A,32,6,15.204847240000163,32,2157,2157,0
A_N32_r6,A,32,6,15.405854350000482,32,2187,2187,0
A_N32_r6,A,32,6,15.606514257000526,32,2222,2222,0
A_N32_r6,A,32,6,15.807044300000598,32,2253,2253,0
A_N32_r6,A,32,6,16.014099349999924,32,2291,2291,0
A_N32_r6,A,32,6,16.215999349999947,32,2316,2316,0
A_N32_r6,A,32,6,16.41659693800011,32,2349,2349,0
A_N32_r6,A,32,6,16.618357164999907,32,2380,2380,0
A_N32_r6,A,32,6,16.819863779000116,32,2413,2413,0
A_N32_r6,A,32,6,17.02072774699991,32,2450,2450,0
A_N32_r6,A,32,6,17.22162492700045,32,2481,2481,0
A_N32_r6,A,32,6,17.423131276000277,32,2515,2515,0
A_N32_r6,A,32,6,17.623589220000213,32,2546,2546,0
A_N32_r6,A,32,6,17.824935147999895,32,2576,2576,0
A_N32_r6,A,32,6,18.034847307000746,32,2613,2613,0
A_N32_r6,A,32,6,18.23606067200035,32,2642,2642,0
A_N32_r6,A,32,6,18.436248937000528,32,2675,2675,0
A_N32_r6,A,32,6,18.636762243000703,32,2703,2703,0
A_N32_r6,A,32,6,18.837705253000422,32,2740,2740,0
A_N32_r6,A,32,6,19.03856965000068,32,2770,2770,0
A_N32_r6,A,32,6,19.23914710600002,32,2799,2799,0
A_N32_r6,A,32,6,19.45647760600059,32,2841,2841,0
A_N32_r6,A,32,6,19.671622460000435,32,2874,2874,0
A_N32_r6,A,32,6,19.884214600000632,32,2896,2896,0
A_N32_r6,A,32,6,20.095358567999938,32,2915,2915,0
A_N32_r6,A,32,6,20.31057237999994,32,2933,2933,0
A_N32_r6,A,32,6,20.52846422699986,32,2953,2953,0
A_N32_r6,A,32,6,20.743294457000047,32,2978,2978,0
A_N32_r6,A,32,6,20.9611663149999,32,3007,3007,0
A_N32_r6,A,32,6,21.174308034000205,32,3029,3029,0
A_N32_r6,A,32,6,21.38644753600056,32,3051,3051,0
A_N32_r6,A,32,6,21.59660846099996,32,3080,3080,0
A_N32_r6,A,32,6,21.81427222000002,32,3108,3108,0
A_N32_r6,A,32,6,22.040717896999922,32,3131,3131,0
A_N32_r6,A,32,6,22.253124091000245,32,3151,3151,0
A_N32_r6,A,32,6,22.465703791000124,32,3173,3173,0
A_N32_r6,A,32,6,22.67526572600036,32,3198,3198,0
A_N32_r6,A,32,6,22.882765092000227,32,3221,3221,0
A_N32_r6,A,32,6,23.101684433000628,32,3247,3247,0
A_N32_r6,A,32,6,23.313016171000527,32,3270,3270,0
A_N32_r6,A,32,6,23.525595901000088,32,3293,3293,0
A_N32_r6,A,32,6,23.7368095970005,32,3319,3319,0
A_N32_r6,A,32,6,23.950015404000624,32,3343,3343,0
A_N32_r6,A,32,6,24.160592029000327,32,3368,3368,0
A_N32_r6,A,32,6,24.37576131500009,32,3396,3396,0
A_N32_r6,A,32,6,24.576555784000448,32,3418,3418,0
A_N32_r6,A,32,6,24.776770803000545,32,3446,3446,0
A_N32_r6,A,32,6,24.98660298499999,32,3479,3479,0
A_N32_r6,A,32,6,25.187640972000736,32,3512,3512,0
A_N32_r6,A,32,6,25.390624653000486,32,3550,3550,0
A_N32_r6,A,32,6,25.592336820000128,32,3578,3578,0
A_N32_r6,A,32,6,25.79331928300053,32,3608,3608,0
A_N32_r6,A,32,6,25.993516124000053,32,3641,3641,0
A_N32_r6,A,32,6,26.194617017999917,32,3674,3674,0
A_N32_r6,A,32,6,26.395493599000474,32,3706,3706,0
A_N32_r6,A,32,6,26.595764599000177,32,3736,3736,0
A_N32_r6,A,32,6,26.796590236000156,32,3771,3771,0
A_N32_r6,A,32,6,26.996790402000443,32,3803,3803,0
A_N32_r6,A,32,6,27.19727882100051,32,3837,3837,0
A_N32_r6,A,32,6,27.402138834000652,32,3871,3871,0
A_N32_r6,A,32,6,27.615959438000573,32,3892,3892,0
A_N32_r6,A,32,6,27.83513060400037,32,3919,3919,0
A_N32_r6,A,32,6,28.044177695000144,32,3941,3941,0
A_N32_r6,A,32,6,28.26293888500004,32,3967,3967,0
A_N32_r6,A,32,6,28.475774493000245,32,3990,3990,0
A_N32_r6,A,32,6,28.691541482000503,32,4012,4012,0
A_N32_r6,A,32,6,28.91174717100057,32,4031,4031,0
A_N32_r6,A,32,6,29.12631530100043,32,4052,4052,0
A_N32_r6,A,32,6,29.34197320400017,32,4075,4075,0
A_N32_r6,A,32,6,29.55570734400044,32,4098,4098,0
A_N32_r6,A,32,6,29.765240820000145,32,4119,4119,0
A_N32_r6,A,32,6,29.97936768799991,32,4145,4145,0
A_N32_r6,A,32,6,30.189036859000225,32,4168,4168,0
A_N32_r6,A,32,6,30.40230012000029,32,4193,4193,0
A_N32_r6,A,32,6,30.618817732000025,32,4219,4219,0
A_N32_r6,A,32,6,30.838345199000287,32,4241,4241,0
A_N32_r6,A,32,6,31.052295874000265,32,4259,4259,0
A_N32_r6,A,32,6,31.265242338000462,32,4283,4283,0
A_N32_r6,A,32,6,31.487391780000507,32,4308,4308,0
A_N32_r6,A,32,6,31.700084035000145,32,4328,4328,0
A_N32_r6,A,32,6,31.910009433000596,32,4348,4348,0
A_N32_r6,A,32,6,32.124461452000105,32,4373,4373,0
A_N32_r6,A,32,6,32.32798399100011,32,4395,4395,0
A_N32_r6,A,32,6,32.52843244700034,32,4418,4418,0
A_N32_r6,A,32,6,32.73047646000032,32,4447,4447,0
A_N32_r6,A,32,6,32.93183089100057,32,4480,4480,0
A_N32_r6,A,32,6,33.13207662500008,32,4511,4511,0
A_N32_r6,A,32,6,33.332737439000084,32,4542,4542,0
A_N32_r6,A,32,6,33.53351509500044,32,4578,4578,0
A_N32_r6,A,32,6,33.73462516700056,32,4610,4610,0
A_N32_r6,A,32,6,33.93533078400014,32,4640,4640,0
A_N32_r6,A,32,6,34.13655506900068,32,4674,4674,0
A_N32_r6,A,32,6,34.337004564999916,32,4709,4709,0
A_N32_r6,A,32,6,34.538248126000326,32,4736,4736,0
A_N32_r6,A,32,6,34.738567987999886,32,4768,4768,0
A_N32_r6,A,32,6,34.94055272300011,32,4800,4800,0
A_N32_r6,A,32,6,35.140810607000276,32,4840,4840,0
A_N32_r6,A,32,6,35.34120791300029,32,4869,4869,0
A_N32_r6,A,32,6,35.5422491420004,32,4899,4899,0
A_N32_r6,A,32,6,35.74459461800052,32,4932,4932,0
A_N32_r6,A,32,6,35.94549408800049,32,4967,4967,0
A_N32_r6,A,32,6,36.155351336999956,32,5002,5002,0
A_N32_r6,A,32,6,36.368688582000686,32,5040,5040,0
A_N32_r6,A,32,6,36.58301918899997,32,5066,5066,0
A_N32_r6,A,32,6,36.795745967000585,32,5092,5092,0
A_N32_r6,A,32,6,37.00484647800022,32,5117,5117,0
A_N32_r6,A,32,6,37.220057664000706,32,5140,5140,0
A_N32_r6,A,32,6,37.42862399900059,32,5163,5163,0
A_N32_r6,A,32,6,37.64740663400062,32,5186,5186,0
A_N32_r6,A,32,6,37.86823423700025,32,5207,5207,0
A_N32_r6,A,32,6,38.080993261,32,5229,5229,0
A_N32_r6,A,32,6,38.29250186900026,32,5248,5248,0
A_N32_r6,A,32,6,38.508526977000656,32,5271,5271,0
A_N32_r6,A,32,6,38.72753865300001,32,5290,5290,0
A_N32_r6,A,32,6,38.938919618,32,5312,5312,0
A_N32_r6,A,32,6,39.15062955400026,32,5339,5339,0
A_N32_r6,A,32,6,39.36706633799986,32,5365,5365,0
A_N32_r6,A,32,6,39.580334209000284,32,5385,5385,0
A_N32_r6,A,32,6,39.79253575400071,32,5406,5406,0
A_N32_r6,A,32,6,40.00657769300051,32,5430,5430,0
A_N32_r6,A,32,6,40.21426454700031,32,5454,5454,0
A_N32_r6,A,32,6,40.434470181000506,32,5478,5478,0
A_N32_r6,A,32,6,40.64330292500017,32,5501,5501,0
A_N32_r6,A,32,6,40.8558405950007,32,5523,5523,0
A_N32_r6,A,32,6,41.07615203700061,32,5546,5546,0
A_N32_r6,A,32,6,41.28432425600022,32,5568,5568,0
A_N32_r6,A,32,6,41.48550962700028,32,5591,5591,0
A_N32_r6,A,32,6,41.6859470090003,32,5620,5620,0
A_N32_r6,A,32,6,41.88629052000033,32,5658,5658,0
A_N32_r6,A,32,6,42.086679349000406,32,5685,5685,0
A_N32_r6,A,32,6,42.28903589699985,32,5714,5714,0
A_N32_r6,A,32,6,42.489584838000155,32,5752,5752,0
A_N32_r6,A,32,6,42.691907631000504,32,5785,5785,0
A_N32_r6,A,32,6,42.8927554210004,32,5814,5814,0
A_N32_r6,A,32,6,43.09374723500059,32,5850,5850,0
A_N32_r6,A,32,6,43.29428200700022,32,5881,5881,0
A_N32_r6,A,32,6,43.49657328000012,32,5913,5913,0
A_N32_r6,A,32,6,43.69681637300073,32,5943,5943,0
A_N32_r6,A,32,6,43.89732886999991,32,5979,5979,0
A_N32_r6,A,32,6,44.09785425300015,32,6013,6013,0
A_N32_r6,A,32,6,44.29842453099991,32,6040,6040,0
A_N32_r6,A,32,6,44.49893849300042,32,6075,6075,0
A_N32_r6,A,32,6,44.70098132600015,32,6106,6106,0
A_N32_r6,A,32,6,44.90116209700045,32,6135,6135,0
A_N32_r6,A,32,6,45.10155142200074,32,6171,6171,0
A_N32_r6,A,32,6,45.30264025500037,32,6204,6204,0
A_N32_r6,A,32,6,45.50376097900062,32,6236,6236,0
A_N32_r6,A,32,6,45.723081682000156,32,6279,6279,0
A_N32_r6,A,32,6,45.93353710400061,32,6300,6300,0
A_N32_r6,A,32,6,46.15848966000067,32,6322,6322,0
A_N32_r6,A,32,6,46.378486526000415,32,6344,6344,0
A_N32_r6,A,32,6,46.59901232900029,32,6368,6368,0
A_N32_r6,A,32,6,46.81729228200038,32,6389,6389,0
A_N32_r6,A,32,6,47.037745938000626,32,6409,6409,0
A_N32_r6,A,32,6,47.252590853000584,32,6431,6431,0
A_N32_r6,A,32,6,47.466374870000436,32,6456,6456,0
A_N32_r6,A,32,6,47.685948628000006,32,6480,6480,0
A_N32_r6,A,32,6,47.903742126,32,6505,6505,0
A_N32_r6,A,32,6,48.12064320600075,32,6527,6527,0
A_N32_r6,A,32,6,48.33526635300041,32,6554,6554,0
A_N32_r6,A,32,6,48.54645541700029,32,6575,6575,0
A_N32_r6,A,32,6,48.759543311000016,32,6599,6599,0
A_N32_r6,A,32,6,48.97462112300036,32,6622,6622,0
A_N32_r6,A,32,6,49.20941909300018,32,6641,6641,0
A_N32_r6,A,32,6,49.431748062000224,32,6670,6670,0
A_N32_r6,A,32,6,49.64523718000055,32,6688,6688,0
A_N32_r6,A,32,6,49.851944650000405,32,6713,6713,0
A_N32_r6,A,32,6,50.066908317000525,32,6740,6740,0
A_N32_r6,A,32,6,50.27453597600015,32,6763,6763,0
A_N32_r6,A,32,6,50.494972167000014,32,6787,6787,0
A_N32_r6,A,32,6,50.70183381300012,32,6808,6808,0
A_N32_r6,A,32,6,50.90299926800071,32,6833,6833,0
A_N32_r6,A,32,6,51.10505989400008,32,6867,6867,0
A_N32_r6,A,32,6,51.30605982999987,32,6901,6901,0
A_N32_r6,A,32,6,51.508220663999964,32,6930,6930,0
A_N32_r6,A,32,6,51.708916307000436,32,6959,6959,0
A_N32_r6,A,32,6,51.910446629000035,32,6996,6996,0
A_N32_r6,A,32,6,52.111556611000196,32,7031,7031,0
A_N32_r6,A,32,6,52.313061066000046,32,7063,7063,0
A_N32_r6,A,32,6,52.51464937000037,32,7090,7090,0
A_N32_r6,A,32,6,52.71524734700051,32,7123,7123,0
A_N32_r6,A,32,6,52.91636912800004,32,7155,7155,0
A_N32_r6,A,32,6,53.12333977400067,32,7191,7191,0
A_N32_r6,A,32,6,53.32348282200019,32,7222,7222,0
A_N32_r6,A,32,6,53.52448359600021,32,7254,7254,0
A_N32_r6,A,32,6,53.72536044700064,32,7287,7287,0
A_N32_r6,A,32,6,53.92616859500049,32,7317,7317,0
A_N32_r6,A,32,6,54.12738957300007,32,7352,7352,0
A_N32_r6,A,32,6,54.32792471799985,32,7388,7388,0
A_N32_r6,A,32,6,54.52853919200061,32,7415,7415,0
A_N32_r6,A,32,6,54.729112208000515,32,7449,7449,0
A_N32_r6,A,32,6,54.92958630500016,32,7480,7480,0
A_N32_r6,A,32,6,55.13029381300021,32,7512,7512,0
A_N32_r6,A,32,6,55.336186084000474,32,7547,7547,0
A_N32_r6,A,32,6,55.538452159999906,32,7580,7580,0
A_N32_r6,A,32,6,55.73933809400023,32,7612,7612,0
A_N32_r6,A,32,6,55.93955796099999,32,7645,7645,0
A_N32_r6,A,32,6,56.139910247000444,32,7676,7676,0
A_N32_r6,A,32,6,56.34099806100039,32,7709,7709,0
A_N32_r6,A,32,6,56.54167340599997,32,7742,7742,0
A_N32_r6,A,32,6,56.742153263000546,32,7773,7773,0
A_N32_r6,A,32,6,56.94744964700021,32,7810,7810,0
A_N32_r6,A,32,6,57.14842948400019,32,7840,7840,0
A_N32_r6,A,32,6,57.348744218999855,32,7872,7872,0
A_N32_r6,A,32,6,57.55142415099999,32,7903,7903,0
A_N32_r6,A,32,6,57.752120273999935,32,7938,7938,0
A_N32_r6,A,32,6,57.95253930299987,32,7968,7968,0
A_N32_r6,A,32,6,58.153568321999956,32,8004,8004,0
A_N32_r6,A,32,6,58.35459731100036,32,8033,8033,0
A_N32_r6,A,32,6,58.555620087000534,32,8066,8066,0
A_N32_r6,A,32,6,58.75626405100047,32,8103,8103,0
A_N32_r6,A,32,6,58.95732294300069,32,8131,8131,0
A_N32_r6,A,32,6,59.157720109000365,32,8164,8164,0
A_N32_r6,A,32,6,59.35971604899987,32,8195,8195,0
A_N32_r6,A,32,6,59.561248785000316,32,8228,8228,0
A_N32_r6,A,32,6,59.76138133200038,32,8262,8262,0
A_N32_r6,A,32,6,59.96207479500026,32,8292,8292,0
A_N32_r6,A,32,6,60.16274430200065,0,8331,8331,0
A_N32_r7,A,32,7,0.006075803999920026,0,0,0,0
A_N32_r7,A,32,7,0.20637255899964657,32,10,10,0
A_N32_r7,A,32,7,0.40753339799994137,32,38,38,0
A_N32_r7,A,32,7,0.6081165999994482,32,76,76,0
A_N32_r7,A,32,7,0.8175310919996264,32,111,111,0
A_N32_r7,A,32,7,1.018637131000105,32,140,140,0
A_N32_r7,A,32,7,1.221525668999675,32,175,175,0
A_N32_r7,A,32,7,1.4222581999993054,32,202,202,0
A_N32_r7,A,32,7,1.6227822999999262,32,236,236,0
A_N32_r7,A,32,7,1.8243653449999329,32,268,268,0
A_N32_r7,A,32,7,2.025155385999824,32,302,302,0
A_N32_r7,A,32,7,2.228696282999408,32,334,334,0
A_N32_r7,A,32,7,2.4297912439997162,32,368,368,0
A_N32_r7,A,32,7,2.630358573999729,32,391,391,0
A_N32_r7,A,32,7,2.8452303710000706,32,436,436,0
A_N32_r7,A,32,7,3.0587123380000776,32,454,454,0
A_N32_r7,A,32,7,3.2722950239995043,32,476,476,0
A_N32_r7,A,32,7,3.487475842999629,32,494,494,0
A_N32_r7,A,32,7,3.7133660419995067,32,518,518,0
A_N32_r7,A,32,7,3.929637907000142,32,542,542,0
A_N32_r7,A,32,7,4.135576181000033,32,561,561,0
A_N32_r7,A,32,7,4.353882083999451,32,587,587,0
A_N32_r7,A,32,7,4.563268806999986,32,610,610,0
A_N32_r7,A,32,7,4.78345415900003,32,639,639,0
A_N32_r7,A,32,7,4.997929054999986,32,659,659,0
A_N32_r7,A,32,7,5.206402357000115,32,678,678,0
A_N32_r7,A,32,7,5.4235800149999704,32,705,705,0
A_N32_r7,A,32,7,5.639330854999571,32,727,727,0
A_N32_r7,A,32,7,5.898451516000023,32,750,750,0
A_N32_r7,A,32,7,6.114036643999498,32,769,769,0
A_N32_r7,A,32,7,6.329987854000137,32,791,791,0
A_N32_r7,A,32,7,6.538395918999413,32,813,813,0
A_N32_r7,A,32,7,6.7598263370000495,32,843,843,0
A_N32_r7,A,32,7,6.972896932999902,32,867,867,0
A_N32_r7,A,32,7,7.18470151099973,32,890,890,0
A_N32_r7,A,32,7,7.393511227999625,32,911,911,0
A_N32_r7,A,32,7,7.608403816999271,32,938,938,0
A_N32_r7,A,32,7,7.811504281999987,32,959,959,0
A_N32_r7,A,32,7,8.012627901000087,32,982,982,0
A_N32_r7,A,32,7,8.214359806000175,32,1011,1011,0
A_N32_r7,A,32,7,8.415198601999691,32,1044,1044,0
A_N32_r7,A,32,7,8.616294065000147,32,1079,1079,0
A_N32_r7,A,32,7,8.819056751999597,32,1108,1108,0
A_N32_r7,A,32,7,9.019696264999766,32,1141,1141,0
A_N32_r7,A,32,7,9.219854941999984,32,1175,1175,0
A_N32_r7,A,32,7,9.42135349199998,32,1208,1208,0
A_N32_r7,A,32,7,9.62300183499974,32,1239,1239,0
A_N32_r7,A,32,7,9.823621098999865,32,1272,1272,0
A_N32_r7,A,32,7,10.024179596999602,32,1308,1308,0
A_N32_r7,A,32,7,10.225769189999482,32,1334,1334,0
A_N32_r7,A,32,7,10.426252331999422,32,1369,1369,0
A_N32_r7,A,32,7,10.631375836999723,32,1402,1402,0
A_N32_r7,A,32,7,10.831472942999426,32,1433,1433,0
A_N32_r7,A,32,7,11.032055574999504,32,1464,1464,0
A_N32_r7,A,32,7,11.233473962999597,32,1504,1504,0
A_N32_r7,A,32,7,11.435151134999614,32,1530,1530,0
A_N32_r7,A,32,7,11.635511004999898,32,1565,1565,0
A_N32_r7,A,32,7,11.840902664000168,32,1597,1597,0
A_N32_r7,A,32,7,12.042273860000023,32,1628,1628,0
A_N32_r7,A,32,7,12.25924902099996,32,1668,1668,0
A_N32_r7,A,32,7,12.471749982999427,32,1698,1698,0
A_N32_r7,A,32,7,12.687724043999879,32,1721,1721,0
A_N32_r7,A,32,7,12.905029175999516,32,1745,1745,0
A_N32_r7,A,32,7,13.117978032999417,32,1767,1767,0
A_N32_r7,A,32,7,13.343129191999651,32,1789,1789,0
A_N32_r7,A,32,7,13.560608570999648,32,1808,1808,0
A_N32_r7,A,32,7,13.779861594000067,32,1828,1828,0
A_N32_r7,A,32,7,13.99482160199932,32,1850,1850,0
A_N32_r7,A,32,7,14.206641467999361,32,1876,1876,0
A_N32_r7,A,32,7,14.426749509999354,32,1898,1898,0
A_N32_r7,A,32,7,14.640283035999346,32,1921,1921,0
A_N32_r7,A,32,7,14.853119798999614,32,1947,1947,0
A_N32_r7,A,32,7,15.065984924999611,32,1965,1965,0
A_N32_r7,A,32,7,15.27602841999942,32,1989,1989,0
A_N32_r7,A,32,7,15.485373615999379,32,2013,2013,0
A_N32_r7,A,32,7,15.698272954999993,32,2034,2034,0
A_N32_r7,A,32,7,15.912444472999596,32,2058,2058,0
A_N32_r7,A,32,7,16.119828519999828,32,2081,2081,0
A_N32_r7,A,32,7,16.33399058299983,32,2106,2106,0
A_N32_r7,A,32,7,16.550249033999535,32,2126,2126,0
A_N32_r7,A,32,7,16.76005044900012,32,2152,2152,0
A_N32_r7,A,32,7,16.97656663699945,32,2175,2175,0
A_N32_r7,A,32,7,17.19230347499979,32,2201,2201,0
A_N32_r7,A,32,7,17.39413889199932,32,2225,2224,1
A_N32_r7,A,32,7,17.59542080799929,32,2251,2250,1
A_N32_r7,A,32,7,17.7987960319997,32,2285,2284,1
A_N32_r7,A,32,7,17.99943273200006,32,2317,2316,1
A_N32_r7,A,32,7,18.19960558599996,32,2350,2349,1
A_N32_r7,A,32,7,18.39996556999995,32,2380,2379,1
A_N32_r7,A,32,7,18.601127797999652,32,2414,2413,1
A_N32_r7,A,32,7,18.81885282299936,32,2447,2446,1
A_N32_r7,A,32,7,19.020822954999858,32,2476,2475,1
A_N32_r7,A,32,7,19.221758975999364,32,2511,2510,1
A_N32_r7,A,32,7,19.423834321999493,32,2544,2543,1
A_N32_r7,A,32,7,19.624303290999705,32,2576,2575,1
A_N32_r7,A,32,7,19.836658326999896,32,2612,2611,1
A_N32_r7,A,32,7,20.04945671799942,32,2647,2646,1
A_N32_r7,A,32,7,20.259133853000094,32,2669,2668,1
A_N32_r7,A,32,7,20.47330021200014,32,2696,2695,1
A_N32_r7,A,32,7,20.68507924000005,32,2717,2716,1
A_N32_r7,A,32,7,20.897168673000124,32,2741,2740,1
A_N32_r7,A,32,7,21.108733105999818,32,2765,2764,1
A_N32_r7,A,32,7,21.318843246999677,32,2788,2787,1
A_N32_r7,A,32,7,21.532110348999595,32,2813,2812,1
A_N32_r7,A,32,7,21.748910384999363,32,2840,2839,1
A_N32_r7,A,32,7,21.965418740000132,32,2858,2857,1
A_N32_r7,A,32,7,22.178621942000063,32,2879,2878,1
A_N32_r7,A,32,7,22.393225289999464,32,2903,2902,1
A_N32_r7,A,32,7,22.60696798799927,32,2928,2927,1
A_N32_r7,A,32,7,22.816374616999383,32,2952,2951,1
A_N32_r7,A,32,7,23.037422202000016,32,2978,2977,1
A_N32_r7,A,32,7,23.252578695999546,32,2999,2998,1
A_N32_r7,A,32,7,23.47187381399999,32,3022,3021,1
A_N32_r7,A,32,7,23.68233518099987,32,3043,3042,1
A_N32_r7,A,32,7,23.893399975999273,32,3067,3066,1
A_N32_r7,A,32,7,24.10592446299961,32,3092,3091,1
A_N32_r7,A,32,7,24.32558719699955,32,3116,3115,1
A_N32_r7,A,32,7,24.539553352999974,32,3139,3138,1
A_N32_r7,A,32,7,24.75094383999931,32,3162,3161,1
A_N32_r7,A,32,7,24.951312588999826,32,3188,3186,2
A_N32_r7,A,32,7,25.15274708800007,32,3213,3211,2
A_N32_r7,A,32,7,25.358642232999955,32,3249,3247,2
A_N32_r7,A,32,7,25.559076693999486,32,3280,3278,2
A_N32_r7,A,32,7,25.75937764199989,32,3312,3310,2
A_N32_r7,A,32,7,25.96039230599945,32,3345,3343,2
A_N32_r7,A,32,7,26.1620884569993,32,3372,3370,2
A_N32_r7,A,32,7,26.36829669100007,32,3413,3411,2
A_N32_r7,A,32,7,26.569606721000127,32,3442,3440,2
A_N32_r7,A,32,7,26.769820382000034,32,3474,3472,2
A_N32_r7,A,32,7,26.969986283999788,32,3511,3509,2
A_N32_r7,A,32,7,27.17175904599935,32,3536,3534,2
A_N32_r7,A,32,7,27.372656531999382,32,3572,3570,2
A_N32_r7,A,32,7,27.573667724999723,32,3605,3603,2
A_N32_r7,A,32,7,27.774354096000025,32,3637,3635,2
A_N32_r7,A,32,7,27.975253097999484,32,3668,3666,2
A_N32_r7,A,32,7,28.175570993999827,32,3701,3699,2
A_N32_r7,A,32,7,28.376641623999603,32,3732,3730,2
A_N32_r7,A,32,7,28.57718706600008,32,3767,3765,2
A_N32_r7,A,32,7,28.782707272999687,32,3801,3799,2
A_N32_r7,A,32,7,28.984277818999544,32,3829,3827,2
A_N32_r7,A,32,7,29.184381027999734,32,3862,3860,2
A_N32_r7,A,32,7,29.384817368999393,32,3896,3894,2
A_N32_r7,A,32,7,29.594045948999337,32,3930,3928,2
A_N32_r7,A,32,7,29.795296999999664,32,3958,3956,2
A_N32_r7,A,32,7,29.997308866999447,32,3994,3992,2
A_N32_r7,A,32,7,30.197549021999293,32,4028,4026,2
A_N32_r7,A,32,7,30.398109023999496,32,4061,4059,2
A_N32_r7,A,32,7,30.59841503000007,32,4086,4084,2
A_N32_r7,A,32,7,30.798679057999834,32,4122,4120,2
A_N32_r7,A,32,7,30.999539118999564,32,4155,4153,2
A_N32_r7,A,32,7,31.199924544999703,32,4188,4186,2
A_N32_r7,A,32,7,31.405508322999594,32,4221,4219,2
A_N32_r7,A,32,7,31.60645607799961,32,4251,4249,2
A_N32_r7,A,32,7,31.807997412000077,32,4286,4284,2
A_N32_r7,A,32,7,32.00895488599963,32,4317,4315,2
A_N32_r7,A,32,7,32.20989662899956,32,4353,4351,2
A_N32_r7,A,32,7,32.410432841999864,32,4380,4378,2
A_N32_r7,A,32,7,32.610746086999825,32,4414,4412,2
A_N32_r7,A,32,7,32.81623654899977,32,4449,4447,2
A_N32_r7,A,32,7,33.01697155999955,32,4479,4477,2
A_N32_r7,A,32,7,33.21836483300012,32,4513,4511,2
A_N32_r7,A,32,7,33.41970962999949,32,4544,4542,2
A_N32_r7,A,32,7,33.6205881599999,32,4575,4573,2
A_N32_r7,A,32,7,33.822152932999415,32,4611,4609,2
A_N32_r7,A,32,7,34.02243839399944,32,4639,4637,2
A_N32_r7,A,32,7,34.22338199600017,32,4677,4675,2
A_N32_r7,A,32,7,34.42931243199928,32,4705,4703,2
A_N32_r7,A,32,7,34.63139106200015,32,4738,4736,2
A_N32_r7,A,32,7,34.84140121699966,32,4776,4774,2
A_N32_r7,A,32,7,35.042588665999574,32,4803,4801,2
A_N32_r7,A,32,7,35.243044044999806,32,4833,4831,2
A_N32_r7,A,32,7,35.460216317999766,32,4875,4873,2
A_N32_r7,A,32,7,35.67084844300007,32,4895,4893,2
A_N32_r7,A,32,7,35.89260905399988,32,4922,4920,2
A_N32_r7,A,32,7,36.10439584799951,32,4942,4940,2
A_N32_r7,A,32,7,36.31788892299937,32,4967,4965,2
A_N32_r7,A,32,7,36.53670995599987,32,4989,4987,2
A_N32_r7,A,32,7,36.75058544900003,32,5012,5010,2
A_N32_r7,A,32,7,36.96563090899963,32,5033,5031,2
A_N32_r7,A,32,7,37.1768782729996,32,5055,5053,2
A_N32_r7,A,32,7,37.39481907899972,32,5080,5078,2
A_N32_r7,A,32,7,37.60869554199962,32,5100,5098,2
A_N32_r7,A,32,7,37.823764413999925,32,5120,5118,2
A_N32_r7,A,32,7,38.04717308999989,32,5141,5139,2
A_N32_r7,A,32,7,38.258581014999436,32,5158,5156,2
A_N32_r7,A,32,7,38.468916383999385,32,5182,5180,2
A_N32_r7,A,32,7,38.68163918799928,32,5203,5201,2
A_N32_r7,A,32,7,38.89742650399967,32,5231,5229,2
A_N32_r7,A,32,7,39.11354174799999,32,5251,5249,2
A_N32_r7,A,32,7,39.32766185999935,32,5272,5270,2
A_N32_r7,A,32,7,39.5374436029997,32,5293,5291,2
A_N32_r7,A,32,7,39.75377870000011,32,5312,5310,2
A_N32_r7,A,32,7,39.968072345999644,32,5330,5328,2
A_N32_r7,A,32,7,40.18774631299948,32,5351,5349,2
A_N32_r7,A,32,7,40.387935050000124,32,5372,5370,2
A_N32_r7,A,32,7,40.5887189139994,32,5395,5393,2
A_N32_r7,A,32,7,40.789723904999846,32,5430,5428,2
A_N32_r7,A,32,7,40.99071829599961,32,5461,5459,2
A_N32_r7,A,32,7,41.19114862300012,32,5497,5495,2
A_N32_r7,A,32,7,41.3927962609996,32,5524,5522,2
A_N32_r7,A,32,7,41.59341002099973,32,5561,5559,2
A_N32_r7,A,32,7,41.79392963400005,32,5590,5588,2
A_N32_r7,A,32,7,41.998597613999664,32,5626,5624,2
A_N32_r7,A,32,7,42.19928655700005,32,5656,5654,2
A_N32_r7,A,32,7,42.400029925000126,32,5691,5689,2
A_N32_r7,A,32,7,42.600857045999874,32,5721,5719,2
A_N32_r7,A,32,7,42.80199132599955,32,5757,5755,2
A_N32_r7,A,32,7,43.00332798799991,32,5788,5786,2
A_N32_r7,A,32,7,43.2036748419996,32,5823,5821,2
A_N32_r7,A,32,7,43.40552543800004,32,5858,5856,2
A_N32_r7,A,32,7,43.606070433999776,32,5887,5885,2
A_N32_r7,A,32,7,43.80663810199985,32,5918,5916,2
A_N32_r7,A,32,7,44.0073913010001,32,5954,5952,2
A_N32_r7,A,32,7,44.2094948670001,32,5980,5978,2
A_N32_r7,A,32,7,44.41054865699971,32,6013,6011,2
A_N32_r7,A,32,7,44.61214080599984,32,6047,6045,2
A_N32_r7,A,32,7,44.81340037799964,32,6081,6079,2
A_N32_r7,A,32,7,45.01401818799968,32,6117,6115,2
A_N32_r7,A,32,7,45.214544927000134,32,6142,6140,2
A_N32_r7,A,32,7,45.422770227999536,32,6182,6180,2
A_N32_r7,A,32,7,45.62369285099976,32,6211,6209,2
A_N32_r7,A,32,7,45.824106272999416,32,6242,6240,2
A_N32_r7,A,32,7,46.04225185499945,32,6286,6284,2
A_N32_r7,A,32,7,46.26477802299996,32,6316,6314,2
A_N32_r7,A,32,7,46.482125116000134,32,6339,6337,2
A_N32_r7,A,32,7,46.698896311999306,32,6363,6361,2
A_N32_r7,A,32,7,46.91300987399973,32,6384,6382,2
A_N32_r7,A,32,7,47.12402061099965,32,6411,6409,2
A_N32_r7,A,32,7,47.335083156999644,32,6444,6442,2
A_N32_r7,A,32,7,47.55459888099995,32,6463,6461,2
A_N32_r7,A,32,7,47.77038374499989,32,6481,6479,2
A_N32_r7,A,32,7,47.98527121400002,32,6503,6501,2
A_N32_r7,A,32,7,48.19903865099968,32,6527,6525,2
A_N32_r7,A,32,7,48.41127936099929,32,6548,6546,2
A_N32_r7,A,32,7,48.625284684999315,32,6573,6571,2
A_N32_r7,A,32,7,48.83727836199978,32,6599,6597,2
A_N32_r7,A,32,7,49.0455728879997,32,6629,6627,2
A_N32_r7,A,32,7,49.26724323599956,32,6655,6653,2
A_N32_r7,A,32,7,49.487916680000126,32,6677,6675,2
A_N32_r7,A,32,7,49.69768260099954,32,6695,6693,2
A_N32_r7,A,32,7,49.90801821700006,32,6722,6720,2
A_N32_r7,A,32,7,50.118099252999855,32,6747,6745,2
A_N32_r7,A,32,7,50.32877356999961,32,6772,6770,2
A_N32_r7,A,32,7,50.53985963000014,32,6798,6796,2
A_N32_r7,A,32,7,50.75362103899988,32,6824,6822,2
A_N32_r7,A,32,7,50.961040610000055,32,6848,6846,2
A_N32_r7,A,32,7,51.16212616699977,32,6871,6869,2
A_N32_r7,A,32,7,51.36310035799943,32,6897,6895,2
A_N32_r7,A,32,7,51.563760579999325,32,6932,6930,2
A_N32_r7,A,32,7,51.76465765899957,32,6959,6957,2
A_N32_r7,A,32,7,51.96660566199989,32,6994,6992,2
A_N32_r7,A,32,7,52.167601787999956,32,7026,7024,2
A_N32_r7,A,32,7,52.369604275999336,32,7058,7056,2
A_N32_r7,A,32,7,52.5700074209999,32,7091,7089,2
A_N32_r7,A,32,7,52.770795441999326,32,7123,7121,2
A_N32_r7,A,32,7,52.97111118099929,32,7156,7154,2
A_N32_r7,A,32,7,53.17199613499997,32,7188,7186,2
A_N32_r7,A,32,7,53.38267092800015,32,7223,7221,2
A_N32_r7,A,32,7,53.59350498599997,32,7259,7257,2
A_N32_r7,A,32,7,53.81246956799987,32,7282,7280,2
A_N32_r7,A,32,7,54.03435002199967,32,7304,7302,2
A_N32_r7,A,32,7,54.246746898999845,32,7324,7322,2
A_N32_r7,A,32,7,54.46444053999949,32,7347,7345,2
A_N32_r7,A,32,7,54.67730212100014,32,7369,7367,2
A_N32_r7,A,32,7,54.89252157299961,32,7395,7393,2
A_N32_r7,A,32,7,55.111065770000096,32,7420,7418,2
A_N32_r7,A,32,7,55.32359364399963,32,7443,7441,2
A_N32_r7,A,32,7,55.5447469719993,32,7467,7465,2
A_N32_r7,A,32,7,55.76392686700001,32,7493,7491,2
A_N32_r7,A,32,7,55.976864078999824,32,7513,7511,2
A_N32_r7,A,32,7,56.19087568899977,32,7534,7532,2
A_N32_r7,A,32,7,56.40894996099996,32,7559,7557,2
A_N32_r7,A,32,7,56.63479441199979,32,7584,7582,2
A_N32_r7,A,32,7,56.847145795999495,32,7611,7609,2
A_N32_r7,A,32,7,57.06857735799986,32,7635,7633,2
A_N32_r7,A,32,7,57.2888415869993,32,7655,7653,2
A_N32_r7,A,32,7,57.500348544999724,32,7679,7677,2
A_N32_r7,A,32,7,57.71029713200005,32,7702,7700,2
A_N32_r7,A,32,7,57.920786259000124,32,7724,7722,2
A_N32_r7,A,32,7,58.14302230799967,32,7744,7742,2
A_N32_r7,A,32,7,58.35603344699939,32,7760,7758,2
A_N32_r7,A,32,7,58.56363058399984,32,7785,7783,2
A_N32_r7,A,32,7,58.76695173999997,32,7810,7808,2
A_N32_r7,A,32,7,58.96793018399967,32,7843,7841,2
A_N32_r7,A,32,7,59.17329581800004,32,7873,7871,2
A_N32_r7,A,32,7,59.38923907199933,32,7917,7915,2
A_N32_r7,A,32,7,59.60220972800016,32,7948,7946,2
A_N32_r7,A,32,7,59.81854125799964,32,7971,7969,2
A_N32_r7,A,32,7,60.03052802699949,26,7997,7995,2
A_N32_r7,A,32,7,60.23089123699992,0,8023,8021,2
A_N32_r8,A,32,8,0.006034941000507388,0,0,0,0
A_N32_r8,A,32,8,0.20657751700036897,32,11,11,0
A_N32_r8,A,32,8,0.40690273200016236,32,36,36,0
A_N32_r8,A,32,8,0.6078539690006437,32,76,76,0
A_N32_r8,A,32,8,0.8080216200005452,32,104,104,0
A_N32_r8,A,32,8,1.0091717400000562,32,136,136,0
A_N32_r8,A,32,8,1.2099163339998995,32,171,171,0
A_N32_r8,A,32,8,1.4141482300001371,32,202,202,0
A_N32_r8,A,32,8,1.6344564720002381,32,244,244,0
A_N32_r8,A,32,8,1.8556835620001948,32,268,268,0
A_N32_r8,A,32,8,2.0720321879998664,32,293,293,0
A_N32_r8,A,32,8,2.2958502520004913,32,317,317,0
A_N32_r8,A,32,8,2.512225337000018,32,339,339,0
A_N32_r8,A,32,8,2.7264462960001765,32,363,363,0
A_N32_r8,A,32,8,2.94263801300076,32,383,383,0
A_N32_r8,A,32,8,3.154993088000083,32,403,403,0
A_N32_r8,A,32,8,3.3677337400004035,32,425,425,0
A_N32_r8,A,32,8,3.583054824000101,32,449,449,0
A_N32_r8,A,32,8,3.793584576000285,32,470,470,0
A_N32_r8,A,32,8,4.00625293900066,32,496,496,0
A_N32_r8,A,32,8,4.222327193000638,32,520,520,0
A_N32_r8,A,32,8,4.433373574000143,32,544,544,0
A_N32_r8,A,32,8,4.642416384000171,32,567,567,0
A_N32_r8,A,32,8,4.855648056000064,32,592,592,0
A_N32_r8,A,32,8,5.072213002999888,32,617,617,0
A_N32_r8,A,32,8,5.290422955000395,32,639,639,0
A_N32_r8,A,32,8,5.497918632000619,32,661,661,0
A_N32_r8,A,32,8,5.709358755000721,32,687,687,0
A_N32_r8,A,32,8,5.922760377000486,32,709,709,0
A_N32_r8,A,32,8,6.141094551000606,32,732,732,0
A_N32_r8,A,32,8,6.353654195000672,32,754,754,0
A_N32_r8,A,32,8,6.56160656100019,32,775,775,0
A_N32_r8,A,32,8,6.762924434000524,32,794,794,0
A_N32_r8,A,32,8,6.964617692000502,32,824,824,0
A_N32_r8,A,32,8,7.167229655000483,32,855,855,0
A_N32_r8,A,32,8,7.367986666000434,32,884,884,0
A_N32_r8,A,32,8,7.568819529999928,32,921,921,0
A_N32_r8,A,32,8,7.770026982000672,32,953,953,0
A_N32_r8,A,32,8,7.971672597000179,32,988,988,0
A_N32_r8,A,32,8,8.171995054000035,32,1020,1020,0
A_N32_r8,A,32,8,8.373806794000302,32,1052,1052,0
A_N32_r8,A,32,8,8.574006960000588,32,1086,1086,0
A_N32_r8,A,32,8,8.77448690700021,32,1115,1115,0
A_N32_r8,A,32,8,8.97631766900031,32,1147,1147,0
A_N32_r8,A,32,8,9.177572604000488,32,1182,1182,0
A_N32_r8,A,32,8,9.37798447700061,32,1211,1211,0
A_N32_r8,A,32,8,9.578252409000015,32,1242,1242,0
A_N32_r8,A,32,8,9.77843660400049,32,1278,1278,0
A_N32_r8,A,32,8,9.97933445200033,32,1308,1308,0
A_N32_r8,A,32,8,10.17953715800013,32,1344,1344,0
A_N32_r8,A,32,8,10.38057646300058,32,1376,1376,0
A_N32_r8,A,32,8,10.58561150100013,32,1405,1405,0
A_N32_r8,A,32,8,10.796186160000616,32,1441,1441,0
A_N32_r8,A,32,8,10.998826234000262,32,1476,1476,0
A_N32_r8,A,32,8,11.202133718000368,32,1509,1509,0
A_N32_r8,A,32,8,11.402662927000165,32,1542,1542,0
A_N32_r8,A,32,8,11.604533208000248,32,1574,1574,0
A_N32_r8,A,32,8,11.805205329000273,32,1604,1604,0
A_N32_r8,A,32,8,12.00616644100046,32,1640,1640,0
A_N32_r8,A,32,8,12.207381451999936,32,1670,1670,0
A_N32_r8,A,32,8,12.410409686000094,32,1704,1704,0
A_N32_r8,A,32,8,12.613523050000367,32,1734,1734,0
A_N32_r8,A,32,8,12.816394821999893,32,1769,1769,0
A_N32_r8,A,32,8,13.019082380000327,32,1799,1799,0
A_N32_r8,A,32,8,13.220165839999936,32,1833,1833,0
A_N32_r8,A,32,8,13.422349557000416,32,1864,1864,0
A_N32_r8,A,32,8,13.623260451000533,32,1901,1901,0
A_N32_r8,A,32,8,13.823929271000452,32,1931,1931,0
A_N32_r8,A,32,8,14.024466857000334,32,1963,1963,0
A_N32_r8,A,32,8,14.229207088000294,32,1994,1994,0
A_N32_r8,A,32,8,14.429588669000623,32,2029,2029,0
A_N32_r8,A,32,8,14.63000352400013,32,2062,2062,0
A_N32_r8,A,32,8,14.830211170000439,32,2089,2089,0
A_N32_r8,A,32,8,15.031023331000142,32,2124,2124,0
A_N32_r8,A,32,8,15.231337332000294,32,2154,2154,0
A_N32_r8,A,32,8,15.43212080000012,32,2190,2190,0
A_N32_r8,A,32,8,15.633169848000762,32,2219,2219,0
A_N32_r8,A,32,8,15.834239919000538,32,2257,2257,0
A_N32_r8,A,32,8,16.035197342000174,32,2288,2288,0
A_N32_r8,A,32,8,16.235864868000135,32,2320,2320,0
A_N32_r8,A,32,8,16.437385464000727,32,2352,2352,0
A_N32_r8,A,32,8,16.64492542500011,32,2385,2385,0
A_N32_r8,A,32,8,16.845556826000575,32,2416,2416,0
A_N32_r8,A,32,8,17.058823928000493,32,2446,2446,0
A_N32_r8,A,32,8,17.273581303000356,32,2487,2487,0
A_N32_r8,A,32,8,17.490045081000062,32,2513,2513,0
A_N32_r8,A,32,8,17.7074592630006,32,2535,2535,0
A_N32_r8,A,32,8,17.928550233999886,32,2558,2558,0
A_N32_r8,A,32,8,18.142753881000317,32,2581,2581,0
A_N32_r8,A,32,8,18.357451932000004,32,2607,2607,0
A_N32_r8,A,32,8,18.571005642000273,32,2634,2634,0
A_N32_r8,A,32,8,18.787046501000077,32,2652,2652,0
A_N32_r8,A,32,8,18.997021341000618,32,2675,2675,0
A_N32_r8,A,32,8,19.217864553000254,32,2704,2704,0
A_N32_r8,A,32,8,19.430769666000742,32,2725,2725,0
A_N32_r8,A,32,8,19.646750386999884,32,2747,2747,0
A_N32_r8,A,32,8,19.859854289000396,32,2774,2774,0
A_N32_r8,A,32,8,20.082552281000062,32,2796,2796,0
A_N32_r8,A,32,8,20.297274583000217,32,2816,2816,0
A_N32_r8,A,32,8,20.50813035400006,32,2838,2838,0
A_N32_r8,A,32,8,20.726321425000606,32,2863,2863,0
A_N32_r8,A,32,8,20.936805842000467,32,2883,2883,0
A_N32_r8,A,32,8,21.15078294400064,32,2909,2909,0
A_N32_r8,A,32,8,21.366892893000113,32,2931,2931,0
A_N32_r8,A,32,8,21.580379369000184,32,2953,2953,0
A_N32_r8,A,32,8,21.794380598000316,32,2977,2977,0
A_N32_r8,A,32,8,22.01595999300025,32,3005,3005,0
A_N32_r8,A,32,8,22.216430037000464,32,3028,3027,1
A_N32_r8,A,32,8,22.41752908900071,32,3051,3050,1
A_N32_r8,A,32,8,22.62280001900035,32,3085,3084,1
A_N32_r8,A,32,8,22.823355016000278,32,3119,3118,1
A_N32_r8,A,32,8,23.031238536000274,32,3153,3152,1
A_N32_r8,A,32,8,23.232077935000234,32,3184,3183,1
A_N32_r8,A,32,8,23.434201639000094,32,3217,3216,1
A_N32_r8,A,32,8,23.63553153400062,32,3244,3243,1
A_N32_r8,A,32,8,23.836135051000383,32,3284,3283,1
A_N32_r8,A,32,8,24.04122832900066,32,3315,3314,1
A_N32_r8,A,32,8,24.242327214999932,32,3349,3348,1
A_N32_r8,A,32,8,24.443254466000326,32,3383,3382,1
A_N32_r8,A,32,8,24.644833058000586,32,3413,3412,1
A_N32_r8,A,32,8,24.846838268000283,32,3446,3445,1
A_N32_r8,A,32,8,25.04736175400012,32,3479,3478,1
A_N32_r8,A,32,8,25.248924172000443,32,3511,3510,1
A_N32_r8,A,32,8,25.475149724000403,32,3552,3551,1
A_N32_r8,A,32,8,25.691832935000093,32,3574,3573,1
A_N32_r8,A,32,8,25.90799302400046,32,3599,3598,1
A_N32_r8,A,32,8,26.120852403000754,32,3622,3621,1
A_N32_r8,A,32,8,26.341986306000763,32,3641,3640,1
A_N32_r8,A,32,8,26.550914120000016,32,3663,3662,1
A_N32_r8,A,32,8,26.765542349000498,32,3692,3691,1
A_N32_r8,A,32,8,26.97549829200034,32,3713,3712,1
A_N32_r8,A,32,8,27.198602103000667,32,3735,3734,1
A_N32_r8,A,32,8,27.410617124000055,32,3754,3753,1
A_N32_r8,A,32,8,27.620183832000293,32,3776,3775,1
A_N32_r8,A,32,8,27.842743328000324,32,3799,3798,1
A_N32_r8,A,32,8,28.053263483000592,32,3819,3818,1
A_N32_r8,A,32,8,28.270428187000107,32,3839,3838,1
A_N32_r8,A,32,8,28.482108883000365,32,3858,3857,1
A_N32_r8,A,32,8,28.696175757000674,32,3883,3882,1
A_N32_r8,A,32,8,28.91115310600071,32,3905,3904,1
A_N32_r8,A,32,8,29.12616571200033,32,3925,3924,1
A_N32_r8,A,32,8,29.33774203900066,32,3944,3943,1
A_N32_r8,A,32,8,29.552910269000677,32,3965,3964,1
A_N32_r8,A,32,8,29.76764069300043,32,3989,3988,1
A_N32_r8,A,32,8,29.982631355000194,32,4010,4009,1
A_N32_r8,A,32,8,30.20559476500057,32,4034,4033,1
A_N32_r8,A,32,8,30.41741861600076,32,4058,4057,1
A_N32_r8,A,32,8,30.618335249000665,32,4075,4074,1
A_N32_r8,A,32,8,30.819672689000072,32,4111,4110,1
A_N32_r8,A,32,8,31.021635594000145,32,4139,4138,1
A_N32_r8,A,32,8,31.221815372000492,32,4175,4174,1
A_N32_r8,A,32,8,31.4223127690002,32,4202,4201,1
A_N32_r8,A,32,8,31.624473328000022,32,4238,4237,1
A_N32_r8,A,32,8,31.824913940999977,32,4271,4270,1
A_N32_r8,A,32,8,32.026680913000746,32,4304,4303,1
A_N32_r8,A,32,8,32.22753766599999,32,4335,4334,1
A_N32_r8,A,32,8,32.427986800000326,32,4370,4369,1
A_N32_r8,A,32,8,32.629314542999964,32,4400,4399,1
A_N32_r8,A,32,8,32.831083961999866,32,4435,4434,1
A_N32_r8,A,32,8,33.03258317500058,32,4460,4459,1
A_N32_r8,A,32,8,33.25787298100022,32,4508,4507,1
A_N32_r8,A,32,8,33.46458131200052,32,4528,4527,1
A_N32_r8,A,32,8,33.677011000000675,32,4552,4551,1
A_N32_r8,A,32,8,33.893219259000034,32,4574,4573,1
A_N32_r8,A,32,8,34.10787693200018,32,4593,4592,1
A_N32_r8,A,32,8,34.3248973460004,32,4616,4615,1
A_N32_r8,A,32,8,34.53810163400067,32,4639,4638,1
A_N32_r8,A,32,8,34.751032555000165,32,4663,4662,1
A_N32_r8,A,32,8,34.96310118400015,32,4684,4683,1
A_N32_r8,A,32,8,35.180787545000385,32,4707,4706,1
A_N32_r8,A,32,8,35.396604404000755,32,4728,4727,1
A_N32_r8,A,32,8,35.614204821000385,32,4749,4748,1
A_N32_r8,A,32,8,35.83193060800022,32,4774,4773,1
A_N32_r8,A,32,8,36.03991341800065,32,4796,4795,1
A_N32_r8,A,32,8,36.264197677000084,32,4819,4818,1
A_N32_r8,A,32,8,36.47545195600014,32,4842,4841,1
A_N32_r8,A,32,8,36.6926497000004,32,4864,4863,1
A_N32_r8,A,32,8,36.91128106799988,32,4886,4885,1
A_N32_r8,A,32,8,37.122364301000744,32,4905,4904,1
A_N32_r8,A,32,8,37.33369333700011,32,4931,4930,1
A_N32_r8,A,32,8,37.54941070299992,32,4956,4955,1
A_N32_r8,A,32,8,37.768942314000014,32,4979,4978,1
A_N32_r8,A,32,8,37.98150841400002,32,4999,4998,1
A_N32_r8,A,32,8,38.18689657699997,32,5025,5024,1
A_N32_r8,A,32,8,38.38842808500067,32,5043,5042,1
A_N32_r8,A,32,8,38.59024073500041,32,5074,5073,1
A_N32_r8,A,32,8,38.791352711999934,32,5111,5110,1
A_N32_r8,A,32,8,38.99187500100015,32,5141,5140,1
A_N32_r8,A,32,8,39.1927514580002,32,5173,5172,1
A_N32_r8,A,32,8,39.39379192600063,32,5207,5206,1
A_N32_r8,A,32,8,39.59597909900003,32,5240,5239,1
A_N32_r8,A,32,8,39.796180252999875,32,5267,5266,1
A_N32_r8,A,32,8,39.99656946699997,32,5302,5301,1
A_N32_r8,A,32,8,40.200237093000396,32,5339,5338,1
A_N32_r8,A,32,8,40.400780338000004,32,5369,5368,1
A_N32_r8,A,32,8,40.601247750000766,32,5400,5399,1
A_N32_r8,A,32,8,40.80315337000047,32,5432,5431,1
A_N32_r8,A,32,8,41.004693956000665,32,5468,5467,1
A_N32_r8,A,32,8,41.20986086100038,32,5506,5505,1
A_N32_r8,A,32,8,41.410942088999946,32,5528,5527,1
A_N32_r8,A,32,8,41.61877927800015,32,5564,5563,1
A_N32_r8,A,32,8,41.83572560700031,32,5605,5604,1
A_N32_r8,A,32,8,42.05230517700056,32,5632,5631,1
A_N32_r8,A,32,8,42.27194772300027,32,5651,5650,1
A_N32_r8,A,32,8,42.49113871600002,32,5672,5671,1
A_N32_r8,A,32,8,42.705690305000644,32,5691,5690,1
A_N32_r8,A,32,8,42.92165705400021,32,5712,5711,1
A_N32_r8,A,32,8,43.13060380300067,32,5736,5735,1
A_N32_r8,A,32,8,43.345938389000366,32,5762,5761,1
A_N32_r8,A,32,8,43.56630241499988,32,5784,5783,1
A_N32_r8,A,32,8,43.78008105200024,32,5809,5808,1
A_N32_r8,A,32,8,43.989715097000044,32,5829,5828,1
A_N32_r8,A,32,8,44.20390600900009,32,5855,5854,1
A_N32_r8,A,32,8,44.41570907999994,32,5878,5877,1
A_N32_r8,A,32,8,44.63207374900048,32,5900,5899,1
A_N32_r8,A,32,8,44.84335259399995,32,5925,5924,1
A_N32_r8,A,32,8,45.06353468100042,32,5950,5949,1
A_N32_r8,A,32,8,45.28306479599996,32,5975,5974,1
A_N32_r8,A,32,8,45.501154982000116,32,6000,5999,1
A_N32_r8,A,32,8,45.7210822370007,32,6022,6021,1
A_N32_r8,A,32,8,45.93765837899991,32,6048,6047,1
A_N32_r8,A,32,8,46.14936487200066,32,6071,6070,1
A_N32_r8,A,32,8,46.364494672000546,32,6101,6100,1
A_N32_r8,A,32,8,46.57728576400041,32,6124,6123,1
A_N32_r8,A,32,8,46.77844261900009,32,6148,6147,1
A_N32_r8,A,32,8,46.97898375600016,32,6173,6172,1
A_N32_r8,A,32,8,47.180025499000294,32,6209,6208,1
A_N32_r8,A,32,8,47.380739674000324,32,6239,6238,1
A_N32_r8,A,32,8,47.58162847699987,32,6270,6269,1
A_N32_r8,A,32,8,47.78309903199988,32,6303,6302,1
A_N32_r8,A,32,8,47.996205614000246,32,6342,6341,1
A_N32_r8,A,32,8,48.21354717700069,32,6363,6362,1
A_N32_r8,A,32,8,48.427101053000115,32,6385,6384,1
A_N32_r8,A,32,8,48.64189867999994,32,6406,6405,1
A_N32_r8,A,32,8,48.8550712010001,32,6428,6427,1
A_N32_r8,A,32,8,49.07481938700039,32,6452,6451,1
A_N32_r8,A,32,8,49.28683408300003,32,6478,6477,1
A_N32_r8,A,32,8,49.49636542799999,32,6499,6498,1
A_N32_r8,A,32,8,49.7110703770004,32,6520,6519,1
A_N32_r8,A,32,8,49.92557529300029,32,6539,6538,1
A_N32_r8,A,32,8,50.14043356900038,32,6560,6559,1
A_N32_r8,A,32,8,50.3543805420004,32,6583,6582,1
A_N32_r8,A,32,8,50.574678714000584,32,6604,6603,1
A_N32_r8,A,32,8,50.789872725999885,32,6628,6627,1
A_N32_r8,A,32,8,50.99780185700001,32,6648,6647,1
A_N32_r8,A,32,8,51.21271579400036,32,6672,6671,1
A_N32_r8,A,32,8,51.4320473380003,32,6692,6691,1
A_N32_r8,A,32,8,51.63966005100065,32,6711,6710,1
A_N32_r8,A,32,8,51.85535093999988,32,6733,6732,1
A_N32_r8,A,32,8,52.07898487900002,32,6757,6756,1
A_N32_r8,A,32,8,52.294096526999965,32,6778,6777,1
A_N32_r8,A,32,8,52.51283141100066,32,6799,6798,1
A_N32_r8,A,32,8,52.72737297100048,32,6822,6821,1
A_N32_r8,A,32,8,52.93338309000046,32,6844,6843,1
A_N32_r8,A,32,8,53.13438441700055,32,6867,6866,1
A_N32_r8,A,32,8,53.33693492900056,32,6896,6895,1
A_N32_r8,A,32,8,53.53822992999994,32,6930,6929,1
A_N32_r8,A,32,8,53.7402399420007,32,6965,6964,1
A_N32_r8,A,32,8,53.94086343000072,32,6994,6993,1
A_N32_r8,A,32,8,54.14217632200052,32,7028,7027,1
A_N32_r8,A,32,8,54.343070943000384,32,7062,7061,1
A_N32_r8,A,32,8,54.54433247700035,32,7094,7093,1
A_N32_r8,A,32,8,54.74463649200061,32,7123,7122,1
A_N32_r8,A,32,8,54.946386286000234,32,7158,7157,1
A_N32_r8,A,32,8,55.147348060000695,32,7188,7187,1
A_N32_r8,A,32,8,55.347941028000605,32,7226,7225,1
A_N32_r8,A,32,8,55.54898002800019,32,7257,7256,1
A_N32_r8,A,32,8,55.7509007940007,32,7291,7290,1
A_N32_r8,A,32,8,55.95298752100007,32,7320,7319,1
A_N32_r8,A,32,8,56.1734170740001,32,7362,7361,1
A_N32_r8,A,32,8,56.38711670200064,32,7388,7387,1
A_N32_r8,A,32,8,56.59917336600029,32,7413,7412,1
A_N32_r8,A,32,8,56.812478230000124,32,7437,7436,1
A_N32_r8,A,32,8,57.0317474680005,32,7463,7462,1
A_N32_r8,A,32,8,57.24659480199989,32,7490,7489,1
A_N32_r8,A,32,8,57.458799101000295,32,7512,7511,1
A_N32_r8,A,32,8,57.67521975700038,32,7538,7537,1
A_N32_r8,A,32,8,57.88602072000049,32,7560,7559,1
A_N32_r8,A,32,8,58.10062052300054,32,7590,7589,1
A_N32_r8,A,32,8,58.323056782000094,32,7618,7617,1
A_N32_r8,A,32,8,58.53516806300013,32,7637,7636,1
A_N32_r8,A,32,8,58.75154726800065,32,7658,7657,1
A_N32_r8,A,32,8,58.96362958000009,32,7681,7680,1
A_N32_r8,A,32,8,59.175577699000314,32,7700,7699,1
A_N32_r8,A,32,8,59.39112540000042,32,7725,7724,1
A_N32_r8,A,32,8,59.60414204800054,32,7744,7743,1
A_N32_r8,A,32,8,59.81541206900056,32,7766,7765,1
A_N32_r8,A,32,8,60.02679508700021,29,7792,7791,1
A_N32_r8,A,32,8,60.2277330980005,7,7814,7813,1
A_N32_r8,A,32,8,60.428117835000194,0,7821,7820,1
A_N32_r9,A,32,9,0.0064275350005118526,0,0,0,0
A_N32_r9,A,32,9,0.207568366000487,32,12,12,0
A_N32_r9,A,32,9,0.4294597670004805,32,49,49,0
A_N32_r9,A,32,9,0.644201078000151,32,80,80,0
A_N32_r9,A,32,9,0.8581712610002796,32,101,101,0
A_N32_r9,A,32,9,1.0809602210001685,32,125,125,0
A_N32_r9,A,32,9,1.3014739560003363,32,148,148,0
A_N32_r9,A,32,9,1.5247509230002834,32,167,167,0
A_N32_r9,A,32,9,1.7347052940003778,32,184,184,0
A_N32_r9,A,32,9,1.9498982350005463,32,211,211,0
A_N32_r9,A,32,9,2.161511846999929,32,230,230,0
A_N32_r9,A,32,9,2.3749061059997985,32,254,254,0
A_N32_r9,A,32,9,2.5865169449998575,32,275,275,0
A_N32_r9,A,32,9,2.8037900139997873,32,297,297,0
A_N32_r9,A,32,9,3.0165739889998804,32,317,317,0
A_N32_r9,A,32,9,3.227825416000087,32,339,339,0
A_N32_r9,A,32,9,3.444392727000377,32,364,364,0
A_N32_r9,A,32,9,3.6558790180006326,32,387,387,0
A_N32_r9,A,32,9,3.866917231000116,32,410,410,0
A_N32_r9,A,32,9,4.0896936190001725,32,436,436,0
A_N32_r9,A,32,9,4.304929802000515,32,461,461,0
A_N32_r9,A,32,9,4.521505536999939,32,488,488,0
A_N32_r9,A,32,9,4.735995318999812,32,512,512,0
A_N32_r9,A,32,9,4.945870381000532,32,533,533,0
A_N32_r9,A,32,9,5.162102420999872,32,560,560,0
A_N32_r9,A,32,9,5.373050807999789,32,583,583,0
A_N32_r9,A,32,9,5.5743392909998875,32,609,609,0
A_N32_r9,A,32,9,5.774707964999834,32,634,634,0
A_N32_r9,A,32,9,5.983723229000134,32,674,674,0
A_N32_r9,A,32,9,6.195342920000257,32,708,708,0
A_N32_r9,A,32,9,6.410160115000508,32,738,738,0
A_N32_r9,A,32,9,6.629453999999896,32,764,764,0
A_N32_r9,A,32,9,6.839195663999817,32,787,787,0
A_N32_r9,A,32,9,7.05761628900018,32,809,809,0
A_N32_r9,A,32,9,7.266134197000611,32,830,830,0
A_N32_r9,A,32,9,7.483032019999882,32,853,853,0
A_N32_r9,A,32,9,7.693786894999903,32,872,872,0
A_N32_r9,A,32,9,7.915884025000196,32,899,899,0
A_N32_r9,A,32,9,8.133431590000328,32,922,922,0
A_N32_r9,A,32,9,8.341907945000457,32,946,946,0
A_N32_r9,A,32,9,8.559374370000114,32,974,974,0
A_N32_r9,A,32,9,8.785758578999776,32,997,997,0
A_N32_r9,A,32,9,8.998245263000172,32,1017,1017,0
A_N32_r9,A,32,9,9.215195439000126,32,1041,1041,0
A_N32_r9,A,32,9,9.432659226000396,32,1069,1069,0
A_N32_r9,A,32,9,9.644320457000504,32,1090,1090,0
A_N32_r9,A,32,9,9.856802688999778,32,1115,1115,0
A_N32_r9,A,32,9,10.068984647000434,32,1140,1140,0
A_N32_r9,A,32,9,10.284911275000013,32,1164,1164,0
A_N32_r9,A,32,9,10.501339852000456,32,1185,1185,0
A_N32_r9,A,32,9,10.718095828000514,32,1202,1202,0
A_N32_r9,A,32,9,10.93147891999979,32,1221,1221,0
A_N32_r9,A,32,9,11.133433175999926,32,1243,1243,0
A_N32_r9,A,32,9,11.333768104999763,32,1267,1267,0
A_N32_r9,A,32,9,11.548753742000372,32,1314,1314,0
A_N32_r9,A,32,9,11.767275602000154,32,1334,1334,0
A_N32_r9,A,32,9,11.982522172000245,32,1355,1355,0
A_N32_r9,A,32,9,12.199903022000399,32,1375,1375,0
A_N32_r9,A,32,9,12.407623234000312,32,1395,1395,0
A_N32_r9,A,32,9,12.637988444999792,32,1422,1422,0
A_N32_r9,A,32,9,12.852747961000205,32,1443,1443,0
A_N32_r9,A,32,9,13.069348799000181,32,1469,1469,0
A_N32_r9,A,32,9,13.28349010400052,32,1495,1495,0
A_N32_r9,A,32,9,13.498903583000356,32,1517,1517,0
A_N32_r9,A,32,9,13.72007028600001,32,1539,1539,0
A_N32_r9,A,32,9,13.931654658000298,32,1563,1563,0
A_N32_r9,A,32,9,14.147753356000067,32,1585,1585,0
A_N32_r9,A,32,9,14.360332234999987,32,1608,1608,0
A_N32_r9,A,32,9,14.572443820000444,32,1632,1632,0
A_N32_r9,A,32,9,14.784314819999963,32,1655,1655,0
A_N32_r9,A,32,9,14.997195599000406,32,1676,1676,0
A_N32_r9,A,32,9,15.212726773999748,32,1696,1696,0
A_N32_r9,A,32,9,15.434242450000056,32,1718,1718,0
A_N32_r9,A,32,9,15.645995052999751,32,1738,1738,0
A_N32_r9,A,32,9,15.858612992000417,32,1761,1761,0
A_N32_r9,A,32,9,16.074857888000224,32,1788,1788,0
A_N32_r9,A,32,9,16.286724452999806,32,1808,1808,0
A_N32_r9,A,32,9,16.49138847500035,32,1833,1833,0
A_N32_r9,A,32,9,16.69195844800015,32,1853,1853,0
A_N32_r9,A,32,9,16.89329732599981,32,1890,1890,0
A_N32_r9,A,32,9,17.094585369000015,32,1917,1917,0
A_N32_r9,A,32,9,17.300430981000318,32,1952,1952,0
A_N32_r9,A,32,9,17.517251666000448,32,1994,1994,0
A_N32_r9,A,32,9,17.73230847800005,32,2016,2016,0
A_N32_r9,A,32,9,17.944668412000283,32,2040,2040,0
A_N32_r9,A,32,9,18.154946055000437,32,2062,2062,0
A_N32_r9,A,32,9,18.375680365000335,32,2088,2088,0
A_N32_r9,A,32,9,18.59336021099989,32,2110,2110,0
A_N32_r9,A,32,9,18.811983280000277,32,2132,2132,0
A_N32_r9,A,32,9,19.025380351000422,32,2152,2152,0
A_N32_r9,A,32,9,19.240686437000477,32,2175,2175,0
A_N32_r9,A,32,9,19.458797877000507,32,2200,2200,0
A_N32_r9,A,32,9,19.6717773750006,32,2220,2220,0
A_N32_r9,A,32,9,19.884776851000424,32,2242,2242,0
A_N32_r9,A,32,9,20.11112823700023,32,2267,2267,0
A_N32_r9,A,32,9,20.326018004000616,32,2287,2287,0
A_N32_r9,A,32,9,20.547967324000638,32,2305,2305,0
A_N32_r9,A,32,9,20.766913487000238,32,2327,2327,0
A_N32_r9,A,32,9,20.98070920400005,32,2349,2349,0
A_N32_r9,A,32,9,21.193284551000033,32,2373,2373,0
A_N32_r9,A,32,9,21.407321312000022,32,2396,2396,0
A_N32_r9,A,32,9,21.617696690999765,32,2417,2417,0
A_N32_r9,A,32,9,21.830525959000624,32,2443,2443,0
A_N32_r9,A,32,9,22.040841856000043,32,2465,2465,0
A_N32_r9,A,32,9,22.251977128000362,32,2487,2487,0
A_N32_r9,A,32,9,22.456897041000047,32,2509,2509,0
A_N32_r9,A,32,9,22.65798372900008,32,2539,2539,0
A_N32_r9,A,32,9,22.85846950999985,32,2568,2568,0
A_N32_r9,A,32,9,23.059247576000416,32,2597,2597,0
A_N32_r9,A,32,9,23.260671207000087,32,2635,2635,0
A_N32_r9,A,32,9,23.461024875000476,32,2668,2668,0
A_N32_r9,A,32,9,23.661768079000467,32,2698,2698,0
A_N32_r9,A,32,9,23.862168245000248,32,2728,2728,0
A_N32_r9,A,32,9,24.063111159000073,32,2760,2760,0
A_N32_r9,A,32,9,24.263891960000365,32,2793,2793,0
A_N32_r9,A,32,9,24.465916963999916,32,2827,2827,0
A_N32_r9,A,32,9,24.666239498999857,32,2859,2859,0
A_N32_r9,A,32,9,24.86658933600029,32,2892,2892,0
A_N32_r9,A,32,9,25.068259350000517,32,2926,2926,0
A_N32_r9,A,32,9,25.269506438999997,32,2951,2951,0
A_N32_r9,A,32,9,25.46971367200058,32,2988,2988,0
A_N32_r9,A,32,9,25.670896811000603,32,3023,3023,0
A_N32_r9,A,32,9,25.871269347000634,32,3050,3050,0
A_N32_r9,A,32,9,26.07224488400061,32,3087,3087,0
A_N32_r9,A,32,9,26.275370379999913,32,3120,3120,0
A_N32_r9,A,32,9,26.47808161300054,32,3151,3151,0
A_N32_r9,A,32,9,26.679101919999994,32,3183,3183,0
A_N32_r9,A,32,9,26.881166199999825,32,3215,3215,0
A_N32_r9,A,32,9,27.082981792000282,32,3251,3251,0
A_N32_r9,A,32,9,27.283874103000016,32,3281,3281,0
A_N32_r9,A,32,9,27.48573709900029,32,3313,3313,0
A_N32_r9,A,32,9,27.69293911800014,32,3345,3345,0
A_N32_r9,A,32,9,27.893268093000188,32,3378,3378,0
A_N32_r9,A,32,9,28.09361337200062,32,3411,3411,0
A_N32_r9,A,32,9,28.29399523400025,32,3442,3442,0
A_N32_r9,A,32,9,28.49466887700055,32,3473,3473,0
A_N32_r9,A,32,9,28.695924030000242,32,3503,3503,0
A_N32_r9,A,32,9,28.896954218000246,32,3530,3530,0
A_N32_r9,A,32,9,29.098304854000162,32,3567,3567,0
A_N32_r9,A,32,9,29.298771361000036,32,3601,3601,0
A_N32_r9,A,32,9,29.499613609000335,32,3634,3634,0
A_N32_r9,A,32,9,29.700916769000287,32,3669,3669,0
A_N32_r9,A,32,9,29.90199654600019,32,3704,3704,0
A_N32_r9,A,32,9,30.103242279999904,32,3739,3739,0
A_N32_r9,A,32,9,30.326600911999776,32,3781,3781,0
A_N32_r9,A,32,9,30.543246582999927,32,3804,3804,0
A_N32_r9,A,32,9,30.755127456000082,32,3826,3826,0
A_N32_r9,A,32,9,30.97506561099999,32,3849,3849,0
A_N32_r9,A,32,9,31.194479689999753,32,3871,3871,0
A_N32_r9,A,32,9,31.404443825999806,32,3898,3898,0
A_N32_r9,A,32,9,31.614947562000452,32,3922,3922,0
A_N32_r9,A,32,9,31.8347383549999,32,3946,3946,0
A_N32_r9,A,32,9,32.04528815899994,32,3971,3971,0
A_N32_r9,A,32,9,32.25372917200002,32,3991,3991,0
A_N32_r9,A,32,9,32.468024802999935,32,4016,4016,0
A_N32_r9,A,32,9,32.68529471700003,32,4038,4038,0
A_N32_r9,A,32,9,32.90239035100058,32,4062,4062,0
A_N32_r9,A,32,9,33.11983917700036,32,4088,4088,0
A_N32_r9,A,32,9,33.33934493400011,32,4115,4115,0
A_N32_r9,A,32,9,33.56147598500047,32,4136,4136,0
A_N32_r9,A,32,9,33.77235015400038,32,4162,4162,0
A_N32_r9,A,32,9,33.997013201999835,32,4188,4188,0
A_N32_r9,A,32,9,34.21104199000001,32,4211,4211,0
A_N32_r9,A,32,9,34.43006506199981,32,4240,4240,0
A_N32_r9,A,32,9,34.63902967700051,32,4259,4259,0
A_N32_r9,A,32,9,34.85684122800012,32,4283,4283,0
A_N32_r9,A,32,9,35.0714545740002,32,4307,4307,0
A_N32_r9,A,32,9,35.28402875000029,32,4327,4327,0
A_N32_r9,A,32,9,35.48514431100011,32,4351,4351,0
A_N32_r9,A,32,9,35.68570788800025,32,4383,4383,0
A_N32_r9,A,32,9,35.88674397900013,32,4417,4417,0
A_N32_r9,A,32,9,36.087402037000174,32,4449,4449,0
A_N32_r9,A,32,9,36.28815102200042,32,4479,4479,0
A_N32_r9,A,32,9,36.48878080000031,32,4521,4521,0
A_N32_r9,A,32,9,36.690561264999815,32,4553,4553,0
A_N32_r9,A,32,9,36.89129341700027,32,4590,4590,0
A_N32_r9,A,32,9,37.09231439700034,32,4621,4621,0
A_N32_r9,A,32,9,37.29371154300043,32,4657,4657,0
A_N32_r9,A,32,9,37.493934508000166,32,4689,4689,0
A_N32_r9,A,32,9,37.69533260499975,32,4723,4723,0
A_N32_r9,A,32,9,37.89632908300064,32,4756,4756,0
A_N32_r9,A,32,9,38.09653607100063,32,4789,4789,0
A_N32_r9,A,32,9,38.296928483000556,32,4821,4821,0
A_N32_r9,A,32,9,38.497882306000065,32,4856,4856,0
A_N32_r9,A,32,9,38.698534730000574,32,4890,4890,0
A_N32_r9,A,32,9,38.899194688000534,32,4921,4921,0
A_N32_r9,A,32,9,39.102339877000304,32,4956,4956,0
A_N32_r9,A,32,9,39.306694927000535,32,4989,4989,0
A_N32_r9,A,32,9,39.506944004000616,32,5025,5025,0
A_N32_r9,A,32,9,39.709209182999984,32,5057,5057,0
A_N32_r9,A,32,9,39.913547410999854,32,5095,5095,0
A_N32_r9,A,32,9,40.11428427300052,32,5123,5123,0
A_N32_r9,A,32,9,40.31766196100034,32,5160,5160,0
A_N32_r9,A,32,9,40.51846577300057,32,5195,5195,0
A_N32_r9,A,32,9,40.719208698999864,32,5224,5224,0
A_N32_r9,A,32,9,40.920604509999976,32,5265,5265,0
A_N32_r9,A,32,9,41.12094707200049,32,5297,5297,0
A_N32_r9,A,32,9,41.32131655900048,32,5324,5324,0
A_N32_r9,A,32,9,41.53563911800029,32,5371,5371,0
A_N32_r9,A,32,9,41.746039069999824,32,5398,5398,0
A_N32_r9,A,32,9,41.95831603100032,32,5418,5418,0
A_N32_r9,A,32,9,42.17241359899981,32,5444,5444,0
A_N32_r9,A,32,9,42.38237336600014,32,5469,5469,0
A_N32_r9,A,32,9,42.595292537000205,32,5492,5492,0
A_N32_r9,A,32,9,42.81230625199987,32,5519,5519,0
A_N32_r9,A,32,9,43.02303826900061,32,5537,5537,0
A_N32_r9,A,32,9,43.23627827300061,32,5563,5563,0
A_N32_r9,A,32,9,43.446698096000546,32,5586,5586,0
A_N32_r9,A,32,9,43.65733368600013,32,5613,5613,0
A_N32_r9,A,32,9,43.86759189199984,32,5639,5639,0
A_N32_r9,A,32,9,44.08281724400058,32,5664,5664,0
A_N32_r9,A,32,9,44.2985507100002,32,5691,5691,0
A_N32_r9,A,32,9,44.509702452000056,32,5721,5721,0
A_N32_r9,A,32,9,44.71641516100044,32,5748,5748,0
A_N32_r9,A,32,9,44.934621291999974,32,5783,5783,0
A_N32_r9,A,32,9,45.1522788809998,32,5809,5809,0
A_N32_r9,A,32,9,45.36333607100005,32,5829,5829,0
A_N32_r9,A,32,9,45.582012929000484,32,5852,5852,0
A_N32_r9,A,32,9,45.797179148000396,32,5876,5876,0
A_N32_r9,A,32,9,46.01561251600015,32,5899,5899,0
A_N32_r9,A,32,9,46.22379086900037,32,5922,5922,0
A_N32_r9,A,32,9,46.43788061899977,32,5954,5954,0
A_N32_r9,A,32,9,46.63875163300054,32,5973,5973,0
A_N32_r9,A,32,9,46.84181513300064,32,6004,6004,0
A_N32_r9,A,32,9,47.04254151399982,32,6036,6036,0
A_N32_r9,A,32,9,47.24372527600008,32,6073,6073,0
A_N32_r9,A,32,9,47.446876978000546,32,6104,6104,0
A_N32_r9,A,32,9,47.647488106999845,32,6139,6139,0
A_N32_r9,A,32,9,47.84835474800002,32,6170,6170,0
A_N32_r9,A,32,9,48.04975192399979,32,6211,6211,0
A_N32_r9,A,32,9,48.25068755200027,32,6242,6242,0
A_N32_r9,A,32,9,48.45152083599987,32,6273,6273,0
A_N32_r9,A,32,9,48.65243504400041,32,6308,6308,0
A_N32_r9,A,32,9,48.853234793999945,32,6343,6343,0
A_N32_r9,A,32,9,49.05399754700011,32,6378,6378,0
A_N32_r9,A,32,9,49.254232275000504,32,6411,6411,0
A_N32_r9,A,32,9,49.45507173700025,32,6440,6440,0
A_N32_r9,A,32,9,49.65525559900016,32,6476,6476,0
A_N32_r9,A,32,9,49.857022975999826,32,6510,6510,0
A_N32_r9,A,32,9,50.09498116499981,32,6537,6537,0
A_N32_r9,A,32,9,50.3090496599998,32,6579,6579,0
A_N32_r9,A,32,9,50.52131677899979,32,6605,6605,0
A_N32_r9,A,32,9,50.74338369999987,32,6636,6636,0
A_N32_r9,A,32,9,50.9560243750002,32,6661,6661,0
A_N32_r9,A,32,9,51.16564541400021,32,6685,6685,0
A_N32_r9,A,32,9,51.38356169200051,32,6710,6710,0
A_N32_r9,A,32,9,51.59860295300041,32,6738,6738,0
A_N32_r9,A,32,9,51.81409635900036,32,6762,6762,0
A_N32_r9,A,32,9,52.02532874700046,32,6789,6789,0
A_N32_r9,A,32,9,52.239203859000554,32,6818,6818,0
A_N32_r9,A,32,9,52.45786997100004,32,6842,6842,0
A_N32_r9,A,32,9,52.67247760800001,32,6864,6864,0
A_N32_r9,A,32,9,52.88912363000054,32,6890,6890,0
A_N32_r9,A,32,9,53.103024023000216,32,6917,6917,0
A_N32_r9,A,32,9,53.321475525000096,32,6946,6946,0
A_N32_r9,A,32,9,53.53392775300017,32,6965,6965,0
A_N32_r9,A,32,9,53.75566248399991,32,6989,6989,0
A_N32_r9,A,32,9,53.97526427299999,32,7013,7013,0
A_N32_r9,A,32,9,54.19564557100057,32,7036,7036,0
A_N32_r9,A,32,9,54.40596294599982,32,7056,7056,0
A_N32_r9,A,32,9,54.624750721000055,32,7078,7078,0
A_N32_r9,A,32,9,54.83687208900028,32,7100,7100,0
A_N32_r9,A,32,9,55.051073030000225,32,7125,7125,0
A_N32_r9,A,32,9,55.251593934000084,32,7149,7149,0
A_N32_r9,A,32,9,55.45319136499984,32,7180,7180,0
A_N32_r9,A,32,9,55.65409423100027,32,7214,7214,0
A_N32_r9,A,32,9,55.85490946200025,32,7250,7250,0
A_N32_r9,A,32,9,56.05650248599977,32,7279,7279,0
A_N32_r9,A,32,9,56.256735441000274,32,7315,7315,0
A_N32_r9,A,32,9,56.45713837800031,32,7350,7350,0
A_N32_r9,A,32,9,56.65798477299995,32,7380,7380,0
A_N32_r9,A,32,9,56.858513087000574,32,7414,7414,0
A_N32_r9,A,32,9,57.05946187800055,32,7451,7451,0
A_N32_r9,A,32,9,57.260135051999896,32,7485,7485,0
A_N32_r9,A,32,9,57.461080160000165,32,7513,7513,0
A_N32_r9,A,32,9,57.66241265999997,32,7549,7549,0
A_N32_r9,A,32,9,57.86397847199987,32,7582,7582,0
A_N32_r9,A,32,9,58.06432928800041,32,7622,7622,0
A_N32_r9,A,32,9,58.265290332000404,32,7653,7653,0
A_N32_r9,A,32,9,58.466106912000214,32,7683,7683,0
A_N32_r9,A,32,9,58.667356271000244,32,7724,7724,0
A_N32_r9,A,32,9,58.868426171000465,32,7756,7756,0
A_N32_r9,A,32,9,59.06895824500043,32,7791,7791,0
A_N32_r9,A,32,9,59.26991111999996,32,7826,7826,0
A_N32_r9,A,32,9,59.470314344000144,32,7859,7859,0
A_N32_r9,A,32,9,59.67116564600019,32,7888,7888,0
A_N32_r9,A,32,9,59.87207703200056,32,7928,7928,0
A_N32_r9,A,32,9,60.073665630000505,9,7966,7966,0
A_N32_r9,A,32,9,60.275127593000434,0,7975,7975,0
A_N32_r10,A,32,10,0.0059289139999236795,0,0,0,0
A_N32_r10,A,32,10,0.2064826189998712,32,11,11,0
A_N32_r10,A,32,10,0.4074420809993171,32,40,40,0
A_N32_r10,A,32,10,0.6077128249999078,32,78,78,0
A_N32_r10,A,32,10,0.8095108589996016,32,107,107,0
A_N32_r10,A,32,10,1.0097493240000404,32,142,142,0
A_N32_r10,A,32,10,1.2108517520000532,32,174,174,0
A_N32_r10,A,32,10,1.4114971159997367,32,205,205,0
A_N32_r10,A,32,10,1.6130903989997023,32,244,244,0
A_N32_r10,A,32,10,1.8138569369994002,32,274,274,0
A_N32_r10,A,32,10,2.0148887479999757,32,309,309,0
A_N32_r10,A,32,10,2.2151915589993223,32,343,343,0
A_N32_r10,A,32,10,2.4158496929994726,32,380,380,0
A_N32_r10,A,32,10,2.616678024000066,32,415,415,0
A_N32_r10,A,32,10,2.8187052630000835,32,443,443,0
A_N32_r10,A,32,10,3.019543923999663,32,475,475,0
A_N32_r10,A,32,10,3.221238604000064,32,513,513,0
A_N32_r10,A,32,10,3.42198633299995,32,541,541,0
A_N32_r10,A,32,10,3.6228336949998265,32,580,580,0
A_N32_r10,A,32,10,3.8232780859998456,32,612,612,0
A_N32_r10,A,32,10,4.025267789999816,32,642,642,0
A_N32_r10,A,32,10,4.2357720789996165,32,684,684,0
A_N32_r10,A,32,10,4.438248843999645,32,715,715,0
A_N32_r10,A,32,10,4.639365571999406,32,743,743,0
A_N32_r10,A,32,10,4.839563111999269,32,776,776,0
A_N32_r10,A,32,10,5.0399815789996865,32,810,810,0
A_N32_r10,A,32,10,5.24467784799981,32,850,850,0
A_N32_r10,A,32,10,5.4454518879992975,32,879,879,0
A_N32_r10,A,32,10,5.6459769319999396,32,912,912,0
A_N32_r10,A,32,10,5.846945014999619,32,945,945,0
A_N32_r10,A,32,10,6.048065305999444,32,980,980,0
A_N32_r10,A,32,10,6.2484298869994745,32,1015,1015,0
A_N32_r10,A,32,10,6.460186977999911,32,1052,1052,0
A_N32_r10,A,32,10,6.673356806999436,32,1069,1069,0
A_N32_r10,A,32,10,6.887499175999437,32,1091,1091,0
A_N32_r10,A,32,10,7.106906162999621,32,1113,1113,0
A_N32_r10,A,32,10,7.32780156499939,32,1136,1136,0
A_N32_r10,A,32,10,7.541603843999837,32,1161,1161,0
A_N32_r10,A,32,10,7.75345432299946,32,1185,1185,0
A_N32_r10,A,32,10,7.964734563999627,32,1208,1208,0
A_N32_r10,A,32,10,8.181507413999498,32,1231,1231,0
A_N32_r10,A,32,10,8.394712435999281,32,1251,1251,0
A_N32_r10,A,32,10,8.608117169999787,32,1270,1270,0
A_N32_r10,A,32,10,8.823549109999476,32,1293,1293,0
A_N32_r10,A,32,10,9.037265022999236,32,1314,1314,0
A_N32_r10,A,32,10,9.246521691999988,32,1335,1335,0
A_N32_r10,A,32,10,9.45716861099936,32,1360,1360,0
A_N32_r10,A,32,10,9.682518718999745,32,1384,1384,0
A_N32_r10,A,32,10,9.896274403999996,32,1406,1406,0
A_N32_r10,A,32,10,10.114362434999748,32,1425,1425,0
A_N32_r10,A,32,10,10.328354315999604,32,1447,1447,0
A_N32_r10,A,32,10,10.536227014999895,32,1467,1467,0
A_N32_r10,A,32,10,10.75434561899965,32,1489,1489,0
A_N32_r10,A,32,10,10.966161241000009,32,1510,1510,0
A_N32_r10,A,32,10,11.1755416649994,32,1532,1532,0
A_N32_r10,A,32,10,11.388577163999798,32,1557,1557,0
A_N32_r10,A,32,10,11.588964318999388,32,1581,1581,0
A_N32_r10,A,32,10,11.789656062999711,32,1614,1614,0
A_N32_r10,A,32,10,11.991093126999658,32,1646,1646,0
A_N32_r10,A,32,10,12.191378270999849,32,1682,1682,0
A_N32_r10,A,32,10,12.392442749999645,32,1709,1709,0
A_N32_r10,A,32,10,12.59274247599933,32,1742,1742,0
A_N32_r10,A,32,10,12.793138435999936,32,1776,1776,0
A_N32_r10,A,32,10,12.99525634299971,32,1810,1810,0
A_N32_r10,A,32,10,13.200184575999629,32,1841,1841,0
A_N32_r10,A,32,10,13.40080393900007,32,1874,1874,0
A_N32_r10,A,32,10,13.602855694999562,32,1908,1908,0
A_N32_r10,A,32,10,13.803574020999804,32,1938,1938,0
A_N32_r10,A,32,10,14.004299999999603,32,1973,1973,0
A_N32_r10,A,32,10,14.208750074999443,32,2003,2003,0
A_N32_r10,A,32,10,14.409838269999454,32,2036,2036,0
A_N32_r10,A,32,10,14.621011307000117,32,2073,2073,0
A_N32_r10,A,32,10,14.822018474999823,32,2107,2107,0
A_N32_r10,A,32,10,15.022385309999663,32,2137,2137,0
A_N32_r10,A,32,10,15.222836134999852,32,2168,2168,0
A_N32_r10,A,32,10,15.424484854999719,32,2203,2203,0
A_N32_r10,A,32,10,15.625010325999938,32,2233,2233,0
A_N32_r10,A,32,10,15.825368430999333,32,2265,2265,0
A_N32_r10,A,32,10,16.027085535999504,32,2301,2301,0
A_N32_r10,A,32,10,16.228004461999262,32,2329,2329,0
A_N32_r10,A,32,10,16.431488249999347,32,2369,2369,0
A_N32_r10,A,32,10,16.632227600999613,32,2393,2393,0
A_N32_r10,A,32,10,16.833539745000053,32,2429,2429,0
A_N32_r10,A,32,10,17.03459628699966,32,2458,2458,0
A_N32_r10,A,32,10,17.235530015999757,32,2492,2492,0
A_N32_r10,A,32,10,17.436404604000018,32,2525,2525,0
A_N32_r10,A,32,10,17.636478179999358,32,2558,2558,0
A_N32_r10,A,32,10,17.836787553999784,32,2589,2589,0
A_N32_r10,A,32,10,18.037901859999693,32,2623,2623,0
A_N32_r10,A,32,10,18.239515290999407,32,2655,2655,0
A_N32_r10,A,32,10,18.440870933999577,32,2691,2691,0
A_N32_r10,A,32,10,18.641567534999922,32,2723,2723,0
A_N32_r10,A,32,10,18.8424035299995,32,2753,2753,0
A_N32_r10,A,32,10,19.043091255000036,32,2785,2785,0
A_N32_r10,A,32,10,19.243655926999963,32,2820,2820,0
A_N32_r10,A,32,10,19.44474706499932,32,2854,2854,0
A_N32_r10,A,32,10,19.64512939799988,32,2880,2880,0
A_N32_r10,A,32,10,19.87113554899952,32,2926,2926,0
A_N32_r10,A,32,10,20.08441916099946,32,2950,2950,0
A_N32_r10,A,32,10,20.297818829999414,32,2972,2972,0
A_N32_r10,A,32,10,20.514650535999863,32,3001,3001,0
A_N32_r10,A,32,10,20.724953232999724,32,3023,3023,0
A_N32_r10,A,32,10,20.945635487999425,32,3041,3041,0
A_N32_r10,A,32,10,21.171273590000055,32,3064,3064,0
A_N32_r10,A,32,10,21.380930303999776,32,3085,3085,0
A_N32_r10,A,32,10,21.60194239699922,32,3112,3112,0
A_N32_r10,A,32,10,21.817974479999975,32,3134,3134,0
A_N32_r10,A,32,10,22.03398065300007,32,3155,3155,0
A_N32_r10,A,32,10,22.259123994999754,32,3177,3177,0
A_N32_r10,A,32,10,22.47115672199925,32,3195,3195,0
A_N32_r10,A,32,10,22.688358261999383,32,3219,3219,0
A_N32_r10,A,32,10,22.899043093999353,32,3244,3244,0
A_N32_r10,A,32,10,23.116731776999586,32,3266,3266,0
A_N32_r10,A,32,10,23.336670236999453,32,3290,3290,0
A_N32_r10,A,32,10,23.553188377999504,32,3312,3312,0
A_N32_r10,A,32,10,23.76640972399946,32,3331,3331,0
A_N32_r10,A,32,10,23.978306082999552,32,3358,3358,0
A_N32_r10,A,32,10,24.197588979000102,32,3380,3380,0
A_N32_r10,A,32,10,24.411917439999343,32,3400,3400,0
A_N32_r10,A,32,10,24.628236090999962,32,3423,3423,0
A_N32_r10,A,32,10,24.836098603999744,32,3449,3449,0
A_N32_r10,A,32,10,25.040648780000083,32,3470,3470,0
A_N32_r10,A,32,10,25.24133069599975,32,3510,3510,0
A_N32_r10,A,32,10,25.441849614999228,32,3538,3538,0
A_N32_r10,A,32,10,25.642556512999363,32,3571,3571,0
A_N32_r10,A,32,10,25.848490552999465,32,3606,3606,0
A_N32_r10,A,32,10,26.049270800999693,32,3635,3635,0
A_N32_r10,A,32,10,26.25021616199956,32,3667,3667,0
A_N32_r10,A,32,10,26.45105025199973,32,3699,3699,0
A_N32_r10,A,32,10,26.652038628999435,32,3733,3733,0
A_N32_r10,A,32,10,26.853280886999528,32,3768,3768,0
A_N32_r10,A,32,10,27.072152631999415,32,3806,3806,0
A_N32_r10,A,32,10,27.282808471999488,32,3828,3828,0
A_N32_r10,A,32,10,27.494701422999242,32,3853,3853,0
A_N32_r10,A,32,10,27.71156099699965,32,3879,3879,0
A_N32_r10,A,32,10,27.925457132999327,32,3903,3903,0
A_N32_r10,A,32,10,28.147072464999837,32,3924,3924,0
A_N32_r10,A,32,10,28.36604104899925,32,3944,3944,0
A_N32_r10,A,32,10,28.58399824299977,32,3966,3966,0
A_N32_r10,A,32,10,28.796087816999716,32,3987,3987,0
A_N32_r10,A,32,10,29.01688291299979,32,4008,4008,0
A_N32_r10,A,32,10,29.239313793999827,32,4030,4030,0
A_N32_r10,A,32,10,29.455162109999947,32,4052,4052,0
A_N32_r10,A,32,10,29.668608786999357,32,4070,4070,0
A_N32_r10,A,32,10,29.88335318999998,32,4091,4091,0
A_N32_r10,A,32,10,30.104799263999666,32,4116,4116,0
A_N32_r10,A,32,10,30.31559291099984,32,4141,4141,0
A_N32_r10,A,32,10,30.533124910999504,32,4166,4166,0
A_N32_r10,A,32,10,30.740952221000043,32,4186,4186,0
A_N32_r10,A,32,10,30.95596953599943,32,4210,4210,0
A_N32_r10,A,32,10,31.1707860409997,32,4230,4230,0
A_N32_r10,A,32,10,31.390028740999696,32,4255,4255,0
A_N32_r10,A,32,10,31.60287183699984,32,4278,4278,0
A_N32_r10,A,32,10,31.82735504899938,32,4301,4301,0
A_N32_r10,A,32,10,32.0339171709993,32,4315,4315,0
A_N32_r10,A,32,10,32.23567972899946,32,4340,4340,0
A_N32_r10,A,32,10,32.44056864399954,32,4370,4370,0
A_N32_r10,A,32,10,32.641033233999224,32,4405,4405,0
A_N32_r10,A,32,10,32.84323841500009,32,4438,4438,0
A_N32_r10,A,32,10,33.044974028999604,32,4468,4468,0
A_N32_r10,A,32,10,33.245327106999866,32,4500,4500,0
A_N32_r10,A,32,10,33.445926589999544,32,4530,4530,0
A_N32_r10,A,32,10,33.64795209799922,32,4560,4560,0
A_N32_r10,A,32,10,33.859561160999874,32,4607,4607,0
A_N32_r10,A,32,10,34.08001993899961,32,4635,4635,0
A_N32_r10,A,32,10,34.29248840799937,32,4655,4655,0
A_N32_r10,A,32,10,34.50984881599925,32,4680,4680,0
A_N32_r10,A,32,10,34.72960388999945,32,4702,4702,0
A_N32_r10,A,32,10,34.943016149999494,32,4726,4726,0
A_N32_r10,A,32,10,35.1562238839997,32,4746,4746,0
A_N32_r10,A,32,10,35.37708139299957,32,4765,4765,0
A_N32_r10,A,32,10,35.59101400199961,32,4787,4787,0
A_N32_r10,A,32,10,35.80821993799964,32,4812,4812,0
A_N32_r10,A,32,10,36.023770540999976,32,4836,4836,0
A_N32_r10,A,32,10,36.231370316999346,32,4859,4859,0
A_N32_r10,A,32,10,36.44772942999953,32,4884,4884,0
A_N32_r10,A,32,10,36.67254386900004,32,4903,4903,0
A_N32_r10,A,32,10,36.893251566999425,32,4925,4925,0
A_N32_r10,A,32,10,37.10396197599948,32,4947,4947,0
A_N32_r10,A,32,10,37.321731543999704,32,4969,4969,0
A_N32_r10,A,32,10,37.53692118099934,32,4988,4988,0
A_N32_r10,A,32,10,37.757157623999774,32,5011,5011,0
A_N32_r10,A,32,10,37.96903763099999,32,5035,5035,0
A_N32_r10,A,32,10,38.17962841899953,32,5060,5060,0
A_N32_r10,A,32,10,38.39656604799984,32,5081,5081,0
A_N32_r10,A,32,10,38.61242770499939,32,5104,5104,0
A_N32_r10,A,32,10,38.82320937999975,32,5127,5127,0
A_N32_r10,A,32,10,39.023536781000075,32,5150,5150,0
A_N32_r10,A,32,10,39.2248250699995,32,5176,5176,0
A_N32_r10,A,32,10,39.431725659999756,32,5214,5214,0
A_N32_r10,A,32,10,39.63997515899973,32,5247,5247,0
A_N32_r10,A,32,10,39.858925548000116,32,5286,5286,0
A_N32_r10,A,32,10,40.06935248699938,32,5306,5306,0
A_N32_r10,A,32,10,40.27985957799956,32,5323,5323,0
A_N32_r10,A,32,10,40.497144386999935,32,5345,5345,0
A_N32_r10,A,32,10,40.71101890599948,32,5368,5368,0
A_N32_r10,A,32,10,40.93180582700006,32,5390,5390,0
A_N32_r10,A,32,10,41.14511281199975,32,5409,5409,0
A_N32_r10,A,32,10,41.35733985399929,32,5433,5433,0
A_N32_r10,A,32,10,41.56609147099971,32,5456,5456,0
A_N32_r10,A,32,10,41.774231682999925,32,5477,5477,0
A_N32_r10,A,32,10,41.98710386099992,32,5504,5504,0
A_N32_r10,A,32,10,42.20109179999963,32,5529,5529,0
A_N32_r10,A,32,10,42.41201680299946,32,5552,5552,0
A_N32_r10,A,32,10,42.6259690199995,32,5576,5576,0
A_N32_r10,A,32,10,42.83619308099969,32,5595,5595,0
A_N32_r10,A,32,10,43.04835505099982,32,5619,5619,0
A_N32_r10,A,32,10,43.266749535999224,32,5638,5638,0
A_N32_r10,A,32,10,43.47958677399947,32,5658,5658,0
A_N32_r10,A,32,10,43.69590552599948,32,5678,5678,0
A_N32_r10,A,32,10,43.908789446999435,32,5702,5702,0
A_N32_r10,A,32,10,44.12288373799947,32,5729,5729,0
A_N32_r10,A,32,10,44.33512413199969,32,5752,5752,0
A_N32_r10,A,32,10,44.54608084799929,32,5771,5771,0
A_N32_r10,A,32,10,44.757583049999994,32,5795,5795,0
A_N32_r10,A,32,10,44.976085790999605,32,5818,5818,0
A_N32_r10,A,32,10,45.177145207999274,32,5845,5845,0
A_N32_r10,A,32,10,45.37800903599964,32,5879,5879,0
A_N32_r10,A,32,10,45.57832737499939,32,5910,5910,0
A_N32_r10,A,32,10,45.80034076599986,32,5955,5955,0
A_N32_r10,A,32,10,46.01782716899925,32,5979,5979,0
A_N32_r10,A,32,10,46.239252356999714,32,6007,6007,0
A_N32_r10,A,32,10,46.45548599899939,32,6029,6029,0
A_N32_r10,A,32,10,46.67072587599978,32,6052,6052,0
A_N32_r10,A,32,10,46.881822590999946,32,6073,6073,0
A_N32_r10,A,32,10,47.0915134249999,32,6093,6093,0
A_N32_r10,A,32,10,47.30237328199928,32,6119,6119,0
A_N32_r10,A,32,10,47.51227057899996,32,6144,6144,0
A_N32_r10,A,32,10,47.724801544,32,6168,6168,0
A_N32_r10,A,32,10,47.94496784100011,32,6191,6191,0
A_N32_r10,A,32,10,48.156133591999605,32,6211,6211,0
A_N32_r10,A,32,10,48.37127577999945,32,6235,6235,0
A_N32_r10,A,32,10,48.58601637099946,32,6252,6252,0
A_N32_r10,A,32,10,48.79714875399986,32,6273,6273,0
A_N32_r10,A,32,10,49.01070395399984,32,6299,6299,0
A_N32_r10,A,32,10,49.22701454899925,32,6325,6325,0
A_N32_r10,A,32,10,49.444407551999575,32,6352,6352,0
A_N32_r10,A,32,10,49.652609293999376,32,6375,6375,0
A_N32_r10,A,32,10,49.86823778300004,32,6403,6403,0
A_N32_r10,A,32,10,50.087159584999426,32,6425,6425,0
A_N32_r10,A,32,10,50.305020689999765,32,6451,6451,0
A_N32_r10,A,32,10,50.52186332899964,32,6472,6472,0
A_N32_r10,A,32,10,50.72351269399951,32,6492,6492,0
A_N32_r10,A,32,10,50.92381829599981,32,6517,6517,0
A_N32_r10,A,32,10,51.124235739999676,32,6552,6552,0
A_N32_r10,A,32,10,51.36085076699965,32,6591,6591,0
A_N32_r10,A,32,10,51.572295405999284,32,6619,6619,0
A_N32_r10,A,32,10,51.79205914299928,32,6641,6641,0
A_N32_r10,A,32,10,52.01016612500007,32,6661,6661,0
A_N32_r10,A,32,10,52.219502635000026,32,6684,6684,0
A_N32_r10,A,32,10,52.45134714999949,32,6709,6709,0
A_N32_r10,A,32,10,52.66816579799979,32,6729,6729,0
A_N32_r10,A,32,10,52.882646631999705,32,6748,6748,0
A_N32_r10,A,32,10,53.09605822100002,32,6772,6772,0
A_N32_r10,A,32,10,53.312065372999314,32,6797,6797,0
A_N32_r10,A,32,10,53.53304209499947,32,6821,6821,0
A_N32_r10,A,32,10,53.7424034529995,32,6841,6841,0
A_N32_r10,A,32,10,53.9542345459995,32,6867,6867,0
A_N32_r10,A,32,10,54.166434968999965,32,6889,6889,0
A_N32_r10,A,32,10,54.3759070469996,32,6917,6917,0
A_N32_r10,A,32,10,54.58336047800003,32,6944,6944,0
A_N32_r10,A,32,10,54.79770581499997,32,6967,6967,0
A_N32_r10,A,32,10,55.01050323399977,32,6987,6987,0
A_N32_r10,A,32,10,55.219404105999274,32,7007,7007,0
A_N32_r10,A,32,10,55.43550895399949,32,7037,7037,0
A_N32_r10,A,32,10,55.656877059999715,32,7060,7060,0
A_N32_r10,A,32,10,55.86950808899928,32,7078,7078,0
A_N32_r10,A,32,10,56.083665806999306,32,7103,7103,0
A_N32_r10,A,32,10,56.294697557999825,32,7125,7125,0
A_N32_r10,A,32,10,56.49705525099944,32,7146,7146,0
A_N32_r10,A,32,10,56.69788711000001,32,7171,7171,0
A_N32_r10,A,32,10,56.898201459999655,32,7206,7206,0
A_N32_r10,A,32,10,57.098980497999946,32,7240,7240,0
A_N32_r10,A,32,10,57.30007148799996,32,7267,7267,0
A_N32_r10,A,32,10,57.50161907199981,32,7303,7303,0
A_N32_r10,A,32,10,57.70177569799944,32,7334,7334,0
A_N32_r10,A,32,10,57.903243316000044,32,7365,7365,0
A_N32_r10,A,32,10,58.10410129899992,32,7399,7399,0
A_N32_r10,A,32,10,58.30510211299952,32,7432,7432,0
A_N32_r10,A,32,10,58.50654813099936,32,7467,7467,0
A_N32_r10,A,32,10,58.711048944999675,32,7497,7497,0
A_N32_r10,A,32,10,58.91172952799934,32,7531,7531,0
A_N32_r10,A,32,10,59.113350159999754,32,7562,7562,0
A_N32_r10,A,32,10,59.31387924599949,32,7599,7599,0
A_N32_r10,A,32,10,59.51472611600002,32,7626,7626,0
A_N32_r10,A,32,10,59.715928550999706,32,7662,7662,0
A_N32_r10,A,32,10,59.91709813499983,32,7695,7695,0
A_N32_r10,A,32,10,60.11775794299956,1,7735,7735,0
A_N32_r10,A,32,10,60.318724992999705,0,7736,7736,0
A_N64_r1,A,64,1,0.006046487000276102,0,0,0,0
A_N64_r1,A,64,1,0.21180039400042006,64,3,3,0
A_N64_r1,A,64,1,0.41812806600046315,64,24,24,0
A_N64_r1,A,64,1,0.6852896190002866,64,73,73,0
A_N64_r1,A,64,1,0.932585017000747,64,103,103,0
A_N64_r1,A,64,1,1.1820936280000751,64,117,117,0
A_N64_r1,A,64,1,1.4218326760001219,64,132,132,0
A_N64_r1,A,64,1,1.662703376000536,64,144,144,0
A_N64_r1,A,64,1,1.922508872000435,64,161,161,0
A_N64_r1,A,64,1,2.169753363000382,64,176,176,0
A_N64_r1,A,64,1,2.4106017270005395,64,190,190,0
A_N64_r1,A,64,1,2.660005405999982,64,207,207,0
A_N64_r1,A,64,1,2.898327108000558,64,222,222,0
A_N64_r1,A,64,1,3.1387144140007877,64,233,233,0
A_N64_r1,A,64,1,3.382189116000518,64,249,249,0
A_N64_r1,A,64,1,3.626535478000733,64,263,263,0
A_N64_r1,A,64,1,3.8684429330005514,64,278,278,0
A_N64_r1,A,64,1,4.116515655000512,64,291,291,0
A_N64_r1,A,64,1,4.3632156480007325,64,304,304,0
A_N64_r1,A,64,1,4.598571165000067,64,316,316,0
A_N64_r1,A,64,1,4.837312411000312,64,334,334,0
A_N64_r1,A,64,1,5.069105550000131,64,351,351,0
A_N64_r1,A,64,1,5.3082825680003225,64,365,365,0
A_N64_r1,A,64,1,5.542167094999968,64,379,379,0
A_N64_r1,A,64,1,5.755864025000847,64,401,401,0
A_N64_r1,A,64,1,5.976250563000576,64,430,430,0
A_N64_r1,A,64,1,6.1765666760002205,64,440,440,0
A_N64_r1,A,64,1,6.403199622000102,64,474,474,0
A_N64_r1,A,64,1,6.689605096000378,64,524,524,0
A_N64_r1,A,64,1,6.931561153000075,64,536,536,0
A_N64_r1,A,64,1,7.180932883000423,64,547,547,0
A_N64_r1,A,64,1,7.425405348000822,64,561,561,0
A_N64_r1,A,64,1,7.685410159000639,64,574,574,0
A_N64_r1,A,64,1,7.927626354000495,64,588,588,0
A_N64_r1,A,64,1,8.213053791000675,64,601,601,0
A_N64_r1,A,64,1,8.45657283700075,64,615,615,0
A_N64_r1,A,64,1,8.700697690000197,64,629,629,0
A_N64_r1,A,64,1,8.97222808100014,64,645,645,0
A_N64_r1,A,64,1,9.218417228000362,64,660,660,0
A_N64_r1,A,64,1,9.470986494000499,64,674,674,0
A_N64_r1,A,64,1,9.72603320000053,64,690,690,0
A_N64_r1,A,64,1,9.962921211000321,64,703,703,0
A_N64_r1,A,64,1,10.200340139000218,64,719,719,0
A_N64_r1,A,64,1,10.44217707200005,64,733,733,0
A_N64_r1,A,64,1,10.681151676000809,64,748,748,0
A_N64_r1,A,64,1,10.939102459999958,64,763,763,0
A_N64_r1,A,64,1,11.188820360000136,64,776,776,0
A_N64_r1,A,64,1,11.418619177000437,64,789,789,0
A_N64_r1,A,64,1,11.6331375940008,64,809,809,0
A_N64_r1,A,64,1,11.833567117000712,64,824,824,0
A_N64_r1,A,64,1,12.112632127000325,64,863,863,0
A_N64_r1,A,64,1,12.346505505000096,64,903,903,0
A_N64_r1,A,64,1,12.590895634000844,64,916,916,0
A_N64_r1,A,64,1,12.83197037500031,64,931,931,0
A_N64_r1,A,64,1,13.092621057000542,64,945,945,0
A_N64_r1,A,64,1,13.343235938000362,64,960,960,0
A_N64_r1,A,64,1,13.620945247000236,64,975,975,0
A_N64_r1,A,64,1,13.889922315000149,64,989,989,0
A_N64_r1,A,64,1,14.121670060000724,64,1002,1002,0
A_N64_r1,A,64,1,14.36656086900075,64,1018,1018,0
A_N64_r1,A,64,1,14.604336667000098,64,1032,1032,0
A_N64_r1,A,64,1,14.857099941000342,64,1045,1045,0
A_N64_r1,A,64,1,15.1075793480004,64,1060,1060,0
A_N64_r1,A,64,1,15.33616395900026,64,1072,1072,0
A_N64_r1,A,64,1,15.584028023999963,64,1088,1088,0
A_N64_r1,A,64,1,15.837860900000123,64,1104,1104,0
A_N64_r1,A,64,1,16.07610164900052,64,1119,1119,0
A_N64_r1,A,64,1,16.332682394000585,64,1132,1132,0
A_N64_r1,A,64,1,16.569080665,64,1146,1146,0
A_N64_r1,A,64,1,16.81788164000045,64,1159,1159,0
A_N64_r1,A,64,1,17.038722890000827,64,1171,1171,0
A_N64_r1,A,64,1,17.25051561700002,64,1196,1195,1
A_N64_r1,A,64,1,17.45149481000044,64,1210,1209,1
A_N64_r1,A,64,1,17.692192478000834,64,1234,1233,1
A_N64_r1,A,64,1,17.949358189000122,64,1288,1287,1
A_N64_r1,A,64,1,18.181913275000625,64,1300,1299,1
A_N64_r1,A,64,1,18.4313178350003,64,1314,1313,1
A_N64_r1,A,64,1,18.7000569540005,64,1329,1328,1
A_N64_r1,A,64,1,18.958823533000214,64,1344,1343,1
A_N64_r1,A,64,1,19.19830926800023,64,1356,1355,1
A_N64_r1,A,64,1,19.457524260000355,64,1372,1371,1
A_N64_r1,A,64,1,19.69794352200006,64,1386,1385,1
A_N64_r1,A,64,1,19.937540309000724,64,1398,1397,1
A_N64_r1,A,64,1,20.17629878200023,64,1411,1410,1
A_N64_r1,A,64,1,20.431831047000742,64,1426,1425,1
A_N64_r1,A,64,1,20.676082060000226,64,1442,1441,1
A_N64_r1,A,64,1,20.909173244000158,64,1455,1454,1
A_N64_r1,A,64,1,21.16337774100066,64,1468,1467,1
A_N64_r1,A,64,1,21.40739437600041,64,1484,1483,1
A_N64_r1,A,64,1,21.651685101000112,64,1499,1498,1
A_N64_r1,A,64,1,21.895747023000695,64,1512,1511,1
A_N64_r1,A,64,1,22.15020378400004,64,1527,1526,1
A_N64_r1,A,64,1,22.39526903100068,64,1545,1544,1
A_N64_r1,A,64,1,22.6558213240005,64,1559,1558,1
A_N64_r1,A,64,1,22.86499875500067,64,1582,1580,2
A_N64_r1,A,64,1,23.087163715000315,64,1610,1608,2
A_N64_r1,A,64,1,23.287634043000253,64,1613,1611,2
A_N64_r1,A,64,1,23.570999752000716,64,1675,1673,2
A_N64_r1,A,64,1,23.82497010700081,64,1697,1695,2
A_N64_r1,A,64,1,24.06569202100036,64,1709,1707,2
A_N64_r1,A,64,1,24.315872196000782,64,1726,1724,2
A_N64_r1,A,64,1,24.574693193000712,64,1741,1739,2
A_N64_r1,A,64,1,24.810558019000382,64,1754,1752,2
A_N64_r1,A,64,1,25.050091158000214,64,1769,1767,2
A_N64_r1,A,64,1,25.29045405800025,64,1782,1780,2
A_N64_r1,A,64,1,25.531812023000384,64,1797,1795,2
A_N64_r1,A,64,1,25.78403220600012,64,1810,1808,2
A_N64_r1,A,64,1,26.01809978000074,64,1820,1818,2
A_N64_r1,A,64,1,26.271097030999954,64,1836,1834,2
A_N64_r1,A,64,1,26.517352335000396,64,1850,1848,2
A_N64_r1,A,64,1,26.760022110000136,64,1865,1863,2
A_N64_r1,A,64,1,27.01552047200039,64,1880,1878,2
A_N64_r1,A,64,1,27.264739354000085,64,1895,1893,2
A_N64_r1,A,64,1,27.507454049000444,64,1908,1906,2
A_N64_r1,A,64,1,27.757048682999994,64,1920,1918,2
A_N64_r1,A,64,1,28.010817736000718,64,1935,1933,2
A_N64_r1,A,64,1,28.254081417000634,64,1951,1949,2
A_N64_r1,A,64,1,28.470323475999976,64,1967,1965,2
A_N64_r1,A,64,1,28.69475645700004,64,1993,1991,2
A_N64_r1,A,64,1,28.913410085000578,64,2019,2017,2
A_N64_r1,A,64,1,29.13168160300029,64,2055,2053,2
A_N64_r1,A,64,1,29.351706522000313,64,2077,2075,2
A_N64_r1,A,64,1,29.58010913600083,64,2096,2094,2
A_N64_r1,A,64,1,29.800617630000488,64,2118,2116,2
A_N64_r1,A,64,1,30.018328090000068,64,2138,2136,2
A_N64_r1,A,64,1,30.249773481000375,64,2159,2157,2
A_N64_r1,A,64,1,30.474273049000658,64,2181,2179,2
A_N64_r1,A,64,1,30.69548844700057,64,2201,2199,2
A_N64_r1,A,64,1,30.91597273300067,64,2222,2220,2
A_N64_r1,A,64,1,31.136721653000677,64,2241,2239,2
A_N64_r1,A,64,1,31.360164765000263,64,2264,2262,2
A_N64_r1,A,64,1,31.579965109000113,64,2288,2286,2
A_N64_r1,A,64,1,31.81048337000084,64,2312,2310,2
A_N64_r1,A,64,1,32.04205539100076,64,2330,2328,2
A_N64_r1,A,64,1,32.265418247000525,64,2352,2350,2
A_N64_r1,A,64,1,32.486164968000594,64,2370,2368,2
A_N64_r1,A,64,1,32.70878842399998,64,2389,2387,2
A_N64_r1,A,64,1,32.93928164500085,64,2412,2410,2
A_N64_r1,A,64,1,33.17256512300082,64,2431,2429,2
A_N64_r1,A,64,1,33.396270662999996,64,2452,2450,2
A_N64_r1,A,64,1,33.61596263299998,64,2472,2470,2
A_N64_r1,A,64,1,33.838619316000404,64,2493,2491,2
A_N64_r1,A,64,1,34.0508122680003,64,2516,2514,2
A_N64_r1,A,64,1,34.25165266100066,64,2533,2531,2
A_N64_r1,A,64,1,34.45246292499996,64,2555,2553,2
A_N64_r1,A,64,1,34.65404905000014,64,2585,2583,2
A_N64_r1,A,64,1,34.86319477100005,64,2621,2619,2
A_N64_r1,A,64,1,35.06390942000053,64,2652,2650,2
A_N64_r1,A,64,1,35.27766451500065,64,2688,2686,2
A_N64_r1,A,64,1,35.57280834100038,64,2739,2737,2
A_N64_r1,A,64,1,35.81084340000052,64,2754,2752,2
A_N64_r1,A,64,1,36.044295795000835,64,2767,2765,2
A_N64_r1,A,64,1,36.29858007300027,64,2782,2780,2
A_N64_r1,A,64,1,36.53775942500033,64,2796,2794,2
A_N64_r1,A,64,1,36.7993475760004,64,2811,2809,2
A_N64_r1,A,64,1,37.04796003800038,64,2826,2824,2
A_N64_r1,A,64,1,37.295204209000076,64,2840,2838,2
A_N64_r1,A,64,1,37.55365911300032,64,2853,2851,2
A_N64_r1,A,64,1,37.80825690200072,64,2868,2866,2
A_N64_r1,A,64,1,38.04717961799997,64,2883,2881,2
A_N64_r1,A,64,1,38.29203388800033,64,2898,2896,2
A_N64_r1,A,64,1,38.529606368000714,64,2912,2910,2
A_N64_r1,A,64,1,38.76600019500074,64,2925,2923,2
A_N64_r1,A,64,1,39.01234100500005,64,2941,2939,2
A_N64_r1,A,64,1,39.265395693000755,64,2955,2953,2
A_N64_r1,A,64,1,39.515306045000216,64,2972,2970,2
A_N64_r1,A,64,1,39.75723389900031,64,2990,2988,2
A_N64_r1,A,64,1,40.010543885000516,64,3006,3004,2
A_N64_r1,A,64,1,40.257091334000506,64,3022,3020,2
A_N64_r1,A,64,1,40.46484506800061,64,3040,3038,2
A_N64_r1,A,64,1,40.6658965380002,64,3055,3053,2
A_N64_r1,A,64,1,40.893491453000024,64,3080,3078,2
A_N64_r1,A,64,1,41.1746589280001,64,3128,3126,2
A_N64_r1,A,64,1,41.40787289000036,64,3143,3141,2
A_N64_r1,A,64,1,41.66080538799997,64,3154,3152,2
A_N64_r1,A,64,1,41.909300092000194,64,3169,3167,2
A_N64_r1,A,64,1,42.14912978900065,64,3182,3180,2
A_N64_r1,A,64,1,42.39180985500025,64,3197,3195,2
A_N64_r1,A,64,1,42.64864681400013,64,3209,3207,2
A_N64_r1,A,64,1,42.88679447600043,64,3225,3223,2
A_N64_r1,A,64,1,43.11864954400062,64,3238,3236,2
A_N64_r1,A,64,1,43.38389015700068,64,3252,3250,2
A_N64_r1,A,64,1,43.6299362030004,64,3266,3264,2
A_N64_r1,A,64,1,43.877285679000124,64,3281,3279,2
A_N64_r1,A,64,1,44.123797213000216,64,3297,3295,2
A_N64_r1,A,64,1,44.3663096930004,64,3307,3305,2
A_N64_r1,A,64,1,44.6129218570004,64,3324,3322,2
A_N64_r1,A,64,1,44.86816159400041,64,3339,3337,2
A_N64_r1,A,64,1,45.096036974000526,64,3355,3353,2
A_N64_r1,A,64,1,45.35126364200005,64,3370,3368,2
A_N64_r1,A,64,1,45.59424260000014,64,3386,3384,2
A_N64_r1,A,64,1,45.83145599800082,64,3400,3398,2
A_N64_r1,A,64,1,46.039831859000515,64,3420,3418,2
A_N64_r1,A,64,1,46.24012653400041,64,3432,3430,2
A_N64_r1,A,64,1,46.45713915400029,64,3453,3451,2
A_N64_r1,A,64,1,46.731646227000056,64,3504,3502,2
A_N64_r1,A,64,1,46.96376653600055,64,3544,3542,2
A_N64_r1,A,64,1,47.20027086200025,64,3555,3553,2
A_N64_r1,A,64,1,47.43723250400035,64,3568,3566,2
A_N64_r1,A,64,1,47.68580075099999,64,3583,3581,2
A_N64_r1,A,64,1,47.942711702999986,64,3597,3595,2
A_N64_r1,A,64,1,48.18732742800057,64,3611,3609,2
A_N64_r1,A,64,1,48.440911692000554,64,3628,3626,2
A_N64_r1,A,64,1,48.67618064300041,64,3640,3638,2
A_N64_r1,A,64,1,48.92093384200052,64,3656,3654,2
A_N64_r1,A,64,1,49.16061742000056,64,3671,3669,2
A_N64_r1,A,64,1,49.40740376300073,64,3685,3683,2
A_N64_r1,A,64,1,49.66968895500031,64,3704,3702,2
A_N64_r1,A,64,1,49.913277281000774,64,3718,3716,2
A_N64_r1,A,64,1,50.15500364500076,64,3737,3735,2
A_N64_r1,A,64,1,50.380104296000354,64,3750,3748,2
A_N64_r1,A,64,1,50.62280790100067,64,3763,3761,2
A_N64_r1,A,64,1,50.86816655600069,64,3778,3776,2
A_N64_r1,A,64,1,51.1078688510006,64,3794,3792,2
A_N64_r1,A,64,1,51.36238214200057,64,3807,3805,2
A_N64_r1,A,64,1,51.60567969800013,64,3821,3819,2
A_N64_r1,A,64,1,51.81228325600023,64,3842,3840,2
A_N64_r1,A,64,1,52.021912930000326,64,3862,3860,2
A_N64_r1,A,64,1,52.22222254100052,64,3866,3864,2
A_N64_r1,A,64,1,52.5227770420006,64,3935,3933,2
A_N64_r1,A,64,1,52.77428420400065,64,3951,3949,2
A_N64_r1,A,64,1,53.02536042400061,64,3964,3962,2
A_N64_r1,A,64,1,53.27540466100072,64,3979,3977,2
A_N64_r1,A,64,1,53.52325844799998,64,3992,3990,2
A_N64_r1,A,64,1,53.764243976000216,64,4007,4005,2
A_N64_r1,A,64,1,54.026359053000306,64,4021,4019,2
A_N64_r1,A,64,1,54.26687454400053,64,4036,4034,2
A_N64_r1,A,64,1,54.512761470999976,64,4051,4049,2
A_N64_r1,A,64,1,54.75862449300075,64,4066,4064,2
A_N64_r1,A,64,1,54.98614110500057,64,4078,4076,2
A_N64_r1,A,64,1,55.2316617940005,64,4095,4093,2
A_N64_r1,A,64,1,55.47180283200032,64,4108,4106,2
A_N64_r1,A,64,1,55.71091718600019,64,4124,4122,2
A_N64_r1,A,64,1,55.947210959000586,64,4138,4136,2
A_N64_r1,A,64,1,56.21169968600043,64,4152,4150,2
A_N64_r1,A,64,1,56.446754223000426,64,4169,4167,2
A_N64_r1,A,64,1,56.68976723800006,64,4185,4183,2
A_N64_r1,A,64,1,56.924271806000434,64,4199,4197,2
A_N64_r1,A,64,1,57.165001560000746,64,4215,4213,2
A_N64_r1,A,64,1,57.38717845800056,64,4228,4226,2
A_N64_r1,A,64,1,57.588808683000025,64,4245,4243,2
A_N64_r1,A,64,1,57.83664827600023,64,4273,4271,2
A_N64_r1,A,64,1,58.078160188000766,64,4319,4317,2
A_N64_r1,A,64,1,58.32727907000026,64,4333,4331,2
A_N64_r1,A,64,1,58.57094495199999,64,4349,4347,2
A_N64_r1,A,64,1,58.82325737300016,64,4363,4361,2
A_N64_r1,A,64,1,59.067683611000575,64,4379,4377,2
A_N64_r1,A,64,1,59.31245143600063,64,4395,4393,2
A_N64_r1,A,64,1,59.54612332100078,64,4409,4407,2
A_N64_r1,A,64,1,59.8002547240003,64,4424,4422,2
A_N64_r1,A,64,1,60.035276521000014,62,4438,4436,2
A_N64_r1,A,64,1,60.261034137000024,45,4455,4453,2
A_N64_r1,A,64,1,60.493673050000325,30,4470,4468,2
A_N64_r1,A,64,1,60.717121151000356,15,4485,4483,2
A_N64_r1,A,64,1,60.917850916000134,0,4500,4498,2
A_N64_r2,A,64,2,0.00657332300033886,0,0,0,0
A_N64_r2,A,64,2,0.20871670900032768,64,0,0,0
A_N64_r2,A,64,2,0.4651062210004966,64,30,30,0
A_N64_r2,A,64,2,0.6874934480001684,64,72,72,0
A_N64_r2,A,64,2,0.9375772690000304,64,82,82,0
A_N64_r2,A,64,2,1.1880557100002989,64,96,96,0
A_N64_r2,A,64,2,1.4308536589996947,64,109,109,0
A_N64_r2,A,64,2,1.661119786999734,64,126,126,0
A_N64_r2,A,64,2,1.8912606610001603,64,139,139,0
A_N64_r2,A,64,2,2.1377525939997213,64,153,153,0
A_N64_r2,A,64,2,2.389140342999781,64,169,169,0
A_N64_r2,A,64,2,2.629205780999655,64,185,185,0
A_N64_r2,A,64,2,2.8697447790000297,64,198,198,0
A_N64_r2,A,64,2,3.114325436999934,64,215,215,0
A_N64_r2,A,64,2,3.362205745999745,64,228,228,0
A_N64_r2,A,64,2,3.6104577200003405,64,246,246,0
A_N64_r2,A,64,2,3.845587343999796,64,260,260,0
A_N64_r2,A,64,2,4.091920707999634,64,277,277,0
A_N64_r2,A,64,2,4.340317590999803,64,292,292,0
A_N64_r2,A,64,2,4.587749295999856,64,308,308,0
A_N64_r2,A,64,2,4.8285973990005004,64,323,323,0
A_N64_r2,A,64,2,5.070414513000287,64,339,339,0
A_N64_r2,A,64,2,5.315072336999947,64,354,354,0
A_N64_r2,A,64,2,5.527675121000357,64,373,373,0
A_N64_r2,A,64,2,5.735150950999923,64,392,392,0
A_N64_r2,A,64,2,5.937344517999918,64,394,394,0
A_N64_r2,A,64,2,6.227962204000505,64,460,460,0
A_N64_r2,A,64,2,6.4670578360000945,64,479,479,0
A_N64_r2,A,64,2,6.704056896999646,64,494,494,0
A_N64_r2,A,64,2,6.9505196810005145,64,508,508,0
A_N64_r2,A,64,2,7.1834309109999595,64,522,522,0
A_N64_r2,A,64,2,7.4178789329998835,64,538,538,0
A_N64_r2,A,64,2,7.6567434720000165,64,552,552,0
A_N64_r2,A,64,2,7.908475764999821,64,570,570,0
A_N64_r2,A,64,2,8.148662045000492,64,584,584,0
A_N64_r2,A,64,2,8.396263001999614,64,601,601,0
A_N64_r2,A,64,2,8.632769028000439,64,616,616,0
A_N64_r2,A,64,2,8.870308405000287,64,628,628,0
A_N64_r2,A,64,2,9.118439191000107,64,640,640,0
A_N64_r2,A,64,2,9.368769925999914,64,659,659,0
A_N64_r2,A,64,2,9.61933266000051,64,672,672,0
A_N64_r2,A,64,2,9.865839082000093,64,688,688,0
A_N64_r2,A,64,2,10.114430777000052,64,701,701,0
A_N64_r2,A,64,2,10.349657019000006,64,714,714,0
A_N64_r2,A,64,2,10.585237692000192,64,728,728,0
A_N64_r2,A,64,2,10.828905000000304,64,740,740,0
A_N64_r2,A,64,2,11.055508229000225,64,755,755,0
A_N64_r2,A,64,2,11.264198498000042,64,777,777,0
A_N64_r2,A,64,2,11.464863780999622,64,785,785,0
A_N64_r2,A,64,2,11.66689425200002,64,809,809,0
A_N64_r2,A,64,2,11.971659971000008,64,875,875,0
A_N64_r2,A,64,2,12.201227001000007,64,889,889,0
A_N64_r2,A,64,2,12.453151061000426,64,903,903,0
A_N64_r2,A,64,2,12.763901942999837,64,917,917,0
A_N64_r2,A,64,2,13.015284052000425,64,935,935,0
A_N64_r2,A,64,2,13.262987430000067,64,949,949,0
A_N64_r2,A,64,2,13.510808801999701,64,960,960,0
A_N64_r2,A,64,2,13.738587648999783,64,974,974,0
A_N64_r2,A,64,2,13.9785903410002,64,989,989,0
A_N64_r2,A,64,2,14.239582494999922,64,1004,1004,0
A_N64_r2,A,64,2,14.509321690999968,64,1021,1021,0
A_N64_r2,A,64,2,14.756666946999758,64,1036,1036,0
A_N64_r2,A,64,2,15.003923489000044,64,1050,1050,0
A_N64_r2,A,64,2,15.242675167000016,64,1066,1066,0
A_N64_r2,A,64,2,15.483856277999621,64,1081,1081,0
A_N64_r2,A,64,2,15.730341579000196,64,1094,1094,0
A_N64_r2,A,64,2,15.971845746999861,64,1107,1107,0
A_N64_r2,A,64,2,16.2321887220005,64,1124,1124,0
A_N64_r2,A,64,2,16.47635722799987,64,1138,1138,0
A_N64_r2,A,64,2,16.711636621000252,64,1151,1151,0
A_N64_r2,A,64,2,16.92802716799997,64,1171,1171,0
A_N64_r2,A,64,2,17.128431082000134,64,1185,1185,0
A_N64_r2,A,64,2,17.329619293999713,64,1209,1209,0
A_N64_r2,A,64,2,17.588417306000338,64,1258,1258,0
A_N64_r2,A,64,2,17.83063577499979,64,1294,1294,0
A_N64_r2,A,64,2,18.07350763500017,64,1306,1306,0
A_N64_r2,A,64,2,18.309445836999657,64,1318,1318,0
A_N64_r2,A,64,2,18.55396578,64,1334,1334,0
A_N64_r2,A,64,2,18.80563841900039,64,1348,1348,0
A_N64_r2,A,64,2,19.05712456800029,64,1361,1361,0
A_N64_r2,A,64,2,19.304653879000398,64,1377,1377,0
A_N64_r2,A,64,2,19.554123154999616,64,1392,1392,0
A_N64_r2,A,64,2,19.795023626999864,64,1405,1405,0
A_N64_r2,A,64,2,20.04561348199968,64,1418,1418,0
A_N64_r2,A,64,2,20.29056610600037,64,1436,1436,0
A_N64_r2,A,64,2,20.54216664700016,64,1451,1451,0
A_N64_r2,A,64,2,20.78847889700046,64,1465,1465,0
A_N64_r2,A,64,2,21.029892970999754,64,1482,1482,0
A_N64_r2,A,64,2,21.273249345000295,64,1498,1498,0
A_N64_r2,A,64,2,21.510233814999992,64,1513,1513,0
A_N64_r2,A,64,2,21.776825498999642,64,1526,1526,0
A_N64_r2,A,64,2,22.016524667999875,64,1540,1540,0
A_N64_r2,A,64,2,22.260841827999684,64,1554,1554,0
A_N64_r2,A,64,2,22.49694816900046,64,1568,1568,0
A_N64_r2,A,64,2,22.71200883900019,64,1591,1591,0
A_N64_r2,A,64,2,22.91318498199962,64,1609,1609,0
A_N64_r2,A,64,2,23.113374206000117,64,1638,1638,0
A_N64_r2,A,64,2,23.315501031999702,64,1663,1663,0
A_N64_r2,A,64,2,23.519467713999802,64,1694,1694,0
A_N64_r2,A,64,2,23.773360105000393,64,1743,1743,0
A_N64_r2,A,64,2,24.009201322999616,64,1787,1787,0
A_N64_r2,A,64,2,24.266019353000047,64,1798,1798,0
A_N64_r2,A,64,2,24.49868989300012,64,1814,1814,0
A_N64_r2,A,64,2,24.72911199200007,64,1828,1828,0
A_N64_r2,A,64,2,24.96114063999994,64,1842,1842,0
A_N64_r2,A,64,2,25.21601218700016,64,1857,1857,0
A_N64_r2,A,64,2,25.45416927899987,64,1873,1873,0
A_N64_r2,A,64,2,25.699758165000276,64,1887,1887,0
A_N64_r2,A,64,2,25.943851089999953,64,1902,1902,0
A_N64_r2,A,64,2,26.17705384800047,64,1916,1916,0
A_N64_r2,A,64,2,26.443879854000443,64,1933,1933,0
A_N64_r2,A,64,2,26.684247049999612,64,1946,1946,0
A_N64_r2,A,64,2,26.929740354000387,64,1960,1960,0
A_N64_r2,A,64,2,27.185361501999978,64,1974,1974,0
A_N64_r2,A,64,2,27.438325484000416,64,1988,1988,0
A_N64_r2,A,64,2,27.683063757999662,64,2003,2003,0
A_N64_r2,A,64,2,27.916708874000506,64,2018,2018,0
A_N64_r2,A,64,2,28.16900132899991,64,2033,2033,0
A_N64_r2,A,64,2,28.413607006999882,64,2047,2047,0
A_N64_r2,A,64,2,28.6461676480003,64,2061,2061,0
A_N64_r2,A,64,2,28.85811663200002,64,2082,2082,0
A_N64_r2,A,64,2,29.062900738999815,64,2105,2105,0
A_N64_r2,A,64,2,29.26392656400003,64,2111,2111,0
A_N64_r2,A,64,2,29.538071967999713,64,2163,2163,0
A_N64_r2,A,64,2,29.78315690999989,64,2194,2194,0
A_N64_r2,A,64,2,30.02477614899999,64,2208,2208,0
A_N64_r2,A,64,2,30.278653246999966,64,2221,2221,0
A_N64_r2,A,64,2,30.526549332000286,64,2233,2233,0
A_N64_r2,A,64,2,30.768409848000374,64,2247,2247,0
A_N64_r2,A,64,2,31.015022253999632,64,2261,2261,0
A_N64_r2,A,64,2,31.262457240000003,64,2275,2275,0
A_N64_r2,A,64,2,31.514592864000406,64,2292,2292,0
A_N64_r2,A,64,2,31.7649923580002,64,2307,2307,0
A_N64_r2,A,64,2,32.00797367799987,64,2320,2320,0
A_N64_r2,A,64,2,32.24660096699972,64,2334,2334,0
A_N64_r2,A,64,2,32.48597440899994,64,2348,2348,0
A_N64_r2,A,64,2,32.726241506000406,64,2363,2363,0
A_N64_r2,A,64,2,32.95803765300025,64,2379,2379,0
A_N64_r2,A,64,2,33.20774792999964,64,2392,2392,0
A_N64_r2,A,64,2,33.44959558699975,64,2407,2407,0
A_N64_r2,A,64,2,33.68954866399963,64,2423,2423,0
A_N64_r2,A,64,2,33.93147926199981,64,2438,2438,0
A_N64_r2,A,64,2,34.17264743600026,64,2452,2452,0
A_N64_r2,A,64,2,34.4056630189998,64,2468,2468,0
A_N64_r2,A,64,2,34.61676669500048,64,2490,2490,0
A_N64_r2,A,64,2,34.82583670799977,64,2515,2515,0
A_N64_r2,A,64,2,35.02791669599992,64,2523,2523,0
A_N64_r2,A,64,2,35.25815686399983,64,2571,2571,0
A_N64_r2,A,64,2,35.525648843000454,64,2621,2621,0
A_N64_r2,A,64,2,35.78056149199983,64,2634,2634,0
A_N64_r2,A,64,2,36.018291399999725,64,2645,2645,0
A_N64_r2,A,64,2,36.262300968999625,64,2661,2661,0
A_N64_r2,A,64,2,36.505183362000025,64,2676,2676,0
A_N64_r2,A,64,2,36.75002896600017,64,2690,2690,0
A_N64_r2,A,64,2,36.99419738200049,64,2704,2704,0
A_N64_r2,A,64,2,37.24405514099999,64,2719,2719,0
A_N64_r2,A,64,2,37.487643266000305,64,2736,2736,0
A_N64_r2,A,64,2,37.73563604999981,64,2751,2751,0
A_N64_r2,A,64,2,37.98186365299989,64,2766,2766,0
A_N64_r2,A,64,2,38.22797907400036,64,2783,2783,0
A_N64_r2,A,64,2,38.46541139800047,64,2799,2799,0
A_N64_r2,A,64,2,38.70304063399999,64,2812,2812,0
A_N64_r2,A,64,2,38.961335152000174,64,2830,2830,0
A_N64_r2,A,64,2,39.2088300129999,64,2845,2845,0
A_N64_r2,A,64,2,39.455019209000056,64,2860,2860,0
A_N64_r2,A,64,2,39.72656586500034,64,2877,2877,0
A_N64_r2,A,64,2,39.97404505000031,64,2892,2892,0
A_N64_r2,A,64,2,40.20193075000043,64,2906,2906,0
A_N64_r2,A,64,2,40.40899808100039,64,2926,2926,0
A_N64_r2,A,64,2,40.61596253799962,64,2947,2947,0
A_N64_r2,A,64,2,40.81671958100014,64,2948,2948,0
A_N64_r2,A,64,2,41.082669430999886,64,3009,3009,0
A_N64_r2,A,64,2,41.31337305600027,64,3029,3029,0
A_N64_r2,A,64,2,41.5490955639998,64,3043,3043,0
A_N64_r2,A,64,2,41.78926018200036,64,3057,3057,0
A_N64_r2,A,64,2,42.02990410199982,64,3072,3072,0
A_N64_r2,A,64,2,42.274154257999726,64,3086,3086,0
A_N64_r2,A,64,2,42.50975500000004,64,3102,3102,0
A_N64_r2,A,64,2,42.74956270700022,64,3114,3114,0
A_N64_r2,A,64,2,42.98898434500006,64,3133,3133,0
A_N64_r2,A,64,2,43.23439298199992,64,3147,3147,0
A_N64_r2,A,64,2,43.48150441600046,64,3162,3162,0
A_N64_r2,A,64,2,43.723072333000346,64,3176,3176,0
A_N64_r2,A,64,2,43.95972117000019,64,3192,3192,0
A_N64_r2,A,64,2,44.20974503999969,64,3207,3207,0
A_N64_r2,A,64,2,44.44854332199975,64,3221,3221,0
A_N64_r2,A,64,2,44.702428960999896,64,3231,3231,0
A_N64_r2,A,64,2,44.95822598700033,64,3246,3246,0
A_N64_r2,A,64,2,45.19421354699989,64,3257,3257,0
A_N64_r2,A,64,2,45.43749152500004,64,3271,3271,0
A_N64_r2,A,64,2,45.676171066999814,64,3286,3286,0
A_N64_r2,A,64,2,45.91801904800013,64,3300,3300,0
A_N64_r2,A,64,2,46.12797120400046,64,3321,3321,0
A_N64_r2,A,64,2,46.32831979599996,64,3329,3329,0
A_N64_r2,A,64,2,46.58501188500031,64,3373,3373,0
A_N64_r2,A,64,2,46.8160812189999,64,3405,3405,0
A_N64_r2,A,64,2,47.07490332999987,64,3419,3419,0
A_N64_r2,A,64,2,47.3159985809998,64,3434,3434,0
A_N64_r2,A,64,2,47.56289310400007,64,3448,3448,0
A_N64_r2,A,64,2,47.80427489900012,64,3461,3461,0
A_N64_r2,A,64,2,48.04821551799978,64,3479,3479,0
A_N64_r2,A,64,2,48.287775564000185,64,3493,3493,0
A_N64_r2,A,64,2,48.54413577499963,64,3505,3505,0
A_N64_r2,A,64,2,48.78286315300011,64,3519,3519,0
A_N64_r2,A,64,2,49.02649423999992,64,3538,3538,0
A_N64_r2,A,64,2,49.26067238900032,64,3552,3552,0
A_N64_r2,A,64,2,49.511086432999946,64,3565,3565,0
A_N64_r2,A,64,2,49.763454541999636,64,3581,3581,0
A_N64_r2,A,64,2,50.01801727600014,64,3598,3598,0
A_N64_r2,A,64,2,50.26209533600013,64,3614,3614,0
A_N64_r2,A,64,2,50.51531964199967,64,3629,3629,0
A_N64_r2,A,64,2,50.75097371500033,64,3644,3644,0
A_N64_r2,A,64,2,50.99874265499966,64,3661,3661,0
A_N64_r2,A,64,2,51.24303926399989,64,3675,3675,0
A_N64_r2,A,64,2,51.47848695900029,64,3689,3689,0
A_N64_r2,A,64,2,51.68913291100034,64,3714,3714,0
A_N64_r2,A,64,2,51.89129725899966,64,3718,3718,0
A_N64_r2,A,64,2,52.14385182600017,64,3763,3763,0
A_N64_r2,A,64,2,52.38938707699981,64,3807,3807,0
A_N64_r2,A,64,2,52.624325912999666,64,3820,3820,0
A_N64_r2,A,64,2,52.879097906000425,64,3834,3834,0
A_N64_r2,A,64,2,53.12202676200013,64,3847,3847,0
A_N64_r2,A,64,2,53.365742109000166,64,3863,3863,0
A_N64_r2,A,64,2,53.613646806999895,64,3879,3879,0
A_N64_r2,A,64,2,53.8550038960002,64,3895,3895,0
A_N64_r2,A,64,2,54.10137313799987,64,3908,3908,0
A_N64_r2,A,64,2,54.35120487400036,64,3924,3924,0
A_N64_r2,A,64,2,54.59884922400033,64,3940,3940,0
A_N64_r2,A,64,2,54.860094036999726,64,3955,3955,0
A_N64_r2,A,64,2,55.099616986,64,3968,3968,0
A_N64_r2,A,64,2,55.34896813599971,64,3983,3983,0
A_N64_r2,A,64,2,55.60139581899966,64,4000,4000,0
A_N64_r2,A,64,2,55.851557767000486,64,4016,4016,0
A_N64_r2,A,64,2,56.10841876900031,64,4033,4033,0
A_N64_r2,A,64,2,56.361996775999614,64,4048,4048,0
A_N64_r2,A,64,2,56.617806905999714,64,4064,4064,0
A_N64_r2,A,64,2,56.855376047999926,64,4077,4077,0
A_N64_r2,A,64,2,57.07860422700014,64,4093,4093,0
A_N64_r2,A,64,2,57.299744408999686,64,4115,4115,0
A_N64_r2,A,64,2,57.500536206000106,64,4127,4127,0
A_N64_r2,A,64,2,57.721125332000156,64,4151,4151,0
A_N64_r2,A,64,2,57.96007001900034,64,4207,4207,0
A_N64_r2,A,64,2,58.20521463000023,64,4220,4220,0
A_N64_r2,A,64,2,58.438765662999685,64,4234,4234,0
A_N64_r2,A,64,2,58.70171095800015,64,4248,4248,0
A_N64_r2,A,64,2,58.93921492800018,64,4263,4263,0
A_N64_r2,A,64,2,59.18019988800006,64,4275,4275,0
A_N64_r2,A,64,2,59.418718703000195,64,4288,4288,0
A_N64_r2,A,64,2,59.66227731300023,64,4304,4304,0
A_N64_r2,A,64,2,59.91361127500022,64,4318,4318,0
A_N64_r2,A,64,2,60.14150108499962,54,4333,4333,0
A_N64_r2,A,64,2,60.37747290700008,36,4351,4351,0
A_N64_r2,A,64,2,60.59713548000036,18,4369,4369,0
A_N64_r2,A,64,2,60.79760995900051,0,4387,4387,0
A_N64_r3,A,64,3,0.006107037999754539,0,0,0,0
A_N64_r3,A,64,3,0.20678151799984335,64,0,0,0
A_N64_r3,A,64,3,0.45737067600020964,64,25,25,0
A_N64_r3,A,64,3,0.6899804980002955,64,70,70,0
A_N64_r3,A,64,3,0.9413557179996133,64,82,82,0
A_N64_r3,A,64,3,1.1797455030000492,64,94,94,0
A_N64_r3,A,64,3,1.4223778609994042,64,110,110,0
A_N64_r3,A,64,3,1.6674743590001526,64,123,123,0
A_N64_r3,A,64,3,1.899021033000281,64,138,138,0
A_N64_r3,A,64,3,2.1387252449994776,64,151,151,0
A_N64_r3,A,64,3,2.3872915060001105,64,167,167,0
A_N64_r3,A,64,3,2.6519255699995483,64,180,180,0
A_N64_r3,A,64,3,2.883045538999795,64,196,196,0
A_N64_r3,A,64,3,3.1337390179996873,64,210,210,0
A_N64_r3,A,64,3,3.373931520000042,64,226,226,0
A_N64_r3,A,64,3,3.61809551099941,64,238,238,0
A_N64_r3,A,64,3,3.8596928879996995,64,254,254,0
A_N64_r3,A,64,3,4.1010993649997545,64,270,270,0
A_N64_r3,A,64,3,4.340510279999762,64,284,284,0
A_N64_r3,A,64,3,4.579465521000202,64,298,298,0
A_N64_r3,A,64,3,4.8077914710002005,64,312,312,0
A_N64_r3,A,64,3,5.0589412849994915,64,327,327,0
A_N64_r3,A,64,3,5.295110658999874,64,340,340,0
A_N64_r3,A,64,3,5.503291150000223,64,356,356,0
A_N64_r3,A,64,3,5.704216125999665,64,375,375,0
A_N64_r3,A,64,3,5.920121244000256,64,389,389,0
A_N64_r3,A,64,3,6.216529827999693,64,446,446,0
A_N64_r3,A,64,3,6.455412039999828,64,474,474,0
A_N64_r3,A,64,3,6.699707896000291,64,489,489,0
A_N64_r3,A,64,3,6.948947347000285,64,502,502,0
A_N64_r3,A,64,3,7.188838004999525,64,516,516,0
A_N64_r3,A,64,3,7.437796936000268,64,530,530,0
A_N64_r3,A,64,3,7.676856248000149,64,542,542,0
A_N64_r3,A,64,3,7.924002103999555,64,556,556,0
A_N64_r3,A,64,3,8.188762327999939,64,574,574,0
A_N64_r3,A,64,3,8.438441759999478,64,591,591,0
A_N64_r3,A,64,3,8.675633595999898,64,605,605,0
A_N64_r3,A,64,3,8.909663680999984,64,618,618,0
A_N64_r3,A,64,3,9.163117752999824,64,634,634,0
A_N64_r3,A,64,3,9.410047045999818,64,648,648,0
A_N64_r3,A,64,3,9.661688252000204,64,663,663,0
A_N64_r3,A,64,3,9.91144877500028,64,679,679,0
A_N64_r3,A,64,3,10.145294215999456,64,693,693,0
A_N64_r3,A,64,3,10.381844925999758,64,708,708,0
A_N64_r3,A,64,3,10.62195558500025,64,722,722,0
A_N64_r3,A,64,3,10.870591900999898,64,735,735,0
A_N64_r3,A,64,3,11.092848344000231,64,753,753,0
A_N64_r3,A,64,3,11.300563716999932,64,777,777,0
A_N64_r3,A,64,3,11.502925429999777,64,798,798,0
A_N64_r3,A,64,3,11.719866554999498,64,817,817,0
A_N64_r3,A,64,3,12.073390694999944,64,874,874,0
A_N64_r3,A,64,3,12.308030039000187,64,890,890,0
A_N64_r3,A,64,3,12.552109393000137,64,901,901,0
A_N64_r3,A,64,3,12.790187679000155,64,916,916,0
A_N64_r3,A,64,3,13.024061928000265,64,929,929,0
A_N64_r3,A,64,3,13.278179267999803,64,943,943,0
A_N64_r3,A,64,3,13.517835028999798,64,956,956,0
A_N64_r3,A,64,3,13.776797075000104,64,972,972,0
A_N64_r3,A,64,3,14.021263691999593,64,988,988,0
A_N64_r3,A,64,3,14.276269040999978,64,1005,1005,0
A_N64_r3,A,64,3,14.53232984099941,64,1022,1022,0
A_N64_r3,A,64,3,14.78028525299942,64,1035,1035,0
A_N64_r3,A,64,3,15.023861306999606,64,1051,1051,0
A_N64_r3,A,64,3,15.270134704000156,64,1068,1068,0
A_N64_r3,A,64,3,15.531597451999914,64,1082,1082,0
A_N64_r3,A,64,3,15.778240370000276,64,1097,1097,0
A_N64_r3,A,64,3,16.027570657999604,64,1110,1110,0
A_N64_r3,A,64,3,16.281488614999944,64,1124,1124,0
A_N64_r3,A,64,3,16.51885317599954,64,1140,1140,0
A_N64_r3,A,64,3,16.74773494300007,64,1155,1155,0
A_N64_r3,A,64,3,16.95594217300004,64,1175,1175,0
A_N64_r3,A,64,3,17.16561581299993,64,1206,1206,0
A_N64_r3,A,64,3,17.371827218999897,64,1231,1231,0
A_N64_r3,A,64,3,17.57832841399977,64,1250,1250,0
A_N64_r3,A,64,3,17.780321903000186,64,1261,1261,0
A_N64_r3,A,64,3,18.069609774999662,64,1325,1325,0
A_N64_r3,A,64,3,18.30790208399958,64,1348,1348,0
A_N64_r3,A,64,3,18.547804504999476,64,1363,1363,0
A_N64_r3,A,64,3,18.7950552909997,64,1374,1374,0
A_N64_r3,A,64,3,19.042138453000007,64,1391,1391,0
A_N64_r3,A,64,3,19.300134076000177,64,1405,1405,0
A_N64_r3,A,64,3,19.532163203999517,64,1418,1418,0
A_N64_r3,A,64,3,19.767373743999997,64,1431,1431,0
A_N64_r3,A,64,3,20.005078678000245,64,1443,1443,0
A_N64_r3,A,64,3,20.23884110600011,64,1456,1456,0
A_N64_r3,A,64,3,20.47762560799947,64,1469,1469,0
A_N64_r3,A,64,3,20.72273582300022,64,1485,1485,0
A_N64_r3,A,64,3,20.980186742000114,64,1498,1498,0
A_N64_r3,A,64,3,21.229414831000213,64,1514,1514,0
A_N64_r3,A,64,3,21.469499482000174,64,1530,1530,0
A_N64_r3,A,64,3,21.707722502999786,64,1542,1542,0
A_N64_r3,A,64,3,21.958674544000132,64,1556,1556,0
A_N64_r3,A,64,3,22.201302772999952,64,1571,1571,0
A_N64_r3,A,64,3,22.447486764000132,64,1587,1587,0
A_N64_r3,A,64,3,22.697287733999474,64,1601,1601,0
A_N64_r3,A,64,3,22.917656306000026,64,1617,1617,0
A_N64_r3,A,64,3,23.127439799999593,64,1638,1638,0
A_N64_r3,A,64,3,23.3594422340002,64,1678,1678,0
A_N64_r3,A,64,3,23.587774859999627,64,1699,1699,0
A_N64_r3,A,64,3,23.80585821099976,64,1723,1723,0
A_N64_r3,A,64,3,24.025610181000047,64,1744,1744,0
A_N64_r3,A,64,3,24.249719562999417,64,1770,1770,0
A_N64_r3,A,64,3,24.465491385999485,64,1793,1793,0
A_N64_r3,A,64,3,24.68048323899984,64,1816,1816,0
A_N64_r3,A,64,3,24.901856874999794,64,1838,1838,0
A_N64_r3,A,64,3,25.116475544999957,64,1860,1860,0
A_N64_r3,A,64,3,25.33797998099999,64,1884,1884,0
A_N64_r3,A,64,3,25.552314022000246,64,1907,1907,0
A_N64_r3,A,64,3,25.769281545000013,64,1935,1935,0
A_N64_r3,A,64,3,25.9886457169996,64,1958,1958,0
A_N64_r3,A,64,3,26.20958832299948,64,1982,1982,0
A_N64_r3,A,64,3,26.435964321999563,64,2004,2004,0
A_N64_r3,A,64,3,26.64935866399992,64,2027,2027,0
A_N64_r3,A,64,3,26.864240668000093,64,2050,2050,0
A_N64_r3,A,64,3,27.091073777999554,64,2074,2074,0
A_N64_r3,A,64,3,27.307635139999547,64,2096,2096,0
A_N64_r3,A,64,3,27.520946337999703,64,2117,2117,0
A_N64_r3,A,64,3,27.74096972499956,64,2141,2141,0
A_N64_r3,A,64,3,27.964789724000184,64,2166,2166,0
A_N64_r3,A,64,3,28.192138827000235,64,2187,2187,0
A_N64_r3,A,64,3,28.400556429000062,64,2211,2211,0
A_N64_r3,A,64,3,28.608303008999428,64,2230,2230,0
A_N64_r3,A,64,3,28.819234689999575,64,2252,2252,0
A_N64_r3,A,64,3,29.05237090099945,64,2291,2291,0
A_N64_r3,A,64,3,29.323941956999988,64,2338,2338,0
A_N64_r3,A,64,3,29.56427181900017,64,2351,2351,0
A_N64_r3,A,64,3,29.80648981200011,64,2367,2367,0
A_N64_r3,A,64,3,30.057582929999626,64,2380,2380,0
A_N64_r3,A,64,3,30.314019331000054,64,2396,2396,0
A_N64_r3,A,64,3,30.555550205000145,64,2409,2409,0
A_N64_r3,A,64,3,30.799182103999556,64,2422,2422,0
A_N64_r3,A,64,3,31.03336538900021,64,2437,2437,0
A_N64_r3,A,64,3,31.288176121000106,64,2454,2454,0
A_N64_r3,A,64,3,31.526208115999907,64,2467,2467,0
A_N64_r3,A,64,3,31.781568549999974,64,2483,2483,0
A_N64_r3,A,64,3,32.030344021999554,64,2498,2498,0
A_N64_r3,A,64,3,32.27849783500005,64,2514,2514,0
A_N64_r3,A,64,3,32.53591265100022,64,2530,2530,0
A_N64_r3,A,64,3,32.77772975700009,64,2545,2545,0
A_N64_r3,A,64,3,33.03621868400023,64,2563,2563,0
A_N64_r3,A,64,3,33.263067910000245,64,2575,2575,0
A_N64_r3,A,64,3,33.51114594399951,64,2593,2593,0
A_N64_r3,A,64,3,33.74252043100023,64,2606,2606,0
A_N64_r3,A,64,3,33.974255275999894,64,2622,2622,0
A_N64_r3,A,64,3,34.1804211409999,64,2639,2639,0
A_N64_r3,A,64,3,34.386151480999615,64,2659,2659,0
A_N64_r3,A,64,3,34.59137628299959,64,2672,2672,0
A_N64_r3,A,64,3,34.819144475999565,64,2710,2710,0
A_N64_r3,A,64,3,35.0485076089999,64,2752,2752,0
A_N64_r3,A,64,3,35.2836242809999,64,2765,2765,0
A_N64_r3,A,64,3,35.53302482199979,64,2779,2779,0
A_N64_r3,A,64,3,35.78719309600001,64,2797,2797,0
A_N64_r3,A,64,3,36.02098433900028,64,2812,2812,0
A_N64_r3,A,64,3,36.263617802000226,64,2825,2825,0
A_N64_r3,A,64,3,36.50987770200027,64,2841,2841,0
A_N64_r3,A,64,3,36.750473219000014,64,2855,2855,0
A_N64_r3,A,64,3,37.0016570709995,64,2872,2872,0
A_N64_r3,A,64,3,37.26312321400019,64,2887,2887,0
A_N64_r3,A,64,3,37.510653878000085,64,2903,2903,0
A_N64_r3,A,64,3,37.76261458399949,64,2918,2918,0
A_N64_r3,A,64,3,38.00439044799987,64,2933,2933,0
A_N64_r3,A,64,3,38.26097400599974,64,2948,2948,0
A_N64_r3,A,64,3,38.49798523499976,64,2963,2963,0
A_N64_r3,A,64,3,38.740667007999946,64,2978,2978,0
A_N64_r3,A,64,3,38.986613375999696,64,2991,2991,0
A_N64_r3,A,64,3,39.241060266000204,64,3007,3007,0
A_N64_r3,A,64,3,39.490280584000175,64,3022,3022,0
A_N64_r3,A,64,3,39.713344435999716,64,3036,3036,0
A_N64_r3,A,64,3,39.93150222700024,64,3054,3054,0
A_N64_r3,A,64,3,40.131785267999476,64,3068,3068,0
A_N64_r3,A,64,3,40.33199429999968,64,3094,3094,0
A_N64_r3,A,64,3,40.54836469099973,64,3135,3135,0
A_N64_r3,A,64,3,40.81125735400019,64,3175,3175,0
A_N64_r3,A,64,3,41.05774610099979,64,3206,3206,0
A_N64_r3,A,64,3,41.31826944400018,64,3217,3217,0
A_N64_r3,A,64,3,41.555632653999965,64,3230,3230,0
A_N64_r3,A,64,3,41.80656812399957,64,3244,3244,0
A_N64_r3,A,64,3,42.05957555900022,64,3257,3257,0
A_N64_r3,A,64,3,42.297693253000034,64,3271,3271,0
A_N64_r3,A,64,3,42.5416848979994,64,3286,3286,0
A_N64_r3,A,64,3,42.79147538199959,64,3297,3297,0
A_N64_r3,A,64,3,43.0276279539994,64,3311,3311,0
A_N64_r3,A,64,3,43.27793744599967,64,3325,3325,0
A_N64_r3,A,64,3,43.509291687999394,64,3341,3341,0
A_N64_r3,A,64,3,43.75147287300024,64,3355,3355,0
A_N64_r3,A,64,3,43.99934243200005,64,3369,3369,0
A_N64_r3,A,64,3,44.249054926999634,64,3386,3386,0
A_N64_r3,A,64,3,44.50622523599941,64,3400,3400,0
A_N64_r3,A,64,3,44.74163367100027,64,3417,3417,0
A_N64_r3,A,64,3,44.997875912999916,64,3434,3434,0
A_N64_r3,A,64,3,45.24688718200014,64,3449,3449,0
A_N64_r3,A,64,3,45.48894992199985,64,3464,3464,0
A_N64_r3,A,64,3,45.70588565599974,64,3480,3480,0
A_N64_r3,A,64,3,45.92525943599958,64,3504,3503,1
A_N64_r3,A,64,3,46.126343709999674,64,3519,3518,1
A_N64_r3,A,64,3,46.33634180900026,64,3534,3533,1
A_N64_r3,A,64,3,46.63342764200024,64,3596,3595,1
A_N64_r3,A,64,3,46.87453435499992,64,3616,3615,1
A_N64_r3,A,64,3,47.11931513899981,64,3628,3627,1
A_N64_r3,A,64,3,47.365523190000204,64,3645,3644,1
A_N64_r3,A,64,3,47.61656414800018,64,3663,3662,1
A_N64_r3,A,64,3,47.86492274899956,64,3674,3673,1
A_N64_r3,A,64,3,48.1048225909999,64,3689,3688,1
A_N64_r3,A,64,3,48.3383535920002,64,3701,3700,1
A_N64_r3,A,64,3,48.5914099470001,64,3714,3713,1
A_N64_r3,A,64,3,48.83789102099945,64,3731,3730,1
A_N64_r3,A,64,3,49.07893186000001,64,3743,3742,1
A_N64_r3,A,64,3,49.34172833299999,64,3759,3758,1
A_N64_r3,A,64,3,49.572499875000176,64,3773,3772,1
A_N64_r3,A,64,3,49.8323423060001,64,3789,3788,1
A_N64_r3,A,64,3,50.07602447999943,64,3804,3803,1
A_N64_r3,A,64,3,50.318769335999605,64,3819,3818,1
A_N64_r3,A,64,3,50.548888493999584,64,3830,3829,1
A_N64_r3,A,64,3,50.8039196740001,64,3846,3845,1
A_N64_r3,A,64,3,51.05649316600011,64,3859,3858,1
A_N64_r3,A,64,3,51.31638695299989,64,3873,3872,1
A_N64_r3,A,64,3,51.52391883400014,64,3889,3888,1
A_N64_r3,A,64,3,51.73330781699951,64,3910,3909,1
A_N64_r3,A,64,3,51.934121469000274,64,3923,3922,1
A_N64_r3,A,64,3,52.19203444300001,64,3972,3971,1
A_N64_r3,A,64,3,52.42809823500011,64,4000,3999,1
A_N64_r3,A,64,3,52.67400021799949,64,4014,4013,1
A_N64_r3,A,64,3,52.9089332880003,64,4031,4030,1
A_N64_r3,A,64,3,53.14120688499952,64,4042,4041,1
A_N64_r3,A,64,3,53.37823939899954,64,4056,4055,1
A_N64_r3,A,64,3,53.616628275999574,64,4070,4069,1
A_N64_r3,A,64,3,53.85551766400022,64,4084,4083,1
A_N64_r3,A,64,3,54.08632738899996,64,4097,4096,1
A_N64_r3,A,64,3,54.318772636000176,64,4111,4110,1
A_N64_r3,A,64,3,54.55822182799966,64,4127,4126,1
A_N64_r3,A,64,3,54.803972572999555,64,4141,4140,1
A_N64_r3,A,64,3,55.0427025150002,64,4157,4156,1
A_N64_r3,A,64,3,55.29169874099989,64,4171,4170,1
A_N64_r3,A,64,3,55.53205398499995,64,4186,4185,1
A_N64_r3,A,64,3,55.76497392700003,64,4199,4198,1
A_N64_r3,A,64,3,56.024708615000236,64,4214,4213,1
A_N64_r3,A,64,3,56.275278680000156,64,4230,4229,1
A_N64_r3,A,64,3,56.53259262699976,64,4248,4247,1
A_N64_r3,A,64,3,56.785148277999724,64,4265,4264,1
A_N64_r3,A,64,3,57.02999036199981,64,4279,4278,1
A_N64_r3,A,64,3,57.25105198900019,64,4300,4299,1
A_N64_r3,A,64,3,57.452746128999934,64,4318,4317,1
A_N64_r3,A,64,3,57.68454614500024,64,4346,4345,1
A_N64_r3,A,64,3,57.97131570199963,64,4402,4401,1
A_N64_r3,A,64,3,58.20491877199947,64,4412,4411,1
A_N64_r3,A,64,3,58.43948363599975,64,4425,4424,1
A_N64_r3,A,64,3,58.67602806499963,64,4439,4438,1
A_N64_r3,A,64,3,58.92730408999978,64,4453,4452,1
A_N64_r3,A,64,3,59.16524328000014,64,4470,4469,1
A_N64_r3,A,64,3,59.41591503099971,64,4486,4485,1
A_N64_r3,A,64,3,59.66000100000019,64,4503,4502,1
A_N64_r3,A,64,3,59.90840861800007,64,4519,4518,1
A_N64_r3,A,64,3,60.15044112600026,55,4533,4532,1
A_N64_r3,A,64,3,60.384786433000045,36,4552,4551,1
A_N64_r3,A,64,3,60.60840065299999,21,4567,4566,1
A_N64_r3,A,64,3,60.80869346599957,4,4584,4583,1
A_N64_r3,A,64,3,61.01043098199989,0,4588,4587,1
A_N64_r4,A,64,4,0.006462328999987221,0,0,0,0
A_N64_r4,A,64,4,0.2070231829993645,64,0,0,0
A_N64_r4,A,64,4,0.4827178189998449,64,34,34,0
A_N64_r4,A,64,4,0.7408204570001544,64,74,74,0
A_N64_r4,A,64,4,0.9877107989996148,64,90,90,0
A_N64_r4,A,64,4,1.2220739169997614,64,104,104,0
A_N64_r4,A,64,4,1.453145671999664,64,118,118,0
A_N64_r4,A,64,4,1.7001638179999645,64,134,134,0
A_N64_r4,A,64,4,1.9384856500000751,64,148,148,0
A_N64_r4,A,64,4,2.2039322760001596,64,163,163,0
A_N64_r4,A,64,4,2.4594067150001138,64,177,177,0
A_N64_r4,A,64,4,2.6985698949993093,64,191,191,0
A_N64_r4,A,64,4,2.9277653680001094,64,203,203,0
A_N64_r4,A,64,4,3.1824573879994205,64,219,219,0
A_N64_r4,A,64,4,3.424143997000101,64,236,236,0
A_N64_r4,A,64,4,3.6702824619997045,64,248,248,0
A_N64_r4,A,64,4,3.917356273999758,64,264,264,0
A_N64_r4,A,64,4,4.153771196999514,64,278,278,0
A_N64_r4,A,64,4,4.393684485999984,64,291,291,0
A_N64_r4,A,64,4,4.64251637399957,64,306,306,0
A_N64_r4,A,64,4,4.876627029999327,64,322,322,0
A_N64_r4,A,64,4,5.130117548999806,64,336,336,0
A_N64_r4,A,64,4,5.369541203999688,64,349,349,0
A_N64_r4,A,64,4,5.5824251619997085,64,368,368,0
A_N64_r4,A,64,4,5.783278752999649,64,388,388,0
A_N64_r4,A,64,4,6.006710033999298,64,410,410,0
A_N64_r4,A,64,4,6.308224288999554,64,464,464,0
A_N64_r4,A,64,4,6.545401555999888,64,482,482,0
A_N64_r4,A,64,4,6.792656263999561,64,495,495,0
A_N64_r4,A,64,4,7.042210664999402,64,510,510,0
A_N64_r4,A,64,4,7.299611831999755,64,526,526,0
A_N64_r4,A,64,4,7.5626756609999575,64,543,543,0
A_N64_r4,A,64,4,7.810786035999627,64,556,556,0
A_N64_r4,A,64,4,8.042094728999473,64,570,570,0
A_N64_r4,A,64,4,8.276725071999863,64,585,585,0
A_N64_r4,A,64,4,8.525951935999728,64,598,598,0
A_N64_r4,A,64,4,8.786264984999434,64,612,612,0
A_N64_r4,A,64,4,9.03697751099935,64,626,626,0
A_N64_r4,A,64,4,9.280481523000162,64,641,641,0
A_N64_r4,A,64,4,9.559241858999485,64,655,655,0
A_N64_r4,A,64,4,9.803633437999451,64,672,672,0
A_N64_r4,A,64,4,10.047639485999753,64,686,686,0
A_N64_r4,A,64,4,10.299709893,64,702,702,0
A_N64_r4,A,64,4,10.53166129300007,64,718,718,0
A_N64_r4,A,64,4,10.764054764999855,64,732,732,0
A_N64_r4,A,64,4,11.005148712999471,64,745,745,0
A_N64_r4,A,64,4,11.213949436999428,64,767,767,0
A_N64_r4,A,64,4,11.41477530300017,64,784,784,0
A_N64_r4,A,64,4,11.615147128999524,64,808,808,0
A_N64_r4,A,64,4,11.82158517500011,64,839,839,0
A_N64_r4,A,64,4,12.08740608700009,64,886,886,0
A_N64_r4,A,64,4,12.337521593999554,64,920,920,0
A_N64_r4,A,64,4,12.567636818999745,64,935,935,0
A_N64_r4,A,64,4,12.813171357999636,64,950,950,0
A_N64_r4,A,64,4,13.05784162999953,64,962,962,0
A_N64_r4,A,64,4,13.300794372999917,64,975,975,0
A_N64_r4,A,64,4,13.552985120999438,64,989,989,0
A_N64_r4,A,64,4,13.814550748999864,64,1005,1005,0
A_N64_r4,A,64,4,14.062613739999506,64,1017,1017,0
A_N64_r4,A,64,4,14.311792518999937,64,1031,1031,0
A_N64_r4,A,64,4,14.551796140999613,64,1048,1048,0
A_N64_r4,A,64,4,14.808962135999536,64,1065,1065,0
A_N64_r4,A,64,4,15.051708315999349,64,1082,1082,0
A_N64_r4,A,64,4,15.30055382699993,64,1095,1095,0
A_N64_r4,A,64,4,15.546765319999395,64,1106,1106,0
A_N64_r4,A,64,4,15.777039761000196,64,1119,1119,0
A_N64_r4,A,64,4,16.009460514999773,64,1132,1132,0
A_N64_r4,A,64,4,16.24740623099933,64,1149,1149,0
A_N64_r4,A,64,4,16.481051588999435,64,1164,1164,0
A_N64_r4,A,64,4,16.719371797999884,64,1179,1179,0
A_N64_r4,A,64,4,16.951062740999987,64,1198,1198,0
A_N64_r4,A,64,4,17.159717610999905,64,1217,1217,0
A_N64_r4,A,64,4,17.36829999299971,64,1239,1239,0
A_N64_r4,A,64,4,17.568481446999613,64,1245,1245,0
A_N64_r4,A,64,4,17.801885523999772,64,1291,1291,0
A_N64_r4,A,64,4,18.038677558999552,64,1331,1331,0
A_N64_r4,A,64,4,18.281107300999793,64,1343,1343,0
A_N64_r4,A,64,4,18.51059884499955,64,1355,1355,0
A_N64_r4,A,64,4,18.764444587999606,64,1372,1372,0
A_N64_r4,A,64,4,19.006586126999537,64,1384,1384,0
A_N64_r4,A,64,4,19.24929461099964,64,1402,1402,0
A_N64_r4,A,64,4,19.48906783699931,64,1415,1415,0
A_N64_r4,A,64,4,19.736758224999903,64,1431,1431,0
A_N64_r4,A,64,4,19.986473156000102,64,1447,1447,0
A_N64_r4,A,64,4,20.241104404999533,64,1463,1463,0
A_N64_r4,A,64,4,20.482580555999448,64,1477,1477,0
A_N64_r4,A,64,4,20.723202336999748,64,1493,1493,0
A_N64_r4,A,64,4,20.97323748100007,64,1507,1507,0
A_N64_r4,A,64,4,21.23924892499963,64,1523,1523,0
A_N64_r4,A,64,4,21.483080437999888,64,1538,1538,0
A_N64_r4,A,64,4,21.738451698000063,64,1553,1553,0
A_N64_r4,A,64,4,21.96856619099981,64,1566,1566,0
A_N64_r4,A,64,4,22.21537445499962,64,1581,1581,0
A_N64_r4,A,64,4,22.448981284000183,64,1597,1597,0
A_N64_r4,A,64,4,22.676488119999703,64,1611,1611,0
A_N64_r4,A,64,4,22.883402579000176,64,1630,1630,0
A_N64_r4,A,64,4,23.095066097999734,64,1652,1652,0
A_N64_r4,A,64,4,23.36582053999973,64,1681,1681,0
A_N64_r4,A,64,4,23.607191112999317,64,1726,1726,0
A_N64_r4,A,64,4,23.842500468999788,64,1735,1735,0
A_N64_r4,A,64,4,24.086406335999527,64,1751,1751,0
A_N64_r4,A,64,4,24.33972142499988,64,1760,1760,0
A_N64_r4,A,64,4,24.568244254999627,64,1774,1774,0
A_N64_r4,A,64,4,24.815215069999795,64,1792,1792,0
A_N64_r4,A,64,4,25.077893910000057,64,1806,1806,0
A_N64_r4,A,64,4,25.310650847000034,64,1820,1820,0
A_N64_r4,A,64,4,25.565404449999733,64,1834,1834,0
A_N64_r4,A,64,4,25.798379894999925,64,1847,1847,0
A_N64_r4,A,64,4,26.035215253999922,64,1863,1863,0
A_N64_r4,A,64,4,26.272768697000174,64,1879,1879,0
A_N64_r4,A,64,4,26.514565931000107,64,1895,1895,0
A_N64_r4,A,64,4,26.747577667999394,64,1909,1909,0
A_N64_r4,A,64,4,26.98207386299964,64,1922,1922,0
A_N64_r4,A,64,4,27.214352490999772,64,1936,1936,0
A_N64_r4,A,64,4,27.46472642199933,64,1951,1951,0
A_N64_r4,A,64,4,27.715947914000026,64,1965,1965,0
A_N64_r4,A,64,4,27.961824676000106,64,1981,1981,0
A_N64_r4,A,64,4,28.194353522999336,64,1996,1996,0
A_N64_r4,A,64,4,28.403646953000134,64,2013,2013,0
A_N64_r4,A,64,4,28.60581521399945,64,2033,2033,0
A_N64_r4,A,64,4,28.808020517999466,64,2040,2040,0
A_N64_r4,A,64,4,29.079346731999976,64,2098,2098,0
A_N64_r4,A,64,4,29.338661064999542,64,2128,2128,0
A_N64_r4,A,64,4,29.585960501000045,64,2140,2140,0
A_N64_r4,A,64,4,29.830309754000154,64,2152,2152,0
A_N64_r4,A,64,4,30.084245304999968,64,2166,2166,0
A_N64_r4,A,64,4,30.32435712699953,64,2180,2180,0
A_N64_r4,A,64,4,30.569925071999933,64,2196,2196,0
A_N64_r4,A,64,4,30.819134108999606,64,2211,2211,0
A_N64_r4,A,64,4,31.060887259999618,64,2222,2222,0
A_N64_r4,A,64,4,31.307250677999946,64,2236,2236,0
A_N64_r4,A,64,4,31.54535370299982,64,2250,2250,0
A_N64_r4,A,64,4,31.789286090999667,64,2264,2264,0
A_N64_r4,A,64,4,32.05094639900017,64,2282,2282,0
A_N64_r4,A,64,4,32.31744717099991,64,2293,2293,0
A_N64_r4,A,64,4,32.55838142199991,64,2309,2309,0
A_N64_r4,A,64,4,32.79527171300015,64,2324,2324,0
A_N64_r4,A,64,4,33.051784687999316,64,2340,2340,0
A_N64_r4,A,64,4,33.2996687699997,64,2353,2353,0
A_N64_r4,A,64,4,33.54143511299935,64,2368,2368,0
A_N64_r4,A,64,4,33.78591647199937,64,2383,2383,0
A_N64_r4,A,64,4,34.00341195500005,64,2397,2397,0
A_N64_r4,A,64,4,34.2230883279999,64,2424,2424,0
A_N64_r4,A,64,4,34.42685799699939,64,2441,2441,0
A_N64_r4,A,64,4,34.658724891999555,64,2468,2468,0
A_N64_r4,A,64,4,34.92135122499985,64,2520,2520,0
A_N64_r4,A,64,4,35.157074519999696,64,2532,2532,0
A_N64_r4,A,64,4,35.408528142999785,64,2546,2546,0
A_N64_r4,A,64,4,35.67965256299976,64,2561,2561,0
A_N64_r4,A,64,4,35.93216956800006,64,2576,2576,0
A_N64_r4,A,64,4,36.166369225999915,64,2589,2589,0
A_N64_r4,A,64,4,36.41689553299966,64,2602,2602,0
A_N64_r4,A,64,4,36.66754591799963,64,2616,2616,0
A_N64_r4,A,64,4,36.912950550999994,64,2631,2631,0
A_N64_r4,A,64,4,37.151496168999984,64,2644,2644,0
A_N64_r4,A,64,4,37.39501389199995,64,2656,2656,0
A_N64_r4,A,64,4,37.642757695,64,2670,2670,0
A_N64_r4,A,64,4,37.883390486999815,64,2681,2681,0
A_N64_r4,A,64,4,38.15046119699946,64,2697,2697,0
A_N64_r4,A,64,4,38.39564302100007,64,2710,2710,0
A_N64_r4,A,64,4,38.632623073000104,64,2725,2725,0
A_N64_r4,A,64,4,38.87723165399984,64,2737,2737,0
A_N64_r4,A,64,4,39.12001353799951,64,2753,2753,0
A_N64_r4,A,64,4,39.384690549999505,64,2769,2769,0
A_N64_r4,A,64,4,39.62536786199962,64,2783,2783,0
A_N64_r4,A,64,4,39.83627058699949,64,2807,2807,0
A_N64_r4,A,64,4,40.03686824799934,64,2820,2820,0
A_N64_r4,A,64,4,40.28085879899936,64,2855,2855,0
A_N64_r4,A,64,4,40.5221375659994,64,2899,2899,0
A_N64_r4,A,64,4,40.77717484200002,64,2908,2908,0
A_N64_r4,A,64,4,41.03664065399971,64,2925,2925,0
A_N64_r4,A,64,4,41.27316665499984,64,2939,2939,0
A_N64_r4,A,64,4,41.5209305519993,64,2953,2953,0
A_N64_r4,A,64,4,41.75733992400001,64,2967,2967,0
A_N64_r4,A,64,4,42.00164194499939,64,2981,2981,0
A_N64_r4,A,64,4,42.25405225299983,64,2995,2995,0
A_N64_r4,A,64,4,42.502588227999695,64,3009,3009,0
A_N64_r4,A,64,4,42.74512879899976,64,3024,3024,0
A_N64_r4,A,64,4,42.99920392999957,64,3038,3038,0
A_N64_r4,A,64,4,43.2521008650001,64,3053,3053,0
A_N64_r4,A,64,4,43.501274274000025,64,3065,3065,0
A_N64_r4,A,64,4,43.7636203029997,64,3082,3082,0
A_N64_r4,A,64,4,44.015865575000134,64,3098,3098,0
A_N64_r4,A,64,4,44.266733163000026,64,3113,3113,0
A_N64_r4,A,64,4,44.52436919499996,64,3130,3130,0
A_N64_r4,A,64,4,44.79291970199938,64,3146,3146,0
A_N64_r4,A,64,4,45.03399695600001,64,3160,3160,0
A_N64_r4,A,64,4,45.26043915699938,64,3176,3176,0
A_N64_r4,A,64,4,45.47308531699946,64,3204,3204,0
A_N64_r4,A,64,4,45.67799682199984,64,3227,3227,0
A_N64_r4,A,64,4,45.90028716699999,64,3237,3237,0
A_N64_r4,A,64,4,46.16604289599945,64,3296,3296,0
A_N64_r4,A,64,4,46.40927434199966,64,3310,3310,0
A_N64_r4,A,64,4,46.663895091000086,64,3324,3324,0
A_N64_r4,A,64,4,46.902555705999475,64,3338,3338,0
A_N64_r4,A,64,4,47.14982718200008,64,3353,3353,0
A_N64_r4,A,64,4,47.391673131999596,64,3364,3364,0
A_N64_r4,A,64,4,47.64388423299988,64,3379,3379,0
A_N64_r4,A,64,4,47.88546210699951,64,3391,3391,0
A_N64_r4,A,64,4,48.134972496000046,64,3407,3407,0
A_N64_r4,A,64,4,48.38060161900012,64,3422,3422,0
A_N64_r4,A,64,4,48.635185606999585,64,3436,3436,0
A_N64_r4,A,64,4,48.89519733799989,64,3456,3456,0
A_N64_r4,A,64,4,49.13821923700016,64,3467,3467,0
A_N64_r4,A,64,4,49.38626623299933,64,3482,3482,0
A_N64_r4,A,64,4,49.64015315100005,64,3496,3496,0
A_N64_r4,A,64,4,49.91274406899993,64,3510,3510,0
A_N64_r4,A,64,4,50.16819170300005,64,3522,3522,0
A_N64_r4,A,64,4,50.41862597299951,64,3538,3538,0
A_N64_r4,A,64,4,50.6696645309994,64,3555,3555,0
A_N64_r4,A,64,4,50.9045606869995,64,3569,3569,0
A_N64_r4,A,64,4,51.1173960469996,64,3592,3592,0
A_N64_r4,A,64,4,51.318528718999914,64,3608,3608,0
A_N64_r4,A,64,4,51.56518095499996,64,3639,3639,0
A_N64_r4,A,64,4,51.80129396399934,64,3683,3683,0
A_N64_r4,A,64,4,52.04959391200009,64,3696,3696,0
A_N64_r4,A,64,4,52.29212531199937,64,3712,3712,0
A_N64_r4,A,64,4,52.52671195399944,64,3727,3727,0
A_N64_r4,A,64,4,52.77186101499956,64,3740,3740,0
A_N64_r4,A,64,4,53.02011735399992,64,3754,3754,0
A_N64_r4,A,64,4,53.26355051900009,64,3771,3771,0
A_N64_r4,A,64,4,53.49671271199986,64,3784,3784,0
A_N64_r4,A,64,4,53.73555015900001,64,3796,3796,0
A_N64_r4,A,64,4,53.97129046800001,64,3811,3811,0
A_N64_r4,A,64,4,54.21619819599982,64,3825,3825,0
A_N64_r4,A,64,4,54.46356428799936,64,3837,3837,0
A_N64_r4,A,64,4,54.69973412499985,64,3850,3850,0
A_N64_r4,A,64,4,54.940333920999365,64,3868,3868,0
A_N64_r4,A,64,4,55.188059279999834,64,3884,3884,0
A_N64_r4,A,64,4,55.421845333999954,64,3898,3898,0
A_N64_r4,A,64,4,55.66606078299992,64,3912,3912,0
A_N64_r4,A,64,4,55.92090917399946,64,3929,3929,0
A_N64_r4,A,64,4,56.155952647999584,64,3941,3941,0
A_N64_r4,A,64,4,56.4150038759999,64,3955,3955,0
A_N64_r4,A,64,4,56.62387918799959,64,3974,3974,0
A_N64_r4,A,64,4,56.83090564399936,64,3996,3996,0
A_N64_r4,A,64,4,57.03119646699997,64,4001,4001,0
A_N64_r4,A,64,4,57.288388258999476,64,4051,4051,0
A_N64_r4,A,64,4,57.5209704859999,64,4089,4089,0
A_N64_r4,A,64,4,57.759496095999566,64,4103,4103,0
A_N64_r4,A,64,4,58.001218233000145,64,4116,4116,0
A_N64_r4,A,64,4,58.23356964599952,64,4128,4128,0
A_N64_r4,A,64,4,58.47044405299948,64,4143,4143,0
A_N64_r4,A,64,4,58.71899123499952,64,4159,4159,0
A_N64_r4,A,64,4,58.96757862599952,64,4174,4174,0
A_N64_r4,A,64,4,59.20994290499948,64,4190,4190,0
A_N64_r4,A,64,4,59.458765882999614,64,4203,4203,0
A_N64_r4,A,64,4,59.70431939699938,64,4217,4217,0
A_N64_r4,A,64,4,59.94790628099963,64,4231,4231,0
A_N64_r4,A,64,4,60.181475933,49,4250,4250,0
A_N64_r4,A,64,4,60.41004720899946,33,4266,4266,0
A_N64_r4,A,64,4,60.623670474999926,17,4282,4282,0
A_N64_r4,A,64,4,60.82437304299947,0,4299,4299,0
A_N64_r5,A,64,5,0.006237327999770059,0,0,0,0
A_N64_r5,A,64,5,0.20699156299997412,64,0,0,0
A_N64_r5,A,64,5,0.4299440880004113,64,19,19,0
A_N64_r5,A,64,5,0.7016931469997871,64,77,77,0
A_N64_r5,A,64,5,0.9453768330004095,64,89,89,0
A_N64_r5,A,64,5,1.2095158000001902,64,103,103,0
A_N64_r5,A,64,5,1.460313337000116,64,118,118,0
A_N64_r5,A,64,5,1.7012144130003435,64,133,133,0
A_N64_r5,A,64,5,1.950964997000483,64,148,148,0
A_N64_r5,A,64,5,2.184253025000544,64,161,161,0
A_N64_r5,A,64,5,2.4243843720005316,64,175,175,0
A_N64_r5,A,64,5,2.666207250000298,64,189,189,0
A_N64_r5,A,64,5,2.9037641350005288,64,203,203,0
A_N64_r5,A,64,5,3.1588645060001,64,215,215,0
A_N64_r5,A,64,5,3.412144022000575,64,230,230,0
A_N64_r5,A,64,5,3.651436621999892,64,242,242,0
A_N64_r5,A,64,5,3.8926765000005616,64,254,254,0
A_N64_r5,A,64,5,4.1423390449999715,64,269,269,0
A_N64_r5,A,64,5,4.388577499999883,64,282,282,0
A_N64_r5,A,64,5,4.630575037000199,64,299,299,0
A_N64_r5,A,64,5,4.865358754999761,64,313,313,0
A_N64_r5,A,64,5,5.107685429999947,64,326,326,0
A_N64_r5,A,64,5,5.347274609000124,64,340,340,0
A_N64_r5,A,64,5,5.557384476000152,64,357,357,0
A_N64_r5,A,64,5,5.759999650999816,64,374,374,0
A_N64_r5,A,64,5,5.96109376000004,64,386,386,0
A_N64_r5,A,64,5,6.2001440200001525,64,431,431,0
A_N64_r5,A,64,5,6.447849617999964,64,482,482,0
A_N64_r5,A,64,5,6.676887315000386,64,493,493,0
A_N64_r5,A,64,5,6.918200604000049,64,507,507,0
A_N64_r5,A,64,5,7.170349568999882,64,521,521,0
A_N64_r5,A,64,5,7.407701379000173,64,536,536,0
A_N64_r5,A,64,5,7.662905324000349,64,554,554,0
A_N64_r5,A,64,5,7.912565770000583,64,568,568,0
A_N64_r5,A,64,5,8.161848558999736,64,583,583,0
A_N64_r5,A,64,5,8.415155917000448,64,599,599,0
A_N64_r5,A,64,5,8.647926476000066,64,615,615,0
A_N64_r5,A,64,5,8.883831846999783,64,628,628,0
A_N64_r5,A,64,5,9.134084981999877,64,644,644,0
A_N64_r5,A,64,5,9.359365708000041,64,658,658,0
A_N64_r5,A,64,5,9.60845296900061,64,672,672,0
A_N64_r5,A,64,5,9.861295804000292,64,687,687,0
A_N64_r5,A,64,5,10.117499336000037,64,702,702,0
A_N64_r5,A,64,5,10.36995493500035,64,719,719,0
A_N64_r5,A,64,5,10.611636835000354,64,729,729,0
A_N64_r5,A,64,5,10.853614540000308,64,745,745,0
A_N64_r5,A,64,5,11.103832845999932,64,759,759,0
A_N64_r5,A,64,5,11.315418805000263,64,775,775,0
A_N64_r5,A,64,5,11.550504327999988,64,796,796,0
A_N64_r5,A,64,5,11.770927311999912,64,826,826,0
A_N64_r5,A,64,5,12.068596709000303,64,875,875,0
A_N64_r5,A,64,5,12.311808971000573,64,890,890,0
A_N64_r5,A,64,5,12.551261155999782,64,903,903,0
A_N64_r5,A,64,5,12.783346410999911,64,919,919,0
A_N64_r5,A,64,5,13.023906031000479,64,934,934,0
A_N64_r5,A,64,5,13.258247929999925,64,949,949,0
A_N64_r5,A,64,5,13.496107865999875,64,966,966,0
A_N64_r5,A,64,5,13.730878780999774,64,980,980,0
A_N64_r5,A,64,5,13.969521457000155,64,995,995,0
A_N64_r5,A,64,5,14.208291533999727,64,1010,1010,0
A_N64_r5,A,64,5,14.447634799999832,64,1027,1027,0
A_N64_r5,A,64,5,14.685720109000613,64,1042,1042,0
A_N64_r5,A,64,5,14.935879378999743,64,1060,1060,0
A_N64_r5,A,64,5,15.174969968000369,64,1076,1076,0
A_N64_r5,A,64,5,15.411365552000461,64,1093,1093,0
A_N64_r5,A,64,5,15.658573710999917,64,1106,1106,0
A_N64_r5,A,64,5,15.914240428000085,64,1123,1123,0
A_N64_r5,A,64,5,16.155773698000303,64,1140,1140,0
A_N64_r5,A,64,5,16.40056950000053,64,1159,1159,0
A_N64_r5,A,64,5,16.62907874800021,64,1174,1174,0
A_N64_r5,A,64,5,16.844592663000185,64,1191,1191,0
A_N64_r5,A,64,5,17.059872431999793,64,1219,1219,0
A_N64_r5,A,64,5,17.262987330000215,64,1227,1227,0
A_N64_r5,A,64,5,17.46640761799972,64,1263,1263,0
A_N64_r5,A,64,5,17.66829403600059,64,1294,1294,0
A_N64_r5,A,64,5,17.93821380600002,64,1345,1345,0
A_N64_r5,A,64,5,18.164043034000315,64,1377,1377,0
A_N64_r5,A,64,5,18.40986630400039,64,1392,1392,0
A_N64_r5,A,64,5,18.650184445000377,64,1408,1408,0
A_N64_r5,A,64,5,18.89091706599993,64,1424,1424,0
A_N64_r5,A,64,5,19.11984366700017,64,1437,1437,0
A_N64_r5,A,64,5,19.350871806000214,64,1453,1453,0
A_N64_r5,A,64,5,19.592531106000024,64,1468,1468,0
A_N64_r5,A,64,5,19.826193079000404,64,1483,1483,0
A_N64_r5,A,64,5,20.07353972800047,64,1498,1498,0
A_N64_r5,A,64,5,20.31701208300001,64,1514,1514,0
A_N64_r5,A,64,5,20.557022146000236,64,1528,1528,0
A_N64_r5,A,64,5,20.797134436000306,64,1545,1545,0
A_N64_r5,A,64,5,21.031723052000416,64,1560,1560,0
A_N64_r5,A,64,5,21.278128709000157,64,1576,1576,0
A_N64_r5,A,64,5,21.507844763999856,64,1590,1590,0
A_N64_r5,A,64,5,21.742850974999783,64,1603,1603,0
A_N64_r5,A,64,5,21.968415844000447,64,1618,1618,0
A_N64_r5,A,64,5,22.215703740000208,64,1631,1631,0
A_N64_r5,A,64,5,22.44774706699991,64,1646,1646,0
A_N64_r5,A,64,5,22.696040713000002,64,1660,1660,0
A_N64_r5,A,64,5,22.908129815000393,64,1678,1678,0
A_N64_r5,A,64,5,23.113991815999725,64,1699,1699,0
A_N64_r5,A,64,5,23.3142000859998,64,1706,1706,0
A_N64_r5,A,64,5,23.516357796000193,64,1742,1742,0
A_N64_r5,A,64,5,23.77710988600029,64,1799,1799,0
A_N64_r5,A,64,5,24.009169269999802,64,1835,1835,0
A_N64_r5,A,64,5,24.246337252000558,64,1849,1849,0
A_N64_r5,A,64,5,24.47443732100055,64,1865,1865,0
A_N64_r5,A,64,5,24.719097426999724,64,1881,1881,0
A_N64_r5,A,64,5,24.971807656999772,64,1895,1895,0
A_N64_r5,A,64,5,25.201441711999905,64,1910,1910,0
A_N64_r5,A,64,5,25.465333066000312,64,1926,1926,0
A_N64_r5,A,64,5,25.70997018199978,64,1940,1940,0
A_N64_r5,A,64,5,25.94824375999997,64,1954,1954,0
A_N64_r5,A,64,5,26.20266756700039,64,1972,1972,0
A_N64_r5,A,64,5,26.45078075299989,64,1988,1988,0
A_N64_r5,A,64,5,26.689820288000192,64,2003,2003,0
A_N64_r5,A,64,5,26.94346515899997,64,2018,2018,0
A_N64_r5,A,64,5,27.182915725000385,64,2034,2034,0
A_N64_r5,A,64,5,27.420208454000203,64,2049,2049,0
A_N64_r5,A,64,5,27.653026920999764,64,2065,2065,0
A_N64_r5,A,64,5,27.895252839000023,64,2078,2078,0
A_N64_r5,A,64,5,28.12896922300024,64,2096,2096,0
A_N64_r5,A,64,5,28.361419222999757,64,2109,2109,0
A_N64_r5,A,64,5,28.598896776999936,64,2125,2125,0
A_N64_r5,A,64,5,28.809252568000375,64,2142,2142,0
A_N64_r5,A,64,5,29.023168816999714,64,2166,2165,1
A_N64_r5,A,64,5,29.223965752000368,64,2178,2177,1
A_N64_r5,A,64,5,29.491601059999994,64,2228,2227,1
A_N64_r5,A,64,5,29.74003559999983,64,2263,2262,1
A_N64_r5,A,64,5,29.981931829000132,64,2277,2276,1
A_N64_r5,A,64,5,30.22527480500048,64,2294,2293,1
A_N64_r5,A,64,5,30.472830358000465,64,2310,2309,1
A_N64_r5,A,64,5,30.721053189000486,64,2326,2325,1
A_N64_r5,A,64,5,30.960228547000042,64,2341,2340,1
A_N64_r5,A,64,5,31.19619794800019,64,2356,2355,1
A_N64_r5,A,64,5,31.44815784599996,64,2374,2373,1
A_N64_r5,A,64,5,31.678745311000057,64,2389,2388,1
A_N64_r5,A,64,5,31.913940497000112,64,2404,2403,1
A_N64_r5,A,64,5,32.15977250500055,64,2417,2416,1
A_N64_r5,A,64,5,32.38902337499985,64,2431,2430,1
A_N64_r5,A,64,5,32.627323776000594,64,2448,2447,1
A_N64_r5,A,64,5,32.882106379000106,64,2464,2463,1
A_N64_r5,A,64,5,33.130973744000585,64,2480,2479,1
A_N64_r5,A,64,5,33.39244034600051,64,2498,2497,1
A_N64_r5,A,64,5,33.6276167900005,64,2512,2511,1
A_N64_r5,A,64,5,33.904878542000006,64,2528,2527,1
A_N64_r5,A,64,5,34.14130726700023,64,2542,2541,1
A_N64_r5,A,64,5,34.37644815500062,64,2557,2556,1
A_N64_r5,A,64,5,34.58718727900032,64,2580,2579,1
A_N64_r5,A,64,5,34.78792957800033,64,2595,2594,1
A_N64_r5,A,64,5,34.98980719199972,64,2612,2611,1
A_N64_r5,A,64,5,35.286003815000186,64,2680,2679,1
A_N64_r5,A,64,5,35.51908225199986,64,2696,2695,1
A_N64_r5,A,64,5,35.75826754500031,64,2709,2708,1
A_N64_r5,A,64,5,36.00299334700048,64,2725,2724,1
A_N64_r5,A,64,5,36.24806341299973,64,2740,2739,1
A_N64_r5,A,64,5,36.49017960200035,64,2756,2755,1
A_N64_r5,A,64,5,36.757138093999856,64,2775,2774,1
A_N64_r5,A,64,5,36.99747660100002,64,2789,2788,1
A_N64_r5,A,64,5,37.24020737000046,64,2804,2803,1
A_N64_r5,A,64,5,37.485610110999914,64,2820,2819,1
A_N64_r5,A,64,5,37.73258874600015,64,2837,2836,1
A_N64_r5,A,64,5,37.98680599599993,64,2857,2856,1
A_N64_r5,A,64,5,38.225596907999716,64,2871,2870,1
A_N64_r5,A,64,5,38.47601484400002,64,2886,2885,1
A_N64_r5,A,64,5,38.717795334000584,64,2903,2902,1
A_N64_r5,A,64,5,38.956170600000405,64,2916,2915,1
A_N64_r5,A,64,5,39.206291506000525,64,2933,2932,1
A_N64_r5,A,64,5,39.44836228799977,64,2948,2947,1
A_N64_r5,A,64,5,39.68904662099976,64,2962,2961,1
A_N64_r5,A,64,5,39.93685316600022,64,2976,2975,1
A_N64_r5,A,64,5,40.14687207099996,64,2993,2992,1
A_N64_r5,A,64,5,40.36027443900002,64,3017,3016,1
A_N64_r5,A,64,5,40.56076879200009,64,3025,3024,1
A_N64_r5,A,64,5,40.85997730899999,64,3093,3092,1
A_N64_r5,A,64,5,41.09848048500044,64,3111,3110,1
A_N64_r5,A,64,5,41.33900005000032,64,3125,3124,1
A_N64_r5,A,64,5,41.57071555899984,64,3139,3138,1
A_N64_r5,A,64,5,41.806812961000105,64,3155,3154,1
A_N64_r5,A,64,5,42.04186865600059,64,3170,3169,1
A_N64_r5,A,64,5,42.283979734999775,64,3186,3185,1
A_N64_r5,A,64,5,42.519550527999854,64,3201,3200,1
A_N64_r5,A,64,5,42.760813810999935,64,3215,3214,1
A_N64_r5,A,64,5,43.00296176400025,64,3229,3228,1
A_N64_r5,A,64,5,43.232540263000374,64,3244,3243,1
A_N64_r5,A,64,5,43.48066281899992,64,3259,3258,1
A_N64_r5,A,64,5,43.725256546999844,64,3273,3272,1
A_N64_r5,A,64,5,43.97567386399987,64,3288,3287,1
A_N64_r5,A,64,5,44.20823574099995,64,3302,3301,1
A_N64_r5,A,64,5,44.43820240000059,64,3316,3315,1
A_N64_r5,A,64,5,44.68195465400004,64,3335,3334,1
A_N64_r5,A,64,5,44.926902930000324,64,3348,3347,1
A_N64_r5,A,64,5,45.17551861999982,64,3362,3361,1
A_N64_r5,A,64,5,45.41944570800024,64,3380,3379,1
A_N64_r5,A,64,5,45.64578396300021,64,3393,3392,1
A_N64_r5,A,64,5,45.85512742300034,64,3415,3414,1
A_N64_r5,A,64,5,46.05572518900044,64,3429,3428,1
A_N64_r5,A,64,5,46.30554688200027,64,3466,3465,1
A_N64_r5,A,64,5,46.53084655700059,64,3506,3505,1
A_N64_r5,A,64,5,46.81825646900052,64,3521,3520,1
A_N64_r5,A,64,5,47.06648716500058,64,3536,3535,1
A_N64_r5,A,64,5,47.30799260200001,64,3554,3553,1
A_N64_r5,A,64,5,47.5734311490005,64,3570,3569,1
A_N64_r5,A,64,5,47.81388752700059,64,3585,3584,1
A_N64_r5,A,64,5,48.05082242000026,64,3599,3598,1
A_N64_r5,A,64,5,48.301384033999966,64,3617,3616,1
A_N64_r5,A,64,5,48.547900649999974,64,3634,3633,1
A_N64_r5,A,64,5,48.7923759209998,64,3650,3649,1
A_N64_r5,A,64,5,49.03199085600045,64,3665,3664,1
A_N64_r5,A,64,5,49.28689731400027,64,3681,3680,1
A_N64_r5,A,64,5,49.53638966200015,64,3700,3699,1
A_N64_r5,A,64,5,49.774030231000324,64,3714,3713,1
A_N64_r5,A,64,5,50.0203184890006,64,3729,3728,1
A_N64_r5,A,64,5,50.263603084999886,64,3746,3745,1
A_N64_r5,A,64,5,50.5029348449998,64,3760,3759,1
A_N64_r5,A,64,5,50.75382340000033,64,3778,3777,1
A_N64_r5,A,64,5,50.995537828000124,64,3795,3794,1
A_N64_r5,A,64,5,51.22599961100059,64,3810,3809,1
A_N64_r5,A,64,5,51.43408280299991,64,3832,3831,1
A_N64_r5,A,64,5,51.642111703999944,64,3856,3855,1
A_N64_r5,A,64,5,51.84321103900038,64,3865,3864,1
A_N64_r5,A,64,5,52.064573077000205,64,3912,3911,1
A_N64_r5,A,64,5,52.374463523000486,64,3969,3968,1
A_N64_r5,A,64,5,52.61971842700041,64,3987,3986,1
A_N64_r5,A,64,5,52.86330847299996,64,4002,4001,1
A_N64_r5,A,64,5,53.117038802000025,64,4020,4019,1
A_N64_r5,A,64,5,53.35687038100059,64,4033,4032,1
A_N64_r5,A,64,5,53.59994808400006,64,4049,4048,1
A_N64_r5,A,64,5,53.83350281999992,64,4062,4061,1
A_N64_r5,A,64,5,54.074050893000276,64,4076,4075,1
A_N64_r5,A,64,5,54.31439301499995,64,4093,4092,1
A_N64_r5,A,64,5,54.5476423099999,64,4109,4108,1
A_N64_r5,A,64,5,54.796597378000115,64,4124,4123,1
A_N64_r5,A,64,5,55.04460732300049,64,4142,4141,1
A_N64_r5,A,64,5,55.2795779500002,64,4158,4157,1
A_N64_r5,A,64,5,55.52955654200014,64,4174,4173,1
A_N64_r5,A,64,5,55.762791355000445,64,4192,4191,1
A_N64_r5,A,64,5,56.00933565100058,64,4206,4205,1
A_N64_r5,A,64,5,56.24404804999995,64,4221,4220,1
A_N64_r5,A,64,5,56.48783318700043,64,4236,4235,1
A_N64_r5,A,64,5,56.724337110000306,64,4254,4253,1
A_N64_r5,A,64,5,56.9566969360003,64,4267,4266,1
A_N64_r5,A,64,5,57.184069472000374,64,4282,4281,1
A_N64_r5,A,64,5,57.39934881600038,64,4308,4307,1
A_N64_r5,A,64,5,57.60064882700044,64,4310,4309,1
A_N64_r5,A,64,5,57.90485958499994,64,4375,4374,1
A_N64_r5,A,64,5,58.1365897780006,64,4392,4391,1
A_N64_r5,A,64,5,58.36809926299975,64,4406,4405,1
A_N64_r5,A,64,5,58.61071107800035,64,4419,4418,1
A_N64_r5,A,64,5,58.86160421099976,64,4436,4435,1
A_N64_r5,A,64,5,59.10282808500051,64,4451,4450,1
A_N64_r5,A,64,5,59.35035683000024,64,4464,4463,1
A_N64_r5,A,64,5,59.58067875300003,64,4480,4479,1
A_N64_r5,A,64,5,59.81990188000054,64,4496,4495,1
A_N64_r5,A,64,5,60.04986290099987,61,4508,4507,1
A_N64_r5,A,64,5,60.28852248900057,43,4526,4525,1
A_N64_r5,A,64,5,60.50920518200019,27,4542,4541,1
A_N64_r5,A,64,5,60.72310023800037,9,4560,4559,1
A_N64_r5,A,64,5,60.92423248100022,0,4569,4568,1
A_N64_r6,A,64,6,0.0061604870006704004,0,0,0,0
A_N64_r6,A,64,6,0.2067013580008279,64,0,0,0
A_N64_r6,A,64,6,0.44954433200018684,64,24,24,0
A_N64_r6,A,64,6,0.7052149670007566,64,70,70,0
A_N64_r6,A,64,6,0.9423920260005616,64,83,83,0
A_N64_r6,A,64,6,1.1961657900001228,64,96,96,0
A_N64_r6,A,64,6,1.444136485000854,64,111,111,0
A_N64_r6,A,64,6,1.6864277870008664,64,127,127,0
A_N64_r6,A,64,6,1.9312794530005704,64,145,145,0
A_N64_r6,A,64,6,2.1732906650004225,64,158,158,0
A_N64_r6,A,64,6,2.4216003160008768,64,170,170,0
A_N64_r6,A,64,6,2.676280546000271,64,186,186,0
A_N64_r6,A,64,6,2.9401886010000453,64,202,202,0
A_N64_r6,A,64,6,3.1850498480007445,64,216,216,0
A_N64_r6,A,64,6,3.431321513000512,64,232,232,0
A_N64_r6,A,64,6,3.668074355000499,64,247,247,0
A_N64_r6,A,64,6,3.904553149000094,64,264,264,0
A_N64_r6,A,64,6,4.130768633000116,64,277,277,0
A_N64_r6,A,64,6,4.365843190000305,64,293,293,0
A_N64_r6,A,64,6,4.601472842000476,64,310,310,0
A_N64_r6,A,64,6,4.831251435000013,64,323,323,0
A_N64_r6,A,64,6,5.062837770999977,64,336,336,0
A_N64_r6,A,64,6,5.302772821000872,64,352,352,0
A_N64_r6,A,64,6,5.509826703000726,64,369,369,0
A_N64_r6,A,64,6,5.71843144200011,64,389,389,0
A_N64_r6,A,64,6,5.919079924000471,64,404,404,0
A_N64_r6,A,64,6,6.18991088400071,64,454,454,0
A_N64_r6,A,64,6,6.413578277000852,64,484,484,0
A_N64_r6,A,64,6,6.658718195000802,64,499,499,0
A_N64_r6,A,64,6,6.909113955000066,64,513,513,0
A_N64_r6,A,64,6,7.143265909000547,64,526,526,0
A_N64_r6,A,64,6,7.380838018000759,64,541,541,0
A_N64_r6,A,64,6,7.623884825000459,64,554,554,0
A_N64_r6,A,64,6,7.874797220000801,64,572,572,0
A_N64_r6,A,64,6,8.111689521000699,64,587,587,0
A_N64_r6,A,64,6,8.353811012000733,64,601,601,0
A_N64_r6,A,64,6,8.595905062000384,64,617,617,0
A_N64_r6,A,64,6,8.8363621160006,64,635,635,0
A_N64_r6,A,64,6,9.074189877000208,64,649,649,0
A_N64_r6,A,64,6,9.319055202000527,64,666,666,0
A_N64_r6,A,64,6,9.561202095000226,64,682,682,0
A_N64_r6,A,64,6,9.81136410199997,64,699,699,0
A_N64_r6,A,64,6,10.045764117000545,64,715,715,0
A_N64_r6,A,64,6,10.283070491000217,64,729,729,0
A_N64_r6,A,64,6,10.514302611000858,64,743,743,0
A_N64_r6,A,64,6,10.764746396000191,64,761,761,0
A_N64_r6,A,64,6,10.995710168000187,64,776,776,0
A_N64_r6,A,64,6,11.204861490999974,64,793,793,0
A_N64_r6,A,64,6,11.417981929000234,64,816,816,0
A_N64_r6,A,64,6,11.618963498000085,64,831,831,0
A_N64_r6,A,64,6,11.90766804300074,64,892,892,0
A_N64_r6,A,64,6,12.161008242000207,64,919,919,0
A_N64_r6,A,64,6,12.407407539000815,64,934,934,0
A_N64_r6,A,64,6,12.641622882000775,64,948,948,0
A_N64_r6,A,64,6,12.886810302000413,64,963,963,0
A_N64_r6,A,64,6,13.126686937000159,64,980,980,0
A_N64_r6,A,64,6,13.356300883000586,64,995,995,0
A_N64_r6,A,64,6,13.620922070000233,64,1010,1010,0
A_N64_r6,A,64,6,13.879490002000239,64,1025,1025,0
A_N64_r6,A,64,6,14.113224958000501,64,1039,1039,0
A_N64_r6,A,64,6,14.344940247000523,64,1054,1054,0
A_N64_r6,A,64,6,14.592545753000195,64,1071,1071,0
A_N64_r6,A,64,6,14.819430542000191,64,1082,1082,0
A_N64_r6,A,64,6,15.066519650000373,64,1098,1098,0
A_N64_r6,A,64,6,15.305839354000454,64,1109,1109,0
A_N64_r6,A,64,6,15.555492471000434,64,1124,1124,0
A_N64_r6,A,64,6,15.80379130000074,64,1138,1138,0
A_N64_r6,A,64,6,16.03786231000049,64,1157,1157,0
A_N64_r6,A,64,6,16.28602780500023,64,1173,1173,0
A_N64_r6,A,64,6,16.52944496300006,64,1188,1188,0
A_N64_r6,A,64,6,16.76011158000074,64,1203,1203,0
A_N64_r6,A,64,6,16.96810246500081,64,1230,1230,0
A_N64_r6,A,64,6,17.168949233000603,64,1244,1244,0
A_N64_r6,A,64,6,17.405721606000043,64,1279,1279,0
A_N64_r6,A,64,6,17.645093948000067,64,1319,1319,0
A_N64_r6,A,64,6,17.892591762000848,64,1335,1335,0
A_N64_r6,A,64,6,18.140510195000388,64,1350,1350,0
A_N64_r6,A,64,6,18.38128060300005,64,1367,1367,0
A_N64_r6,A,64,6,18.62349873200037,64,1386,1386,0
A_N64_r6,A,64,6,18.87523706200045,64,1403,1403,0
A_N64_r6,A,64,6,19.105132652000066,64,1417,1417,0
A_N64_r6,A,64,6,19.344327401000555,64,1434,1434,0
A_N64_r6,A,64,6,19.589239739000732,64,1448,1448,0
A_N64_r6,A,64,6,19.836980300000505,64,1465,1465,0
A_N64_r6,A,64,6,20.084505483000612,64,1479,1479,0
A_N64_r6,A,64,6,20.327936621000845,64,1495,1495,0
A_N64_r6,A,64,6,20.584907783000745,64,1513,1513,0
A_N64_r6,A,64,6,20.823544699000195,64,1529,1529,0
A_N64_r6,A,64,6,21.079344790000505,64,1546,1546,0
A_N64_r6,A,64,6,21.31687018499997,64,1561,1561,0
A_N64_r6,A,64,6,21.546407661000558,64,1574,1574,0
A_N64_r6,A,64,6,21.79542209900046,64,1591,1591,0
A_N64_r6,A,64,6,22.025804752000113,64,1604,1604,0
A_N64_r6,A,64,6,22.268104257000232,64,1617,1617,0
A_N64_r6,A,64,6,22.474063578000823,64,1636,1636,0
A_N64_r6,A,64,6,22.682205396000427,64,1661,1661,0
A_N64_r6,A,64,6,22.882853563000026,64,1673,1673,0
A_N64_r6,A,64,6,23.157682068000213,64,1732,1732,0
A_N64_r6,A,64,6,23.399745067000367,64,1757,1757,0
A_N64_r6,A,64,6,23.641932344000452,64,1774,1774,0
A_N64_r6,A,64,6,23.883532567000657,64,1788,1788,0
A_N64_r6,A,64,6,24.12481491700055,64,1804,1804,0
A_N64_r6,A,64,6,24.36338505599997,64,1821,1821,0
A_N64_r6,A,64,6,24.602825108000616,64,1838,1838,0
A_N64_r6,A,64,6,24.84244326099997,64,1852,1852,0
A_N64_r6,A,64,6,25.079443681000157,64,1869,1869,0
A_N64_r6,A,64,6,25.330349651000688,64,1884,1884,0
A_N64_r6,A,64,6,25.56888881500072,64,1901,1901,0
A_N64_r6,A,64,6,25.816677918000096,64,1915,1915,0
A_N64_r6,A,64,6,26.04758480000055,64,1930,1930,0
A_N64_r6,A,64,6,26.28130376200079,64,1945,1945,0
A_N64_r6,A,64,6,26.52015540299999,64,1962,1962,0
A_N64_r6,A,64,6,26.77294512700064,64,1978,1978,0
A_N64_r6,A,64,6,27.01195147300041,64,1993,1993,0
A_N64_r6,A,64,6,27.252676444000826,64,2007,2007,0
A_N64_r6,A,64,6,27.49272292600017,64,2023,2023,0
A_N64_r6,A,64,6,27.745501652000712,64,2036,2036,0
A_N64_r6,A,64,6,27.98049130400068,64,2051,2051,0
A_N64_r6,A,64,6,28.195468067000547,64,2074,2074,0
A_N64_r6,A,64,6,28.39628519800044,64,2089,2089,0
A_N64_r6,A,64,6,28.631959601000744,64,2124,2124,0
A_N64_r6,A,64,6,28.878260097000748,64,2162,2162,0
A_N64_r6,A,64,6,29.116941894000774,64,2177,2177,0
A_N64_r6,A,64,6,29.35146212700056,64,2191,2191,0
A_N64_r6,A,64,6,29.59457641300014,64,2205,2205,0
A_N64_r6,A,64,6,29.829635232000328,64,2220,2220,0
A_N64_r6,A,64,6,30.069534163000753,64,2236,2236,0
A_N64_r6,A,64,6,30.32670923600017,64,2250,2250,0
A_N64_r6,A,64,6,30.562562805000198,64,2267,2267,0
A_N64_r6,A,64,6,30.791056959000343,64,2281,2281,0
A_N64_r6,A,64,6,31.031790739000826,64,2297,2297,0
A_N64_r6,A,64,6,31.278790931000003,64,2313,2313,0
A_N64_r6,A,64,6,31.519536323000466,64,2328,2328,0
A_N64_r6,A,64,6,31.754918272000396,64,2344,2344,0
A_N64_r6,A,64,6,31.98551315900022,64,2359,2359,0
A_N64_r6,A,64,6,32.23612984200008,64,2376,2376,0
A_N64_r6,A,64,6,32.46819994100042,64,2392,2392,0
A_N64_r6,A,64,6,32.70815307400062,64,2407,2407,0
A_N64_r6,A,64,6,32.95911527700082,64,2425,2425,0
A_N64_r6,A,64,6,33.201294038000015,64,2441,2441,0
A_N64_r6,A,64,6,33.44369039200046,64,2456,2456,0
A_N64_r6,A,64,6,33.65523625500009,64,2473,2473,0
A_N64_r6,A,64,6,33.8556009820004,64,2492,2492,0
A_N64_r6,A,64,6,34.05584601300052,64,2503,2503,0
A_N64_r6,A,64,6,34.31648089999999,64,2557,2557,0
A_N64_r6,A,64,6,34.55497636900054,64,2602,2602,0
A_N64_r6,A,64,6,34.805642666000495,64,2613,2613,0
A_N64_r6,A,64,6,35.04218707200016,64,2629,2629,0
A_N64_r6,A,64,6,35.28403420900031,64,2646,2646,0
A_N64_r6,A,64,6,35.52093359000082,64,2661,2661,0
A_N64_r6,A,64,6,35.76882597200074,64,2677,2677,0
A_N64_r6,A,64,6,36.00854876700032,64,2694,2694,0
A_N64_r6,A,64,6,36.252301507000084,64,2709,2709,0
A_N64_r6,A,64,6,36.49238108000009,64,2724,2724,0
A_N64_r6,A,64,6,36.72873105300005,64,2740,2740,0
A_N64_r6,A,64,6,36.97452398100086,64,2760,2760,0
A_N64_r6,A,64,6,37.216505389000304,64,2776,2776,0
A_N64_r6,A,64,6,37.47175743200023,64,2793,2793,0
A_N64_r6,A,64,6,37.71254009700078,64,2810,2810,0
A_N64_r6,A,64,6,37.94426912600011,64,2823,2823,0
A_N64_r6,A,64,6,38.18759818700073,64,2842,2842,0
A_N64_r6,A,64,6,38.419768995000595,64,2854,2854,0
A_N64_r6,A,64,6,38.656842016000155,64,2868,2868,0
A_N64_r6,A,64,6,38.90228893300082,64,2887,2887,0
A_N64_r6,A,64,6,39.14498694900067,64,2904,2904,0
A_N64_r6,A,64,6,39.35920943000019,64,2922,2922,0
A_N64_r6,A,64,6,39.561205501000586,64,2942,2942,0
A_N64_r6,A,64,6,39.80226474700066,64,2958,2958,0
A_N64_r6,A,64,6,40.04303979300039,64,3012,3012,0
A_N64_r6,A,64,6,40.28373611100051,64,3024,3024,0
A_N64_r6,A,64,6,40.519374441000764,64,3040,3040,0
A_N64_r6,A,64,6,40.76572166400001,64,3054,3054,0
A_N64_r6,A,64,6,40.98961220399997,64,3069,3069,0
A_N64_r6,A,64,6,41.22072135500002,64,3083,3083,0
A_N64_r6,A,64,6,41.45851043300081,64,3095,3095,0
A_N64_r6,A,64,6,41.705631078000806,64,3112,3112,0
A_N64_r6,A,64,6,41.941779282000425,64,3126,3126,0
A_N64_r6,A,64,6,42.17839029600054,64,3141,3141,0
A_N64_r6,A,64,6,42.422739647000526,64,3159,3159,0
A_N64_r6,A,64,6,42.65884248800012,64,3174,3174,0
A_N64_r6,A,64,6,42.8967836110005,64,3187,3187,0
A_N64_r6,A,64,6,43.14900689100068,64,3203,3203,0
A_N64_r6,A,64,6,43.37952056700033,64,3216,3216,0
A_N64_r6,A,64,6,43.62261774500075,64,3235,3235,0
A_N64_r6,A,64,6,43.8742541040001,64,3250,3250,0
A_N64_r6,A,64,6,44.12015172200063,64,3266,3266,0
A_N64_r6,A,64,6,44.35731677400054,64,3283,3283,0
A_N64_r6,A,64,6,44.601797363000514,64,3296,3296,0
A_N64_r6,A,64,6,44.81932164200043,64,3314,3314,0
A_N64_r6,A,64,6,45.026513165000324,64,3337,3337,0
A_N64_r6,A,64,6,45.22754129100031,64,3347,3347,0
A_N64_r6,A,64,6,45.45659287500075,64,3383,3383,0
A_N64_r6,A,64,6,45.681915950000075,64,3425,3425,0
A_N64_r6,A,64,6,45.938834909000434,64,3442,3442,0
A_N64_r6,A,64,6,46.179174437000256,64,3456,3456,0
A_N64_r6,A,64,6,46.41062874800082,64,3472,3472,0
A_N64_r6,A,64,6,46.65567344400006,64,3484,3484,0
A_N64_r6,A,64,6,46.898100601000806,64,3499,3499,0
A_N64_r6,A,64,6,47.14818228600052,64,3513,3513,0
A_N64_r6,A,64,6,47.392507968000245,64,3531,3531,0
A_N64_r6,A,64,6,47.61990092900032,64,3547,3547,0
A_N64_r6,A,64,6,47.85201450800014,64,3562,3562,0
A_N64_r6,A,64,6,48.094593496000016,64,3576,3576,0
A_N64_r6,A,64,6,48.32885588700083,64,3591,3591,0
A_N64_r6,A,64,6,48.57197561200064,64,3606,3606,0
A_N64_r6,A,64,6,48.80494207400079,64,3621,3621,0
A_N64_r6,A,64,6,49.04591662800067,64,3636,3636,0
A_N64_r6,A,64,6,49.28500337500009,64,3651,3651,0
A_N64_r6,A,64,6,49.51948034600082,64,3664,3664,0
A_N64_r6,A,64,6,49.76828640800068,64,3679,3679,0
A_N64_r6,A,64,6,49.99958219000018,64,3693,3693,0
A_N64_r6,A,64,6,50.251906615000735,64,3709,3709,0
A_N64_r6,A,64,6,50.47052025700032,64,3729,3729,0
A_N64_r6,A,64,6,50.67720749700038,64,3749,3749,0
A_N64_r6,A,64,6,50.87881093100077,64,3760,3760,0
A_N64_r6,A,64,6,51.08214447200044,64,3800,3800,0
A_N64_r6,A,64,6,51.293128073000844,64,3841,3841,0
A_N64_r6,A,64,6,51.543889413000215,64,3880,3880,0
A_N64_r6,A,64,6,51.77782329100046,64,3915,3915,0
A_N64_r6,A,64,6,52.01076370300052,64,3929,3929,0
A_N64_r6,A,64,6,52.24780884000029,64,3944,3944,0
A_N64_r6,A,64,6,52.48661207800069,64,3957,3957,0
A_N64_r6,A,64,6,52.730592604000776,64,3974,3974,0
A_N64_r6,A,64,6,52.97700236300079,64,3989,3989,0
A_N64_r6,A,64,6,53.215500554000755,64,4006,4006,0
A_N64_r6,A,64,6,53.4518768450007,64,4021,4021,0
A_N64_r6,A,64,6,53.70126638800048,64,4038,4038,0
A_N64_r6,A,64,6,53.944887874000415,64,4052,4052,0
A_N64_r6,A,64,6,54.18461536400082,64,4066,4066,0
A_N64_r6,A,64,6,54.42185454600076,64,4084,4084,0
A_N64_r6,A,64,6,54.666449514000305,64,4100,4100,0
A_N64_r6,A,64,6,54.91613946000052,64,4115,4115,0
A_N64_r6,A,64,6,55.15355064200048,64,4130,4130,0
A_N64_r6,A,64,6,55.402660628000376,64,4144,4144,0
A_N64_r6,A,64,6,55.643882641000346,64,4161,4161,0
A_N64_r6,A,64,6,55.887692471000264,64,4175,4175,0
A_N64_r6,A,64,6,56.12856034200013,64,4189,4189,0
A_N64_r6,A,64,6,56.363842934000786,64,4205,4205,0
A_N64_r6,A,64,6,56.57611563900082,64,4227,4227,0
A_N64_r6,A,64,6,56.784203245000754,64,4247,4247,0
A_N64_r6,A,64,6,56.98508298900015,64,4250,4250,0
A_N64_r6,A,64,6,57.20616772500034,64,4300,4300,0
A_N64_r6,A,64,6,57.46436404600081,64,4333,4333,0
A_N64_r6,A,64,6,57.703220873000646,64,4348,4348,0
A_N64_r6,A,64,6,57.938484806000815,64,4361,4361,0
A_N64_r6,A,64,6,58.1894793700003,64,4375,4375,0
A_N64_r6,A,64,6,58.435175579000315,64,4390,4390,0
A_N64_r6,A,64,6,58.692084440000144,64,4410,4410,0
A_N64_r6,A,64,6,58.9347165220006,64,4427,4427,0
A_N64_r6,A,64,6,59.17890371800058,64,4441,4441,0
A_N64_r6,A,64,6,59.43287377700017,64,4460,4460,0
A_N64_r6,A,64,6,59.679203745999985,64,4475,4475,0
A_N64_r6,A,64,6,59.92707928100026,64,4492,4492,0
A_N64_r6,A,64,6,60.15930384600051,51,4510,4510,0
A_N64_r6,A,64,6,60.3873790990001,32,4529,4529,0
A_N64_r6,A,64,6,60.60642551100045,17,4544,4544,0
A_N64_r6,A,64,6,60.807756783000514,1,4560,4560,0
A_N64_r6,A,64,6,61.008820238000226,0,4561,4561,0
A_N64_r7,A,64,7,0.0060384409998732735,0,0,0,0
A_N64_r7,A,64,7,0.20720030099982978,64,0,0,0
A_N64_r7,A,64,7,0.43412430100033816,64,22,22,0
A_N64_r7,A,64,7,0.6826099019999674,64,77,77,0
A_N64_r7,A,64,7,0.9146800480002639,64,89,89,0
A_N64_r7,A,64,7,1.1494553550001,64,104,104,0
A_N64_r7,A,64,7,1.3880382839997765,64,118,118,0
A_N64_r7,A,64,7,1.6264526060003845,64,132,132,0
A_N64_r7,A,64,7,1.866263691000313,64,146,146,0
A_N64_r7,A,64,7,2.108283391000441,64,163,163,0
A_N64_r7,A,64,7,2.352236004000588,64,180,180,0
A_N64_r7,A,64,7,2.5953906439999628,64,194,194,0
A_N64_r7,A,64,7,2.8324401859999853,64,209,209,0
A_N64_r7,A,64,7,3.0810764480002035,64,223,223,0
A_N64_r7,A,64,7,3.3301740269998845,64,241,241,0
A_N64_r7,A,64,7,3.570472374000019,64,255,255,0
A_N64_r7,A,64,7,3.8205599060001987,64,270,270,0
A_N64_r7,A,64,7,4.0681823960003385,64,286,286,0
A_N64_r7,A,64,7,4.30477490300018,64,301,301,0
A_N64_r7,A,64,7,4.553819816999749,64,319,319,0
A_N64_r7,A,64,7,4.79387622700051,64,333,333,0
A_N64_r7,A,64,7,5.0242287330002,64,349,349,0
A_N64_r7,A,64,7,5.268263339999976,64,363,363,0
A_N64_r7,A,64,7,5.481463213000097,64,380,380,0
A_N64_r7,A,64,7,5.692754970999886,64,402,402,0
A_N64_r7,A,64,7,5.896265778999805,64,426,426,0
A_N64_r7,A,64,7,6.097821713000485,64,448,448,0
A_N64_r7,A,64,7,6.301054172000477,64,487,487,0
A_N64_r7,A,64,7,6.524376037000366,64,535,535,0
A_N64_r7,A,64,7,6.835400400000253,64,587,587,0
A_N64_r7,A,64,7,7.075735586000519,64,604,604,0
A_N64_r7,A,64,7,7.323158225000043,64,619,619,0
A_N64_r7,A,64,7,7.573412626999925,64,634,634,0
A_N64_r7,A,64,7,7.803827368999919,64,650,650,0
A_N64_r7,A,64,7,8.042227300999912,64,665,665,0
A_N64_r7,A,64,7,8.28041883700007,64,679,679,0
A_N64_r7,A,64,7,8.522904032000042,64,692,692,0
A_N64_r7,A,64,7,8.762244843999724,64,708,708,0
A_N64_r7,A,64,7,9.00000527300017,64,725,725,0
A_N64_r7,A,64,7,9.237474430000475,64,739,739,0
A_N64_r7,A,64,7,9.491688007999983,64,757,757,0
A_N64_r7,A,64,7,9.730466244000127,64,772,772,0
A_N64_r7,A,64,7,9.966863818000093,64,788,788,0
A_N64_r7,A,64,7,10.203101056999913,64,801,801,0
A_N64_r7,A,64,7,10.447694763000072,64,819,819,0
A_N64_r7,A,64,7,10.690263452999716,64,834,834,0
A_N64_r7,A,64,7,10.92671410999992,64,849,849,0
A_N64_r7,A,64,7,11.165866620000088,64,866,866,0
A_N64_r7,A,64,7,11.398620595000466,64,881,881,0
A_N64_r7,A,64,7,11.616686528999708,64,896,896,0
A_N64_r7,A,64,7,11.82754408799974,64,915,915,0
A_N64_r7,A,64,7,12.0283874630004,64,935,935,0
A_N64_r7,A,64,7,12.304523195000002,64,980,980,0
A_N64_r7,A,64,7,12.539836255999944,64,1015,1015,0
A_N64_r7,A,64,7,12.781042684000568,64,1028,1028,0
A_N64_r7,A,64,7,13.01493441599996,64,1042,1042,0
A_N64_r7,A,64,7,13.261713841000528,64,1055,1055,0
A_N64_r7,A,64,7,13.510033884999757,64,1073,1073,0
A_N64_r7,A,64,7,13.748557378999976,64,1087,1087,0
A_N64_r7,A,64,7,14.004531726000096,64,1105,1105,0
A_N64_r7,A,64,7,14.260773269999845,64,1121,1121,0
A_N64_r7,A,64,7,14.499009471000136,64,1137,1137,0
A_N64_r7,A,64,7,14.747099702000014,64,1153,1153,0
A_N64_r7,A,64,7,14.994785285000034,64,1171,1171,0
A_N64_r7,A,64,7,15.232532596000055,64,1184,1184,0
A_N64_r7,A,64,7,15.482149649999883,64,1201,1201,0
A_N64_r7,A,64,7,15.733408946000054,64,1220,1220,0
A_N64_r7,A,64,7,15.973057573000006,64,1234,1234,0
A_N64_r7,A,64,7,16.203971114000524,64,1250,1250,0
A_N64_r7,A,64,7,16.432705416999852,64,1264,1264,0
A_N64_r7,A,64,7,16.67379124800027,64,1278,1278,0
A_N64_r7,A,64,7,16.911281818000134,64,1294,1294,0
A_N64_r7,A,64,7,17.141544717000215,64,1308,1308,0
A_N64_r7,A,64,7,17.348872423000103,64,1327,1327,0
A_N64_r7,A,64,7,17.554513467000106,64,1356,1356,0
A_N64_r7,A,64,7,17.78551858799983,64,1395,1395,0
A_N64_r7,A,64,7,18.000957207000283,64,1420,1420,0
A_N64_r7,A,64,7,18.216386447000332,64,1441,1441,0
A_N64_r7,A,64,7,18.446213220000573,64,1464,1464,0
A_N64_r7,A,64,7,18.665663761999895,64,1485,1485,0
A_N64_r7,A,64,7,18.883218472999943,64,1510,1510,0
A_N64_r7,A,64,7,19.114192617999834,64,1533,1533,0
A_N64_r7,A,64,7,19.329510137999932,64,1555,1555,0
A_N64_r7,A,64,7,19.554955872999926,64,1578,1578,0
A_N64_r7,A,64,7,19.768425045000185,64,1598,1598,0
A_N64_r7,A,64,7,19.9837833950005,64,1619,1619,0
A_N64_r7,A,64,7,20.202217248000125,64,1641,1641,0
A_N64_r7,A,64,7,20.42355857700022,64,1663,1663,0
A_N64_r7,A,64,7,20.641893596000045,64,1689,1689,0
A_N64_r7,A,64,7,20.86898491000011,64,1712,1712,0
A_N64_r7,A,64,7,21.089289929999723,64,1734,1734,0
A_N64_r7,A,64,7,21.314417352999953,64,1759,1759,0
A_N64_r7,A,64,7,21.536917055999766,64,1780,1780,0
A_N64_r7,A,64,7,21.752381664000495,64,1804,1804,0
A_N64_r7,A,64,7,21.969386456999928,64,1826,1826,0
A_N64_r7,A,64,7,22.191390719000083,64,1848,1848,0
A_N64_r7,A,64,7,22.406791004999832,64,1872,1872,0
A_N64_r7,A,64,7,22.62655144600012,64,1898,1898,0
A_N64_r7,A,64,7,22.839730313000473,64,1924,1924,0
A_N64_r7,A,64,7,23.040095336000377,64,1936,1936,0
A_N64_r7,A,64,7,23.28253286099971,64,1974,1974,0
A_N64_r7,A,64,7,23.522082532999775,64,2013,2013,0
A_N64_r7,A,64,7,23.758261971000138,64,2027,2027,0
A_N64_r7,A,64,7,23.992021623000255,64,2043,2043,0
A_N64_r7,A,64,7,24.23102046799977,64,2059,2059,0
A_N64_r7,A,64,7,24.485449290999895,64,2073,2073,0
A_N64_r7,A,64,7,24.73969205100002,64,2089,2089,0
A_N64_r7,A,64,7,24.992738418000044,64,2105,2105,0
A_N64_r7,A,64,7,25.23701954199987,64,2119,2119,0
A_N64_r7,A,64,7,25.479316267000286,64,2136,2136,0
A_N64_r7,A,64,7,25.726736728000105,64,2152,2152,0
A_N64_r7,A,64,7,25.976916182000423,64,2169,2169,0
A_N64_r7,A,64,7,26.214195585999732,64,2182,2182,0
A_N64_r7,A,64,7,26.450729094000053,64,2199,2199,0
A_N64_r7,A,64,7,26.68979387299987,64,2215,2215,0
A_N64_r7,A,64,7,26.94471978799993,64,2231,2231,0
A_N64_r7,A,64,7,27.17929436600025,64,2245,2245,0
A_N64_r7,A,64,7,27.419415041999855,64,2261,2261,0
A_N64_r7,A,64,7,27.666966167000282,64,2275,2275,0
A_N64_r7,A,64,7,27.918045084999903,64,2292,2292,0
A_N64_r7,A,64,7,28.149094618000163,64,2305,2305,0
A_N64_r7,A,64,7,28.361049461999755,64,2328,2328,0
A_N64_r7,A,64,7,28.570653632999893,64,2347,2347,0
A_N64_r7,A,64,7,28.79969683699983,64,2380,2380,0
A_N64_r7,A,64,7,29.074157482000373,64,2432,2432,0
A_N64_r7,A,64,7,29.30245346599986,64,2446,2446,0
A_N64_r7,A,64,7,29.546038862000387,64,2460,2460,0
A_N64_r7,A,64,7,29.791337353000017,64,2475,2475,0
A_N64_r7,A,64,7,30.03890552699977,64,2492,2492,0
A_N64_r7,A,64,7,30.28898435100018,64,2508,2508,0
A_N64_r7,A,64,7,30.53216810699996,64,2523,2523,0
A_N64_r7,A,64,7,30.785104483000396,64,2540,2540,0
A_N64_r7,A,64,7,31.023251008000443,64,2556,2556,0
A_N64_r7,A,64,7,31.25896449100037,64,2572,2572,0
A_N64_r7,A,64,7,31.50325741600045,64,2587,2587,0
A_N64_r7,A,64,7,31.74108915600027,64,2604,2604,0
A_N64_r7,A,64,7,31.976104915999713,64,2620,2620,0
A_N64_r7,A,64,7,32.21742210800039,64,2639,2639,0
A_N64_r7,A,64,7,32.45519904499997,64,2654,2654,0
A_N64_r7,A,64,7,32.69512585800021,64,2671,2671,0
A_N64_r7,A,64,7,32.94123516899981,64,2686,2686,0
A_N64_r7,A,64,7,33.18226736199995,64,2702,2702,0
A_N64_r7,A,64,7,33.437165703000574,64,2720,2720,0
A_N64_r7,A,64,7,33.67795257299986,64,2735,2735,0
A_N64_r7,A,64,7,33.89865468199969,64,2754,2754,0
A_N64_r7,A,64,7,34.109121153999695,64,2775,2775,0
A_N64_r7,A,64,7,34.30984696700034,64,2785,2785,0
A_N64_r7,A,64,7,34.52713217500059,64,2828,2828,0
A_N64_r7,A,64,7,34.81320022399996,64,2885,2885,0
A_N64_r7,A,64,7,35.04861945900029,64,2900,2900,0
A_N64_r7,A,64,7,35.28773147999982,64,2915,2915,0
A_N64_r7,A,64,7,35.534979623000254,64,2929,2929,0
A_N64_r7,A,64,7,35.774712686000385,64,2944,2944,0
A_N64_r7,A,64,7,36.020184193000205,64,2959,2959,0
A_N64_r7,A,64,7,36.26036682100039,64,2975,2975,0
A_N64_r7,A,64,7,36.51098152200029,64,2989,2989,0
A_N64_r7,A,64,7,36.75086117699993,64,3005,3005,0
A_N64_r7,A,64,7,36.99335275500016,64,3019,3019,0
A_N64_r7,A,64,7,37.23610891499993,64,3034,3034,0
A_N64_r7,A,64,7,37.45918952300053,64,3048,3048,0
A_N64_r7,A,64,7,37.69001792099971,64,3062,3062,0
A_N64_r7,A,64,7,37.92865239300045,64,3078,3078,0
A_N64_r7,A,64,7,38.16119676300059,64,3093,3093,0
A_N64_r7,A,64,7,38.39799303299969,64,3108,3108,0
A_N64_r7,A,64,7,38.64611248999972,64,3123,3123,0
A_N64_r7,A,64,7,38.89273357900038,64,3141,3141,0
A_N64_r7,A,64,7,39.13613398000052,64,3156,3156,0
A_N64_r7,A,64,7,39.373624491000555,64,3172,3172,0
A_N64_r7,A,64,7,39.60327916599999,64,3190,3190,0
A_N64_r7,A,64,7,39.82234366800003,64,3213,3213,0
A_N64_r7,A,64,7,40.02293278599973,64,3229,3229,0
A_N64_r7,A,64,7,40.2236614479998,64,3256,3256,0
A_N64_r7,A,64,7,40.46016335500008,64,3301,3301,0
A_N64_r7,A,64,7,40.69346401999974,64,3337,3337,0
A_N64_r7,A,64,7,40.929334278999704,64,3350,3350,0
A_N64_r7,A,64,7,41.16012156800025,64,3364,3364,0
A_N64_r7,A,64,7,41.403549556000144,64,3377,3377,0
A_N64_r7,A,64,7,41.644107604000055,64,3393,3393,0
A_N64_r7,A,64,7,41.88319769200007,64,3406,3406,0
A_N64_r7,A,64,7,42.13242762800019,64,3420,3420,0
A_N64_r7,A,64,7,42.36793827499969,64,3435,3435,0
A_N64_r7,A,64,7,42.615972972000236,64,3449,3449,0
A_N64_r7,A,64,7,42.85219868100012,64,3460,3460,0
A_N64_r7,A,64,7,43.10019773000022,64,3477,3477,0
A_N64_r7,A,64,7,43.348568546000024,64,3494,3494,0
A_N64_r7,A,64,7,43.582919935000064,64,3510,3510,0
A_N64_r7,A,64,7,43.816909807999764,64,3527,3527,0
A_N64_r7,A,64,7,44.06854706300055,64,3544,3544,0
A_N64_r7,A,64,7,44.301127296999766,64,3559,3559,0
A_N64_r7,A,64,7,44.562166400000024,64,3576,3576,0
A_N64_r7,A,64,7,44.80509102199994,64,3590,3590,0
A_N64_r7,A,64,7,45.04683541200029,64,3608,3608,0
A_N64_r7,A,64,7,45.28115244899982,64,3623,3623,0
A_N64_r7,A,64,7,45.48795373400026,64,3642,3642,0
A_N64_r7,A,64,7,45.688713348999954,64,3654,3654,0
A_N64_r7,A,64,7,45.95881436400032,64,3697,3697,0
A_N64_r7,A,64,7,46.18079906000003,64,3730,3730,0
A_N64_r7,A,64,7,46.41577010400033,64,3745,3745,0
A_N64_r7,A,64,7,46.64716783899985,64,3759,3759,0
A_N64_r7,A,64,7,46.89554819299974,64,3773,3773,0
A_N64_r7,A,64,7,47.14365362599983,64,3787,3787,0
A_N64_r7,A,64,7,47.3818476460001,64,3801,3801,0
A_N64_r7,A,64,7,47.62791491799999,64,3815,3815,0
A_N64_r7,A,64,7,47.87159846099985,64,3828,3828,0
A_N64_r7,A,64,7,48.10994862000007,64,3843,3843,0
A_N64_r7,A,64,7,48.36832567300007,64,3862,3862,0
A_N64_r7,A,64,7,48.610218886999974,64,3879,3879,0
A_N64_r7,A,64,7,48.85417984000014,64,3894,3894,0
A_N64_r7,A,64,7,49.09297515700018,64,3912,3912,0
A_N64_r7,A,64,7,49.332832863000476,64,3930,3930,0
A_N64_r7,A,64,7,49.57106657500026,64,3945,3945,0
A_N64_r7,A,64,7,49.806153487999836,64,3962,3962,0
A_N64_r7,A,64,7,50.054889957999876,64,3975,3975,0
A_N64_r7,A,64,7,50.30888653400052,64,3993,3993,0
A_N64_r7,A,64,7,50.546324437000294,64,4007,4007,0
A_N64_r7,A,64,7,50.778493769000306,64,4021,4021,0
A_N64_r7,A,64,7,50.988853517999814,64,4039,4039,0
A_N64_r7,A,64,7,51.1898292650003,64,4056,4056,0
A_N64_r7,A,64,7,51.39569899199978,64,4079,4079,0
A_N64_r7,A,64,7,51.703247344000374,64,4140,4140,0
A_N64_r7,A,64,7,51.95064224999987,64,4159,4159,0
A_N64_r7,A,64,7,52.19577644000037,64,4173,4173,0
A_N64_r7,A,64,7,52.430825798000114,64,4190,4190,0
A_N64_r7,A,64,7,52.67244339900026,64,4205,4205,0
A_N64_r7,A,64,7,52.909831162000046,64,4222,4222,0
A_N64_r7,A,64,7,53.15021852500013,64,4237,4237,0
A_N64_r7,A,64,7,53.391129323000314,64,4252,4252,0
A_N64_r7,A,64,7,53.63707667400013,64,4266,4266,0
A_N64_r7,A,64,7,53.88455646700004,64,4282,4282,0
A_N64_r7,A,64,7,54.129715410000244,64,4298,4298,0
A_N64_r7,A,64,7,54.38212890900013,64,4311,4311,0
A_N64_r7,A,64,7,54.613911405999715,64,4328,4328,0
A_N64_r7,A,64,7,54.856548780000594,64,4343,4343,0
A_N64_r7,A,64,7,55.092423502999736,64,4357,4357,0
A_N64_r7,A,64,7,55.32883933500034,64,4371,4371,0
A_N64_r7,A,64,7,55.57491269100046,64,4387,4387,0
A_N64_r7,A,64,7,55.816785895000066,64,4406,4406,0
A_N64_r7,A,64,7,56.06433582699992,64,4421,4421,0
A_N64_r7,A,64,7,56.301170868000554,64,4437,4437,0
A_N64_r7,A,64,7,56.51517692900052,64,4454,4454,0
A_N64_r7,A,64,7,56.722937872999864,64,4480,4480,0
A_N64_r7,A,64,7,56.929687765999915,64,4502,4502,0
A_N64_r7,A,64,7,57.13039096900047,64,4515,4515,0
A_N64_r7,A,64,7,57.42749138399995,64,4580,4580,0
A_N64_r7,A,64,7,57.66883862499981,64,4595,4595,0
A_N64_r7,A,64,7,57.89927703500052,64,4611,4611,0
A_N64_r7,A,64,7,58.13785215799999,64,4628,4628,0
A_N64_r7,A,64,7,58.380336559999705,64,4648,4648,0
A_N64_r7,A,64,7,58.629891821000456,64,4663,4663,0
A_N64_r7,A,64,7,58.86803118700027,64,4677,4677,0
A_N64_r7,A,64,7,59.12650905400005,64,4694,4694,0
A_N64_r7,A,64,7,59.368631821000236,64,4710,4710,0
A_N64_r7,A,64,7,59.61507103300028,64,4727,4727,0
A_N64_r7,A,64,7,59.8566332270002,64,4743,4743,0
A_N64_r7,A,64,7,60.08754938099992,59,4756,4756,0
A_N64_r7,A,64,7,60.32001006900009,40,4775,4775,0
A_N64_r7,A,64,7,60.54926622000039,26,4789,4789,0
A_N64_r7,A,64,7,60.75181192299988,6,4809,4809,0
A_N64_r7,A,64,7,60.95346392800002,0,4815,4815,0
A_N64_r8,A,64,8,0.00625961500008998,0,0,0,0
A_N64_r8,A,64,8,0.20720193099987227,64,0,0,0
A_N64_r8,A,64,8,0.4404399409995676,64,25,25,0
A_N64_r8,A,64,8,0.6713196609998704,64,71,71,0
A_N64_r8,A,64,8,0.9364782009997725,64,85,85,0
A_N64_r8,A,64,8,1.184891910999795,64,101,101,0
A_N64_r8,A,64,8,1.4361826599997585,64,117,117,0
A_N64_r8,A,64,8,1.6907984589997795,64,134,134,0
A_N64_r8,A,64,8,1.9436565770001835,64,148,148,0
A_N64_r8,A,64,8,2.193812479999906,64,165,165,0
A_N64_r8,A,64,8,2.4507287629994607,64,181,181,0
A_N64_r8,A,64,8,2.69927206400007,64,198,198,0
A_N64_r8,A,64,8,2.9451451109998743,64,215,215,0
A_N64_r8,A,64,8,3.193764206999731,64,231,231,0
A_N64_r8,A,64,8,3.4428642080001737,64,251,251,0
A_N64_r8,A,64,8,3.689422069000102,64,265,265,0
A_N64_r8,A,64,8,3.925560308999593,64,283,283,0
A_N64_r8,A,64,8,4.1607511989996055,64,297,297,0
A_N64_r8,A,64,8,4.399055977999524,64,312,312,0
A_N64_r8,A,64,8,4.634828354999627,64,329,329,0
A_N64_r8,A,64,8,4.89167013199949,64,345,345,0
A_N64_r8,A,64,8,5.123508192999907,64,362,362,0
A_N64_r8,A,64,8,5.369171618999644,64,377,377,0
A_N64_r8,A,64,8,5.584130334999827,64,401,401,0
A_N64_r8,A,64,8,5.784553597000013,64,415,415,0
A_N64_r8,A,64,8,5.986812207999719,64,438,438,0
A_N64_r8,A,64,8,6.251951686000211,64,495,495,0
A_N64_r8,A,64,8,6.500612992999777,64,526,526,0
A_N64_r8,A,64,8,6.748127249999925,64,540,540,0
A_N64_r8,A,64,8,6.994410155999503,64,555,555,0
A_N64_r8,A,64,8,7.238606496999637,64,572,572,0
A_N64_r8,A,64,8,7.479973343999518,64,587,587,0
A_N64_r8,A,64,8,7.7205628229994545,64,603,603,0
A_N64_r8,A,64,8,7.960729239000102,64,620,620,0
A_N64_r8,A,64,8,8.215676183000141,64,635,635,0
A_N64_r8,A,64,8,8.464732134999394,64,651,651,0
A_N64_r8,A,64,8,8.695862730000044,64,665,665,0
A_N64_r8,A,64,8,8.94246073100021,64,680,680,0
A_N64_r8,A,64,8,9.186902102999738,64,694,694,0
A_N64_r8,A,64,8,9.43475795699942,64,708,708,0
A_N64_r8,A,64,8,9.686775529999977,64,723,723,0
A_N64_r8,A,64,8,9.916330533999826,64,738,738,0
A_N64_r8,A,64,8,10.15818056399985,64,753,753,0
A_N64_r8,A,64,8,10.411608118000004,64,766,766,0
A_N64_r8,A,64,8,10.656428356000106,64,784,784,0
A_N64_r8,A,64,8,10.889539720999892,64,799,799,0
A_N64_r8,A,64,8,11.116806678999637,64,814,814,0
A_N64_r8,A,64,8,11.328947141999379,64,839,839,0
A_N64_r8,A,64,8,11.529929428999822,64,852,852,0
A_N64_r8,A,64,8,11.75824593499965,64,887,887,0
A_N64_r8,A,64,8,12.012046953000208,64,929,929,0
A_N64_r8,A,64,8,12.25014524800008,64,945,945,0
A_N64_r8,A,64,8,12.494743247999395,64,961,961,0
A_N64_r8,A,64,8,12.743396324999594,64,977,977,0
A_N64_r8,A,64,8,12.975693427999431,64,992,992,0
A_N64_r8,A,64,8,13.214304138999978,64,1006,1006,0
A_N64_r8,A,64,8,13.451319811999383,64,1021,1021,0
A_N64_r8,A,64,8,13.699182939999446,64,1036,1036,0
A_N64_r8,A,64,8,13.950245748999805,64,1053,1053,0
A_N64_r8,A,64,8,14.180323636999674,64,1068,1068,0
A_N64_r8,A,64,8,14.412828149000234,64,1084,1084,0
A_N64_r8,A,64,8,14.64595677699981,64,1099,1099,0
A_N64_r8,A,64,8,14.874509598999794,64,1113,1113,0
A_N64_r8,A,64,8,15.103827203999572,64,1128,1128,0
A_N64_r8,A,64,8,15.336697091999667,64,1143,1143,0
A_N64_r8,A,64,8,15.57299542599958,64,1158,1158,0
A_N64_r8,A,64,8,15.809064385000056,64,1173,1173,0
A_N64_r8,A,64,8,16.037567544999547,64,1187,1187,0
A_N64_r8,A,64,8,16.282953209999505,64,1204,1204,0
A_N64_r8,A,64,8,16.52321888699953,64,1218,1218,0
A_N64_r8,A,64,8,16.741321452999728,64,1233,1233,0
A_N64_r8,A,64,8,16.948331356999915,64,1255,1255,0
A_N64_r8,A,64,8,17.16675661699992,64,1273,1273,0
A_N64_r8,A,64,8,17.444585604999702,64,1332,1332,0
A_N64_r8,A,64,8,17.683010306000142,64,1351,1351,0
A_N64_r8,A,64,8,17.918941827999333,64,1365,1365,0
A_N64_r8,A,64,8,18.159111955999833,64,1380,1380,0
A_N64_r8,A,64,8,18.40673690499989,64,1395,1395,0
A_N64_r8,A,64,8,18.648960808000083,64,1411,1411,0
A_N64_r8,A,64,8,18.895768374,64,1427,1427,0
A_N64_r8,A,64,8,19.133616841999356,64,1441,1441,0
A_N64_r8,A,64,8,19.36687761199937,64,1453,1453,0
A_N64_r8,A,64,8,19.595145113999934,64,1469,1469,0
A_N64_r8,A,64,8,19.829782641999373,64,1482,1482,0
A_N64_r8,A,64,8,20.064016081999398,64,1496,1496,0
A_N64_r8,A,64,8,20.301572227999714,64,1512,1512,0
A_N64_r8,A,64,8,20.530075098999987,64,1528,1528,0
A_N64_r8,A,64,8,20.776047092000226,64,1542,1542,0
A_N64_r8,A,64,8,21.01295735199983,64,1559,1559,0
A_N64_r8,A,64,8,21.249252753999826,64,1573,1573,0
A_N64_r8,A,64,8,21.496260937999978,64,1588,1588,0
A_N64_r8,A,64,8,21.73679425699993,64,1604,1604,0
A_N64_r8,A,64,8,21.983292651999363,64,1619,1619,0
A_N64_r8,A,64,8,22.213630252999792,64,1634,1634,0
A_N64_r8,A,64,8,22.421455339000204,64,1656,1656,0
A_N64_r8,A,64,8,22.622540997000215,64,1667,1667,0
A_N64_r8,A,64,8,22.83159284500016,64,1697,1697,0
A_N64_r8,A,64,8,23.119940439999482,64,1758,1758,0
A_N64_r8,A,64,8,23.362383712999872,64,1773,1773,0
A_N64_r8,A,64,8,23.608254320000015,64,1789,1789,0
A_N64_r8,A,64,8,23.84538149999935,64,1805,1805,0
A_N64_r8,A,64,8,24.079643985000075,64,1819,1819,0
A_N64_r8,A,64,8,24.326449319999483,64,1834,1834,0
A_N64_r8,A,64,8,24.56960089199947,64,1850,1850,0
A_N64_r8,A,64,8,24.809846291000213,64,1866,1866,0
A_N64_r8,A,64,8,25.050343357999736,64,1879,1879,0
A_N64_r8,A,64,8,25.293525799000236,64,1896,1896,0
A_N64_r8,A,64,8,25.562482980999448,64,1911,1911,0
A_N64_r8,A,64,8,25.8115154420002,64,1926,1926,0
A_N64_r8,A,64,8,26.05677750799987,64,1941,1941,0
A_N64_r8,A,64,8,26.300837930999478,64,1958,1958,0
A_N64_r8,A,64,8,26.547988839000027,64,1972,1972,0
A_N64_r8,A,64,8,26.798651121999683,64,1988,1988,0
A_N64_r8,A,64,8,27.050022250999973,64,2005,2005,0
A_N64_r8,A,64,8,27.286942234999515,64,2020,2020,0
A_N64_r8,A,64,8,27.52738120899994,64,2035,2035,0
A_N64_r8,A,64,8,27.77444719899995,64,2049,2049,0
A_N64_r8,A,64,8,27.989605042999756,64,2068,2068,0
A_N64_r8,A,64,8,28.203333900999496,64,2095,2095,0
A_N64_r8,A,64,8,28.404406255999675,64,2099,2099,0
A_N64_r8,A,64,8,28.671627265999632,64,2156,2156,0
A_N64_r8,A,64,8,28.914368977999402,64,2187,2187,0
A_N64_r8,A,64,8,29.16681206999965,64,2204,2204,0
A_N64_r8,A,64,8,29.408079723999435,64,2218,2218,0
A_N64_r8,A,64,8,29.659415264000017,64,2233,2233,0
A_N64_r8,A,64,8,29.905126564000057,64,2248,2248,0
A_N64_r8,A,64,8,30.143451484999787,64,2261,2261,0
A_N64_r8,A,64,8,30.392887735999466,64,2276,2276,0
A_N64_r8,A,64,8,30.636644223000076,64,2291,2291,0
A_N64_r8,A,64,8,30.88209312700019,64,2307,2307,0
A_N64_r8,A,64,8,31.111146657999598,64,2322,2322,0
A_N64_r8,A,64,8,31.360656222000216,64,2339,2339,0
A_N64_r8,A,64,8,31.585069415999897,64,2356,2356,0
A_N64_r8,A,64,8,31.826686598999913,64,2370,2370,0
A_N64_r8,A,64,8,32.07348672399985,64,2384,2384,0
A_N64_r8,A,64,8,32.33245370499935,64,2403,2403,0
A_N64_r8,A,64,8,32.58181521999995,64,2420,2420,0
A_N64_r8,A,64,8,32.82628557899989,64,2436,2436,0
A_N64_r8,A,64,8,33.066710277999846,64,2451,2451,0
A_N64_r8,A,64,8,33.31523522399948,64,2468,2468,0
A_N64_r8,A,64,8,33.55789454299975,64,2486,2486,0
A_N64_r8,A,64,8,33.769704547999936,64,2510,2510,0
A_N64_r8,A,64,8,33.97052523499951,64,2525,2525,0
A_N64_r8,A,64,8,34.177972566999415,64,2556,2556,0
A_N64_r8,A,64,8,34.41181955899992,64,2606,2606,0
A_N64_r8,A,64,8,34.65801115399972,64,2644,2644,0
A_N64_r8,A,64,8,34.89299830299933,64,2659,2659,0
A_N64_r8,A,64,8,35.142619948000174,64,2673,2673,0
A_N64_r8,A,64,8,35.39384593399973,64,2690,2690,0
A_N64_r8,A,64,8,35.62862111300001,64,2706,2706,0
A_N64_r8,A,64,8,35.87317968699972,64,2722,2722,0
A_N64_r8,A,64,8,36.1134274369997,64,2738,2738,0
A_N64_r8,A,64,8,36.35812627899941,64,2754,2754,0
A_N64_r8,A,64,8,36.607971745000214,64,2769,2769,0
A_N64_r8,A,64,8,36.841688073000114,64,2784,2784,0
A_N64_r8,A,64,8,37.089237874999526,64,2801,2801,0
A_N64_r8,A,64,8,37.324591066999346,64,2815,2815,0
A_N64_r8,A,64,8,37.56387013999938,64,2831,2831,0
A_N64_r8,A,64,8,37.81079797299935,64,2847,2847,0
A_N64_r8,A,64,8,38.065618818000075,64,2864,2864,0
A_N64_r8,A,64,8,38.31083911599944,64,2880,2880,0
A_N64_r8,A,64,8,38.561518591000095,64,2894,2894,0
A_N64_r8,A,64,8,38.80392158499944,64,2910,2910,0
A_N64_r8,A,64,8,39.05500111099991,64,2925,2925,0
A_N64_r8,A,64,8,39.29603661799956,64,2941,2941,0
A_N64_r8,A,64,8,39.51032641799975,64,2964,2964,0
A_N64_r8,A,64,8,39.71946275299979,64,2984,2984,0
A_N64_r8,A,64,8,39.93206539699986,64,2997,2997,0
A_N64_r8,A,64,8,40.21728954599985,64,3059,3059,0
A_N64_r8,A,64,8,40.44982040099967,64,3072,3072,0
A_N64_r8,A,64,8,40.67925881799965,64,3085,3085,0
A_N64_r8,A,64,8,40.91927165400011,64,3099,3099,0
A_N64_r8,A,64,8,41.16460648500015,64,3114,3114,0
A_N64_r8,A,64,8,41.393081913999595,64,3128,3128,0
A_N64_r8,A,64,8,41.622617768000055,64,3142,3142,0
A_N64_r8,A,64,8,41.869091937999656,64,3158,3158,0
A_N64_r8,A,64,8,42.11762326799999,64,3173,3173,0
A_N64_r8,A,64,8,42.3644860280001,64,3187,3187,0
A_N64_r8,A,64,8,42.61137469799996,64,3203,3203,0
A_N64_r8,A,64,8,42.84647167499952,64,3221,3221,0
A_N64_r8,A,64,8,43.1112055349995,64,3235,3235,0
A_N64_r8,A,64,8,43.34689509999953,64,3252,3252,0
A_N64_r8,A,64,8,43.589994900999955,64,3269,3269,0
A_N64_r8,A,64,8,43.8190401869997,64,3285,3285,0
A_N64_r8,A,64,8,44.0645603490002,64,3301,3301,0
A_N64_r8,A,64,8,44.31091810399994,64,3318,3318,0
A_N64_r8,A,64,8,44.54618280399973,64,3334,3334,0
A_N64_r8,A,64,8,44.80128888899981,64,3349,3349,0
A_N64_r8,A,64,8,45.02301042699946,64,3365,3365,0
A_N64_r8,A,64,8,45.22491324299972,64,3382,3382,0
A_N64_r8,A,64,8,45.426095130999784,64,3408,3408,0
A_N64_r8,A,64,8,45.64316891699946,64,3443,3443,0
A_N64_r8,A,64,8,45.93793951799944,64,3499,3499,0
A_N64_r8,A,64,8,46.16970959899936,64,3514,3514,0
A_N64_r8,A,64,8,46.40105339099955,64,3527,3527,0
A_N64_r8,A,64,8,46.64637759699963,64,3544,3544,0
A_N64_r8,A,64,8,46.89743742599967,64,3561,3561,0
A_N64_r8,A,64,8,47.14152758699947,64,3579,3579,0
A_N64_r8,A,64,8,47.37529925599938,64,3592,3592,0
A_N64_r8,A,64,8,47.609493789000226,64,3607,3607,0
A_N64_r8,A,64,8,47.84502060500017,64,3620,3620,0
A_N64_r8,A,64,8,48.07649216199934,64,3634,3634,0
A_N64_r8,A,64,8,48.32314075999966,64,3652,3652,0
A_N64_r8,A,64,8,48.57126865099963,64,3669,3669,0
A_N64_r8,A,64,8,48.81573991000005,64,3684,3684,0
A_N64_r8,A,64,8,49.065490685999976,64,3699,3699,0
A_N64_r8,A,64,8,49.30158996299997,64,3715,3715,0
A_N64_r8,A,64,8,49.54516886999954,64,3732,3732,0
A_N64_r8,A,64,8,49.81044185300016,64,3750,3750,0
A_N64_r8,A,64,8,50.063451515999986,64,3765,3765,0
A_N64_r8,A,64,8,50.30795042199952,64,3781,3781,0
A_N64_r8,A,64,8,50.54798967199986,64,3796,3796,0
A_N64_r8,A,64,8,50.76377623099961,64,3813,3813,0
A_N64_r8,A,64,8,50.97134377800012,64,3836,3836,0
A_N64_r8,A,64,8,51.17217063999942,64,3840,3840,0
A_N64_r8,A,64,8,51.45759135699973,64,3908,3908,0
A_N64_r8,A,64,8,51.70377244500014,64,3920,3920,0
A_N64_r8,A,64,8,51.9355955989995,64,3935,3935,0
A_N64_r8,A,64,8,52.17168504399979,64,3946,3946,0
A_N64_r8,A,64,8,52.421495032000166,64,3964,3964,0
A_N64_r8,A,64,8,52.667765010999574,64,3979,3979,0
A_N64_r8,A,64,8,52.90086027599955,64,3995,3995,0
A_N64_r8,A,64,8,53.14030859800005,64,4009,4009,0
A_N64_r8,A,64,8,53.38611341399974,64,4025,4025,0
A_N64_r8,A,64,8,53.619635062999805,64,4040,4040,0
A_N64_r8,A,64,8,53.87146975199994,64,4056,4056,0
A_N64_r8,A,64,8,54.115798402999644,64,4072,4072,0
A_N64_r8,A,64,8,54.342345273999854,64,4086,4086,0
A_N64_r8,A,64,8,54.579947962000006,64,4100,4100,0
A_N64_r8,A,64,8,54.81612447899988,64,4116,4116,0
A_N64_r8,A,64,8,55.07364676299949,64,4129,4129,0
A_N64_r8,A,64,8,55.3131092069998,64,4146,4146,0
A_N64_r8,A,64,8,55.557357660999514,64,4159,4159,0
A_N64_r8,A,64,8,55.805957335999665,64,4175,4175,0
A_N64_r8,A,64,8,56.042513245999544,64,4190,4190,0
A_N64_r8,A,64,8,56.27117011199971,64,4205,4205,0
A_N64_r8,A,64,8,56.482419930000106,64,4227,4227,0
A_N64_r8,A,64,8,56.68294113399952,64,4231,4231,0
A_N64_r8,A,64,8,56.98261633099992,64,4301,4301,0
A_N64_r8,A,64,8,57.219639422999535,64,4317,4317,0
A_N64_r8,A,64,8,57.453426053999465,64,4332,4332,0
A_N64_r8,A,64,8,57.69941597199977,64,4347,4347,0
A_N64_r8,A,64,8,57.92835030900005,64,4362,4362,0
A_N64_r8,A,64,8,58.168814924999424,64,4374,4374,0
A_N64_r8,A,64,8,58.405098032999376,64,4391,4391,0
A_N64_r8,A,64,8,58.646948646000055,64,4405,4405,0
A_N64_r8,A,64,8,58.89530467499935,64,4420,4420,0
A_N64_r8,A,64,8,59.13497540299977,64,4436,4436,0
A_N64_r8,A,64,8,59.37820071099941,64,4451,4451,0
A_N64_r8,A,64,8,59.61802048499976,64,4466,4466,0
A_N64_r8,A,64,8,59.85963201599952,64,4481,4481,0
A_N64_r8,A,64,8,60.09611141000005,58,4497,4497,0
A_N64_r8,A,64,8,60.334299613999974,40,4515,4515,0
A_N64_r8,A,64,8,60.555046733999916,25,4530,4530,0
A_N64_r8,A,64,8,60.755422870000075,6,4549,4549,0
A_N64_r8,A,64,8,60.9565711539999,0,4555,4555,0
A_N64_r9,A,64,9,0.00608671999998478,0,0,0,0
A_N64_r9,A,64,9,0.2077966530005142,64,0,0,0
A_N64_r9,A,64,9,0.45329302300069685,64,29,29,0
A_N64_r9,A,64,9,0.6791462720002528,64,75,75,0
A_N64_r9,A,64,9,0.9240220219999173,64,86,86,0
A_N64_r9,A,64,9,1.1589146460000848,64,100,100,0
A_N64_r9,A,64,9,1.4030942050003432,64,115,115,0
A_N64_r9,A,64,9,1.6552060929998333,64,131,131,0
A_N64_r9,A,64,9,1.901425570000356,64,148,148,0
A_N64_r9,A,64,9,2.1324761820005733,64,163,163,0
A_N64_r9,A,64,9,2.3683595920001608,64,179,179,0
A_N64_r9,A,64,9,2.615120260999902,64,196,196,0
A_N64_r9,A,64,9,2.852996119000636,64,211,211,0
A_N64_r9,A,64,9,3.0933737330005897,64,224,224,0
A_N64_r9,A,64,9,3.331243222000012,64,239,239,0
A_N64_r9,A,64,9,3.5677511620006044,64,254,254,0
A_N64_r9,A,64,9,3.8076316930000758,64,269,269,0
A_N64_r9,A,64,9,4.037998058000085,64,283,283,0
A_N64_r9,A,64,9,4.290798701999847,64,300,300,0
A_N64_r9,A,64,9,4.52878040700034,64,312,312,0
A_N64_r9,A,64,9,4.7667389369999,64,327,327,0
A_N64_r9,A,64,9,5.011158278000039,64,342,342,0
A_N64_r9,A,64,9,5.257624013000168,64,355,355,0
A_N64_r9,A,64,9,5.470344316000592,64,373,373,0
A_N64_r9,A,64,9,5.673506370000723,64,390,390,0
A_N64_r9,A,64,9,5.873730489000081,64,399,399,0
A_N64_r9,A,64,9,6.1534410829999615,64,464,464,0
A_N64_r9,A,64,9,6.389804684999945,64,483,483,0
A_N64_r9,A,64,9,6.625403374000598,64,498,498,0
A_N64_r9,A,64,9,6.8728564580005695,64,517,517,0
A_N64_r9,A,64,9,7.11372640800073,64,531,531,0
A_N64_r9,A,64,9,7.338458891999835,64,546,546,0
A_N64_r9,A,64,9,7.5808549339999445,64,561,561,0
A_N64_r9,A,64,9,7.829510446000313,64,576,576,0
A_N64_r9,A,64,9,8.0690186490001,64,591,591,0
A_N64_r9,A,64,9,8.31228378600008,64,607,607,0
A_N64_r9,A,64,9,8.551569588000348,64,621,621,0
A_N64_r9,A,64,9,8.79837322200001,64,637,637,0
A_N64_r9,A,64,9,9.040641874999892,64,655,655,0
A_N64_r9,A,64,9,9.28222661000018,64,671,671,0
A_N64_r9,A,64,9,9.587809317999927,64,687,687,0
A_N64_r9,A,64,9,9.826580805000049,64,703,703,0
A_N64_r9,A,64,9,10.073198338000111,64,720,720,0
A_N64_r9,A,64,9,10.315896392000468,64,735,735,0
A_N64_r9,A,64,9,10.558199154000249,64,752,752,0
A_N64_r9,A,64,9,10.809630570000081,64,770,770,0
A_N64_r9,A,64,9,11.022555213000487,64,786,786,0
A_N64_r9,A,64,9,11.231785194000622,64,808,808,0
A_N64_r9,A,64,9,11.433285350000006,64,817,817,0
A_N64_r9,A,64,9,11.657998104000399,64,863,863,0
A_N64_r9,A,64,9,11.931139725999856,64,910,910,0
A_N64_r9,A,64,9,12.162511219999942,64,925,925,0
A_N64_r9,A,64,9,12.408696929000143,64,938,938,0
A_N64_r9,A,64,9,12.64233488300033,64,952,952,0
A_N64_r9,A,64,9,12.880498812000042,64,968,968,0
A_N64_r9,A,64,9,13.111787079999885,64,982,982,0
A_N64_r9,A,64,9,13.370975349000219,64,999,999,0
A_N64_r9,A,64,9,13.611872797000615,64,1016,1016,0
A_N64_r9,A,64,9,13.858026758000051,64,1032,1032,0
A_N64_r9,A,64,9,14.108802796000418,64,1049,1049,0
A_N64_r9,A,64,9,14.354681015000097,64,1069,1069,0
A_N64_r9,A,64,9,14.59213003900004,64,1082,1082,0
A_N64_r9,A,64,9,14.836643622999873,64,1099,1099,0
A_N64_r9,A,64,9,15.082541139000568,64,1114,1114,0
A_N64_r9,A,64,9,15.313621326999964,64,1129,1129,0
A_N64_r9,A,64,9,15.550148940999861,64,1145,1145,0
A_N64_r9,A,64,9,15.796774624000136,64,1163,1163,0
A_N64_r9,A,64,9,16.031875755999863,64,1178,1178,0
A_N64_r9,A,64,9,16.261065061999943,64,1193,1193,0
A_N64_r9,A,64,9,16.510013602000072,64,1211,1211,0
A_N64_r9,A,64,9,16.72610342400003,64,1228,1228,0
A_N64_r9,A,64,9,16.936116844000026,64,1247,1247,0
A_N64_r9,A,64,9,17.13678555000024,64,1255,1255,0
A_N64_r9,A,64,9,17.422382405999997,64,1315,1315,0
A_N64_r9,A,64,9,17.670116209000298,64,1339,1339,0
A_N64_r9,A,64,9,17.91603703600049,64,1353,1353,0
A_N64_r9,A,64,9,18.153726074000588,64,1366,1366,0
A_N64_r9,A,64,9,18.392920965000485,64,1383,1383,0
A_N64_r9,A,64,9,18.63625341399984,64,1399,1399,0
A_N64_r9,A,64,9,18.885933149000266,64,1414,1414,0
A_N64_r9,A,64,9,19.126170704000288,64,1429,1429,0
A_N64_r9,A,64,9,19.37247897100042,64,1445,1445,0
A_N64_r9,A,64,9,19.61173130499992,64,1461,1461,0
A_N64_r9,A,64,9,19.858921048999946,64,1477,1477,0
A_N64_r9,A,64,9,20.100714072999835,64,1494,1494,0
A_N64_r9,A,64,9,20.340766799999983,64,1511,1511,0
A_N64_r9,A,64,9,20.58701314300015,64,1525,1525,0
A_N64_r9,A,64,9,20.827555842000038,64,1542,1542,0
A_N64_r9,A,64,9,21.074934066000424,64,1558,1558,0
A_N64_r9,A,64,9,21.31041928200011,64,1573,1573,0
A_N64_r9,A,64,9,21.55372727000031,64,1589,1589,0
A_N64_r9,A,64,9,21.799454777999927,64,1603,1603,0
A_N64_r9,A,64,9,22.046593721000136,64,1617,1617,0
A_N64_r9,A,64,9,22.265359682000053,64,1634,1634,0
A_N64_r9,A,64,9,22.491227556000013,64,1663,1663,0
A_N64_r9,A,64,9,22.692258171000503,64,1675,1675,0
A_N64_r9,A,64,9,22.971467526000197,64,1720,1720,0
A_N64_r9,A,64,9,23.20027932799985,64,1752,1752,0
A_N64_r9,A,64,9,23.437450514000375,64,1768,1768,0
A_N64_r9,A,64,9,23.680538698999953,64,1783,1783,0
A_N64_r9,A,64,9,23.91564635099985,64,1797,1797,0
A_N64_r9,A,64,9,24.161657585000285,64,1813,1813,0
A_N64_r9,A,64,9,24.396641725000336,64,1826,1826,0
A_N64_r9,A,64,9,24.637370256000395,64,1842,1842,0
A_N64_r9,A,64,9,24.872667291000653,64,1858,1858,0
A_N64_r9,A,64,9,25.12413243500032,64,1873,1873,0
A_N64_r9,A,64,9,25.375368815,64,1891,1891,0
A_N64_r9,A,64,9,25.624486168000658,64,1906,1906,0
A_N64_r9,A,64,9,25.85497432200009,64,1922,1922,0
A_N64_r9,A,64,9,26.107479035000324,64,1935,1935,0
A_N64_r9,A,64,9,26.36491880199992,64,1953,1953,0
A_N64_r9,A,64,9,26.60404585300057,64,1967,1967,0
A_N64_r9,A,64,9,26.84843452699988,64,1981,1981,0
A_N64_r9,A,64,9,27.089399051000328,64,1997,1997,0
A_N64_r9,A,64,9,27.32626167000035,64,2013,2013,0
A_N64_r9,A,64,9,27.56163925400051,64,2026,2026,0
A_N64_r9,A,64,9,27.81410784200034,64,2043,2043,0
A_N64_r9,A,64,9,28.024623138000607,64,2065,2065,0
A_N64_r9,A,64,9,28.225284331000694,64,2086,2086,0
A_N64_r9,A,64,9,28.474660241000493,64,2120,2120,0
A_N64_r9,A,64,9,28.711976704000335,64,2161,2161,0
A_N64_r9,A,64,9,28.934783841999888,64,2172,2172,0
A_N64_r9,A,64,9,29.187314561000676,64,2186,2186,0
A_N64_r9,A,64,9,29.460433846000342,64,2201,2201,0
A_N64_r9,A,64,9,29.714460722000695,64,2217,2217,0
A_N64_r9,A,64,9,29.943307374000142,64,2232,2232,0
A_N64_r9,A,64,9,30.17981986199993,64,2247,2247,0
A_N64_r9,A,64,9,30.423303595000107,64,2261,2261,0
A_N64_r9,A,64,9,30.669633418000558,64,2278,2278,0
A_N64_r9,A,64,9,30.913617522000095,64,2296,2296,0
A_N64_r9,A,64,9,31.14746727900001,64,2310,2310,0
A_N64_r9,A,64,9,31.38348476900046,64,2328,2328,0
A_N64_r9,A,64,9,31.61869152700001,64,2343,2343,0
A_N64_r9,A,64,9,31.856262360000073,64,2358,2358,0
A_N64_r9,A,64,9,32.090253037000366,64,2373,2373,0
A_N64_r9,A,64,9,32.33831102100066,64,2389,2389,0
A_N64_r9,A,64,9,32.578474887000084,64,2407,2407,0
A_N64_r9,A,64,9,32.82172445800006,64,2423,2423,0
A_N64_r9,A,64,9,33.070692914000574,64,2439,2439,0
A_N64_r9,A,64,9,33.3053024310002,64,2455,2455,0
A_N64_r9,A,64,9,33.52274887600015,64,2473,2473,0
A_N64_r9,A,64,9,33.72936065200065,64,2493,2493,0
A_N64_r9,A,64,9,33.93146840400004,64,2500,2500,0
A_N64_r9,A,64,9,34.23026793600002,64,2568,2568,0
A_N64_r9,A,64,9,34.46423764800056,64,2586,2586,0
A_N64_r9,A,64,9,34.70800167300058,64,2602,2602,0
A_N64_r9,A,64,9,34.93965343900072,64,2616,2616,0
A_N64_r9,A,64,9,35.176323557000615,64,2629,2629,0
A_N64_r9,A,64,9,35.409017316000245,64,2642,2642,0
A_N64_r9,A,64,9,35.65051719700023,64,2656,2656,0
A_N64_r9,A,64,9,35.89133449200017,64,2672,2672,0
A_N64_r9,A,64,9,36.12537169500047,64,2686,2686,0
A_N64_r9,A,64,9,36.37639313300042,64,2703,2703,0
A_N64_r9,A,64,9,36.62214450100055,64,2718,2718,0
A_N64_r9,A,64,9,36.87323993900009,64,2733,2733,0
A_N64_r9,A,64,9,37.11712524900031,64,2751,2751,0
A_N64_r9,A,64,9,37.373841575999904,64,2766,2766,0
A_N64_r9,A,64,9,37.613293569000234,64,2780,2780,0
A_N64_r9,A,64,9,37.852577311999994,64,2795,2795,0
A_N64_r9,A,64,9,38.0893361440003,64,2810,2810,0
A_N64_r9,A,64,9,38.32838510300007,64,2826,2826,0
A_N64_r9,A,64,9,38.58975898800054,64,2841,2841,0
A_N64_r9,A,64,9,38.83965109300061,64,2859,2859,0
A_N64_r9,A,64,9,39.05665461600074,64,2872,2872,0
A_N64_r9,A,64,9,39.27445526600059,64,2897,2897,0
A_N64_r9,A,64,9,39.47548325700063,64,2901,2901,0
A_N64_r9,A,64,9,39.76805407000029,64,2969,2969,0
A_N64_r9,A,64,9,40.010283738,64,2981,2981,0
A_N64_r9,A,64,9,40.258394640000006,64,2996,2996,0
A_N64_r9,A,64,9,40.496059241000694,64,3012,3012,0
A_N64_r9,A,64,9,40.72665266700005,64,3023,3023,0
A_N64_r9,A,64,9,40.965564670000276,64,3038,3038,0
A_N64_r9,A,64,9,41.21135299800062,64,3054,3054,0
A_N64_r9,A,64,9,41.46508899699984,64,3072,3072,0
A_N64_r9,A,64,9,41.70215821800048,64,3088,3088,0
A_N64_r9,A,64,9,41.9350392260003,64,3102,3102,0
A_N64_r9,A,64,9,42.180582289000085,64,3119,3119,0
A_N64_r9,A,64,9,42.42043598700002,64,3134,3134,0
A_N64_r9,A,64,9,42.662169658000494,64,3148,3148,0
A_N64_r9,A,64,9,42.893101071000274,64,3162,3162,0
A_N64_r9,A,64,9,43.12831254200046,64,3178,3178,0
A_N64_r9,A,64,9,43.37391329900038,64,3194,3194,0
A_N64_r9,A,64,9,43.60569896800007,64,3208,3208,0
A_N64_r9,A,64,9,43.841689892999966,64,3222,3222,0
A_N64_r9,A,64,9,44.0967862840007,64,3237,3237,0
A_N64_r9,A,64,9,44.34547084699989,64,3251,3251,0
A_N64_r9,A,64,9,44.56720980499995,64,3266,3266,0
A_N64_r9,A,64,9,44.77918735300045,64,3291,3291,0
A_N64_r9,A,64,9,44.98045702200034,64,3296,3296,0
A_N64_r9,A,64,9,45.23476879500049,64,3345,3345,0
A_N64_r9,A,64,9,45.46156634500039,64,3385,3385,0
A_N64_r9,A,64,9,45.699597623000045,64,3395,3395,0
A_N64_r9,A,64,9,45.92975088200001,64,3406,3406,0
A_N64_r9,A,64,9,46.196668626000246,64,3421,3421,0
A_N64_r9,A,64,9,46.44268663300045,64,3438,3438,0
A_N64_r9,A,64,9,46.672485680000136,64,3454,3454,0
A_N64_r9,A,64,9,46.90692379900065,64,3468,3468,0
A_N64_r9,A,64,9,47.13933853100025,64,3483,3483,0
A_N64_r9,A,64,9,47.37280965300033,64,3498,3498,0
A_N64_r9,A,64,9,47.61182598899995,64,3515,3515,0
A_N64_r9,A,64,9,47.847396943000604,64,3530,3530,0
A_N64_r9,A,64,9,48.08306148600059,64,3543,3543,0
A_N64_r9,A,64,9,48.331709959000364,64,3560,3560,0
A_N64_r9,A,64,9,48.582671789000415,64,3576,3576,0
A_N64_r9,A,64,9,48.83735330299987,64,3591,3591,0
A_N64_r9,A,64,9,49.08882129799986,64,3607,3607,0
A_N64_r9,A,64,9,49.33209296899986,64,3624,3624,0
A_N64_r9,A,64,9,49.57387687100072,64,3640,3640,0
A_N64_r9,A,64,9,49.81111437800064,64,3657,3657,0
A_N64_r9,A,64,9,50.058807467000406,64,3668,3668,0
A_N64_r9,A,64,9,50.267602255000384,64,3692,3691,1
A_N64_r9,A,64,9,50.47367630900044,64,3714,3712,2
A_N64_r9,A,64,9,50.70195246000003,64,3742,3740,2
A_N64_r9,A,64,9,50.985682612000346,64,3793,3791,2
A_N64_r9,A,64,9,51.225716208999984,64,3810,3808,2
A_N64_r9,A,64,9,51.477781926000716,64,3823,3821,2
A_N64_r9,A,64,9,51.726799265999944,64,3838,3836,2
A_N64_r9,A,64,9,51.973231381000005,64,3852,3850,2
A_N64_r9,A,64,9,52.2077035960001,64,3864,3862,2
A_N64_r9,A,64,9,52.45288513500054,64,3883,3881,2
A_N64_r9,A,64,9,52.68742342600035,64,3898,3896,2
A_N64_r9,A,64,9,52.920628382999894,64,3912,3910,2
A_N64_r9,A,64,9,53.165020031000495,64,3926,3924,2
A_N64_r9,A,64,9,53.40353608700025,64,3940,3938,2
A_N64_r9,A,64,9,53.64484499500031,64,3954,3952,2
A_N64_r9,A,64,9,53.88373576499998,64,3970,3968,2
A_N64_r9,A,64,9,54.11184321100063,64,3984,3982,2
A_N64_r9,A,64,9,54.35066746600023,64,3999,3997,2
A_N64_r9,A,64,9,54.60065703100008,64,4014,4012,2
A_N64_r9,A,64,9,54.83572699800061,64,4029,4027,2
A_N64_r9,A,64,9,55.072470887000236,64,4044,4042,2
A_N64_r9,A,64,9,55.30952372600041,64,4059,4057,2
A_N64_r9,A,64,9,55.5504290100007,64,4072,4070,2
A_N64_r9,A,64,9,55.7685359850002,64,4087,4085,2
A_N64_r9,A,64,9,55.98722344199996,64,4115,4113,2
A_N64_r9,A,64,9,56.187474926000505,64,4120,4118,2
A_N64_r9,A,64,9,56.407246427000246,64,4159,4157,2
A_N64_r9,A,64,9,56.66486093500043,64,4208,4206,2
A_N64_r9,A,64,9,56.91340162000051,64,4221,4219,2
A_N64_r9,A,64,9,57.16123681499994,64,4236,4234,2
A_N64_r9,A,64,9,57.41442033000021,64,4251,4249,2
A_N64_r9,A,64,9,57.672657555000114,64,4265,4263,2
A_N64_r9,A,64,9,57.9205753870001,64,4281,4279,2
A_N64_r9,A,64,9,58.16184186300052,64,4298,4296,2
A_N64_r9,A,64,9,58.39598575800028,64,4310,4308,2
A_N64_r9,A,64,9,58.64846493599998,64,4326,4324,2
A_N64_r9,A,64,9,58.88496510999994,64,4341,4339,2
A_N64_r9,A,64,9,59.13462439600062,64,4354,4352,2
A_N64_r9,A,64,9,59.37859641100022,64,4370,4368,2
A_N64_r9,A,64,9,59.6028489979999,64,4387,4385,2
A_N64_r9,A,64,9,59.83950629300034,64,4402,4400,2
A_N64_r9,A,64,9,60.072735058000035,59,4417,4415,2
A_N64_r9,A,64,9,60.30131946500023,43,4433,4431,2
A_N64_r9,A,64,9,60.520024966000165,26,4450,4448,2
A_N64_r9,A,64,9,60.72699006400035,11,4465,4463,2
A_N64_r9,A,64,9,60.92797565000001,0,4476,4474,2
A_N64_r10,A,64,10,0.00653426499957277,0,0,0,0
A_N64_r10,A,64,10,0.20863452300000063,64,0,0,0
A_N64_r10,A,64,10,0.45379569299984723,64,31,31,0
A_N64_r10,A,64,10,0.6942597600000227,64,76,76,0
A_N64_r10,A,64,10,0.9415888719995564,64,89,89,0
A_N64_r10,A,64,10,1.1888158920000933,64,106,106,0
A_N64_r10,A,64,10,1.425403019999976,64,123,123,0
A_N64_r10,A,64,10,1.6574681189995317,64,139,139,0
A_N64_r10,A,64,10,1.917888105000202,64,152,152,0
A_N64_r10,A,64,10,2.1515443409998625,64,167,167,0
A_N64_r10,A,64,10,2.393988398000147,64,184,184,0
A_N64_r10,A,64,10,2.628898068000126,64,198,198,0
A_N64_r10,A,64,10,2.8692411700003504,64,213,213,0
A_N64_r10,A,64,10,3.101241989999835,64,226,226,0
A_N64_r10,A,64,10,3.3423159940002733,64,241,241,0
A_N64_r10,A,64,10,3.5887840240002333,64,258,258,0
A_N64_r10,A,64,10,3.827426113999536,64,274,274,0
A_N64_r10,A,64,10,4.078392489999715,64,291,291,0
A_N64_r10,A,64,10,4.329830603000119,64,307,307,0
A_N64_r10,A,64,10,4.563766966000003,64,322,322,0
A_N64_r10,A,64,10,4.805170147999888,64,337,337,0
A_N64_r10,A,64,10,5.038297353999951,64,352,352,0
A_N64_r10,A,64,10,5.283010580999871,64,367,367,0
A_N64_r10,A,64,10,5.4918252259994915,64,385,385,0
A_N64_r10,A,64,10,5.692159985999751,64,399,399,0
A_N64_r10,A,64,10,5.893102531000295,64,414,414,0
A_N64_r10,A,64,10,6.1219666529996175,64,463,463,0
A_N64_r10,A,64,10,6.35155291799947,64,500,500,0
A_N64_r10,A,64,10,6.587015877999875,64,514,514,0
A_N64_r10,A,64,10,6.818854506000207,64,527,527,0
A_N64_r10,A,64,10,7.0634602419995645,64,542,542,0
A_N64_r10,A,64,10,7.310567456999706,64,558,558,0
A_N64_r10,A,64,10,7.556516310000006,64,571,571,0
A_N64_r10,A,64,10,7.796363818999453,64,586,586,0
A_N64_r10,A,64,10,8.032778603000224,64,598,598,0
A_N64_r10,A,64,10,8.273096988999896,64,614,614,0
A_N64_r10,A,64,10,8.500790979999692,64,626,626,0
A_N64_r10,A,64,10,8.73831298999994,64,641,641,0
A_N64_r10,A,64,10,8.977093102000254,64,658,658,0
A_N64_r10,A,64,10,9.212051528999837,64,671,671,0
A_N64_r10,A,64,10,9.457003317999806,64,686,686,0
A_N64_r10,A,64,10,9.695137554999746,64,701,701,0
A_N64_r10,A,64,10,9.934115625000231,64,717,717,0
A_N64_r10,A,64,10,10.17280090999975,64,731,731,0
A_N64_r10,A,64,10,10.394714303,64,745,745,0
A_N64_r10,A,64,10,10.64043202099947,64,758,758,0
A_N64_r10,A,64,10,10.877608437999697,64,775,775,0
A_N64_r10,A,64,10,11.09391841500019,64,792,792,0
A_N64_r10,A,64,10,11.303491413000302,64,818,818,0
A_N64_r10,A,64,10,11.504532795999694,64,828,828,0
A_N64_r10,A,64,10,11.714293971000188,64,861,861,0
A_N64_r10,A,64,10,11.984958461999668,64,913,913,0
A_N64_r10,A,64,10,12.212772648999817,64,945,945,0
A_N64_r10,A,64,10,12.461288272000274,64,961,961,0
A_N64_r10,A,64,10,12.703993666000315,64,976,976,0
A_N64_r10,A,64,10,12.951954273999945,64,992,992,0
A_N64_r10,A,64,10,13.19047977199989,64,1010,1010,0
A_N64_r10,A,64,10,13.441255095000088,64,1027,1027,0
A_N64_r10,A,64,10,13.704694189000293,64,1042,1042,0
A_N64_r10,A,64,10,13.93827692800005,64,1056,1056,0
A_N64_r10,A,64,10,14.183465778000027,64,1069,1069,0
A_N64_r10,A,64,10,14.43654057599997,64,1087,1087,0
A_N64_r10,A,64,10,14.6804170409996,64,1102,1102,0
A_N64_r10,A,64,10,14.911067316000299,64,1117,1117,0
A_N64_r10,A,64,10,15.155824317000224,64,1131,1131,0
A_N64_r10,A,64,10,15.40487502399992,64,1146,1146,0
A_N64_r10,A,64,10,15.638521166999453,64,1159,1159,0
A_N64_r10,A,64,10,15.879253576000337,64,1175,1175,0
A_N64_r10,A,64,10,16.11877928099966,64,1191,1191,0
A_N64_r10,A,64,10,16.357753467999828,64,1207,1207,0
A_N64_r10,A,64,10,16.59584698100025,64,1223,1223,0
A_N64_r10,A,64,10,16.83016335999946,64,1238,1238,0
A_N64_r10,A,64,10,17.043177059999834,64,1257,1257,0
A_N64_r10,A,64,10,17.243377634999888,64,1279,1279,0
A_N64_r10,A,64,10,17.50791337299961,64,1314,1314,0
A_N64_r10,A,64,10,17.74393678100023,64,1356,1356,0
A_N64_r10,A,64,10,17.996526572999755,64,1369,1369,0
A_N64_r10,A,64,10,18.2403300269998,64,1385,1385,0
A_N64_r10,A,64,10,18.480576637999548,64,1400,1400,0
A_N64_r10,A,64,10,18.73659067399967,64,1412,1412,0
A_N64_r10,A,64,10,18.978031857000133,64,1424,1424,0
A_N64_r10,A,64,10,19.226215662999493,64,1438,1438,0
A_N64_r10,A,64,10,19.468694450999465,64,1453,1453,0
A_N64_r10,A,64,10,19.720240611999543,64,1466,1466,0
A_N64_r10,A,64,10,19.96145326199985,64,1481,1481,0
A_N64_r10,A,64,10,20.191833052999755,64,1496,1496,0
A_N64_r10,A,64,10,20.427303554999526,64,1511,1511,0
A_N64_r10,A,64,10,20.66287645200009,64,1527,1527,0
A_N64_r10,A,64,10,20.893404415000077,64,1543,1543,0
A_N64_r10,A,64,10,21.133678985000188,64,1558,1558,0
A_N64_r10,A,64,10,21.375676139999996,64,1573,1573,0
A_N64_r10,A,64,10,21.63343143400016,64,1587,1587,0
A_N64_r10,A,64,10,21.864805426999737,64,1604,1604,0
A_N64_r10,A,64,10,22.103345460000128,64,1621,1621,0
A_N64_r10,A,64,10,22.34245881300012,64,1638,1638,0
A_N64_r10,A,64,10,22.56307685399952,64,1655,1655,0
A_N64_r10,A,64,10,22.763331510999706,64,1674,1674,0
A_N64_r10,A,64,10,22.963710011999865,64,1678,1678,0
A_N64_r10,A,64,10,23.23346995799966,64,1746,1746,0
A_N64_r10,A,64,10,23.4622682979998,64,1759,1759,0
A_N64_r10,A,64,10,23.69820307899954,64,1776,1776,0
A_N64_r10,A,64,10,23.94655076500021,64,1791,1791,0
A_N64_r10,A,64,10,24.178616469999724,64,1805,1805,0
A_N64_r10,A,64,10,24.419563253999513,64,1822,1822,0
A_N64_r10,A,64,10,24.663282290999632,64,1838,1838,0
A_N64_r10,A,64,10,24.8961875519999,64,1855,1855,0
A_N64_r10,A,64,10,25.141048120999585,64,1869,1869,0
A_N64_r10,A,64,10,25.37954403599997,64,1883,1883,0
A_N64_r10,A,64,10,25.63765824100028,64,1899,1899,0
A_N64_r10,A,64,10,25.889763887999834,64,1916,1916,0
A_N64_r10,A,64,10,26.130372202000217,64,1930,1930,0
A_N64_r10,A,64,10,26.382517646999986,64,1946,1946,0
A_N64_r10,A,64,10,26.62542105600005,64,1959,1959,0
A_N64_r10,A,64,10,26.859817317000307,64,1976,1976,0
A_N64_r10,A,64,10,27.110211192999486,64,1990,1990,0
A_N64_r10,A,64,10,27.350260835999507,64,2006,2006,0
A_N64_r10,A,64,10,27.596037170999807,64,2022,2022,0
A_N64_r10,A,64,10,27.83035464400018,64,2036,2036,0
A_N64_r10,A,64,10,28.042541822000203,64,2051,2051,0
A_N64_r10,A,64,10,28.25807104500018,64,2073,2073,0
A_N64_r10,A,64,10,28.495353780000187,64,2111,2111,0
A_N64_r10,A,64,10,28.71006036899962,64,2134,2134,0
A_N64_r10,A,64,10,28.9341815329999,64,2154,2154,0
A_N64_r10,A,64,10,29.147423890999562,64,2173,2173,0
A_N64_r10,A,64,10,29.366403307999462,64,2193,2193,0
A_N64_r10,A,64,10,29.578520174000005,64,2216,2216,0
A_N64_r10,A,64,10,29.793800276000184,64,2237,2237,0
A_N64_r10,A,64,10,30.01269084500018,64,2260,2260,0
A_N64_r10,A,64,10,30.230565893999483,64,2281,2281,0
A_N64_r10,A,64,10,30.450627250999787,64,2302,2302,0
A_N64_r10,A,64,10,30.67364166399966,64,2324,2324,0
A_N64_r10,A,64,10,30.88812032399983,64,2346,2346,0
A_N64_r10,A,64,10,31.10611412900016,64,2372,2372,0
A_N64_r10,A,64,10,31.332418942000004,64,2392,2392,0
A_N64_r10,A,64,10,31.55515427499995,64,2419,2419,0
A_N64_r10,A,64,10,31.779488199999832,64,2439,2439,0
A_N64_r10,A,64,10,32.000826716999654,64,2462,2462,0
A_N64_r10,A,64,10,32.21625301199947,64,2482,2482,0
A_N64_r10,A,64,10,32.43926754899985,64,2503,2503,0
A_N64_r10,A,64,10,32.653836473999945,64,2525,2525,0
A_N64_r10,A,64,10,32.87308877600026,64,2547,2547,0
A_N64_r10,A,64,10,33.101297762000286,64,2574,2574,0
A_N64_r10,A,64,10,33.31656331399972,64,2595,2595,0
A_N64_r10,A,64,10,33.5325655759998,64,2621,2621,0
A_N64_r10,A,64,10,33.73347659799947,64,2630,2630,0
A_N64_r10,A,64,10,33.93568843399953,64,2666,2666,0
A_N64_r10,A,64,10,34.149847181999576,64,2692,2692,0
A_N64_r10,A,64,10,34.4811094380002,64,2755,2755,0
A_N64_r10,A,64,10,34.71816297799978,64,2775,2775,0
A_N64_r10,A,64,10,34.958233174999805,64,2789,2789,0
A_N64_r10,A,64,10,35.204533082000125,64,2804,2804,0
A_N64_r10,A,64,10,35.45060807000027,64,2817,2817,0
A_N64_r10,A,64,10,35.686572710999826,64,2833,2833,0
A_N64_r10,A,64,10,35.929158232999725,64,2847,2847,0
A_N64_r10,A,64,10,36.17283593399952,64,2863,2863,0
A_N64_r10,A,64,10,36.415963859999465,64,2878,2878,0
A_N64_r10,A,64,10,36.66203159700035,64,2897,2897,0
A_N64_r10,A,64,10,36.90354273799949,64,2910,2910,0
A_N64_r10,A,64,10,37.14651896699979,64,2927,2927,0
A_N64_r10,A,64,10,37.38406500899964,64,2942,2942,0
A_N64_r10,A,64,10,37.626495640999565,64,2960,2960,0
A_N64_r10,A,64,10,37.86445003999961,64,2974,2974,0
A_N64_r10,A,64,10,38.10261838599945,64,2990,2990,0
A_N64_r10,A,64,10,38.33916429799956,64,3005,3005,0
A_N64_r10,A,64,10,38.58533465399978,64,3021,3021,0
A_N64_r10,A,64,10,38.83692086999963,64,3038,3038,0
A_N64_r10,A,64,10,39.0675483469995,64,3048,3048,0
A_N64_r10,A,64,10,39.28936804299974,64,3063,3063,0
A_N64_r10,A,64,10,39.50611971200033,64,3091,3090,1
A_N64_r10,A,64,10,39.70698412499951,64,3096,3095,1
A_N64_r10,A,64,10,39.97685259300033,64,3148,3147,1
A_N64_r10,A,64,10,40.21126937899953,64,3178,3177,1
A_N64_r10,A,64,10,40.453535554000155,64,3193,3192,1
A_N64_r10,A,64,10,40.69374179100032,64,3208,3207,1
A_N64_r10,A,64,10,40.93361249000009,64,3223,3222,1
A_N64_r10,A,64,10,41.17777667599967,64,3238,3237,1
A_N64_r10,A,64,10,41.41506481499982,64,3254,3253,1
A_N64_r10,A,64,10,41.65387784499944,64,3269,3268,1
A_N64_r10,A,64,10,41.889900997999575,64,3284,3283,1
A_N64_r10,A,64,10,42.12542401100018,64,3300,3299,1
A_N64_r10,A,64,10,42.3695482940002,64,3316,3315,1
A_N64_r10,A,64,10,42.60176017100002,64,3332,3331,1
A_N64_r10,A,64,10,42.82740235300025,64,3346,3345,1
A_N64_r10,A,64,10,43.06989021299978,64,3362,3361,1
A_N64_r10,A,64,10,43.31293916300001,64,3376,3375,1
A_N64_r10,A,64,10,43.55703542399988,64,3391,3390,1
A_N64_r10,A,64,10,43.790380067000115,64,3405,3404,1
A_N64_r10,A,64,10,44.029630431999976,64,3422,3421,1
A_N64_r10,A,64,10,44.2704479490003,64,3435,3434,1
A_N64_r10,A,64,10,44.519573276999836,64,3452,3451,1
A_N64_r10,A,64,10,44.756387370000084,64,3467,3466,1
A_N64_r10,A,64,10,44.962494712999614,64,3485,3484,1
A_N64_r10,A,64,10,45.16319436199956,64,3500,3499,1
A_N64_r10,A,64,10,45.364195023999855,64,3523,3522,1
A_N64_r10,A,64,10,45.56443317499998,64,3552,3551,1
A_N64_r10,A,64,10,45.79819858199971,64,3603,3602,1
A_N64_r10,A,64,10,46.07471183199959,64,3650,3649,1
A_N64_r10,A,64,10,46.30533329099944,64,3667,3666,1
A_N64_r10,A,64,10,46.54865571600021,64,3682,3681,1
A_N64_r10,A,64,10,46.79719922099957,64,3697,3696,1
A_N64_r10,A,64,10,47.038298749000205,64,3714,3713,1
A_N64_r10,A,64,10,47.29312841199953,64,3730,3729,1
A_N64_r10,A,64,10,47.537037905000034,64,3746,3745,1
A_N64_r10,A,64,10,47.78636182599985,64,3762,3761,1
A_N64_r10,A,64,10,48.0285308499997,64,3776,3775,1
A_N64_r10,A,64,10,48.272844264000014,64,3792,3791,1
A_N64_r10,A,64,10,48.520286588999625,64,3810,3809,1
A_N64_r10,A,64,10,48.75560920299995,64,3826,3825,1
A_N64_r10,A,64,10,49.00599030699959,64,3842,3841,1
A_N64_r10,A,64,10,49.26027654999962,64,3860,3859,1
A_N64_r10,A,64,10,49.49748293900029,64,3877,3876,1
A_N64_r10,A,64,10,49.744365740999456,64,3893,3892,1
A_N64_r10,A,64,10,50.001178280000204,64,3911,3910,1
A_N64_r10,A,64,10,50.239400442999795,64,3924,3923,1
A_N64_r10,A,64,10,50.492077226999754,64,3942,3941,1
A_N64_r10,A,64,10,50.724942801,64,3958,3957,1
A_N64_r10,A,64,10,50.934569557999566,64,3978,3977,1
A_N64_r10,A,64,10,51.13934319399959,64,4003,4002,1
A_N64_r10,A,64,10,51.34042494999994,64,4013,4012,1
A_N64_r10,A,64,10,51.59029460700003,64,4057,4056,1
A_N64_r10,A,64,10,51.82099681899945,64,4095,4094,1
A_N64_r10,A,64,10,52.060374941999726,64,4109,4108,1
A_N64_r10,A,64,10,52.30679325700021,64,4124,4123,1
A_N64_r10,A,64,10,52.536549622000166,64,4136,4135,1
A_N64_r10,A,64,10,52.7771110069998,64,4151,4150,1
A_N64_r10,A,64,10,53.0378756479995,64,4166,4165,1
A_N64_r10,A,64,10,53.26859310300006,64,4180,4179,1
A_N64_r10,A,64,10,53.511726251000255,64,4194,4193,1
A_N64_r10,A,64,10,53.767290492999564,64,4215,4214,1
A_N64_r10,A,64,10,53.99972622600035,64,4230,4229,1
A_N64_r10,A,64,10,54.23483162699995,64,4244,4243,1
A_N64_r10,A,64,10,54.482140289999734,64,4261,4260,1
A_N64_r10,A,64,10,54.71508528199956,64,4276,4275,1
A_N64_r10,A,64,10,54.95706055099981,64,4291,4290,1
A_N64_r10,A,64,10,55.19048896499953,64,4308,4307,1
A_N64_r10,A,64,10,55.4275904039996,64,4321,4320,1
A_N64_r10,A,64,10,55.66684120300033,64,4337,4336,1
A_N64_r10,A,64,10,55.90531432199987,64,4352,4351,1
A_N64_r10,A,64,10,56.13626507400022,64,4366,4365,1
A_N64_r10,A,64,10,56.36791097999958,64,4379,4378,1
A_N64_r10,A,64,10,56.585342129999844,64,4396,4395,1
A_N64_r10,A,64,10,56.79366348300027,64,4422,4421,1
A_N64_r10,A,64,10,56.99565013699976,64,4440,4439,1
A_N64_r10,A,64,10,57.27130362600019,64,4489,4488,1
A_N64_r10,A,64,10,57.52286781800012,64,4522,4521,1
A_N64_r10,A,64,10,57.763573848000306,64,4537,4536,1
A_N64_r10,A,64,10,57.99936861599963,64,4551,4550,1
A_N64_r10,A,64,10,58.25027961700016,64,4568,4567,1
A_N64_r10,A,64,10,58.494614710999485,64,4586,4585,1
A_N64_r10,A,64,10,58.73004579000008,64,4600,4599,1
A_N64_r10,A,64,10,58.97985569699995,64,4618,4617,1
A_N64_r10,A,64,10,59.23264954200022,64,4634,4633,1
A_N64_r10,A,64,10,59.464707436000026,64,4650,4649,1
A_N64_r10,A,64,10,59.71312554799988,64,4666,4665,1
A_N64_r10,A,64,10,59.9578298159995,64,4680,4679,1
A_N64_r10,A,64,10,60.18693956399966,50,4695,4694,1
A_N64_r10,A,64,10,60.40600257400001,36,4709,4708,1
A_N64_r10,A,64,10,60.62583772299968,20,4725,4724,1
A_N64_r10,A,64,10,60.82643169499988,2,4743,4742,1
A_N64_r10,A,64,10,61.027384058999814,0,4745,4744,1
