ts_start,ts_end,rep,port,baud,timeout_s,size_bits,margin_samples,total_time_s,throughput_bps,exit_code,stdout_chars,stderr_chars,error_code
2026-01-23T16:21:41.099468+00:00,2026-01-23T16:21:52.983537+00:00,1,/dev/ttyACM0,115200,2.0,27648,8,11.884048741001607,2326.479855691822,0,6912,0,OK
2026-01-23T16:21:52.983917+00:00,2026-01-23T16:22:04.754962+00:00,2,/dev/ttyACM0,115200,2.0,27648,8,11.771022962002462,2348.818797588734,0,6912,0,OK
2026-01-23T16:22:04.755309+00:00,2026-01-23T16:22:16.635020+00:00,3,/dev/ttyACM0,115200,2.0,27648,8,11.87968997599819,2327.333462056688,0,6912,0,OK
2026-01-23T16:22:16.635375+00:00,2026-01-23T16:22:28.517072+00:00,4,/dev/ttyACM0,115200,2.0,27648,8,11.881674753996776,2326.9446919256666,0,6912,0,OK
2026-01-23T16:22:28.517434+00:00,2026-01-23T16:22:40.374246+00:00,5,/dev/ttyACM0,115200,2.0,27648,8,11.856766574001085,2331.833036219599,0,6912,0,OK
2026-01-23T16:22:40.374592+00:00,2026-01-23T16:22:52.254715+00:00,6,/dev/ttyACM0,115200,2.0,27648,8,11.880101858998387,2327.2527734312716,0,6912,0,OK
2026-01-23T16:22:52.255067+00:00,2026-01-23T16:23:04.134624+00:00,7,/dev/ttyACM0,115200,2.0,27648,8,11.87953464399834,2327.3638933296133,0,6912,0,OK
2026-01-23T16:23:04.134978+00:00,2026-01-23T16:23:16.010137+00:00,8,/dev/ttyACM0,115200,2.0,27648,8,11.875136550999741,2328.2258592363196,0,6912,0,OK
2026-01-23T16:23:16.010507+00:00,2026-01-23T16:23:27.886354+00:00,9,/dev/ttyACM0,115200,2.0,27648,8,11.875824266000564,2328.0910344180306,0,6912,0,OK
2026-01-23T16:23:27.886701+00:00,2026-01-23T16:23:39.765997+00:00,10,/dev/ttyACM0,115200,2.0,27648,8,11.87927314099943,2327.415126484238,0,6912,0,OK
2026-01-23T16:23:39.766424+00:00,2026-01-23T16:23:51.645862+00:00,11,/dev/ttyACM0,115200,2.0,27648,8,11.879415239000082,2327.3872866428396,0,6912,0,OK
2026-01-23T16:23:51.646210+00:00,2026-01-23T16:24:03.623237+00:00,12,/dev/ttyACM0,115200,2.0,27648,8,11.977005526001449,2308.423415183173,0,6912,0,OK
2026-01-23T16:24:03.623588+00:00,2026-01-23T16:24:15.501812+00:00,13,/dev/ttyACM0,115200,2.0,27648,8,11.878203117001249,2327.624786987139,0,6912,0,OK
2026-01-23T16:24:15.502163+00:00,2026-01-23T16:24:27.380933+00:00,14,/dev/ttyACM0,115200,2.0,27648,8,11.878747920000023,2327.518033567291,0,6912,0,OK
2026-01-23T16:24:27.381280+00:00,2026-01-23T16:24:39.258896+00:00,15,/dev/ttyACM0,115200,2.0,27648,8,11.877594285000669,2327.7440983915913,0,6912,0,OK
2026-01-23T16:24:39.259244+00:00,2026-01-23T16:24:51.233236+00:00,16,/dev/ttyACM0,115200,2.0,27648,8,11.973975589000474,2309.0075467832075,0,6912,0,OK
2026-01-23T16:24:51.233457+00:00,2026-01-23T16:25:03.101048+00:00,17,/dev/ttyACM0,115200,2.0,27648,8,11.867572666000342,2329.7097711657025,0,6912,0,OK
2026-01-23T16:25:03.101391+00:00,2026-01-23T16:25:14.977872+00:00,18,/dev/ttyACM0,115200,2.0,27648,8,11.876458991999243,2327.9666118180085,0,6912,0,OK
2026-01-23T16:25:14.978245+00:00,2026-01-23T16:25:26.853573+00:00,19,/dev/ttyACM0,115200,2.0,27648,8,11.875304929999402,2328.1928475079076,0,6912,0,OK
2026-01-23T16:25:26.853931+00:00,2026-01-23T16:25:38.730050+00:00,20,/dev/ttyACM0,115200,2.0,27648,8,11.876096894000511,2328.0375906975833,0,6912,0,OK
2026-01-23T16:25:38.730477+00:00,2026-01-23T16:25:50.713451+00:00,21,/dev/ttyACM0,115200,2.0,27648,8,11.982950416000676,2307.2781777584582,0,6912,0,OK
2026-01-23T16:25:50.713813+00:00,2026-01-23T16:26:02.579067+00:00,22,/dev/ttyACM0,115200,2.0,27648,8,11.865232321000803,2330.169292266159,0,6912,0,OK
2026-01-23T16:26:02.579417+00:00,2026-01-23T16:26:14.446184+00:00,23,/dev/ttyACM0,115200,2.0,27648,8,11.866745195999101,2329.872222192955,0,6912,0,OK
2026-01-23T16:26:14.446561+00:00,2026-01-23T16:26:26.325960+00:00,24,/dev/ttyACM0,115200,2.0,27648,8,11.879375503001938,2327.3950716528243,0,6912,0,OK
2026-01-23T16:26:26.326349+00:00,2026-01-23T16:26:38.301654+00:00,25,/dev/ttyACM0,115200,2.0,27648,8,11.975282142997457,2308.7556242812334,0,6912,0,OK
2026-01-23T16:26:38.302008+00:00,2026-01-23T16:26:50.180130+00:00,26,/dev/ttyACM0,115200,2.0,27648,8,11.878100187997916,2327.644956887684,0,6912,0,OK
2026-01-23T16:26:50.180475+00:00,2026-01-23T16:27:02.057238+00:00,27,/dev/ttyACM0,115200,2.0,27648,8,11.876739305997035,2327.9116673074936,0,6912,0,OK
2026-01-23T16:27:02.057606+00:00,2026-01-23T16:27:13.933231+00:00,28,/dev/ttyACM0,115200,2.0,27648,8,11.875601919000474,2328.134623287123,0,6912,0,OK
2026-01-23T16:27:13.933586+00:00,2026-01-23T16:27:25.901681+00:00,29,/dev/ttyACM0,115200,2.0,27648,8,11.968073756001104,2310.146190913686,0,6912,0,OK
2026-01-23T16:27:25.902028+00:00,2026-01-23T16:27:37.771937+00:00,30,/dev/ttyACM0,115200,2.0,27648,8,11.869887103999645,2329.255515048985,0,6912,0,OK
2026-01-23T16:27:41.300926+00:00,2026-01-23T16:27:42.004257+00:00,31,/dev/ttyACM0,115200,2.0,28672,8,0.7033106919989223,40767.18913302677,2,0,259,NONZERO_EXIT
2026-01-23T16:27:42.004644+00:00,2026-01-23T16:27:42.708777+00:00,32,/dev/ttyACM0,115200,2.0,28672,8,0.704113325002254,40720.717790574716,2,0,259,NONZERO_EXIT
2026-01-23T16:27:42.709141+00:00,2026-01-23T16:27:43.413271+00:00,33,/dev/ttyACM0,115200,2.0,28672,8,0.7041091359969869,40720.96005316241,2,0,259,NONZERO_EXIT
2026-01-23T16:27:43.413655+00:00,2026-01-23T16:27:44.117569+00:00,34,/dev/ttyACM0,115200,2.0,28672,8,0.703894438000134,40733.38053566853,2,0,259,NONZERO_EXIT
2026-01-23T16:27:44.117933+00:00,2026-01-23T16:27:44.821378+00:00,35,/dev/ttyACM0,115200,2.0,28672,8,0.7034236990002682,40760.63976910318,2,0,259,NONZERO_EXIT
2026-01-23T16:27:44.821742+00:00,2026-01-23T16:27:45.529797+00:00,36,/dev/ttyACM0,115200,2.0,28672,8,0.708024382001895,40495.78055339238,2,0,259,NONZERO_EXIT
2026-01-23T16:27:45.530561+00:00,2026-01-23T16:27:46.235811+00:00,37,/dev/ttyACM0,115200,2.0,28672,8,0.7052299730021332,40656.24136470625,2,0,259,NONZERO_EXIT
2026-01-23T16:27:46.236188+00:00,2026-01-23T16:27:46.937943+00:00,38,/dev/ttyACM0,115200,2.0,28672,8,0.7017350409987557,40858.72633521637,2,0,259,NONZERO_EXIT
2026-01-23T16:27:46.938364+00:00,2026-01-23T16:27:47.644119+00:00,39,/dev/ttyACM0,115200,2.0,28672,8,0.7057355650031241,40627.115058135234,2,0,259,NONZERO_EXIT
2026-01-23T16:27:47.644493+00:00,2026-01-23T16:27:48.347155+00:00,40,/dev/ttyACM0,115200,2.0,28672,8,0.7026416699991387,40806.0057127485,2,0,259,NONZERO_EXIT
2026-01-23T16:27:48.347547+00:00,2026-01-23T16:27:49.052383+00:00,41,/dev/ttyACM0,115200,2.0,28672,8,0.7048116160003701,40680.37380357951,2,0,259,NONZERO_EXIT
2026-01-23T16:27:49.052912+00:00,2026-01-23T16:27:49.757226+00:00,42,/dev/ttyACM0,115200,2.0,28672,8,0.7042912169999909,40710.43242897685,2,0,259,NONZERO_EXIT
2026-01-23T16:27:49.757601+00:00,2026-01-23T16:27:50.461773+00:00,43,/dev/ttyACM0,115200,2.0,28672,8,0.7041513220028719,40718.52044308604,2,0,259,NONZERO_EXIT
2026-01-23T16:27:50.462191+00:00,2026-01-23T16:27:51.165443+00:00,44,/dev/ttyACM0,115200,2.0,28672,8,0.7032324710016837,40771.72369353143,2,0,259,NONZERO_EXIT
2026-01-23T16:27:51.165822+00:00,2026-01-23T16:27:51.868936+00:00,45,/dev/ttyACM0,115200,2.0,28672,8,0.7030940430013288,40779.75099548072,2,0,259,NONZERO_EXIT
2026-01-23T16:27:51.869298+00:00,2026-01-23T16:27:52.573877+00:00,46,/dev/ttyACM0,115200,2.0,28672,8,0.7045573200011859,40695.05657815285,2,0,259,NONZERO_EXIT
2026-01-23T16:27:52.574346+00:00,2026-01-23T16:27:53.272852+00:00,47,/dev/ttyACM0,115200,2.0,28672,8,0.6984786229986639,41049.21619062183,2,0,259,NONZERO_EXIT
2026-01-23T16:27:53.273348+00:00,2026-01-23T16:27:53.977467+00:00,48,/dev/ttyACM0,115200,2.0,28672,8,0.7040986630017869,40721.565750121634,2,0,259,NONZERO_EXIT
2026-01-23T16:27:53.979939+00:00,2026-01-23T16:27:54.684018+00:00,49,/dev/ttyACM0,115200,2.0,28672,8,0.7040412520000245,40724.88638776382,2,0,259,NONZERO_EXIT
2026-01-23T16:27:54.684619+00:00,2026-01-23T16:27:55.396611+00:00,50,/dev/ttyACM0,115200,2.0,28672,8,0.7119728770012443,40271.19701632944,2,0,259,NONZERO_EXIT
2026-01-23T16:27:55.397005+00:00,2026-01-23T16:27:56.100864+00:00,51,/dev/ttyACM0,115200,2.0,28672,8,0.7038375209995138,40736.67450874618,2,0,259,NONZERO_EXIT
2026-01-23T16:27:56.101231+00:00,2026-01-23T16:27:56.805345+00:00,52,/dev/ttyACM0,115200,2.0,28672,8,0.7040950320006232,40721.775750257846,2,0,259,NONZERO_EXIT
2026-01-23T16:27:56.805738+00:00,2026-01-23T16:27:57.508424+00:00,53,/dev/ttyACM0,115200,2.0,28672,8,0.7026645820005797,40804.67513869419,2,0,259,NONZERO_EXIT
2026-01-23T16:27:57.508797+00:00,2026-01-23T16:27:58.217991+00:00,54,/dev/ttyACM0,115200,2.0,28672,8,0.7091753260028781,40430.058616962706,2,0,259,NONZERO_EXIT
2026-01-23T16:27:58.218390+00:00,2026-01-23T16:27:58.925810+00:00,55,/dev/ttyACM0,115200,2.0,28672,8,0.7073994329984998,40531.556377513814,2,0,259,NONZERO_EXIT
2026-01-23T16:27:58.926184+00:00,2026-01-23T16:27:59.632140+00:00,56,/dev/ttyACM0,115200,2.0,28672,8,0.7059337140017306,40615.71140648159,2,0,259,NONZERO_EXIT
2026-01-23T16:27:59.632740+00:00,2026-01-23T16:28:00.340632+00:00,57,/dev/ttyACM0,115200,2.0,28672,8,0.7078710129972023,40504.55446480236,2,0,259,NONZERO_EXIT
2026-01-23T16:28:00.340997+00:00,2026-01-23T16:28:01.045824+00:00,58,/dev/ttyACM0,115200,2.0,28672,8,0.7048018419991422,40680.93794799545,2,0,259,NONZERO_EXIT
2026-01-23T16:28:01.046369+00:00,2026-01-23T16:28:01.749316+00:00,59,/dev/ttyACM0,115200,2.0,28672,8,0.7029216049995739,40789.75492582474,2,0,259,NONZERO_EXIT
2026-01-23T16:28:01.750015+00:00,2026-01-23T16:28:02.456858+00:00,60,/dev/ttyACM0,115200,2.0,28672,8,0.7068230929980928,40564.605605036966,2,0,259,NONZERO_EXIT
2026-01-23T16:28:06.492586+00:00,2026-01-23T16:28:07.294106+00:00,61,/dev/ttyACM0,115200,2.0,29696,8,0.801499868000974,37050.53635762285,2,0,259,NONZERO_EXIT
2026-01-23T16:28:07.294509+00:00,2026-01-23T16:28:08.100043+00:00,62,/dev/ttyACM0,115200,2.0,29696,8,0.8055134540009021,36865.92676075494,2,0,259,NONZERO_EXIT
2026-01-23T16:28:08.100491+00:00,2026-01-23T16:28:08.904487+00:00,63,/dev/ttyACM0,115200,2.0,29696,8,0.8039746780013957,36936.48669858785,2,0,259,NONZERO_EXIT
2026-01-23T16:28:08.904863+00:00,2026-01-23T16:28:09.707943+00:00,64,/dev/ttyACM0,115200,2.0,29696,8,0.80306560399913,36978.298973482335,2,0,259,NONZERO_EXIT
2026-01-23T16:28:09.708172+00:00,2026-01-23T16:28:10.515854+00:00,65,/dev/ttyACM0,115200,2.0,29696,8,0.8076646830013487,36767.7337204435,2,0,259,NONZERO_EXIT
2026-01-23T16:28:10.516235+00:00,2026-01-23T16:28:11.328233+00:00,66,/dev/ttyACM0,115200,2.0,29696,8,0.8119784520022222,36572.39909110141,2,0,259,NONZERO_EXIT
2026-01-23T16:28:11.328593+00:00,2026-01-23T16:28:12.132244+00:00,67,/dev/ttyACM0,115200,2.0,29696,8,0.8036275609993027,36952.44095793993,2,0,259,NONZERO_EXIT
2026-01-23T16:28:12.132727+00:00,2026-01-23T16:28:12.933948+00:00,68,/dev/ttyACM0,115200,2.0,29696,8,0.8011979400034761,37064.49869288376,2,0,259,NONZERO_EXIT
2026-01-23T16:28:12.934342+00:00,2026-01-23T16:28:13.731767+00:00,69,/dev/ttyACM0,115200,2.0,29696,8,0.7974045000009937,37240.82319570932,2,0,259,NONZERO_EXIT
2026-01-23T16:28:13.732204+00:00,2026-01-23T16:28:14.539882+00:00,70,/dev/ttyACM0,115200,2.0,29696,8,0.8076574900005653,36768.06117402467,2,0,259,NONZERO_EXIT
2026-01-23T16:28:14.540268+00:00,2026-01-23T16:28:15.345928+00:00,71,/dev/ttyACM0,115200,2.0,29696,8,0.8056397319996904,36860.148302630405,2,0,259,NONZERO_EXIT
2026-01-23T16:28:15.346316+00:00,2026-01-23T16:28:16.143289+00:00,72,/dev/ttyACM0,115200,2.0,29696,8,0.7969471010001143,37262.1971555371,2,0,259,NONZERO_EXIT
2026-01-23T16:28:16.143854+00:00,2026-01-23T16:28:16.949289+00:00,73,/dev/ttyACM0,115200,2.0,29696,8,0.8054106489980768,36870.63243693331,2,0,259,NONZERO_EXIT
2026-01-23T16:28:16.949671+00:00,2026-01-23T16:28:17.752019+00:00,74,/dev/ttyACM0,115200,2.0,29696,8,0.8023091409995686,37013.1642311875,2,0,259,NONZERO_EXIT
2026-01-23T16:28:17.752584+00:00,2026-01-23T16:28:18.552387+00:00,75,/dev/ttyACM0,115200,2.0,29696,8,0.7997774799987383,37130.32780073633,2,0,259,NONZERO_EXIT
2026-01-23T16:28:18.553058+00:00,2026-01-23T16:28:19.359982+00:00,76,/dev/ttyACM0,115200,2.0,29696,8,0.806901582996943,36802.50556667021,2,0,259,NONZERO_EXIT
2026-01-23T16:28:19.360641+00:00,2026-01-23T16:28:20.169283+00:00,77,/dev/ttyACM0,115200,2.0,29696,8,0.8086206929983746,36724.26424048944,2,0,259,NONZERO_EXIT
2026-01-23T16:28:20.169653+00:00,2026-01-23T16:28:20.976057+00:00,78,/dev/ttyACM0,115200,2.0,29696,8,0.8063839789974736,36826.12846167798,2,0,259,NONZERO_EXIT
2026-01-23T16:28:20.976435+00:00,2026-01-23T16:28:21.777653+00:00,79,/dev/ttyACM0,115200,2.0,29696,8,0.8011970350016782,37064.54055953639,2,0,259,NONZERO_EXIT
2026-01-23T16:28:21.778026+00:00,2026-01-23T16:28:22.584247+00:00,80,/dev/ttyACM0,115200,2.0,29696,8,0.8062062299977697,36834.247733464115,2,0,259,NONZERO_EXIT
2026-01-23T16:28:22.584493+00:00,2026-01-23T16:28:23.392512+00:00,81,/dev/ttyACM0,115200,2.0,29696,8,0.8080018180007755,36752.39255460623,2,0,259,NONZERO_EXIT
2026-01-23T16:28:23.392934+00:00,2026-01-23T16:28:24.197418+00:00,82,/dev/ttyACM0,115200,2.0,29696,8,0.8044615579965466,36914.13182496345,2,0,259,NONZERO_EXIT
2026-01-23T16:28:24.197923+00:00,2026-01-23T16:28:25.003832+00:00,83,/dev/ttyACM0,115200,2.0,29696,8,0.8058938940012013,36848.523386325265,2,0,259,NONZERO_EXIT
2026-01-23T16:28:25.004055+00:00,2026-01-23T16:28:25.807998+00:00,84,/dev/ttyACM0,115200,2.0,29696,8,0.8039151080010924,36939.22368723495,2,0,259,NONZERO_EXIT
2026-01-23T16:28:25.808714+00:00,2026-01-23T16:28:26.617075+00:00,85,/dev/ttyACM0,115200,2.0,29696,8,0.8083402779993776,36737.00396755791,2,0,259,NONZERO_EXIT
2026-01-23T16:28:26.617497+00:00,2026-01-23T16:28:27.421990+00:00,86,/dev/ttyACM0,115200,2.0,29696,8,0.8044714759998897,36913.67672556743,2,0,259,NONZERO_EXIT
2026-01-23T16:28:27.422490+00:00,2026-01-23T16:28:28.220973+00:00,87,/dev/ttyACM0,115200,2.0,29696,8,0.7984604579978622,37191.57248495768,2,0,259,NONZERO_EXIT
2026-01-23T16:28:28.221366+00:00,2026-01-23T16:28:29.020915+00:00,88,/dev/ttyACM0,115200,2.0,29696,8,0.7995287030025793,37141.88107128432,2,0,259,NONZERO_EXIT
2026-01-23T16:28:29.021291+00:00,2026-01-23T16:28:29.823798+00:00,89,/dev/ttyACM0,115200,2.0,29696,8,0.8024887110004784,37004.88192908959,2,0,259,NONZERO_EXIT
2026-01-23T16:28:29.824188+00:00,2026-01-23T16:28:30.627409+00:00,90,/dev/ttyACM0,115200,2.0,29696,8,0.8032052980015578,36971.86768300227,2,0,259,NONZERO_EXIT
2026-01-23T16:28:34.645294+00:00,2026-01-23T16:28:35.453027+00:00,91,/dev/ttyACM0,115200,2.0,30720,8,0.8077137199979916,38033.277434084426,2,0,259,NONZERO_EXIT
2026-01-23T16:28:35.453403+00:00,2026-01-23T16:28:36.256502+00:00,92,/dev/ttyACM0,115200,2.0,30720,8,0.8030778370011831,38252.83003041553,2,0,259,NONZERO_EXIT
2026-01-23T16:28:36.256921+00:00,2026-01-23T16:28:37.052581+00:00,93,/dev/ttyACM0,115200,2.0,30720,8,0.795630152002559,38610.90473089712,2,0,259,NONZERO_EXIT
2026-01-23T16:28:37.053392+00:00,2026-01-23T16:28:37.861413+00:00,94,/dev/ttyACM0,115200,2.0,30720,8,0.8079975620021287,38019.91669860888,2,0,259,NONZERO_EXIT
2026-01-23T16:28:37.861794+00:00,2026-01-23T16:28:38.664078+00:00,95,/dev/ttyACM0,115200,2.0,30720,8,0.8022681500006001,38291.43659757279,2,0,259,NONZERO_EXIT
2026-01-23T16:28:38.664316+00:00,2026-01-23T16:28:39.467449+00:00,96,/dev/ttyACM0,115200,2.0,30720,8,0.8031160419996013,38251.01030669644,2,0,259,NONZERO_EXIT
2026-01-23T16:28:39.467827+00:00,2026-01-23T16:28:40.272866+00:00,97,/dev/ttyACM0,115200,2.0,30720,8,0.8050171620016044,38160.677125960174,2,0,259,NONZERO_EXIT
2026-01-23T16:28:40.273506+00:00,2026-01-23T16:28:41.077118+00:00,98,/dev/ttyACM0,115200,2.0,30720,8,0.8035912530031055,38228.39022350743,2,0,259,NONZERO_EXIT
2026-01-23T16:28:41.077496+00:00,2026-01-23T16:28:41.885081+00:00,99,/dev/ttyACM0,115200,2.0,30720,8,0.807565726001485,38040.247389032345,2,0,259,NONZERO_EXIT
2026-01-23T16:28:41.885466+00:00,2026-01-23T16:28:42.693751+00:00,100,/dev/ttyACM0,115200,2.0,30720,8,0.8082634559978032,38007.40930700137,2,0,259,NONZERO_EXIT
2026-01-23T16:28:42.694145+00:00,2026-01-23T16:28:43.505324+00:00,101,/dev/ttyACM0,115200,2.0,30720,8,0.8111587180028437,37871.74977991459,2,0,259,NONZERO_EXIT
2026-01-23T16:28:43.505689+00:00,2026-01-23T16:28:44.308124+00:00,102,/dev/ttyACM0,115200,2.0,30720,8,0.8024206190020777,38284.16079113797,2,0,259,NONZERO_EXIT
2026-01-23T16:28:44.308355+00:00,2026-01-23T16:28:45.109304+00:00,103,/dev/ttyACM0,115200,2.0,30720,8,0.8009324790000392,38355.29311828357,2,0,259,NONZERO_EXIT
2026-01-23T16:28:45.109698+00:00,2026-01-23T16:28:45.907728+00:00,104,/dev/ttyACM0,115200,2.0,30720,8,0.7980102580004313,38495.74575266098,2,0,259,NONZERO_EXIT
2026-01-23T16:28:45.908114+00:00,2026-01-23T16:28:46.712075+00:00,105,/dev/ttyACM0,115200,2.0,30720,8,0.8039395609994244,38211.82771726044,2,0,259,NONZERO_EXIT
2026-01-23T16:28:46.712455+00:00,2026-01-23T16:28:47.517653+00:00,106,/dev/ttyACM0,115200,2.0,30720,8,0.805178012997203,38153.05373981531,2,0,259,NONZERO_EXIT
2026-01-23T16:28:47.518022+00:00,2026-01-23T16:28:48.324655+00:00,107,/dev/ttyACM0,115200,2.0,30720,8,0.8066190089994052,38084.894674262076,2,0,259,NONZERO_EXIT
2026-01-23T16:28:48.325050+00:00,2026-01-23T16:28:49.132108+00:00,108,/dev/ttyACM0,115200,2.0,30720,8,0.8070408599996881,38064.98719285647,2,0,259,NONZERO_EXIT
2026-01-23T16:28:49.132493+00:00,2026-01-23T16:28:49.939371+00:00,109,/dev/ttyACM0,115200,2.0,30720,8,0.8068501199995808,38073.985785632605,2,0,259,NONZERO_EXIT
2026-01-23T16:28:49.939932+00:00,2026-01-23T16:28:50.747857+00:00,110,/dev/ttyACM0,115200,2.0,30720,8,0.8079049560001295,38024.27472668589,2,0,259,NONZERO_EXIT
2026-01-23T16:28:50.748247+00:00,2026-01-23T16:28:51.553926+00:00,111,/dev/ttyACM0,115200,2.0,30720,8,0.8056562979982118,38130.40384135144,2,0,259,NONZERO_EXIT
2026-01-23T16:28:51.554636+00:00,2026-01-23T16:28:52.362203+00:00,112,/dev/ttyACM0,115200,2.0,30720,8,0.8075416339997901,38041.38227256774,2,0,259,NONZERO_EXIT
2026-01-23T16:28:52.362731+00:00,2026-01-23T16:28:53.168246+00:00,113,/dev/ttyACM0,115200,2.0,30720,8,0.8054956590021902,38138.00814029771,2,0,259,NONZERO_EXIT
2026-01-23T16:28:53.168611+00:00,2026-01-23T16:28:53.972339+00:00,114,/dev/ttyACM0,115200,2.0,30720,8,0.8037066370015964,38222.901971554806,2,0,259,NONZERO_EXIT
2026-01-23T16:28:53.972772+00:00,2026-01-23T16:28:54.780926+00:00,115,/dev/ttyACM0,115200,2.0,30720,8,0.8081341809993319,38013.489247555284,2,0,259,NONZERO_EXIT
2026-01-23T16:28:54.781289+00:00,2026-01-23T16:28:55.589050+00:00,116,/dev/ttyACM0,115200,2.0,30720,8,0.8077457149993279,38031.77092685111,2,0,259,NONZERO_EXIT
2026-01-23T16:28:55.589276+00:00,2026-01-23T16:28:56.398875+00:00,117,/dev/ttyACM0,115200,2.0,30720,8,0.8095779710019997,37945.69652380539,2,0,259,NONZERO_EXIT
2026-01-23T16:28:56.399395+00:00,2026-01-23T16:28:57.205572+00:00,118,/dev/ttyACM0,115200,2.0,30720,8,0.8061542779978481,38106.84981576442,2,0,259,NONZERO_EXIT
2026-01-23T16:28:57.205936+00:00,2026-01-23T16:28:58.011747+00:00,119,/dev/ttyACM0,115200,2.0,30720,8,0.805790677000914,38124.04496207041,2,0,259,NONZERO_EXIT
2026-01-23T16:28:58.012108+00:00,2026-01-23T16:28:58.816914+00:00,120,/dev/ttyACM0,115200,2.0,30720,8,0.8047857800011116,38171.64860934492,2,0,259,NONZERO_EXIT
2026-01-23T16:29:02.848792+00:00,2026-01-23T16:29:03.652822+00:00,121,/dev/ttyACM0,115200,2.0,31744,8,0.8040175800015277,39481.723770193785,2,0,259,NONZERO_EXIT
2026-01-23T16:29:03.653056+00:00,2026-01-23T16:29:04.456411+00:00,122,/dev/ttyACM0,115200,2.0,31744,8,0.803337941000791,39515.1260507547,2,0,259,NONZERO_EXIT
2026-01-23T16:29:04.456780+00:00,2026-01-23T16:29:05.260625+00:00,123,/dev/ttyACM0,115200,2.0,31744,8,0.8038268400014204,39491.09238495185,2,0,259,NONZERO_EXIT
2026-01-23T16:29:05.260997+00:00,2026-01-23T16:29:06.063072+00:00,124,/dev/ttyACM0,115200,2.0,31744,8,0.8020526250002149,39578.45035416659,2,0,259,NONZERO_EXIT
2026-01-23T16:29:06.063483+00:00,2026-01-23T16:29:06.869534+00:00,125,/dev/ttyACM0,115200,2.0,31744,8,0.8060301010009425,39383.14457559306,2,0,259,NONZERO_EXIT
2026-01-23T16:29:06.869928+00:00,2026-01-23T16:29:07.675476+00:00,126,/dev/ttyACM0,115200,2.0,31744,8,0.8055221350005013,39407.97976951961,2,0,259,NONZERO_EXIT
2026-01-23T16:29:07.675999+00:00,2026-01-23T16:29:08.481814+00:00,127,/dev/ttyACM0,115200,2.0,31744,8,0.8057913089978683,39394.81556270294,2,0,259,NONZERO_EXIT
2026-01-23T16:29:08.482192+00:00,2026-01-23T16:29:09.284721+00:00,128,/dev/ttyACM0,115200,2.0,31744,8,0.8025092569987464,39555.93000723428,2,0,259,NONZERO_EXIT
2026-01-23T16:29:09.285095+00:00,2026-01-23T16:29:10.092622+00:00,129,/dev/ttyACM0,115200,2.0,31744,8,0.8074998040028731,39311.46465007322,2,0,259,NONZERO_EXIT
2026-01-23T16:29:10.093122+00:00,2026-01-23T16:29:10.902954+00:00,130,/dev/ttyACM0,115200,2.0,31744,8,0.8098082479991717,39199.403165417585,2,0,259,NONZERO_EXIT
2026-01-23T16:29:10.903547+00:00,2026-01-23T16:29:11.712093+00:00,131,/dev/ttyACM0,115200,2.0,31744,8,0.8085145499971986,39262.12583324566,2,0,259,NONZERO_EXIT
2026-01-23T16:29:11.712641+00:00,2026-01-23T16:29:12.520770+00:00,132,/dev/ttyACM0,115200,2.0,31744,8,0.8081065289989056,39281.94966983492,2,0,259,NONZERO_EXIT
2026-01-23T16:29:12.521141+00:00,2026-01-23T16:29:13.324679+00:00,133,/dev/ttyACM0,115200,2.0,31744,8,0.8035168810019968,39506.32618995482,2,0,259,NONZERO_EXIT
2026-01-23T16:29:13.325044+00:00,2026-01-23T16:29:14.128822+00:00,134,/dev/ttyACM0,115200,2.0,31744,8,0.8037578389994451,39494.48261620241,2,0,259,NONZERO_EXIT
2026-01-23T16:29:14.129184+00:00,2026-01-23T16:29:14.932448+00:00,135,/dev/ttyACM0,115200,2.0,31744,8,0.8032368810017942,39520.097683274944,2,0,259,NONZERO_EXIT
2026-01-23T16:29:14.932986+00:00,2026-01-23T16:29:15.736071+00:00,136,/dev/ttyACM0,115200,2.0,31744,8,0.8030651379995106,39528.54942635966,2,0,259,NONZERO_EXIT
2026-01-23T16:29:15.736460+00:00,2026-01-23T16:29:16.544608+00:00,137,/dev/ttyACM0,115200,2.0,31744,8,0.8081285309999657,39280.8801846415,2,0,259,NONZERO_EXIT
2026-01-23T16:29:16.544972+00:00,2026-01-23T16:29:17.344111+00:00,138,/dev/ttyACM0,115200,2.0,31744,8,0.7991135039992514,39724.01897994924,2,0,259,NONZERO_EXIT
2026-01-23T16:29:17.344685+00:00,2026-01-23T16:29:18.150291+00:00,139,/dev/ttyACM0,115200,2.0,31744,8,0.8055805269978009,39405.12330691759,2,0,259,NONZERO_EXIT
2026-01-23T16:29:18.150656+00:00,2026-01-23T16:29:18.953222+00:00,140,/dev/ttyACM0,115200,2.0,31744,8,0.8025453700029175,39554.15006616336,2,0,259,NONZERO_EXIT
2026-01-23T16:29:18.953611+00:00,2026-01-23T16:29:19.760725+00:00,141,/dev/ttyACM0,115200,2.0,31744,8,0.807094159998087,39331.22251816968,2,0,259,NONZERO_EXIT
2026-01-23T16:29:19.761156+00:00,2026-01-23T16:29:20.565247+00:00,142,/dev/ttyACM0,115200,2.0,31744,8,0.8040711560024647,39479.0930666125,2,0,259,NONZERO_EXIT
2026-01-23T16:29:20.565617+00:00,2026-01-23T16:29:21.369819+00:00,143,/dev/ttyACM0,115200,2.0,31744,8,0.804182204999961,39473.6414243356,2,0,259,NONZERO_EXIT
2026-01-23T16:29:21.372327+00:00,2026-01-23T16:29:22.181051+00:00,144,/dev/ttyACM0,115200,2.0,31744,8,0.8086992879980244,39253.15685461262,2,0,259,NONZERO_EXIT
2026-01-23T16:29:22.181450+00:00,2026-01-23T16:29:22.986293+00:00,145,/dev/ttyACM0,115200,2.0,31744,8,0.8048230829990644,39442.20869226349,2,0,259,NONZERO_EXIT
2026-01-23T16:29:22.986660+00:00,2026-01-23T16:29:23.791910+00:00,146,/dev/ttyACM0,115200,2.0,31744,8,0.8052304070006358,39422.256939155726,2,0,259,NONZERO_EXIT
2026-01-23T16:29:23.792274+00:00,2026-01-23T16:29:24.600410+00:00,147,/dev/ttyACM0,115200,2.0,31744,8,0.8081165199982934,39281.46401470303,2,0,259,NONZERO_EXIT
2026-01-23T16:29:24.600777+00:00,2026-01-23T16:29:25.409069+00:00,148,/dev/ttyACM0,115200,2.0,31744,8,0.808272759000829,39273.87091362737,2,0,259,NONZERO_EXIT
2026-01-23T16:29:25.409435+00:00,2026-01-23T16:29:26.214788+00:00,149,/dev/ttyACM0,115200,2.0,31744,8,0.8053326570006902,39417.25164632532,2,0,259,NONZERO_EXIT
2026-01-23T16:29:26.215171+00:00,2026-01-23T16:29:27.026020+00:00,150,/dev/ttyACM0,115200,2.0,31744,8,0.8108308210030373,39149.96714201259,2,0,259,NONZERO_EXIT
2026-01-23T16:29:31.057385+00:00,2026-01-23T16:29:31.862047+00:00,151,/dev/ttyACM0,115200,2.0,32768,8,0.8046426820001216,40723.66620988551,2,0,259,NONZERO_EXIT
2026-01-23T16:29:31.862496+00:00,2026-01-23T16:29:32.665238+00:00,152,/dev/ttyACM0,115200,2.0,32768,8,0.8027206789993215,40821.17336362739,2,0,259,NONZERO_EXIT
2026-01-23T16:29:32.665620+00:00,2026-01-23T16:29:33.464273+00:00,153,/dev/ttyACM0,115200,2.0,32768,8,0.7986334790002729,41030.08559197754,2,0,259,NONZERO_EXIT
2026-01-23T16:29:33.464642+00:00,2026-01-23T16:29:34.271699+00:00,154,/dev/ttyACM0,115200,2.0,32768,8,0.8070313759999408,40603.13015637003,2,0,259,NONZERO_EXIT
2026-01-23T16:29:34.272386+00:00,2026-01-23T16:29:35.078875+00:00,155,/dev/ttyACM0,115200,2.0,32768,8,0.8064650910018827,40631.64092979135,2,0,259,NONZERO_EXIT
2026-01-23T16:29:35.079413+00:00,2026-01-23T16:29:35.884268+00:00,156,/dev/ttyACM0,115200,2.0,32768,8,0.8048339819979446,40713.986651825646,2,0,259,NONZERO_EXIT
2026-01-23T16:29:35.884635+00:00,2026-01-23T16:29:36.697095+00:00,157,/dev/ttyACM0,115200,2.0,32768,8,0.8124420970016217,40332.72047439781,2,0,259,NONZERO_EXIT
2026-01-23T16:29:36.697471+00:00,2026-01-23T16:29:37.500564+00:00,158,/dev/ttyACM0,115200,2.0,32768,8,0.8030786939998507,40802.97515651199,2,0,259,NONZERO_EXIT
2026-01-23T16:29:37.500792+00:00,2026-01-23T16:29:38.304294+00:00,159,/dev/ttyACM0,115200,2.0,32768,8,0.8034848309980589,40782.35050100051,2,0,259,NONZERO_EXIT
2026-01-23T16:29:38.304672+00:00,2026-01-23T16:29:39.108493+00:00,160,/dev/ttyACM0,115200,2.0,32768,8,0.803801427999133,40766.287367226905,2,0,259,NONZERO_EXIT
2026-01-23T16:29:39.108889+00:00,2026-01-23T16:29:39.912939+00:00,161,/dev/ttyACM0,115200,2.0,32768,8,0.8040303730012965,40754.67930108551,2,0,259,NONZERO_EXIT
2026-01-23T16:29:39.913314+00:00,2026-01-23T16:29:40.717751+00:00,162,/dev/ttyACM0,115200,2.0,32768,8,0.8044115049997345,40735.36964145089,2,0,259,NONZERO_EXIT
2026-01-23T16:29:40.718285+00:00,2026-01-23T16:29:41.524393+00:00,163,/dev/ttyACM0,115200,2.0,32768,8,0.806093110000802,40650.3908710588,2,0,259,NONZERO_EXIT
2026-01-23T16:29:41.524625+00:00,2026-01-23T16:29:42.337013+00:00,164,/dev/ttyACM0,115200,2.0,32768,8,0.8123709289975523,40336.25383472915,2,0,259,NONZERO_EXIT
2026-01-23T16:29:42.337388+00:00,2026-01-23T16:29:43.141350+00:00,165,/dev/ttyACM0,115200,2.0,32768,8,0.8039418139996997,40759.16867288637,2,0,259,NONZERO_EXIT
2026-01-23T16:29:43.141788+00:00,2026-01-23T16:29:43.948188+00:00,166,/dev/ttyACM0,115200,2.0,32768,8,0.806380583999271,40635.89904097892,2,0,259,NONZERO_EXIT
2026-01-23T16:29:43.948411+00:00,2026-01-23T16:29:44.753081+00:00,167,/dev/ttyACM0,115200,2.0,32768,8,0.8046523240009265,40723.17822568331,2,0,259,NONZERO_EXIT
2026-01-23T16:29:44.753459+00:00,2026-01-23T16:29:45.562737+00:00,168,/dev/ttyACM0,115200,2.0,32768,8,0.8092431599980046,40492.155658233554,2,0,259,NONZERO_EXIT
2026-01-23T16:29:45.565627+00:00,2026-01-23T16:29:46.375274+00:00,169,/dev/ttyACM0,115200,2.0,32768,8,0.8096020129996759,40474.2076648136,2,0,259,NONZERO_EXIT
2026-01-23T16:29:46.375660+00:00,2026-01-23T16:29:47.180709+00:00,170,/dev/ttyACM0,115200,2.0,32768,8,0.8050272410000616,40704.21264166574,2,0,259,NONZERO_EXIT
2026-01-23T16:29:47.181102+00:00,2026-01-23T16:29:47.984939+00:00,171,/dev/ttyACM0,115200,2.0,32768,8,0.8038148410014401,40765.6071131701,2,0,259,NONZERO_EXIT
2026-01-23T16:29:47.985584+00:00,2026-01-23T16:29:48.794212+00:00,172,/dev/ttyACM0,115200,2.0,32768,8,0.8086080110006151,40523.96161577859,2,0,259,NONZERO_EXIT
2026-01-23T16:29:48.794599+00:00,2026-01-23T16:29:49.600414+00:00,173,/dev/ttyACM0,115200,2.0,32768,8,0.8057946049993916,40665.44972713579,2,0,259,NONZERO_EXIT
2026-01-23T16:29:49.600780+00:00,2026-01-23T16:29:50.410245+00:00,174,/dev/ttyACM0,115200,2.0,32768,8,0.809419026998512,40483.35770102948,2,0,259,NONZERO_EXIT
2026-01-23T16:29:50.410719+00:00,2026-01-23T16:29:51.216292+00:00,175,/dev/ttyACM0,115200,2.0,32768,8,0.8055475019973528,40677.923919758716,2,0,259,NONZERO_EXIT
2026-01-23T16:29:51.216663+00:00,2026-01-23T16:29:52.025725+00:00,176,/dev/ttyACM0,115200,2.0,32768,8,0.8090429229996516,40502.17741044885,2,0,259,NONZERO_EXIT
2026-01-23T16:29:52.026092+00:00,2026-01-23T16:29:52.832596+00:00,177,/dev/ttyACM0,115200,2.0,32768,8,0.8064810899995791,40630.83487799708,2,0,259,NONZERO_EXIT
2026-01-23T16:29:52.833257+00:00,2026-01-23T16:29:53.637650+00:00,178,/dev/ttyACM0,115200,2.0,32768,8,0.8043747020019509,40737.23342920415,2,0,259,NONZERO_EXIT
2026-01-23T16:29:53.638031+00:00,2026-01-23T16:29:54.443956+00:00,179,/dev/ttyACM0,115200,2.0,32768,8,0.8059048180002719,40659.88844850031,2,0,259,NONZERO_EXIT
2026-01-23T16:29:54.444326+00:00,2026-01-23T16:29:55.255301+00:00,180,/dev/ttyACM0,115200,2.0,32768,8,0.8109520059988427,40406.83019168309,2,0,259,NONZERO_EXIT
2026-01-23T16:29:59.272778+00:00,2026-01-23T16:30:00.076750+00:00,181,/dev/ttyACM0,115200,2.0,33792,8,0.8039488020003773,42032.52733994887,2,0,259,NONZERO_EXIT
2026-01-23T16:30:00.077135+00:00,2026-01-23T16:30:00.877096+00:00,182,/dev/ttyACM0,115200,2.0,33792,8,0.7999374530008936,42243.3027397734,2,0,259,NONZERO_EXIT
2026-01-23T16:30:00.877765+00:00,2026-01-23T16:30:01.685950+00:00,183,/dev/ttyACM0,115200,2.0,33792,8,0.8081585769978119,41813.575901813994,2,0,259,NONZERO_EXIT
2026-01-23T16:30:01.686530+00:00,2026-01-23T16:30:02.492771+00:00,184,/dev/ttyACM0,115200,2.0,33792,8,0.8062176469975384,41914.24006389081,2,0,259,NONZERO_EXIT
2026-01-23T16:30:02.493161+00:00,2026-01-23T16:30:03.313002+00:00,185,/dev/ttyACM0,115200,2.0,33792,8,0.8198186900008295,41218.869991809785,2,0,259,NONZERO_EXIT
2026-01-23T16:30:03.313449+00:00,2026-01-23T16:30:04.116411+00:00,186,/dev/ttyACM0,115200,2.0,33792,8,0.8029376900012721,42085.45746550577,2,0,259,NONZERO_EXIT
2026-01-23T16:30:04.116823+00:00,2026-01-23T16:30:04.924620+00:00,187,/dev/ttyACM0,115200,2.0,33792,8,0.8077800299979572,41833.170844896296,2,0,259,NONZERO_EXIT
2026-01-23T16:30:04.924859+00:00,2026-01-23T16:30:05.733871+00:00,188,/dev/ttyACM0,115200,2.0,33792,8,0.8089894279983127,41770.63238466755,2,0,259,NONZERO_EXIT
2026-01-23T16:30:05.734449+00:00,2026-01-23T16:30:06.537058+00:00,189,/dev/ttyACM0,115200,2.0,33792,8,0.8025865210001939,42103.87181420386,2,0,259,NONZERO_EXIT
2026-01-23T16:30:06.537439+00:00,2026-01-23T16:30:07.336523+00:00,190,/dev/ttyACM0,115200,2.0,33792,8,0.7990616259994567,42289.60433149742,2,0,259,NONZERO_EXIT
2026-01-23T16:30:07.336963+00:00,2026-01-23T16:30:08.142259+00:00,191,/dev/ttyACM0,115200,2.0,33792,8,0.8052664589995402,41963.74954196285,2,0,259,NONZERO_EXIT
2026-01-23T16:30:08.142693+00:00,2026-01-23T16:30:08.947103+00:00,192,/dev/ttyACM0,115200,2.0,33792,8,0.8043889540022064,42009.527644392925,2,0,259,NONZERO_EXIT
2026-01-23T16:30:08.947476+00:00,2026-01-23T16:30:09.753773+00:00,193,/dev/ttyACM0,115200,2.0,33792,8,0.8062768050003797,41911.16473948929,2,0,259,NONZERO_EXIT
2026-01-23T16:30:09.754138+00:00,2026-01-23T16:30:10.560092+00:00,194,/dev/ttyACM0,115200,2.0,33792,8,0.8059352740019676,41928.92542375245,2,0,259,NONZERO_EXIT
2026-01-23T16:30:10.560471+00:00,2026-01-23T16:30:11.369728+00:00,195,/dev/ttyACM0,115200,2.0,33792,8,0.809236952001811,41757.855862128716,2,0,259,NONZERO_EXIT
2026-01-23T16:30:11.370098+00:00,2026-01-23T16:30:12.177251+00:00,196,/dev/ttyACM0,115200,2.0,33792,8,0.8071215550007764,41867.2996534797,2,0,259,NONZERO_EXIT
2026-01-23T16:30:12.177723+00:00,2026-01-23T16:30:12.989984+00:00,197,/dev/ttyACM0,115200,2.0,33792,8,0.8122404019995884,41603.44636490654,2,0,259,NONZERO_EXIT
2026-01-23T16:30:12.990393+00:00,2026-01-23T16:30:13.796966+00:00,198,/dev/ttyACM0,115200,2.0,33792,8,0.8065538730006665,41896.76738428119,2,0,259,NONZERO_EXIT
2026-01-23T16:30:13.797366+00:00,2026-01-23T16:30:14.602611+00:00,199,/dev/ttyACM0,115200,2.0,33792,8,0.8052224599996407,41966.04252694973,2,0,259,NONZERO_EXIT
2026-01-23T16:30:14.602992+00:00,2026-01-23T16:30:15.412383+00:00,200,/dev/ttyACM0,115200,2.0,33792,8,0.809370561997639,41750.962521538524,2,0,259,NONZERO_EXIT
2026-01-23T16:30:15.412830+00:00,2026-01-23T16:30:16.221355+00:00,201,/dev/ttyACM0,115200,2.0,33792,8,0.8085014390017022,41795.84397737708,2,0,259,NONZERO_EXIT
2026-01-23T16:30:16.224135+00:00,2026-01-23T16:30:17.023971+00:00,202,/dev/ttyACM0,115200,2.0,33792,8,0.7997977020022518,42250.68403597997,2,0,259,NONZERO_EXIT
2026-01-23T16:30:17.024357+00:00,2026-01-23T16:30:17.832335+00:00,203,/dev/ttyACM0,115200,2.0,33792,8,0.8079566650012566,41824.02530208405,2,0,259,NONZERO_EXIT
2026-01-23T16:30:17.832719+00:00,2026-01-23T16:30:18.638075+00:00,204,/dev/ttyACM0,115200,2.0,33792,8,0.8053340700025728,41960.22651803623,2,0,259,NONZERO_EXIT
2026-01-23T16:30:18.638497+00:00,2026-01-23T16:30:19.445687+00:00,205,/dev/ttyACM0,115200,2.0,33792,8,0.8071561280012247,41865.50634717938,2,0,259,NONZERO_EXIT
2026-01-23T16:30:19.446140+00:00,2026-01-23T16:30:20.248514+00:00,206,/dev/ttyACM0,115200,2.0,33792,8,0.8023545770010969,42116.04316672802,2,0,259,NONZERO_EXIT
2026-01-23T16:30:20.248918+00:00,2026-01-23T16:30:21.051947+00:00,207,/dev/ttyACM0,115200,2.0,33792,8,0.803006768997875,42081.837046244655,2,0,259,NONZERO_EXIT
2026-01-23T16:30:21.052331+00:00,2026-01-23T16:30:21.859922+00:00,208,/dev/ttyACM0,115200,2.0,33792,8,0.8075631030005752,41844.40803999428,2,0,259,NONZERO_EXIT
2026-01-23T16:30:21.860492+00:00,2026-01-23T16:30:22.670094+00:00,209,/dev/ttyACM0,115200,2.0,33792,8,0.8095756229995459,41740.38723497849,2,0,259,NONZERO_EXIT
2026-01-23T16:30:22.670505+00:00,2026-01-23T16:30:23.476980+00:00,210,/dev/ttyACM0,115200,2.0,33792,8,0.8064551879979263,41901.89424398234,2,0,259,NONZERO_EXIT
2026-01-23T16:30:27.509112+00:00,2026-01-23T16:30:28.313941+00:00,211,/dev/ttyACM0,115200,2.0,34816,8,0.8048071080011141,43260.05530253319,2,0,259,NONZERO_EXIT
2026-01-23T16:30:28.314355+00:00,2026-01-23T16:30:29.116231+00:00,212,/dev/ttyACM0,115200,2.0,34816,8,0.8018547849969764,43419.33309050626,2,0,259,NONZERO_EXIT
2026-01-23T16:30:29.116709+00:00,2026-01-23T16:30:29.923757+00:00,213,/dev/ttyACM0,115200,2.0,34816,8,0.8070276910002576,43141.022778100545,2,0,259,NONZERO_EXIT
2026-01-23T16:30:29.924124+00:00,2026-01-23T16:30:30.732491+00:00,214,/dev/ttyACM0,115200,2.0,34816,8,0.8083473699989554,43070.592287626285,2,0,259,NONZERO_EXIT
2026-01-23T16:30:30.732860+00:00,2026-01-23T16:30:31.542477+00:00,215,/dev/ttyACM0,115200,2.0,34816,8,0.8095910610027204,43004.427391871875,2,0,259,NONZERO_EXIT
2026-01-23T16:30:31.542918+00:00,2026-01-23T16:30:32.345022+00:00,216,/dev/ttyACM0,115200,2.0,34816,8,0.8020831009998801,43406.97361233297,2,0,259,NONZERO_EXIT
2026-01-23T16:30:32.345435+00:00,2026-01-23T16:30:33.148638+00:00,217,/dev/ttyACM0,115200,2.0,34816,8,0.8031753029972606,43347.9464197603,2,0,259,NONZERO_EXIT
2026-01-23T16:30:33.149242+00:00,2026-01-23T16:30:33.959735+00:00,218,/dev/ttyACM0,115200,2.0,34816,8,0.8104786929980037,42957.32916952298,2,0,259,NONZERO_EXIT
2026-01-23T16:30:33.959971+00:00,2026-01-23T16:30:34.766388+00:00,219,/dev/ttyACM0,115200,2.0,34816,8,0.806405391998851,43174.31448926821,2,0,259,NONZERO_EXIT
2026-01-23T16:30:34.766620+00:00,2026-01-23T16:30:35.572793+00:00,220,/dev/ttyACM0,115200,2.0,34816,8,0.8061566830001539,43187.634282743216,2,0,259,NONZERO_EXIT
2026-01-23T16:30:35.573180+00:00,2026-01-23T16:30:36.381689+00:00,221,/dev/ttyACM0,115200,2.0,34816,8,0.808488173999649,43063.09123578487,2,0,259,NONZERO_EXIT
2026-01-23T16:30:36.382091+00:00,2026-01-23T16:30:37.187408+00:00,222,/dev/ttyACM0,115200,2.0,34816,8,0.8052900740003679,43234.110445504004,2,0,259,NONZERO_EXIT
2026-01-23T16:30:37.187942+00:00,2026-01-23T16:30:37.988077+00:00,223,/dev/ttyACM0,115200,2.0,34816,8,0.8001125590017182,43513.877651713294,2,0,259,NONZERO_EXIT
2026-01-23T16:30:37.988453+00:00,2026-01-23T16:30:38.800075+00:00,224,/dev/ttyACM0,115200,2.0,34816,8,0.811596876999829,42898.14437027132,2,0,259,NONZERO_EXIT
2026-01-23T16:30:38.802790+00:00,2026-01-23T16:30:39.611370+00:00,225,/dev/ttyACM0,115200,2.0,34816,8,0.8085228870004357,43061.24237146207,2,0,259,NONZERO_EXIT
2026-01-23T16:30:39.611905+00:00,2026-01-23T16:30:40.415885+00:00,226,/dev/ttyACM0,115200,2.0,34816,8,0.8039601980017324,43305.62643093058,2,0,259,NONZERO_EXIT
2026-01-23T16:30:40.416207+00:00,2026-01-23T16:30:41.219883+00:00,227,/dev/ttyACM0,115200,2.0,34816,8,0.8036595259982278,43321.82830378941,2,0,259,NONZERO_EXIT
2026-01-23T16:30:41.220256+00:00,2026-01-23T16:30:42.029625+00:00,228,/dev/ttyACM0,115200,2.0,34816,8,0.8093497570007457,43017.24896912265,2,0,259,NONZERO_EXIT
2026-01-23T16:30:42.029989+00:00,2026-01-23T16:30:42.831650+00:00,229,/dev/ttyACM0,115200,2.0,34816,8,0.801641488000314,43430.885902435184,2,0,259,NONZERO_EXIT
2026-01-23T16:30:42.832012+00:00,2026-01-23T16:30:43.641696+00:00,230,/dev/ttyACM0,115200,2.0,34816,8,0.8096594400012691,43000.79549488786,2,0,259,NONZERO_EXIT
2026-01-23T16:30:43.642285+00:00,2026-01-23T16:30:44.445333+00:00,231,/dev/ttyACM0,115200,2.0,34816,8,0.8030229089999921,43356.172793820435,2,0,259,NONZERO_EXIT
2026-01-23T16:30:44.445855+00:00,2026-01-23T16:30:45.248375+00:00,232,/dev/ttyACM0,115200,2.0,34816,8,0.8024986700002046,43384.495578031456,2,0,259,NONZERO_EXIT
2026-01-23T16:30:45.248745+00:00,2026-01-23T16:30:46.056305+00:00,233,/dev/ttyACM0,115200,2.0,34816,8,0.8075407600008475,43113.61323726057,2,0,259,NONZERO_EXIT
2026-01-23T16:30:46.056670+00:00,2026-01-23T16:30:46.861212+00:00,234,/dev/ttyACM0,115200,2.0,34816,8,0.8045230629977596,43275.32870253709,2,0,259,NONZERO_EXIT
2026-01-23T16:30:46.861634+00:00,2026-01-23T16:30:47.665180+00:00,235,/dev/ttyACM0,115200,2.0,34816,8,0.803526615996816,43328.99409537165,2,0,259,NONZERO_EXIT
2026-01-23T16:30:47.665561+00:00,2026-01-23T16:30:48.475618+00:00,236,/dev/ttyACM0,115200,2.0,34816,8,0.8100428790021397,42980.4407920831,2,0,259,NONZERO_EXIT
2026-01-23T16:30:48.475919+00:00,2026-01-23T16:30:49.281686+00:00,237,/dev/ttyACM0,115200,2.0,34816,8,0.8057502019983076,43209.42137358984,2,0,259,NONZERO_EXIT
2026-01-23T16:30:49.282057+00:00,2026-01-23T16:30:50.082303+00:00,238,/dev/ttyACM0,115200,2.0,34816,8,0.8002201199997216,43508.0287659002,2,0,259,NONZERO_EXIT
2026-01-23T16:30:50.082839+00:00,2026-01-23T16:30:50.891078+00:00,239,/dev/ttyACM0,115200,2.0,34816,8,0.8082099940002081,43077.913238463414,2,0,259,NONZERO_EXIT
2026-01-23T16:30:50.891488+00:00,2026-01-23T16:30:51.687894+00:00,240,/dev/ttyACM0,115200,2.0,34816,8,0.7963849129992013,43717.55344897514,2,0,259,NONZERO_EXIT
2026-01-23T16:30:56.221189+00:00,2026-01-23T16:30:57.124722+00:00,241,/dev/ttyACM0,115200,2.0,35840,8,0.9035138260005624,39667.350923280384,2,0,259,NONZERO_EXIT
2026-01-23T16:30:57.125098+00:00,2026-01-23T16:30:58.027885+00:00,242,/dev/ttyACM0,115200,2.0,35840,8,0.9027665780013194,39700.18482446259,2,0,259,NONZERO_EXIT
2026-01-23T16:30:58.028248+00:00,2026-01-23T16:30:58.936764+00:00,243,/dev/ttyACM0,115200,2.0,35840,8,0.908481952999864,39450.42593488411,2,0,259,NONZERO_EXIT
2026-01-23T16:30:58.937421+00:00,2026-01-23T16:30:59.841425+00:00,244,/dev/ttyACM0,115200,2.0,35840,8,0.9039813539966417,39646.835459100796,2,0,259,NONZERO_EXIT
2026-01-23T16:30:59.841913+00:00,2026-01-23T16:31:00.748140+00:00,245,/dev/ttyACM0,115200,2.0,35840,8,0.9062038920019404,39549.598403096745,2,0,259,NONZERO_EXIT
2026-01-23T16:31:00.748521+00:00,2026-01-23T16:31:01.657031+00:00,246,/dev/ttyACM0,115200,2.0,35840,8,0.9084899160006898,39450.080148135385,2,0,259,NONZERO_EXIT
2026-01-23T16:31:01.657394+00:00,2026-01-23T16:31:02.564568+00:00,247,/dev/ttyACM0,115200,2.0,35840,8,0.9071531950030476,39508.2111791268,2,0,259,NONZERO_EXIT
2026-01-23T16:31:02.564942+00:00,2026-01-23T16:31:03.466106+00:00,248,/dev/ttyACM0,115200,2.0,35840,8,0.9011448310011474,39771.63133719886,2,0,259,NONZERO_EXIT
2026-01-23T16:31:03.466707+00:00,2026-01-23T16:31:04.373512+00:00,249,/dev/ttyACM0,115200,2.0,35840,8,0.906774997998582,39524.68923283662,2,0,259,NONZERO_EXIT
2026-01-23T16:31:04.374198+00:00,2026-01-23T16:31:05.280880+00:00,250,/dev/ttyACM0,115200,2.0,35840,8,0.9066550079987792,39529.92007302546,2,0,259,NONZERO_EXIT
2026-01-23T16:31:05.281281+00:00,2026-01-23T16:31:06.186295+00:00,251,/dev/ttyACM0,115200,2.0,35840,8,0.9049902349979675,39602.63725948434,2,0,259,NONZERO_EXIT
2026-01-23T16:31:06.186813+00:00,2026-01-23T16:31:07.097334+00:00,252,/dev/ttyACM0,115200,2.0,35840,8,0.9105005519995757,39362.96350539357,2,0,259,NONZERO_EXIT
2026-01-23T16:31:07.097713+00:00,2026-01-23T16:31:08.000114+00:00,253,/dev/ttyACM0,115200,2.0,35840,8,0.9023800009999832,39717.19226964635,2,0,259,NONZERO_EXIT
2026-01-23T16:31:08.000494+00:00,2026-01-23T16:31:08.911714+00:00,254,/dev/ttyACM0,115200,2.0,35840,8,0.9111961859998701,39332.912659936344,2,0,259,NONZERO_EXIT
2026-01-23T16:31:08.912150+00:00,2026-01-23T16:31:09.816640+00:00,255,/dev/ttyACM0,115200,2.0,35840,8,0.9044699070000206,39625.42006386419,2,0,259,NONZERO_EXIT
2026-01-23T16:31:09.817016+00:00,2026-01-23T16:31:10.720828+00:00,256,/dev/ttyACM0,115200,2.0,35840,8,0.9037819570003194,39655.58254665106,2,0,259,NONZERO_EXIT
2026-01-23T16:31:10.721456+00:00,2026-01-23T16:31:11.628377+00:00,257,/dev/ttyACM0,115200,2.0,35840,8,0.9069009960003314,39519.19796985966,2,0,259,NONZERO_EXIT
2026-01-23T16:31:11.628745+00:00,2026-01-23T16:31:12.532823+00:00,258,/dev/ttyACM0,115200,2.0,35840,8,0.9040587439994852,39643.441577088946,2,0,259,NONZERO_EXIT
2026-01-23T16:31:12.533192+00:00,2026-01-23T16:31:13.440618+00:00,259,/dev/ttyACM0,115200,2.0,35840,8,0.9074060290004127,39497.20285579423,2,0,259,NONZERO_EXIT
2026-01-23T16:31:13.440984+00:00,2026-01-23T16:31:14.344168+00:00,260,/dev/ttyACM0,115200,2.0,35840,8,0.903164896000817,39682.67606358295,2,0,259,NONZERO_EXIT
2026-01-23T16:31:14.344556+00:00,2026-01-23T16:31:15.244412+00:00,261,/dev/ttyACM0,115200,2.0,35840,8,0.8998359100005473,39829.4840222349,2,0,259,NONZERO_EXIT
2026-01-23T16:31:15.244779+00:00,2026-01-23T16:31:16.151405+00:00,262,/dev/ttyACM0,115200,2.0,35840,8,0.906606329997885,39532.04253502577,2,0,259,NONZERO_EXIT
2026-01-23T16:31:16.151785+00:00,2026-01-23T16:31:17.053373+00:00,263,/dev/ttyACM0,115200,2.0,35840,8,0.9015679420008382,39752.96628278591,2,0,259,NONZERO_EXIT
2026-01-23T16:31:17.053748+00:00,2026-01-23T16:31:17.958362+00:00,264,/dev/ttyACM0,115200,2.0,35840,8,0.9045933220004372,39620.01390939151,2,0,259,NONZERO_EXIT
2026-01-23T16:31:17.958744+00:00,2026-01-23T16:31:18.863650+00:00,265,/dev/ttyACM0,115200,2.0,35840,8,0.9048864530013816,39607.17931086684,2,0,259,NONZERO_EXIT
2026-01-23T16:31:18.864012+00:00,2026-01-23T16:31:19.771579+00:00,266,/dev/ttyACM0,115200,2.0,35840,8,0.9075515139993513,39490.87125871471,2,0,259,NONZERO_EXIT
2026-01-23T16:31:19.771816+00:00,2026-01-23T16:31:20.678055+00:00,267,/dev/ttyACM0,115200,2.0,35840,8,0.9062205200025346,39548.872717977916,2,0,259,NONZERO_EXIT
2026-01-23T16:31:20.678466+00:00,2026-01-23T16:31:21.588322+00:00,268,/dev/ttyACM0,115200,2.0,35840,8,0.9098355829992215,39391.73260497844,2,0,259,NONZERO_EXIT
2026-01-23T16:31:21.590868+00:00,2026-01-23T16:31:22.489955+00:00,269,/dev/ttyACM0,115200,2.0,35840,8,0.8990584919993125,39863.92467112964,2,0,259,NONZERO_EXIT
2026-01-23T16:31:22.490376+00:00,2026-01-23T16:31:23.397443+00:00,270,/dev/ttyACM0,115200,2.0,35840,8,0.9070459229988046,39512.88362722428,2,0,259,NONZERO_EXIT
2026-01-23T16:31:27.924789+00:00,2026-01-23T16:31:28.829961+00:00,271,/dev/ttyACM0,115200,2.0,36864,8,0.9051490640013071,40726.99344905555,2,0,259,NONZERO_EXIT
2026-01-23T16:31:28.830567+00:00,2026-01-23T16:31:29.733988+00:00,272,/dev/ttyACM0,115200,2.0,36864,8,0.9033974769990891,40805.958549336494,2,0,259,NONZERO_EXIT
2026-01-23T16:31:29.734380+00:00,2026-01-23T16:31:30.632813+00:00,273,/dev/ttyACM0,115200,2.0,36864,8,0.8984124480011815,41032.378927981554,2,0,259,NONZERO_EXIT
2026-01-23T16:31:30.633181+00:00,2026-01-23T16:31:31.536149+00:00,274,/dev/ttyACM0,115200,2.0,36864,8,0.9029444770021655,40826.43057122502,2,0,259,NONZERO_EXIT
2026-01-23T16:31:31.536795+00:00,2026-01-23T16:31:32.437866+00:00,275,/dev/ttyACM0,115200,2.0,36864,8,0.9010516689995711,40912.19323851843,2,0,259,NONZERO_EXIT
2026-01-23T16:31:32.438287+00:00,2026-01-23T16:31:33.341824+00:00,276,/dev/ttyACM0,115200,2.0,36864,8,0.9035162799991667,40800.59298990606,2,0,259,NONZERO_EXIT
2026-01-23T16:31:33.342186+00:00,2026-01-23T16:31:34.247495+00:00,277,/dev/ttyACM0,115200,2.0,36864,8,0.9052843509998638,40720.90714843865,2,0,259,NONZERO_EXIT
2026-01-23T16:31:34.248037+00:00,2026-01-23T16:31:35.151697+00:00,278,/dev/ttyACM0,115200,2.0,36864,8,0.9036377379998157,40795.10897984156,2,0,259,NONZERO_EXIT
2026-01-23T16:31:35.152144+00:00,2026-01-23T16:31:36.058346+00:00,279,/dev/ttyACM0,115200,2.0,36864,8,0.9061829490019591,40680.52708407373,2,0,259,NONZERO_EXIT
2026-01-23T16:31:36.058717+00:00,2026-01-23T16:31:36.968834+00:00,280,/dev/ttyACM0,115200,2.0,36864,8,0.9100979869981529,40505.52855477837,2,0,259,NONZERO_EXIT
2026-01-23T16:31:36.969223+00:00,2026-01-23T16:31:37.872426+00:00,281,/dev/ttyACM0,115200,2.0,36864,8,0.9031829920022574,40815.649017345386,2,0,259,NONZERO_EXIT
2026-01-23T16:31:37.872812+00:00,2026-01-23T16:31:38.774897+00:00,282,/dev/ttyACM0,115200,2.0,36864,8,0.9020664160016167,40866.17054584363,2,0,259,NONZERO_EXIT
2026-01-23T16:31:38.775294+00:00,2026-01-23T16:31:39.680591+00:00,283,/dev/ttyACM0,115200,2.0,36864,8,0.905275901001005,40721.28724429513,2,0,259,NONZERO_EXIT
2026-01-23T16:31:39.680961+00:00,2026-01-23T16:31:40.588235+00:00,284,/dev/ttyACM0,115200,2.0,36864,8,0.9072494489992096,40632.70585687853,2,0,259,NONZERO_EXIT
2026-01-23T16:31:40.588656+00:00,2026-01-23T16:31:41.491750+00:00,285,/dev/ttyACM0,115200,2.0,36864,8,0.903073339999537,40820.60489131359,2,0,259,NONZERO_EXIT
2026-01-23T16:31:41.492126+00:00,2026-01-23T16:31:42.394717+00:00,286,/dev/ttyACM0,115200,2.0,36864,8,0.9025683770014439,40843.44293389865,2,0,259,NONZERO_EXIT
2026-01-23T16:31:42.395387+00:00,2026-01-23T16:31:43.302025+00:00,287,/dev/ttyACM0,115200,2.0,36864,8,0.9066115059977164,40661.29732098596,2,0,259,NONZERO_EXIT
2026-01-23T16:31:43.302594+00:00,2026-01-23T16:31:44.208026+00:00,288,/dev/ttyACM0,115200,2.0,36864,8,0.9054085339994344,40715.32199631667,2,0,259,NONZERO_EXIT
2026-01-23T16:31:44.208572+00:00,2026-01-23T16:31:45.118526+00:00,289,/dev/ttyACM0,115200,2.0,36864,8,0.9099322520014539,40512.90622891461,2,0,259,NONZERO_EXIT
2026-01-23T16:31:45.119085+00:00,2026-01-23T16:31:46.024902+00:00,290,/dev/ttyACM0,115200,2.0,36864,8,0.9057956030010246,40697.923326040145,2,0,259,NONZERO_EXIT
2026-01-23T16:31:46.025292+00:00,2026-01-23T16:31:46.929036+00:00,291,/dev/ttyACM0,115200,2.0,36864,8,0.903724695002893,40791.18364678747,2,0,259,NONZERO_EXIT
2026-01-23T16:31:46.929434+00:00,2026-01-23T16:31:47.826023+00:00,292,/dev/ttyACM0,115200,2.0,36864,8,0.8965691630000947,41116.73869826829,2,0,259,NONZERO_EXIT
2026-01-23T16:31:47.826420+00:00,2026-01-23T16:31:48.732552+00:00,293,/dev/ttyACM0,115200,2.0,36864,8,0.9061093380005332,40683.831910777975,2,0,259,NONZERO_EXIT
2026-01-23T16:31:48.732965+00:00,2026-01-23T16:31:49.637880+00:00,294,/dev/ttyACM0,115200,2.0,36864,8,0.9048861810006201,40738.82525118895,2,0,259,NONZERO_EXIT
2026-01-23T16:31:49.638476+00:00,2026-01-23T16:31:50.540023+00:00,295,/dev/ttyACM0,115200,2.0,36864,8,0.9015226929986966,40890.81759814703,2,0,259,NONZERO_EXIT
2026-01-23T16:31:50.540399+00:00,2026-01-23T16:31:51.443567+00:00,296,/dev/ttyACM0,115200,2.0,36864,8,0.9031482139980653,40817.22072704998,2,0,259,NONZERO_EXIT
2026-01-23T16:31:51.443930+00:00,2026-01-23T16:31:52.353234+00:00,297,/dev/ttyACM0,115200,2.0,36864,8,0.9092834139992192,40541.81505177181,2,0,259,NONZERO_EXIT
2026-01-23T16:31:52.353676+00:00,2026-01-23T16:31:53.258613+00:00,298,/dev/ttyACM0,115200,2.0,36864,8,0.9049114660010673,40737.6869285426,2,0,259,NONZERO_EXIT
2026-01-23T16:31:53.259072+00:00,2026-01-23T16:31:54.161284+00:00,299,/dev/ttyACM0,115200,2.0,36864,8,0.9021922060019278,40860.472696126606,2,0,259,NONZERO_EXIT
2026-01-23T16:31:54.161660+00:00,2026-01-23T16:31:55.069803+00:00,300,/dev/ttyACM0,115200,2.0,36864,8,0.9081224179972196,40593.64604311846,2,0,259,NONZERO_EXIT
2026-01-23T16:31:59.601129+00:00,2026-01-23T16:32:00.507647+00:00,301,/dev/ttyACM0,115200,2.0,37888,8,0.9064968279999448,41796.06461899534,2,0,259,NONZERO_EXIT
2026-01-23T16:32:00.508032+00:00,2026-01-23T16:32:01.409865+00:00,302,/dev/ttyACM0,115200,2.0,37888,8,0.9018045809971227,42013.5368552989,2,0,259,NONZERO_EXIT
2026-01-23T16:32:01.410543+00:00,2026-01-23T16:32:02.314641+00:00,303,/dev/ttyACM0,115200,2.0,37888,8,0.904075449998345,41908.00668248359,2,0,259,NONZERO_EXIT
2026-01-23T16:32:02.315001+00:00,2026-01-23T16:32:03.224794+00:00,304,/dev/ttyACM0,115200,2.0,37888,8,0.9097732939990237,41645.539883302685,2,0,259,NONZERO_EXIT
2026-01-23T16:32:03.225163+00:00,2026-01-23T16:32:04.132577+00:00,305,/dev/ttyACM0,115200,2.0,37888,8,0.9073903979988245,41754.90514728709,2,0,259,NONZERO_EXIT
2026-01-23T16:32:04.133133+00:00,2026-01-23T16:32:05.036846+00:00,306,/dev/ttyACM0,115200,2.0,37888,8,0.9036870540003292,41926.018340400165,2,0,259,NONZERO_EXIT
2026-01-23T16:32:05.039375+00:00,2026-01-23T16:32:05.948762+00:00,307,/dev/ttyACM0,115200,2.0,37888,8,0.9093640860010055,41664.28010876835,2,0,259,NONZERO_EXIT
2026-01-23T16:32:05.949259+00:00,2026-01-23T16:32:06.856517+00:00,308,/dev/ttyACM0,115200,2.0,37888,8,0.9072385609979392,41761.893319794704,2,0,259,NONZERO_EXIT
2026-01-23T16:32:06.856885+00:00,2026-01-23T16:32:07.755067+00:00,309,/dev/ttyACM0,115200,2.0,37888,8,0.8981609549991845,42183.97581092178,2,0,259,NONZERO_EXIT
2026-01-23T16:32:07.755434+00:00,2026-01-23T16:32:08.661281+00:00,310,/dev/ttyACM0,115200,2.0,37888,8,0.9058256420030375,41827.034081546735,2,0,259,NONZERO_EXIT
2026-01-23T16:32:08.661925+00:00,2026-01-23T16:32:09.578003+00:00,311,/dev/ttyACM0,115200,2.0,37888,8,0.9160584469973401,41359.80637937397,2,0,259,NONZERO_EXIT
2026-01-23T16:32:09.578478+00:00,2026-01-23T16:32:10.485324+00:00,312,/dev/ttyACM0,115200,2.0,37888,8,0.9068256509999628,41780.90899636622,2,0,259,NONZERO_EXIT
2026-01-23T16:32:10.485711+00:00,2026-01-23T16:32:11.391768+00:00,313,/dev/ttyACM0,115200,2.0,37888,8,0.9060408980003558,41817.096870151574,2,0,259,NONZERO_EXIT
2026-01-23T16:32:11.392028+00:00,2026-01-23T16:32:12.301296+00:00,314,/dev/ttyACM0,115200,2.0,37888,8,0.9092495450022398,41669.52868797605,2,0,259,NONZERO_EXIT
2026-01-23T16:32:12.301668+00:00,2026-01-23T16:32:13.201470+00:00,315,/dev/ttyACM0,115200,2.0,37888,8,0.8997812390007311,42108.012878860674,2,0,259,NONZERO_EXIT
2026-01-23T16:32:13.201884+00:00,2026-01-23T16:32:14.106652+00:00,316,/dev/ttyACM0,115200,2.0,37888,8,0.9047488070027612,41876.81675482372,2,0,259,NONZERO_EXIT
2026-01-23T16:32:14.107033+00:00,2026-01-23T16:32:15.005094+00:00,317,/dev/ttyACM0,115200,2.0,37888,8,0.8980329350015381,42189.98939046162,2,0,259,NONZERO_EXIT
2026-01-23T16:32:15.005541+00:00,2026-01-23T16:32:15.913351+00:00,318,/dev/ttyACM0,115200,2.0,37888,8,0.9077882259989565,41736.60652880461,2,0,259,NONZERO_EXIT
2026-01-23T16:32:15.913860+00:00,2026-01-23T16:32:16.819687+00:00,319,/dev/ttyACM0,115200,2.0,37888,8,0.9058060880015546,41827.937018607205,2,0,259,NONZERO_EXIT
2026-01-23T16:32:16.820154+00:00,2026-01-23T16:32:17.724525+00:00,320,/dev/ttyACM0,115200,2.0,37888,8,0.9043492370001331,41895.31925263782,2,0,259,NONZERO_EXIT
2026-01-23T16:32:17.724923+00:00,2026-01-23T16:32:18.631813+00:00,321,/dev/ttyACM0,115200,2.0,37888,8,0.9068697939983394,41778.875259428234,2,0,259,NONZERO_EXIT
2026-01-23T16:32:18.632189+00:00,2026-01-23T16:32:19.533412+00:00,322,/dev/ttyACM0,115200,2.0,37888,8,0.9012035879968607,42041.55476590488,2,0,259,NONZERO_EXIT
2026-01-23T16:32:19.535854+00:00,2026-01-23T16:32:20.440500+00:00,323,/dev/ttyACM0,115200,2.0,37888,8,0.9046213459987484,41882.717191655145,2,0,259,NONZERO_EXIT
2026-01-23T16:32:20.440870+00:00,2026-01-23T16:32:21.352888+00:00,324,/dev/ttyACM0,115200,2.0,37888,8,0.9119982110023557,41543.94114255794,2,0,259,NONZERO_EXIT
2026-01-23T16:32:21.353247+00:00,2026-01-23T16:32:22.257220+00:00,325,/dev/ttyACM0,115200,2.0,37888,8,0.9039539279983728,41913.640536852894,2,0,259,NONZERO_EXIT
2026-01-23T16:32:22.257594+00:00,2026-01-23T16:32:23.165072+00:00,326,/dev/ttyACM0,115200,2.0,37888,8,0.9074590589989384,41751.74584933459,2,0,259,NONZERO_EXIT
2026-01-23T16:32:23.165474+00:00,2026-01-23T16:32:24.068644+00:00,327,/dev/ttyACM0,115200,2.0,37888,8,0.9031489910012169,41950.99632232103,2,0,259,NONZERO_EXIT
2026-01-23T16:32:24.069005+00:00,2026-01-23T16:32:24.969279+00:00,328,/dev/ttyACM0,115200,2.0,37888,8,0.9002526100011892,42085.965182539105,2,0,259,NONZERO_EXIT
2026-01-23T16:32:24.969686+00:00,2026-01-23T16:32:25.875328+00:00,329,/dev/ttyACM0,115200,2.0,37888,8,0.9056146510010876,41836.778985540615,2,0,259,NONZERO_EXIT
2026-01-23T16:32:25.875872+00:00,2026-01-23T16:32:26.780835+00:00,330,/dev/ttyACM0,115200,2.0,37888,8,0.9049406680023822,41867.93824133922,2,0,259,NONZERO_EXIT
2026-01-23T16:32:31.305521+00:00,2026-01-23T16:32:32.209572+00:00,331,/dev/ttyACM0,115200,2.0,38912,8,0.9040298500003701,43042.8265172705,2,0,259,NONZERO_EXIT
2026-01-23T16:32:32.209949+00:00,2026-01-23T16:32:33.116908+00:00,332,/dev/ttyACM0,115200,2.0,38912,8,0.906939151998813,42904.752666418055,2,0,259,NONZERO_EXIT
2026-01-23T16:32:33.117271+00:00,2026-01-23T16:32:34.027562+00:00,333,/dev/ttyACM0,115200,2.0,38912,8,0.9102673699999286,42747.87966968765,2,0,259,NONZERO_EXIT
2026-01-23T16:32:34.028021+00:00,2026-01-23T16:32:34.936846+00:00,334,/dev/ttyACM0,115200,2.0,38912,8,0.908799065000494,42816.945459752256,2,0,259,NONZERO_EXIT
2026-01-23T16:32:34.937547+00:00,2026-01-23T16:32:35.837742+00:00,335,/dev/ttyACM0,115200,2.0,38912,8,0.9001678939966951,43227.49151520268,2,0,259,NONZERO_EXIT
2026-01-23T16:32:35.838110+00:00,2026-01-23T16:32:36.744823+00:00,336,/dev/ttyACM0,115200,2.0,38912,8,0.90668611199726,42916.72662139286,2,0,259,NONZERO_EXIT
2026-01-23T16:32:36.745532+00:00,2026-01-23T16:32:37.643377+00:00,337,/dev/ttyACM0,115200,2.0,38912,8,0.8978026680015319,43341.372649979254,2,0,259,NONZERO_EXIT
2026-01-23T16:32:37.643895+00:00,2026-01-23T16:32:38.548609+00:00,338,/dev/ttyACM0,115200,2.0,38912,8,0.90468853800121,43011.48778337673,2,0,259,NONZERO_EXIT
2026-01-23T16:32:38.549306+00:00,2026-01-23T16:32:39.455376+00:00,339,/dev/ttyACM0,115200,2.0,38912,8,0.9060462830020697,42947.033424241876,2,0,259,NONZERO_EXIT
2026-01-23T16:32:39.457939+00:00,2026-01-23T16:32:40.368395+00:00,340,/dev/ttyACM0,115200,2.0,38912,8,0.9104349939989334,42740.009178563705,2,0,259,NONZERO_EXIT
2026-01-23T16:32:40.368795+00:00,2026-01-23T16:32:41.276281+00:00,341,/dev/ttyACM0,115200,2.0,38912,8,0.9074657679993834,42879.85439471304,2,0,259,NONZERO_EXIT
2026-01-23T16:32:41.276654+00:00,2026-01-23T16:32:42.177097+00:00,342,/dev/ttyACM0,115200,2.0,38912,8,0.9004239390014845,43215.199323944056,2,0,259,NONZERO_EXIT
2026-01-23T16:32:42.177465+00:00,2026-01-23T16:32:43.076420+00:00,343,/dev/ttyACM0,115200,2.0,38912,8,0.8989353100005246,43286.763315568605,2,0,259,NONZERO_EXIT
2026-01-23T16:32:43.076786+00:00,2026-01-23T16:32:43.976520+00:00,344,/dev/ttyACM0,115200,2.0,38912,8,0.8997146859983332,43249.26624580194,2,0,259,NONZERO_EXIT
2026-01-23T16:32:43.976892+00:00,2026-01-23T16:32:44.880232+00:00,345,/dev/ttyACM0,115200,2.0,38912,8,0.9033163390013215,43076.825160740365,2,0,259,NONZERO_EXIT
2026-01-23T16:32:44.880805+00:00,2026-01-23T16:32:45.787630+00:00,346,/dev/ttyACM0,115200,2.0,38912,8,0.9068026119966817,42911.21296432966,2,0,259,NONZERO_EXIT
2026-01-23T16:32:45.788000+00:00,2026-01-23T16:32:46.693838+00:00,347,/dev/ttyACM0,115200,2.0,38912,8,0.9058191559997795,42957.80205382351,2,0,259,NONZERO_EXIT
2026-01-23T16:32:46.694215+00:00,2026-01-23T16:32:47.604050+00:00,348,/dev/ttyACM0,115200,2.0,38912,8,0.9097881810012041,42770.39514536021,2,0,259,NONZERO_EXIT
2026-01-23T16:32:47.604555+00:00,2026-01-23T16:32:48.503022+00:00,349,/dev/ttyACM0,115200,2.0,38912,8,0.8984396380001272,43310.644760304414,2,0,259,NONZERO_EXIT
2026-01-23T16:32:48.503576+00:00,2026-01-23T16:32:49.408846+00:00,350,/dev/ttyACM0,115200,2.0,38912,8,0.9052407180024602,42985.251575807095,2,0,259,NONZERO_EXIT
2026-01-23T16:32:49.409431+00:00,2026-01-23T16:32:50.313170+00:00,351,/dev/ttyACM0,115200,2.0,38912,8,0.903710462996969,43058.03860116479,2,0,259,NONZERO_EXIT
2026-01-23T16:32:50.313558+00:00,2026-01-23T16:32:51.220613+00:00,352,/dev/ttyACM0,115200,2.0,38912,8,0.9070359580000513,42900.1735342424,2,0,259,NONZERO_EXIT
2026-01-23T16:32:51.220973+00:00,2026-01-23T16:32:52.128348+00:00,353,/dev/ttyACM0,115200,2.0,38912,8,0.9073550700013584,42885.08576906034,2,0,259,NONZERO_EXIT
2026-01-23T16:32:52.128712+00:00,2026-01-23T16:32:53.035738+00:00,354,/dev/ttyACM0,115200,2.0,38912,8,0.9070056460004707,42901.60725193524,2,0,259,NONZERO_EXIT
2026-01-23T16:32:53.036110+00:00,2026-01-23T16:32:53.937808+00:00,355,/dev/ttyACM0,115200,2.0,38912,8,0.9016774099982285,43155.12351593287,2,0,259,NONZERO_EXIT
2026-01-23T16:32:53.938188+00:00,2026-01-23T16:32:54.847689+00:00,356,/dev/ttyACM0,115200,2.0,38912,8,0.9094782909996866,42784.96846497396,2,0,259,NONZERO_EXIT
2026-01-23T16:32:54.848172+00:00,2026-01-23T16:32:55.752153+00:00,357,/dev/ttyACM0,115200,2.0,38912,8,0.903962316999241,43046.04215048565,2,0,259,NONZERO_EXIT
2026-01-23T16:32:55.752526+00:00,2026-01-23T16:32:56.656952+00:00,358,/dev/ttyACM0,115200,2.0,38912,8,0.9044054709993361,43024.94981261404,2,0,259,NONZERO_EXIT
2026-01-23T16:32:56.657338+00:00,2026-01-23T16:32:57.564263+00:00,359,/dev/ttyACM0,115200,2.0,38912,8,0.9069050739999511,42906.36486173425,2,0,259,NONZERO_EXIT
2026-01-23T16:32:57.564637+00:00,2026-01-23T16:32:58.475256+00:00,360,/dev/ttyACM0,115200,2.0,38912,8,0.9105911669976194,42732.678956572534,2,0,259,NONZERO_EXIT
2026-01-23T16:33:03.005532+00:00,2026-01-23T16:33:03.910864+00:00,361,/dev/ttyACM0,115200,2.0,39936,8,0.9053108440020878,44113.025116827055,2,0,259,NONZERO_EXIT
2026-01-23T16:33:03.911240+00:00,2026-01-23T16:33:04.813412+00:00,362,/dev/ttyACM0,115200,2.0,39936,8,0.9021512960025575,44267.51940273972,2,0,259,NONZERO_EXIT
2026-01-23T16:33:04.813780+00:00,2026-01-23T16:33:05.725132+00:00,363,/dev/ttyACM0,115200,2.0,39936,8,0.91133010500198,43821.662184542045,2,0,259,NONZERO_EXIT
2026-01-23T16:33:05.725502+00:00,2026-01-23T16:33:06.628757+00:00,364,/dev/ttyACM0,115200,2.0,39936,8,0.9032351860005292,44214.397998415225,2,0,259,NONZERO_EXIT
2026-01-23T16:33:06.629140+00:00,2026-01-23T16:33:07.540645+00:00,365,/dev/ttyACM0,115200,2.0,39936,8,0.9114899059968593,43813.979438777904,2,0,259,NONZERO_EXIT
2026-01-23T16:33:07.540880+00:00,2026-01-23T16:33:08.444775+00:00,366,/dev/ttyACM0,115200,2.0,39936,8,0.9038792080027633,44182.8948452567,2,0,259,NONZERO_EXIT
2026-01-23T16:33:08.445140+00:00,2026-01-23T16:33:09.352869+00:00,367,/dev/ttyACM0,115200,2.0,39936,8,0.9077086170000257,43996.49761174281,2,0,259,NONZERO_EXIT
2026-01-23T16:33:09.353234+00:00,2026-01-23T16:33:10.260139+00:00,368,/dev/ttyACM0,115200,2.0,39936,8,0.906884681997326,44036.46989829491,2,0,259,NONZERO_EXIT
2026-01-23T16:33:10.260568+00:00,2026-01-23T16:33:11.164096+00:00,369,/dev/ttyACM0,115200,2.0,39936,8,0.9035017080022953,44201.355289411964,2,0,259,NONZERO_EXIT
2026-01-23T16:33:11.164642+00:00,2026-01-23T16:33:12.068477+00:00,370,/dev/ttyACM0,115200,2.0,39936,8,0.9038116699994134,44186.19644513543,2,0,259,NONZERO_EXIT
2026-01-23T16:33:12.068876+00:00,2026-01-23T16:33:12.973039+00:00,371,/dev/ttyACM0,115200,2.0,39936,8,0.9041404900017369,44170.1267022377,2,0,259,NONZERO_EXIT
2026-01-23T16:33:12.973711+00:00,2026-01-23T16:33:13.880773+00:00,372,/dev/ttyACM0,115200,2.0,39936,8,0.9070365219995438,44029.098091840766,2,0,259,NONZERO_EXIT
2026-01-23T16:33:13.881299+00:00,2026-01-23T16:33:14.790374+00:00,373,/dev/ttyACM0,115200,2.0,39936,8,0.9090577019996999,43931.204710273916,2,0,259,NONZERO_EXIT
2026-01-23T16:33:14.790618+00:00,2026-01-23T16:33:15.691664+00:00,374,/dev/ttyACM0,115200,2.0,39936,8,0.9010296939995897,44322.6236226774,2,0,259,NONZERO_EXIT
2026-01-23T16:33:15.692031+00:00,2026-01-23T16:33:16.596376+00:00,375,/dev/ttyACM0,115200,2.0,39936,8,0.9043243180021818,44161.14794770304,2,0,259,NONZERO_EXIT
2026-01-23T16:33:16.596747+00:00,2026-01-23T16:33:17.503617+00:00,376,/dev/ttyACM0,115200,2.0,39936,8,0.9068498329979775,44038.16215963186,2,0,259,NONZERO_EXIT
2026-01-23T16:33:17.503985+00:00,2026-01-23T16:33:18.412184+00:00,377,/dev/ttyACM0,115200,2.0,39936,8,0.9081744709983468,43973.92932230166,2,0,259,NONZERO_EXIT
2026-01-23T16:33:18.412679+00:00,2026-01-23T16:33:19.316234+00:00,378,/dev/ttyACM0,115200,2.0,39936,8,0.9035343260002264,44199.759600489146,2,0,259,NONZERO_EXIT
2026-01-23T16:33:19.316612+00:00,2026-01-23T16:33:20.224215+00:00,379,/dev/ttyACM0,115200,2.0,39936,8,0.907580737999524,44002.69676065001,2,0,259,NONZERO_EXIT
2026-01-23T16:33:20.224866+00:00,2026-01-23T16:33:21.129290+00:00,380,/dev/ttyACM0,115200,2.0,39936,8,0.9044024729992088,44157.33171047503,2,0,259,NONZERO_EXIT
2026-01-23T16:33:21.129811+00:00,2026-01-23T16:33:22.035736+00:00,381,/dev/ttyACM0,115200,2.0,39936,8,0.9058940350005287,44084.626299561285,2,0,259,NONZERO_EXIT
2026-01-23T16:33:22.036408+00:00,2026-01-23T16:33:22.940574+00:00,382,/dev/ttyACM0,115200,2.0,39936,8,0.9041457999992417,44169.86729356426,2,0,259,NONZERO_EXIT
2026-01-23T16:33:22.940943+00:00,2026-01-23T16:33:23.845053+00:00,383,/dev/ttyACM0,115200,2.0,39936,8,0.9040947459980089,44172.36155477885,2,0,259,NONZERO_EXIT
2026-01-23T16:33:23.845307+00:00,2026-01-23T16:33:24.755986+00:00,384,/dev/ttyACM0,115200,2.0,39936,8,0.9106612939976912,43853.84584062628,2,0,259,NONZERO_EXIT
2026-01-23T16:33:24.756396+00:00,2026-01-23T16:33:25.661206+00:00,385,/dev/ttyACM0,115200,2.0,39936,8,0.9047952690016245,44138.161823134265,2,0,259,NONZERO_EXIT
2026-01-23T16:33:25.661429+00:00,2026-01-23T16:33:26.566490+00:00,386,/dev/ttyACM0,115200,2.0,39936,8,0.905040697001823,44126.1924820598,2,0,259,NONZERO_EXIT
2026-01-23T16:33:26.566841+00:00,2026-01-23T16:33:27.471958+00:00,387,/dev/ttyACM0,115200,2.0,39936,8,0.9050988760027394,44123.35608720735,2,0,259,NONZERO_EXIT
2026-01-23T16:33:27.472323+00:00,2026-01-23T16:33:28.377093+00:00,388,/dev/ttyACM0,115200,2.0,39936,8,0.9047459610010264,44140.56732103465,2,0,259,NONZERO_EXIT
2026-01-23T16:33:28.377766+00:00,2026-01-23T16:33:29.283566+00:00,389,/dev/ttyACM0,115200,2.0,39936,8,0.9057741860015085,44090.459429292554,2,0,259,NONZERO_EXIT
2026-01-23T16:33:29.286091+00:00,2026-01-23T16:33:30.194186+00:00,390,/dev/ttyACM0,115200,2.0,39936,8,0.9080654499994125,43979.20876741411,2,0,259,NONZERO_EXIT
2026-01-23T16:33:35.230612+00:00,2026-01-23T16:33:36.240634+00:00,391,/dev/ttyACM0,115200,2.0,40960,8,1.0100019739984418,40554.376183885746,2,0,259,NONZERO_EXIT
2026-01-23T16:33:36.241026+00:00,2026-01-23T16:33:37.243264+00:00,392,/dev/ttyACM0,115200,2.0,40960,8,1.0022174379992066,40869.374695546285,2,0,259,NONZERO_EXIT
2026-01-23T16:33:37.243625+00:00,2026-01-23T16:33:38.249022+00:00,393,/dev/ttyACM0,115200,2.0,40960,8,1.00537670599806,40740.947901053754,2,0,259,NONZERO_EXIT
2026-01-23T16:33:38.249393+00:00,2026-01-23T16:33:39.253368+00:00,394,/dev/ttyACM0,115200,2.0,40960,8,1.00395561500045,40798.616381045525,2,0,259,NONZERO_EXIT
2026-01-23T16:33:39.253737+00:00,2026-01-23T16:33:40.257918+00:00,395,/dev/ttyACM0,115200,2.0,40960,8,1.0041617210008553,40790.24239160886,2,0,259,NONZERO_EXIT
2026-01-23T16:33:40.258329+00:00,2026-01-23T16:33:41.262414+00:00,396,/dev/ttyACM0,115200,2.0,40960,8,1.0040568869990238,40794.50131797146,2,0,259,NONZERO_EXIT
2026-01-23T16:33:41.262950+00:00,2026-01-23T16:33:42.269419+00:00,397,/dev/ttyACM0,115200,2.0,40960,8,1.0064552189978713,40697.29007991426,2,0,259,NONZERO_EXIT
2026-01-23T16:33:42.269643+00:00,2026-01-23T16:33:43.273038+00:00,398,/dev/ttyACM0,115200,2.0,40960,8,1.003378296001756,40822.090893550994,2,0,259,NONZERO_EXIT
2026-01-23T16:33:43.273397+00:00,2026-01-23T16:33:44.277576+00:00,399,/dev/ttyACM0,115200,2.0,40960,8,1.0041580910001358,40790.38984708481,2,0,259,NONZERO_EXIT
2026-01-23T16:33:44.278064+00:00,2026-01-23T16:33:45.284720+00:00,400,/dev/ttyACM0,115200,2.0,40960,8,1.0066305959990132,40690.199724507635,2,0,259,NONZERO_EXIT
2026-01-23T16:33:45.285279+00:00,2026-01-23T16:33:46.296279+00:00,401,/dev/ttyACM0,115200,2.0,40960,8,1.0109766330024286,40515.278655210626,2,0,259,NONZERO_EXIT
2026-01-23T16:33:46.296734+00:00,2026-01-23T16:33:47.301660+00:00,402,/dev/ttyACM0,115200,2.0,40960,8,1.0048997519988916,40760.28471349964,2,0,259,NONZERO_EXIT
2026-01-23T16:33:47.302198+00:00,2026-01-23T16:33:48.308804+00:00,403,/dev/ttyACM0,115200,2.0,40960,8,1.006575139999768,40692.44150020379,2,0,259,NONZERO_EXIT
2026-01-23T16:33:48.309398+00:00,2026-01-23T16:33:49.320319+00:00,404,/dev/ttyACM0,115200,2.0,40960,8,1.0109004350015312,40518.332549671875,2,0,259,NONZERO_EXIT
2026-01-23T16:33:49.320726+00:00,2026-01-23T16:33:50.323384+00:00,405,/dev/ttyACM0,115200,2.0,40960,8,1.0026371960011602,40852.2645712344,2,0,259,NONZERO_EXIT
2026-01-23T16:33:50.323786+00:00,2026-01-23T16:33:51.332422+00:00,406,/dev/ttyACM0,115200,2.0,40960,8,1.0086172049996094,40610.054832463284,2,0,259,NONZERO_EXIT
2026-01-23T16:33:51.332793+00:00,2026-01-23T16:33:52.341029+00:00,407,/dev/ttyACM0,115200,2.0,40960,8,1.0082153999974253,40626.23919462508,2,0,259,NONZERO_EXIT
2026-01-23T16:33:52.341422+00:00,2026-01-23T16:33:53.347678+00:00,408,/dev/ttyACM0,115200,2.0,40960,8,1.0062338200004888,40706.24459827846,2,0,259,NONZERO_EXIT
2026-01-23T16:33:53.348102+00:00,2026-01-23T16:33:54.349941+00:00,409,/dev/ttyACM0,115200,2.0,40960,8,1.00181605400212,40885.74927140599,2,0,259,NONZERO_EXIT
2026-01-23T16:33:54.350489+00:00,2026-01-23T16:33:55.357500+00:00,410,/dev/ttyACM0,115200,2.0,40960,8,1.0069888910002192,40675.7218138875,2,0,259,NONZERO_EXIT
2026-01-23T16:33:55.357893+00:00,2026-01-23T16:33:56.362005+00:00,411,/dev/ttyACM0,115200,2.0,40960,8,1.0040905549976742,40793.13344411937,2,0,259,NONZERO_EXIT
2026-01-23T16:33:56.362440+00:00,2026-01-23T16:33:57.367110+00:00,412,/dev/ttyACM0,115200,2.0,40960,8,1.0046425930013356,40770.718149260814,2,0,259,NONZERO_EXIT
2026-01-23T16:33:57.367516+00:00,2026-01-23T16:33:58.375096+00:00,413,/dev/ttyACM0,115200,2.0,40960,8,1.0075593670007947,40652.69138624136,2,0,259,NONZERO_EXIT
2026-01-23T16:33:58.375461+00:00,2026-01-23T16:33:59.383948+00:00,414,/dev/ttyACM0,115200,2.0,40960,8,1.008467184001347,40616.09604140108,2,0,259,NONZERO_EXIT
2026-01-23T16:33:59.384336+00:00,2026-01-23T16:34:00.388785+00:00,415,/dev/ttyACM0,115200,2.0,40960,8,1.0044288749995758,40779.39316511316,2,0,259,NONZERO_EXIT
2026-01-23T16:34:00.389165+00:00,2026-01-23T16:34:01.396723+00:00,416,/dev/ttyACM0,115200,2.0,40960,8,1.0075385550007923,40653.531119677886,2,0,259,NONZERO_EXIT
2026-01-23T16:34:01.397100+00:00,2026-01-23T16:34:02.411866+00:00,417,/dev/ttyACM0,115200,2.0,40960,8,1.0147450039985415,40364.82055945049,2,0,259,NONZERO_EXIT
2026-01-23T16:34:02.412240+00:00,2026-01-23T16:34:03.416040+00:00,418,/dev/ttyACM0,115200,2.0,40960,8,1.0037731919983344,40806.03101030812,2,0,259,NONZERO_EXIT
2026-01-23T16:34:03.416695+00:00,2026-01-23T16:34:04.428228+00:00,419,/dev/ttyACM0,115200,2.0,40960,8,1.011511562999658,40493.852466236065,2,0,259,NONZERO_EXIT
2026-01-23T16:34:04.430586+00:00,2026-01-23T16:34:05.437644+00:00,420,/dev/ttyACM0,115200,2.0,40960,8,1.0070370149987866,40673.77801405776,2,0,259,NONZERO_EXIT
2026-01-23T16:34:10.489768+00:00,2026-01-23T16:34:11.496636+00:00,421,/dev/ttyACM0,115200,2.0,41984,8,1.006848371001979,41698.433656121466,2,0,259,NONZERO_EXIT
2026-01-23T16:34:11.497009+00:00,2026-01-23T16:34:12.500748+00:00,422,/dev/ttyACM0,115200,2.0,41984,8,1.0037185069995758,41828.46057656457,2,0,259,NONZERO_EXIT
2026-01-23T16:34:12.501150+00:00,2026-01-23T16:34:13.509019+00:00,423,/dev/ttyACM0,115200,2.0,41984,8,1.0078425829997286,41657.299173685846,2,0,259,NONZERO_EXIT
2026-01-23T16:34:13.509528+00:00,2026-01-23T16:34:14.520913+00:00,424,/dev/ttyACM0,115200,2.0,41984,8,1.0113590979999572,41512.45594470519,2,0,259,NONZERO_EXIT
2026-01-23T16:34:14.521550+00:00,2026-01-23T16:34:15.525465+00:00,425,/dev/ttyACM0,115200,2.0,41984,8,1.0038925560002099,41821.20860351436,2,0,259,NONZERO_EXIT
2026-01-23T16:34:15.525842+00:00,2026-01-23T16:34:16.532402+00:00,426,/dev/ttyACM0,115200,2.0,41984,8,1.006532472998515,41711.52061783698,2,0,259,NONZERO_EXIT
2026-01-23T16:34:16.532803+00:00,2026-01-23T16:34:17.543404+00:00,427,/dev/ttyACM0,115200,2.0,41984,8,1.0105871960004151,41544.16379522659,2,0,259,NONZERO_EXIT
2026-01-23T16:34:17.543636+00:00,2026-01-23T16:34:18.548290+00:00,428,/dev/ttyACM0,115200,2.0,41984,8,1.0046367310023925,41790.229945215906,2,0,259,NONZERO_EXIT
2026-01-23T16:34:18.548655+00:00,2026-01-23T16:34:19.554298+00:00,429,/dev/ttyACM0,115200,2.0,41984,8,1.0056148099974962,41749.58401826295,2,0,259,NONZERO_EXIT
2026-01-23T16:34:19.554827+00:00,2026-01-23T16:34:20.563184+00:00,430,/dev/ttyACM0,115200,2.0,41984,8,1.0083330209999986,41637.03769054694,2,0,259,NONZERO_EXIT
2026-01-23T16:34:20.563574+00:00,2026-01-23T16:34:21.572084+00:00,431,/dev/ttyACM0,115200,2.0,41984,8,1.0084841610005242,41630.797610492344,2,0,259,NONZERO_EXIT
2026-01-23T16:34:21.572336+00:00,2026-01-23T16:34:22.581838+00:00,432,/dev/ttyACM0,115200,2.0,41984,8,1.0094855669995013,41589.500011168304,2,0,259,NONZERO_EXIT
2026-01-23T16:34:22.582201+00:00,2026-01-23T16:34:23.588873+00:00,433,/dev/ttyACM0,115200,2.0,41984,8,1.0066523249988677,41706.554445247246,2,0,259,NONZERO_EXIT
2026-01-23T16:34:23.589264+00:00,2026-01-23T16:34:24.593952+00:00,434,/dev/ttyACM0,115200,2.0,41984,8,1.0046666950001963,41788.98355936025,2,0,259,NONZERO_EXIT
2026-01-23T16:34:24.594371+00:00,2026-01-23T16:34:25.605781+00:00,435,/dev/ttyACM0,115200,2.0,41984,8,1.0113897620030912,41511.19734181339,2,0,259,NONZERO_EXIT
2026-01-23T16:34:25.608279+00:00,2026-01-23T16:34:26.616991+00:00,436,/dev/ttyACM0,115200,2.0,41984,8,1.0086908270022832,41622.26806877165,2,0,259,NONZERO_EXIT
2026-01-23T16:34:26.617368+00:00,2026-01-23T16:34:27.624939+00:00,437,/dev/ttyACM0,115200,2.0,41984,8,1.0075517619989114,41669.32318862379,2,0,259,NONZERO_EXIT
2026-01-23T16:34:27.625304+00:00,2026-01-23T16:34:28.631945+00:00,438,/dev/ttyACM0,115200,2.0,41984,8,1.0066199190005136,41707.897099519425,2,0,259,NONZERO_EXIT
2026-01-23T16:34:28.632305+00:00,2026-01-23T16:34:29.637392+00:00,439,/dev/ttyACM0,115200,2.0,41984,8,1.0050675940001383,41772.31486780402,2,0,259,NONZERO_EXIT
2026-01-23T16:34:29.637779+00:00,2026-01-23T16:34:30.640060+00:00,440,/dev/ttyACM0,115200,2.0,41984,8,1.0022611710010096,41889.28117216037,2,0,259,NONZERO_EXIT
2026-01-23T16:34:30.643287+00:00,2026-01-23T16:34:31.648082+00:00,441,/dev/ttyACM0,115200,2.0,41984,8,1.0047712510022393,41784.63501829078,2,0,259,NONZERO_EXIT
2026-01-23T16:34:31.648514+00:00,2026-01-23T16:34:32.648338+00:00,442,/dev/ttyACM0,115200,2.0,41984,8,0.9998032639996381,41992.26138955193,2,0,259,NONZERO_EXIT
2026-01-23T16:34:32.648708+00:00,2026-01-23T16:34:33.653259+00:00,443,/dev/ttyACM0,115200,2.0,41984,8,1.0045311319991015,41794.623046125314,2,0,259,NONZERO_EXIT
2026-01-23T16:34:33.653636+00:00,2026-01-23T16:34:34.660189+00:00,444,/dev/ttyACM0,115200,2.0,41984,8,1.0065283570002066,41711.6911888369,2,0,259,NONZERO_EXIT
2026-01-23T16:34:34.660654+00:00,2026-01-23T16:34:35.668638+00:00,445,/dev/ttyACM0,115200,2.0,41984,8,1.0079642540003988,41652.27073616382,2,0,259,NONZERO_EXIT
2026-01-23T16:34:35.669021+00:00,2026-01-23T16:34:36.672012+00:00,446,/dev/ttyACM0,115200,2.0,41984,8,1.002971753001475,41859.603597368965,2,0,259,NONZERO_EXIT
2026-01-23T16:34:36.672374+00:00,2026-01-23T16:34:37.677603+00:00,447,/dev/ttyACM0,115200,2.0,41984,8,1.005196245998377,41766.96855677253,2,0,259,NONZERO_EXIT
2026-01-23T16:34:37.678074+00:00,2026-01-23T16:34:38.685907+00:00,448,/dev/ttyACM0,115200,2.0,41984,8,1.0078128360000846,41658.528746895696,2,0,259,NONZERO_EXIT
2026-01-23T16:34:38.686302+00:00,2026-01-23T16:34:39.690306+00:00,449,/dev/ttyACM0,115200,2.0,41984,8,1.00398335600039,41817.42630401105,2,0,259,NONZERO_EXIT
2026-01-23T16:34:39.692739+00:00,2026-01-23T16:34:40.700079+00:00,450,/dev/ttyACM0,115200,2.0,41984,8,1.0073027049984375,41679.625986971936,2,0,259,NONZERO_EXIT
2026-01-23T16:34:45.735743+00:00,2026-01-23T16:34:46.743353+00:00,451,/dev/ttyACM0,115200,2.0,43008,8,1.0075941600007354,42683.85199847586,2,0,259,NONZERO_EXIT
2026-01-23T16:34:46.743723+00:00,2026-01-23T16:34:47.749191+00:00,452,/dev/ttyACM0,115200,2.0,43008,8,1.0054424430018116,42775.19842070414,2,0,259,NONZERO_EXIT
2026-01-23T16:34:47.749732+00:00,2026-01-23T16:34:48.758429+00:00,453,/dev/ttyACM0,115200,2.0,43008,8,1.0086726730005466,42638.212723719436,2,0,259,NONZERO_EXIT
2026-01-23T16:34:48.758811+00:00,2026-01-23T16:34:49.764269+00:00,454,/dev/ttyACM0,115200,2.0,43008,8,1.0054386720003095,42775.35885350028,2,0,259,NONZERO_EXIT
2026-01-23T16:34:49.764628+00:00,2026-01-23T16:34:50.769764+00:00,455,/dev/ttyACM0,115200,2.0,43008,8,1.005101751001348,42789.69761733339,2,0,259,NONZERO_EXIT
2026-01-23T16:34:50.770481+00:00,2026-01-23T16:34:51.777115+00:00,456,/dev/ttyACM0,115200,2.0,43008,8,1.0066096570008085,42725.59844909719,2,0,259,NONZERO_EXIT
2026-01-23T16:34:51.777492+00:00,2026-01-23T16:34:52.779644+00:00,457,/dev/ttyACM0,115200,2.0,43008,8,1.0021318959989003,42916.50647156649,2,0,259,NONZERO_EXIT
2026-01-23T16:34:52.780094+00:00,2026-01-23T16:34:53.785722+00:00,458,/dev/ttyACM0,115200,2.0,43008,8,1.0056076229993778,42768.17221385225,2,0,259,NONZERO_EXIT
2026-01-23T16:34:53.786214+00:00,2026-01-23T16:34:54.796449+00:00,459,/dev/ttyACM0,115200,2.0,43008,8,1.0101953160010453,42573.94517552435,2,0,259,NONZERO_EXIT
2026-01-23T16:34:54.796820+00:00,2026-01-23T16:34:55.804797+00:00,460,/dev/ttyACM0,115200,2.0,43008,8,1.0079580429992347,42668.442698296574,2,0,259,NONZERO_EXIT
2026-01-23T16:34:55.805215+00:00,2026-01-23T16:34:56.814407+00:00,461,/dev/ttyACM0,115200,2.0,43008,8,1.009171352001431,42617.14317861355,2,0,259,NONZERO_EXIT
2026-01-23T16:34:56.814795+00:00,2026-01-23T16:34:57.824756+00:00,462,/dev/ttyACM0,115200,2.0,43008,8,1.0099405299988575,42584.68565475697,2,0,259,NONZERO_EXIT
2026-01-23T16:34:57.825123+00:00,2026-01-23T16:34:58.833884+00:00,463,/dev/ttyACM0,115200,2.0,43008,8,1.0087384670005122,42635.431687149256,2,0,259,NONZERO_EXIT
2026-01-23T16:34:58.836386+00:00,2026-01-23T16:34:59.841236+00:00,464,/dev/ttyACM0,115200,2.0,43008,8,1.0048140010003408,42801.95136332044,2,0,259,NONZERO_EXIT
2026-01-23T16:34:59.841620+00:00,2026-01-23T16:35:00.852319+00:00,465,/dev/ttyACM0,115200,2.0,43008,8,1.0106797469998128,42553.538969855275,2,0,259,NONZERO_EXIT
2026-01-23T16:35:00.852692+00:00,2026-01-23T16:35:01.859837+00:00,466,/dev/ttyACM0,115200,2.0,43008,8,1.0071239809985855,42703.77908920074,2,0,259,NONZERO_EXIT
2026-01-23T16:35:01.860207+00:00,2026-01-23T16:35:02.871961+00:00,467,/dev/ttyACM0,115200,2.0,43008,8,1.0117314400013129,42509.30464308215,2,0,259,NONZERO_EXIT
2026-01-23T16:35:02.872633+00:00,2026-01-23T16:35:03.874913+00:00,468,/dev/ttyACM0,115200,2.0,43008,8,1.0022502120009449,42911.44016236881,2,0,259,NONZERO_EXIT
2026-01-23T16:35:03.878383+00:00,2026-01-23T16:35:04.886881+00:00,469,/dev/ttyACM0,115200,2.0,43008,8,1.008454417999019,42647.440709652226,2,0,259,NONZERO_EXIT
2026-01-23T16:35:04.887379+00:00,2026-01-23T16:35:05.892647+00:00,470,/dev/ttyACM0,115200,2.0,43008,8,1.0052507290020003,42783.356190845814,2,0,259,NONZERO_EXIT
2026-01-23T16:35:05.892897+00:00,2026-01-23T16:35:06.891913+00:00,471,/dev/ttyACM0,115200,2.0,43008,8,0.9989991010006634,43051.089792693856,2,0,259,NONZERO_EXIT
2026-01-23T16:35:06.892278+00:00,2026-01-23T16:35:07.899406+00:00,472,/dev/ttyACM0,115200,2.0,43008,8,1.0071026109981176,42704.685232993,2,0,259,NONZERO_EXIT
2026-01-23T16:35:07.899930+00:00,2026-01-23T16:35:08.903793+00:00,473,/dev/ttyACM0,115200,2.0,43008,8,1.0038436059985543,42843.32713084187,2,0,259,NONZERO_EXIT
2026-01-23T16:35:08.906194+00:00,2026-01-23T16:35:09.917397+00:00,474,/dev/ttyACM0,115200,2.0,43008,8,1.0111789860020508,42532.5294486616,2,0,259,NONZERO_EXIT
2026-01-23T16:35:09.917961+00:00,2026-01-23T16:35:10.924564+00:00,475,/dev/ttyACM0,115200,2.0,43008,8,1.0065774630020314,42726.96496872909,2,0,259,NONZERO_EXIT
2026-01-23T16:35:10.925015+00:00,2026-01-23T16:35:11.931886+00:00,476,/dev/ttyACM0,115200,2.0,43008,8,1.00684635899961,42715.55398256812,2,0,259,NONZERO_EXIT
2026-01-23T16:35:11.932325+00:00,2026-01-23T16:35:12.946449+00:00,477,/dev/ttyACM0,115200,2.0,43008,8,1.014103093999438,42409.88934407475,2,0,259,NONZERO_EXIT
2026-01-23T16:35:12.946847+00:00,2026-01-23T16:35:13.951085+00:00,478,/dev/ttyACM0,115200,2.0,43008,8,1.0042119580029976,42827.61189731981,2,0,259,NONZERO_EXIT
2026-01-23T16:35:13.951612+00:00,2026-01-23T16:35:14.957619+00:00,479,/dev/ttyACM0,115200,2.0,43008,8,1.0059920419989794,42751.82924363892,2,0,259,NONZERO_EXIT
2026-01-23T16:35:14.957843+00:00,2026-01-23T16:35:15.958381+00:00,480,/dev/ttyACM0,115200,2.0,43008,8,1.0005159479987924,42985.82155139411,2,0,259,NONZERO_EXIT
2026-01-23T16:35:20.988271+00:00,2026-01-23T16:35:21.993453+00:00,481,/dev/ttyACM0,115200,2.0,44032,8,1.005161193999811,43805.909204258714,2,0,259,NONZERO_EXIT
2026-01-23T16:35:21.993839+00:00,2026-01-23T16:35:22.991895+00:00,482,/dev/ttyACM0,115200,2.0,44032,8,0.9980356929991103,44118.66259781077,2,0,259,NONZERO_EXIT
2026-01-23T16:35:22.992289+00:00,2026-01-23T16:35:23.996463+00:00,483,/dev/ttyACM0,115200,2.0,44032,8,1.0041539910016581,43849.848125462755,2,0,259,NONZERO_EXIT
2026-01-23T16:35:23.996835+00:00,2026-01-23T16:35:24.998658+00:00,484,/dev/ttyACM0,115200,2.0,44032,8,1.0018033619999187,43952.737303754,2,0,259,NONZERO_EXIT
2026-01-23T16:35:24.999014+00:00,2026-01-23T16:35:26.005379+00:00,485,/dev/ttyACM0,115200,2.0,44032,8,1.006326941002044,43755.16366098219,2,0,259,NONZERO_EXIT
2026-01-23T16:35:26.005965+00:00,2026-01-23T16:35:27.014087+00:00,486,/dev/ttyACM0,115200,2.0,44032,8,1.0080995509997592,43678.22598108718,2,0,259,NONZERO_EXIT
2026-01-23T16:35:27.014492+00:00,2026-01-23T16:35:28.013689+00:00,487,/dev/ttyACM0,115200,2.0,44032,8,0.9991769949992886,44068.26840527023,2,0,259,NONZERO_EXIT
2026-01-23T16:35:28.014093+00:00,2026-01-23T16:35:29.016532+00:00,488,/dev/ttyACM0,115200,2.0,44032,8,1.0024178399980883,43925.794457213546,2,0,259,NONZERO_EXIT
2026-01-23T16:35:29.016897+00:00,2026-01-23T16:35:30.021756+00:00,489,/dev/ttyACM0,115200,2.0,44032,8,1.0048354479986301,43820.11013614244,2,0,259,NONZERO_EXIT
2026-01-23T16:35:30.022206+00:00,2026-01-23T16:35:31.030266+00:00,490,/dev/ttyACM0,115200,2.0,44032,8,1.0080382989981445,43680.88002585014,2,0,259,NONZERO_EXIT
2026-01-23T16:35:31.030660+00:00,2026-01-23T16:35:32.035901+00:00,491,/dev/ttyACM0,115200,2.0,44032,8,1.005220910999924,43803.30683351983,2,0,259,NONZERO_EXIT
2026-01-23T16:35:32.038335+00:00,2026-01-23T16:35:33.044388+00:00,492,/dev/ttyACM0,115200,2.0,44032,8,1.0060310179978842,43768.03419801973,2,0,259,NONZERO_EXIT
2026-01-23T16:35:33.044796+00:00,2026-01-23T16:35:34.054856+00:00,493,/dev/ttyACM0,115200,2.0,44032,8,1.01004006400035,43594.31033419358,2,0,259,NONZERO_EXIT
2026-01-23T16:35:34.055232+00:00,2026-01-23T16:35:35.061041+00:00,494,/dev/ttyACM0,115200,2.0,44032,8,1.0057894320016203,43778.54707855895,2,0,259,NONZERO_EXIT
2026-01-23T16:35:35.061417+00:00,2026-01-23T16:35:36.072402+00:00,495,/dev/ttyACM0,115200,2.0,44032,8,1.0109637350033154,43554.48022065361,2,0,259,NONZERO_EXIT
2026-01-23T16:35:36.072770+00:00,2026-01-23T16:35:37.077168+00:00,496,/dev/ttyACM0,115200,2.0,44032,8,1.0043793059994641,43840.01117604019,2,0,259,NONZERO_EXIT
2026-01-23T16:35:37.077548+00:00,2026-01-23T16:35:38.084873+00:00,497,/dev/ttyACM0,115200,2.0,44032,8,1.0073028549995797,43712.77196471202,2,0,259,NONZERO_EXIT
2026-01-23T16:35:38.085359+00:00,2026-01-23T16:35:39.100519+00:00,498,/dev/ttyACM0,115200,2.0,44032,8,1.0151353760011261,43375.49556538276,2,0,259,NONZERO_EXIT
2026-01-23T16:35:39.100889+00:00,2026-01-23T16:35:40.108882+00:00,499,/dev/ttyACM0,115200,2.0,44032,8,1.0079716010004631,43683.770412079066,2,0,259,NONZERO_EXIT
2026-01-23T16:35:40.109267+00:00,2026-01-23T16:35:41.122817+00:00,500,/dev/ttyACM0,115200,2.0,44032,8,1.0135224269979517,43444.52458780075,2,0,259,NONZERO_EXIT
2026-01-23T16:35:41.123473+00:00,2026-01-23T16:35:42.128152+00:00,501,/dev/ttyACM0,115200,2.0,44032,8,1.0046579800000472,43827.85074777182,2,0,259,NONZERO_EXIT
2026-01-23T16:35:42.128538+00:00,2026-01-23T16:35:43.129757+00:00,502,/dev/ttyACM0,115200,2.0,44032,8,1.0011908439992112,43979.627124950704,2,0,259,NONZERO_EXIT
2026-01-23T16:35:43.130485+00:00,2026-01-23T16:35:44.138089+00:00,503,/dev/ttyACM0,115200,2.0,44032,8,1.0075766400004795,43700.89405802326,2,0,259,NONZERO_EXIT
2026-01-23T16:35:44.138660+00:00,2026-01-23T16:35:45.148993+00:00,504,/dev/ttyACM0,115200,2.0,44032,8,1.010310916997696,43582.623189748636,2,0,259,NONZERO_EXIT
2026-01-23T16:35:45.149409+00:00,2026-01-23T16:35:46.150323+00:00,505,/dev/ttyACM0,115200,2.0,44032,8,1.0008909399984987,43992.8050503345,2,0,259,NONZERO_EXIT
2026-01-23T16:35:46.150694+00:00,2026-01-23T16:35:47.155705+00:00,506,/dev/ttyACM0,115200,2.0,44032,8,1.0049911999994947,43813.318962416924,2,0,259,NONZERO_EXIT
2026-01-23T16:35:47.156071+00:00,2026-01-23T16:35:48.168957+00:00,507,/dev/ttyACM0,115200,2.0,44032,8,1.0128660450027382,43472.67856124149,2,0,259,NONZERO_EXIT
2026-01-23T16:35:48.169343+00:00,2026-01-23T16:35:49.181312+00:00,508,/dev/ttyACM0,115200,2.0,44032,8,1.0119469139972352,43512.163919816354,2,0,259,NONZERO_EXIT
2026-01-23T16:35:49.181735+00:00,2026-01-23T16:35:50.184955+00:00,509,/dev/ttyACM0,115200,2.0,44032,8,1.003198546000931,43891.61066423549,2,0,259,NONZERO_EXIT
2026-01-23T16:35:50.185341+00:00,2026-01-23T16:35:51.187383+00:00,510,/dev/ttyACM0,115200,2.0,44032,8,1.002021277003223,43943.178663518906,2,0,259,NONZERO_EXIT
2026-01-23T16:35:56.217229+00:00,2026-01-23T16:35:57.221446+00:00,511,/dev/ttyACM0,115200,2.0,45056,8,1.0041971600003308,44867.68315495451,2,0,259,NONZERO_EXIT
2026-01-23T16:35:57.221831+00:00,2026-01-23T16:35:58.223865+00:00,512,/dev/ttyACM0,115200,2.0,45056,8,1.0020095440013392,44965.63956873826,2,0,259,NONZERO_EXIT
2026-01-23T16:35:58.224356+00:00,2026-01-23T16:35:59.229055+00:00,513,/dev/ttyACM0,115200,2.0,45056,8,1.0046741170008318,44846.382759916065,2,0,259,NONZERO_EXIT
2026-01-23T16:35:59.229758+00:00,2026-01-23T16:36:00.235883+00:00,514,/dev/ttyACM0,115200,2.0,45056,8,1.0061041480003041,44782.64013676085,2,0,259,NONZERO_EXIT
2026-01-23T16:36:00.236291+00:00,2026-01-23T16:36:01.243296+00:00,515,/dev/ttyACM0,115200,2.0,45056,8,1.0069902440009173,44743.23387780404,2,0,259,NONZERO_EXIT
2026-01-23T16:36:01.243532+00:00,2026-01-23T16:36:02.250578+00:00,516,/dev/ttyACM0,115200,2.0,45056,8,1.0070272609991662,44741.58917534736,2,0,259,NONZERO_EXIT
2026-01-23T16:36:02.250949+00:00,2026-01-23T16:36:03.260416+00:00,517,/dev/ttyACM0,115200,2.0,45056,8,1.0094482910026272,44634.282312022595,2,0,259,NONZERO_EXIT
2026-01-23T16:36:03.260917+00:00,2026-01-23T16:36:04.267593+00:00,518,/dev/ttyACM0,115200,2.0,45056,8,1.006649342001765,44758.386182823335,2,0,259,NONZERO_EXIT
2026-01-23T16:36:04.268137+00:00,2026-01-23T16:36:05.273462+00:00,519,/dev/ttyACM0,115200,2.0,45056,8,1.0053021450003143,44818.366522023,2,0,259,NONZERO_EXIT
2026-01-23T16:36:05.273836+00:00,2026-01-23T16:36:06.279769+00:00,520,/dev/ttyACM0,115200,2.0,45056,8,1.0059118030003447,44791.20323035375,2,0,259,NONZERO_EXIT
2026-01-23T16:36:06.280197+00:00,2026-01-23T16:36:07.285205+00:00,521,/dev/ttyACM0,115200,2.0,45056,8,1.0049882710009115,44832.36401866339,2,0,259,NONZERO_EXIT
2026-01-23T16:36:07.285577+00:00,2026-01-23T16:36:08.284299+00:00,522,/dev/ttyACM0,115200,2.0,45056,8,0.9987020010012202,45114.55865196064,2,0,259,NONZERO_EXIT
2026-01-23T16:36:08.284666+00:00,2026-01-23T16:36:09.288446+00:00,523,/dev/ttyACM0,115200,2.0,45056,8,1.0037605750003422,44887.19832414681,2,0,259,NONZERO_EXIT
2026-01-23T16:36:09.288819+00:00,2026-01-23T16:36:10.300275+00:00,524,/dev/ttyACM0,115200,2.0,45056,8,1.011429872000008,44546.835373673486,2,0,259,NONZERO_EXIT
2026-01-23T16:36:10.300781+00:00,2026-01-23T16:36:11.312078+00:00,525,/dev/ttyACM0,115200,2.0,45056,8,1.0112759389994608,44553.61614217544,2,0,259,NONZERO_EXIT
2026-01-23T16:36:11.312573+00:00,2026-01-23T16:36:12.316458+00:00,526,/dev/ttyACM0,115200,2.0,45056,8,1.0038654099989799,44882.51069438261,2,0,259,NONZERO_EXIT
2026-01-23T16:36:12.316824+00:00,2026-01-23T16:36:13.322372+00:00,527,/dev/ttyACM0,115200,2.0,45056,8,1.0055247339987545,44808.44525904602,2,0,259,NONZERO_EXIT
2026-01-23T16:36:13.322852+00:00,2026-01-23T16:36:14.330029+00:00,528,/dev/ttyACM0,115200,2.0,45056,8,1.0071543769990967,44735.94220406234,2,0,259,NONZERO_EXIT
2026-01-23T16:36:14.330428+00:00,2026-01-23T16:36:15.333521+00:00,529,/dev/ttyACM0,115200,2.0,45056,8,1.0030728349993296,44917.97447593136,2,0,259,NONZERO_EXIT
2026-01-23T16:36:15.333901+00:00,2026-01-23T16:36:16.343460+00:00,530,/dev/ttyACM0,115200,2.0,45056,8,1.0095355269986612,44630.42537388558,2,0,259,NONZERO_EXIT
2026-01-23T16:36:16.343932+00:00,2026-01-23T16:36:17.353546+00:00,531,/dev/ttyACM0,115200,2.0,45056,8,1.0095942650004872,44627.828784247555,2,0,259,NONZERO_EXIT
2026-01-23T16:36:17.353930+00:00,2026-01-23T16:36:18.362398+00:00,532,/dev/ttyACM0,115200,2.0,45056,8,1.0084347359988897,44679.14322226363,2,0,259,NONZERO_EXIT
2026-01-23T16:36:18.362953+00:00,2026-01-23T16:36:19.369926+00:00,533,/dev/ttyACM0,115200,2.0,45056,8,1.0069540689983114,44744.841286376046,2,0,259,NONZERO_EXIT
2026-01-23T16:36:19.372394+00:00,2026-01-23T16:36:20.374610+00:00,534,/dev/ttyACM0,115200,2.0,45056,8,1.0021864599984838,44957.701783426775,2,0,259,NONZERO_EXIT
2026-01-23T16:36:20.375075+00:00,2026-01-23T16:36:21.383923+00:00,535,/dev/ttyACM0,115200,2.0,45056,8,1.0088271829990845,44661.76244979403,2,0,259,NONZERO_EXIT
2026-01-23T16:36:21.384304+00:00,2026-01-23T16:36:22.387758+00:00,536,/dev/ttyACM0,115200,2.0,45056,8,1.003434620997723,44901.77940561834,2,0,259,NONZERO_EXIT
2026-01-23T16:36:22.388148+00:00,2026-01-23T16:36:23.396096+00:00,537,/dev/ttyACM0,115200,2.0,45056,8,1.0079268399967987,44701.65711644618,2,0,259,NONZERO_EXIT
2026-01-23T16:36:23.396539+00:00,2026-01-23T16:36:24.402153+00:00,538,/dev/ttyACM0,115200,2.0,45056,8,1.005587176001427,44805.66287565312,2,0,259,NONZERO_EXIT
2026-01-23T16:36:24.402806+00:00,2026-01-23T16:36:25.404606+00:00,539,/dev/ttyACM0,115200,2.0,45056,8,1.0017776709973987,44976.04738498608,2,0,259,NONZERO_EXIT
2026-01-23T16:36:25.404969+00:00,2026-01-23T16:36:26.412963+00:00,540,/dev/ttyACM0,115200,2.0,45056,8,1.0079740539986233,44699.56326877987,2,0,259,NONZERO_EXIT
2026-01-23T16:36:31.939794+00:00,2026-01-23T16:36:33.045070+00:00,541,/dev/ttyACM0,115200,2.0,46080,8,1.1052552120017936,41691.72829915162,2,0,259,NONZERO_EXIT
2026-01-23T16:36:33.045447+00:00,2026-01-23T16:36:34.148973+00:00,542,/dev/ttyACM0,115200,2.0,46080,8,1.103504950999195,41757.85523959431,2,0,259,NONZERO_EXIT
2026-01-23T16:36:34.149365+00:00,2026-01-23T16:36:35.255785+00:00,543,/dev/ttyACM0,115200,2.0,46080,8,1.1063983290005126,41648.65292378677,2,0,259,NONZERO_EXIT
2026-01-23T16:36:35.256192+00:00,2026-01-23T16:36:36.361105+00:00,544,/dev/ttyACM0,115200,2.0,46080,8,1.1048944740032312,41705.34026932353,2,0,259,NONZERO_EXIT
2026-01-23T16:36:36.361468+00:00,2026-01-23T16:36:37.469140+00:00,545,/dev/ttyACM0,115200,2.0,46080,8,1.107651796999562,41601.52145721497,2,0,259,NONZERO_EXIT
2026-01-23T16:36:37.469516+00:00,2026-01-23T16:36:38.578353+00:00,546,/dev/ttyACM0,115200,2.0,46080,8,1.1088141909967817,41557.90967878562,2,0,259,NONZERO_EXIT
2026-01-23T16:36:38.578680+00:00,2026-01-23T16:36:39.683089+00:00,547,/dev/ttyACM0,115200,2.0,46080,8,1.1043847619985172,41724.58873537216,2,0,259,NONZERO_EXIT
2026-01-23T16:36:39.683627+00:00,2026-01-23T16:36:40.785511+00:00,548,/dev/ttyACM0,115200,2.0,46080,8,1.1018651140002476,41820.00084630109,2,0,259,NONZERO_EXIT
2026-01-23T16:36:40.785881+00:00,2026-01-23T16:36:41.882075+00:00,549,/dev/ttyACM0,115200,2.0,46080,8,1.0961730660019384,42037.157661670295,2,0,259,NONZERO_EXIT
2026-01-23T16:36:41.882494+00:00,2026-01-23T16:36:42.987047+00:00,550,/dev/ttyACM0,115200,2.0,46080,8,1.104525705002743,41719.26446916467,2,0,259,NONZERO_EXIT
2026-01-23T16:36:42.987626+00:00,2026-01-23T16:36:44.098259+00:00,551,/dev/ttyACM0,115200,2.0,46080,8,1.1106073360024311,41490.81183441699,2,0,259,NONZERO_EXIT
2026-01-23T16:36:44.098637+00:00,2026-01-23T16:36:45.203622+00:00,552,/dev/ttyACM0,115200,2.0,46080,8,1.1049643179976556,41702.70410496438,2,0,259,NONZERO_EXIT
2026-01-23T16:36:45.204014+00:00,2026-01-23T16:36:46.312576+00:00,553,/dev/ttyACM0,115200,2.0,46080,8,1.108541735997278,41568.12369228934,2,0,259,NONZERO_EXIT
2026-01-23T16:36:46.312940+00:00,2026-01-23T16:36:47.417213+00:00,554,/dev/ttyACM0,115200,2.0,46080,8,1.1042522710013145,41729.59495769526,2,0,259,NONZERO_EXIT
2026-01-23T16:36:47.417650+00:00,2026-01-23T16:36:48.520829+00:00,555,/dev/ttyACM0,115200,2.0,46080,8,1.1031557390015223,41771.073993330705,2,0,259,NONZERO_EXIT
2026-01-23T16:36:48.521200+00:00,2026-01-23T16:36:49.636841+00:00,556,/dev/ttyACM0,115200,2.0,46080,8,1.1156214209986501,41304.334187803084,2,0,259,NONZERO_EXIT
2026-01-23T16:36:49.637218+00:00,2026-01-23T16:36:50.747288+00:00,557,/dev/ttyACM0,115200,2.0,46080,8,1.1100490139979229,41511.68049241313,2,0,259,NONZERO_EXIT
2026-01-23T16:36:50.747775+00:00,2026-01-23T16:36:51.854794+00:00,558,/dev/ttyACM0,115200,2.0,46080,8,1.1069954880003934,41626.185923518075,2,0,259,NONZERO_EXIT
2026-01-23T16:36:51.855182+00:00,2026-01-23T16:36:52.961598+00:00,559,/dev/ttyACM0,115200,2.0,46080,8,1.106385410999792,41649.13920761078,2,0,259,NONZERO_EXIT
2026-01-23T16:36:52.962057+00:00,2026-01-23T16:36:54.066501+00:00,560,/dev/ttyACM0,115200,2.0,46080,8,1.104423456999939,41723.126856769166,2,0,259,NONZERO_EXIT
2026-01-23T16:36:54.066934+00:00,2026-01-23T16:36:55.172229+00:00,561,/dev/ttyACM0,115200,2.0,46080,8,1.1052690440010338,41691.20654387648,2,0,259,NONZERO_EXIT
2026-01-23T16:36:55.172940+00:00,2026-01-23T16:36:56.284911+00:00,562,/dev/ttyACM0,115200,2.0,46080,8,1.1119495759994606,41440.72806411354,2,0,259,NONZERO_EXIT
2026-01-23T16:36:56.285297+00:00,2026-01-23T16:36:57.393456+00:00,563,/dev/ttyACM0,115200,2.0,46080,8,1.1081376980000641,41583.27984253572,2,0,259,NONZERO_EXIT
2026-01-23T16:36:57.393822+00:00,2026-01-23T16:36:58.504222+00:00,564,/dev/ttyACM0,115200,2.0,46080,8,1.1103813970003102,41499.254332326615,2,0,259,NONZERO_EXIT
2026-01-23T16:36:58.504590+00:00,2026-01-23T16:36:59.613017+00:00,565,/dev/ttyACM0,115200,2.0,46080,8,1.10840575399925,41573.22337396597,2,0,259,NONZERO_EXIT
2026-01-23T16:36:59.613418+00:00,2026-01-23T16:37:00.725284+00:00,566,/dev/ttyACM0,115200,2.0,46080,8,1.1118454419993213,41444.60934888478,2,0,259,NONZERO_EXIT
2026-01-23T16:37:00.725646+00:00,2026-01-23T16:37:01.836524+00:00,567,/dev/ttyACM0,115200,2.0,46080,8,1.110858283998823,41481.43886916256,2,0,259,NONZERO_EXIT
2026-01-23T16:37:01.836887+00:00,2026-01-23T16:37:02.939946+00:00,568,/dev/ttyACM0,115200,2.0,46080,8,1.1030395240013604,41775.474946574235,2,0,259,NONZERO_EXIT
2026-01-23T16:37:02.940319+00:00,2026-01-23T16:37:04.046794+00:00,569,/dev/ttyACM0,115200,2.0,46080,8,1.1064532999989751,41646.58372842549,2,0,259,NONZERO_EXIT
2026-01-23T16:37:04.047248+00:00,2026-01-23T16:37:05.152957+00:00,570,/dev/ttyACM0,115200,2.0,46080,8,1.1056885220023105,41675.389662680886,2,0,259,NONZERO_EXIT
2026-01-23T16:37:10.685917+00:00,2026-01-23T16:37:11.793774+00:00,571,/dev/ttyACM0,115200,2.0,47104,8,1.107836398001382,42518.913519161375,2,0,259,NONZERO_EXIT
2026-01-23T16:37:11.794153+00:00,2026-01-23T16:37:12.897956+00:00,572,/dev/ttyACM0,115200,2.0,47104,8,1.1037721069988038,42675.4759441036,2,0,259,NONZERO_EXIT
2026-01-23T16:37:12.898620+00:00,2026-01-23T16:37:14.006976+00:00,573,/dev/ttyACM0,115200,2.0,47104,8,1.1083343779973802,42499.80956569349,2,0,259,NONZERO_EXIT
2026-01-23T16:37:14.007455+00:00,2026-01-23T16:37:15.105156+00:00,574,/dev/ttyACM0,115200,2.0,47104,8,1.0976765070008696,42912.46072916334,2,0,259,NONZERO_EXIT
2026-01-23T16:37:15.105533+00:00,2026-01-23T16:37:16.208908+00:00,575,/dev/ttyACM0,115200,2.0,47104,8,1.103355424998881,42691.59233077389,2,0,259,NONZERO_EXIT
2026-01-23T16:37:16.209279+00:00,2026-01-23T16:37:17.315102+00:00,576,/dev/ttyACM0,115200,2.0,47104,8,1.1057979670003988,42597.293000795515,2,0,259,NONZERO_EXIT
2026-01-23T16:37:17.315609+00:00,2026-01-23T16:37:18.418102+00:00,577,/dev/ttyACM0,115200,2.0,47104,8,1.1024731709985645,42725.75627154317,2,0,259,NONZERO_EXIT
2026-01-23T16:37:18.418493+00:00,2026-01-23T16:37:19.522780+00:00,578,/dev/ttyACM0,115200,2.0,47104,8,1.1042630330011889,42656.50356145653,2,0,259,NONZERO_EXIT
2026-01-23T16:37:19.523477+00:00,2026-01-23T16:37:20.629391+00:00,579,/dev/ttyACM0,115200,2.0,47104,8,1.105893373998697,42593.618071587705,2,0,259,NONZERO_EXIT
2026-01-23T16:37:20.629762+00:00,2026-01-23T16:37:21.736236+00:00,580,/dev/ttyACM0,115200,2.0,47104,8,1.1064551889976428,42571.990685562545,2,0,259,NONZERO_EXIT
2026-01-23T16:37:21.736631+00:00,2026-01-23T16:37:22.836308+00:00,581,/dev/ttyACM0,115200,2.0,47104,8,1.0996566219982924,42835.189692581276,2,0,259,NONZERO_EXIT
2026-01-23T16:37:22.836679+00:00,2026-01-23T16:37:23.943924+00:00,582,/dev/ttyACM0,115200,2.0,47104,8,1.1072261839981365,42542.34652391428,2,0,259,NONZERO_EXIT
2026-01-23T16:37:23.944299+00:00,2026-01-23T16:37:25.047055+00:00,583,/dev/ttyACM0,115200,2.0,47104,8,1.1027304730014293,42715.78699715406,2,0,259,NONZERO_EXIT
2026-01-23T16:37:25.047565+00:00,2026-01-23T16:37:26.153105+00:00,584,/dev/ttyACM0,115200,2.0,47104,8,1.1055195049993927,42608.022551375856,2,0,259,NONZERO_EXIT
2026-01-23T16:37:26.153476+00:00,2026-01-23T16:37:27.263782+00:00,585,/dev/ttyACM0,115200,2.0,47104,8,1.1102864150016103,42425.089025277935,2,0,259,NONZERO_EXIT
2026-01-23T16:37:27.264011+00:00,2026-01-23T16:37:28.370253+00:00,586,/dev/ttyACM0,115200,2.0,47104,8,1.1061994949996006,42581.83104668386,2,0,259,NONZERO_EXIT
2026-01-23T16:37:28.370785+00:00,2026-01-23T16:37:29.475536+00:00,587,/dev/ttyACM0,115200,2.0,47104,8,1.1047269310001866,42638.591201314746,2,0,259,NONZERO_EXIT
2026-01-23T16:37:29.475925+00:00,2026-01-23T16:37:30.580124+00:00,588,/dev/ttyACM0,115200,2.0,47104,8,1.104174125001009,42659.93825924598,2,0,259,NONZERO_EXIT
2026-01-23T16:37:30.580814+00:00,2026-01-23T16:37:31.686664+00:00,589,/dev/ttyACM0,115200,2.0,47104,8,1.1058265360006772,42596.19250082018,2,0,259,NONZERO_EXIT
2026-01-23T16:37:31.687260+00:00,2026-01-23T16:37:32.796580+00:00,590,/dev/ttyACM0,115200,2.0,47104,8,1.1092968140001176,42462.93634446065,2,0,259,NONZERO_EXIT
2026-01-23T16:37:32.797049+00:00,2026-01-23T16:37:33.908885+00:00,591,/dev/ttyACM0,115200,2.0,47104,8,1.1118157650016656,42366.731506032775,2,0,259,NONZERO_EXIT
2026-01-23T16:37:33.909265+00:00,2026-01-23T16:37:35.021387+00:00,592,/dev/ttyACM0,115200,2.0,47104,8,1.112103446997935,42355.77196272054,2,0,259,NONZERO_EXIT
2026-01-23T16:37:35.021768+00:00,2026-01-23T16:37:36.127847+00:00,593,/dev/ttyACM0,115200,2.0,47104,8,1.1060572960013815,42587.30553135935,2,0,259,NONZERO_EXIT
2026-01-23T16:37:36.128277+00:00,2026-01-23T16:37:37.230677+00:00,594,/dev/ttyACM0,115200,2.0,47104,8,1.102380633001303,42729.34283302519,2,0,259,NONZERO_EXIT
2026-01-23T16:37:37.231048+00:00,2026-01-23T16:37:38.341678+00:00,595,/dev/ttyACM0,115200,2.0,47104,8,1.110610698000528,42412.70148469037,2,0,259,NONZERO_EXIT
2026-01-23T16:37:38.342048+00:00,2026-01-23T16:37:39.448902+00:00,596,/dev/ttyACM0,115200,2.0,47104,8,1.1068287800007965,42557.62124288646,2,0,259,NONZERO_EXIT
2026-01-23T16:37:39.449437+00:00,2026-01-23T16:37:40.557821+00:00,597,/dev/ttyACM0,115200,2.0,47104,8,1.108362038998166,42498.74891292441,2,0,259,NONZERO_EXIT
2026-01-23T16:37:40.560236+00:00,2026-01-23T16:37:41.669425+00:00,598,/dev/ttyACM0,115200,2.0,47104,8,1.1091641839993827,42468.01391490497,2,0,259,NONZERO_EXIT
2026-01-23T16:37:41.669799+00:00,2026-01-23T16:37:42.779821+00:00,599,/dev/ttyACM0,115200,2.0,47104,8,1.1099957329970493,42436.19916701537,2,0,259,NONZERO_EXIT
2026-01-23T16:37:42.780244+00:00,2026-01-23T16:37:43.884627+00:00,600,/dev/ttyACM0,115200,2.0,47104,8,1.1043615149974357,42652.699646192734,2,0,259,NONZERO_EXIT
2026-01-23T16:37:49.417736+00:00,2026-01-23T16:37:50.525654+00:00,601,/dev/ttyACM0,115200,2.0,48128,8,1.1078974479969474,43440.84381367092,2,0,259,NONZERO_EXIT
2026-01-23T16:37:50.526030+00:00,2026-01-23T16:37:51.631517+00:00,602,/dev/ttyACM0,115200,2.0,48128,8,1.1054651720005495,43536.423597048495,2,0,259,NONZERO_EXIT
2026-01-23T16:37:51.631926+00:00,2026-01-23T16:37:52.735906+00:00,603,/dev/ttyACM0,115200,2.0,48128,8,1.1039595020010893,43595.802122053305,2,0,259,NONZERO_EXIT
2026-01-23T16:37:52.736288+00:00,2026-01-23T16:37:53.841940+00:00,604,/dev/ttyACM0,115200,2.0,48128,8,1.1056373339997663,43529.64441413315,2,0,259,NONZERO_EXIT
2026-01-23T16:37:53.842176+00:00,2026-01-23T16:37:54.947097+00:00,605,/dev/ttyACM0,115200,2.0,48128,8,1.1048999349986843,43558.695656957665,2,0,259,NONZERO_EXIT
2026-01-23T16:37:54.947725+00:00,2026-01-23T16:37:56.052150+00:00,606,/dev/ttyACM0,115200,2.0,48128,8,1.1044055880011001,43578.19312297074,2,0,259,NONZERO_EXIT
2026-01-23T16:37:56.052510+00:00,2026-01-23T16:37:57.161934+00:00,607,/dev/ttyACM0,115200,2.0,48128,8,1.109405005001463,43381.812577938144,2,0,259,NONZERO_EXIT
2026-01-23T16:37:57.162346+00:00,2026-01-23T16:37:58.262649+00:00,608,/dev/ttyACM0,115200,2.0,48128,8,1.1002879360021325,43741.27755582946,2,0,259,NONZERO_EXIT
2026-01-23T16:37:58.262886+00:00,2026-01-23T16:37:59.365410+00:00,609,/dev/ttyACM0,115200,2.0,48128,8,1.1025070510004298,43653.23555647831,2,0,259,NONZERO_EXIT
2026-01-23T16:37:59.367881+00:00,2026-01-23T16:38:00.472875+00:00,610,/dev/ttyACM0,115200,2.0,48128,8,1.1049677529990731,43556.02221817995,2,0,259,NONZERO_EXIT
2026-01-23T16:38:00.473260+00:00,2026-01-23T16:38:01.576872+00:00,611,/dev/ttyACM0,115200,2.0,48128,8,1.1035897549991205,43610.40847107027,2,0,259,NONZERO_EXIT
2026-01-23T16:38:01.577292+00:00,2026-01-23T16:38:02.684806+00:00,612,/dev/ttyACM0,115200,2.0,48128,8,1.107494386000326,43456.65369357984,2,0,259,NONZERO_EXIT
2026-01-23T16:38:02.685199+00:00,2026-01-23T16:38:03.792363+00:00,613,/dev/ttyACM0,115200,2.0,48128,8,1.1071437760001572,43470.4155352567,2,0,259,NONZERO_EXIT
2026-01-23T16:38:03.792751+00:00,2026-01-23T16:38:04.899743+00:00,614,/dev/ttyACM0,115200,2.0,48128,8,1.1069715439989523,43477.17903039932,2,0,259,NONZERO_EXIT
2026-01-23T16:38:04.900098+00:00,2026-01-23T16:38:06.008240+00:00,615,/dev/ttyACM0,115200,2.0,48128,8,1.1081194799990044,43432.13964620786,2,0,259,NONZERO_EXIT
2026-01-23T16:38:06.008780+00:00,2026-01-23T16:38:07.112752+00:00,616,/dev/ttyACM0,115200,2.0,48128,8,1.1039532180002425,43596.05028117181,2,0,259,NONZERO_EXIT
2026-01-23T16:38:07.113134+00:00,2026-01-23T16:38:08.221650+00:00,617,/dev/ttyACM0,115200,2.0,48128,8,1.1084943959976954,43417.44998781217,2,0,259,NONZERO_EXIT
2026-01-23T16:38:08.222081+00:00,2026-01-23T16:38:09.329604+00:00,618,/dev/ttyACM0,115200,2.0,48128,8,1.107502418999502,43456.338491321745,2,0,259,NONZERO_EXIT
2026-01-23T16:38:09.329974+00:00,2026-01-23T16:38:10.437848+00:00,619,/dev/ttyACM0,115200,2.0,48128,8,1.10785421699984,43442.53897442803,2,0,259,NONZERO_EXIT
2026-01-23T16:38:10.438214+00:00,2026-01-23T16:38:11.537217+00:00,620,/dev/ttyACM0,115200,2.0,48128,8,1.0989632309974695,43794.00387792485,2,0,259,NONZERO_EXIT
2026-01-23T16:38:11.537637+00:00,2026-01-23T16:38:12.642488+00:00,621,/dev/ttyACM0,115200,2.0,48128,8,1.104832119999628,43561.36930560654,2,0,259,NONZERO_EXIT
2026-01-23T16:38:12.642894+00:00,2026-01-23T16:38:13.748692+00:00,622,/dev/ttyACM0,115200,2.0,48128,8,1.1057757659982599,43524.19494069084,2,0,259,NONZERO_EXIT
2026-01-23T16:38:13.749416+00:00,2026-01-23T16:38:14.860584+00:00,623,/dev/ttyACM0,115200,2.0,48128,8,1.11114793500019,43313.76451686586,2,0,259,NONZERO_EXIT
2026-01-23T16:38:14.860951+00:00,2026-01-23T16:38:15.966103+00:00,624,/dev/ttyACM0,115200,2.0,48128,8,1.1051270670031954,43549.74322591706,2,0,259,NONZERO_EXIT
2026-01-23T16:38:15.966667+00:00,2026-01-23T16:38:17.074372+00:00,625,/dev/ttyACM0,115200,2.0,48128,8,1.1076821259994176,43449.288266321004,2,0,259,NONZERO_EXIT
2026-01-23T16:38:17.074743+00:00,2026-01-23T16:38:18.173811+00:00,626,/dev/ttyACM0,115200,2.0,48128,8,1.0990527700014354,43790.43601331094,2,0,259,NONZERO_EXIT
2026-01-23T16:38:18.174037+00:00,2026-01-23T16:38:19.275562+00:00,627,/dev/ttyACM0,115200,2.0,48128,8,1.1015064169987454,43692.891169107745,2,0,259,NONZERO_EXIT
2026-01-23T16:38:19.275932+00:00,2026-01-23T16:38:20.380850+00:00,628,/dev/ttyACM0,115200,2.0,48128,8,1.1048991009993188,43558.7285359097,2,0,259,NONZERO_EXIT
2026-01-23T16:38:20.381219+00:00,2026-01-23T16:38:21.494618+00:00,629,/dev/ttyACM0,115200,2.0,48128,8,1.1133726370026125,43227.21647764644,2,0,259,NONZERO_EXIT
2026-01-23T16:38:21.495167+00:00,2026-01-23T16:38:22.601202+00:00,630,/dev/ttyACM0,115200,2.0,48128,8,1.1060100899994723,43514.97371965473,2,0,259,NONZERO_EXIT
2026-01-23T16:38:28.140837+00:00,2026-01-23T16:38:29.245736+00:00,631,/dev/ttyACM0,115200,2.0,49152,8,1.104877800000395,44486.36763267615,2,0,259,NONZERO_EXIT
2026-01-23T16:38:29.246110+00:00,2026-01-23T16:38:30.349062+00:00,632,/dev/ttyACM0,115200,2.0,49152,8,1.1029311419988517,44564.885447809014,2,0,259,NONZERO_EXIT
2026-01-23T16:38:30.349521+00:00,2026-01-23T16:38:31.458202+00:00,633,/dev/ttyACM0,115200,2.0,49152,8,1.1086550380023255,44334.80056029557,2,0,259,NONZERO_EXIT
2026-01-23T16:38:31.458809+00:00,2026-01-23T16:38:32.563918+00:00,634,/dev/ttyACM0,115200,2.0,49152,8,1.105085582999891,44478.00311227556,2,0,259,NONZERO_EXIT
2026-01-23T16:38:32.564294+00:00,2026-01-23T16:38:33.673926+00:00,635,/dev/ttyACM0,115200,2.0,49152,8,1.109613631000684,44296.49981469063,2,0,259,NONZERO_EXIT
2026-01-23T16:38:33.674305+00:00,2026-01-23T16:38:34.791450+00:00,636,/dev/ttyACM0,115200,2.0,49152,8,1.1171252919994004,43998.645766965936,2,0,259,NONZERO_EXIT
2026-01-23T16:38:34.791838+00:00,2026-01-23T16:38:35.896749+00:00,637,/dev/ttyACM0,115200,2.0,49152,8,1.10489651899843,44485.61395102905,2,0,259,NONZERO_EXIT
2026-01-23T16:38:35.896994+00:00,2026-01-23T16:38:37.016028+00:00,638,/dev/ttyACM0,115200,2.0,49152,8,1.1190222929981246,43924.05790979392,2,0,259,NONZERO_EXIT
2026-01-23T16:38:37.016272+00:00,2026-01-23T16:38:38.118991+00:00,639,/dev/ttyACM0,115200,2.0,49152,8,1.1026971700011927,44574.34129439802,2,0,259,NONZERO_EXIT
2026-01-23T16:38:38.119363+00:00,2026-01-23T16:38:39.224166+00:00,640,/dev/ttyACM0,115200,2.0,49152,8,1.1047827459988184,44490.19517910951,2,0,259,NONZERO_EXIT
2026-01-23T16:38:39.224609+00:00,2026-01-23T16:38:40.328803+00:00,641,/dev/ttyACM0,115200,2.0,49152,8,1.1041741350018128,44514.71778037918,2,0,259,NONZERO_EXIT
2026-01-23T16:38:40.329171+00:00,2026-01-23T16:38:41.438953+00:00,642,/dev/ttyACM0,115200,2.0,49152,8,1.1097535969965975,44290.91298557034,2,0,259,NONZERO_EXIT
2026-01-23T16:38:41.439713+00:00,2026-01-23T16:38:42.557354+00:00,643,/dev/ttyACM0,115200,2.0,49152,8,1.1176218059990788,43979.0989547322,2,0,259,NONZERO_EXIT
2026-01-23T16:38:42.557742+00:00,2026-01-23T16:38:43.659928+00:00,644,/dev/ttyACM0,115200,2.0,49152,8,1.1021668539979146,44595.788579297085,2,0,259,NONZERO_EXIT
2026-01-23T16:38:43.660307+00:00,2026-01-23T16:38:44.767927+00:00,645,/dev/ttyACM0,115200,2.0,49152,8,1.107593848999386,44377.27786625443,2,0,259,NONZERO_EXIT
2026-01-23T16:38:44.768457+00:00,2026-01-23T16:38:45.873434+00:00,646,/dev/ttyACM0,115200,2.0,49152,8,1.1049534419980773,44483.32222135883,2,0,259,NONZERO_EXIT
2026-01-23T16:38:45.873820+00:00,2026-01-23T16:38:46.984956+00:00,647,/dev/ttyACM0,115200,2.0,49152,8,1.1111162310007785,44236.59616215755,2,0,259,NONZERO_EXIT
2026-01-23T16:38:46.985326+00:00,2026-01-23T16:38:48.092460+00:00,648,/dev/ttyACM0,115200,2.0,49152,8,1.1071138890001748,44396.51646353091,2,0,259,NONZERO_EXIT
2026-01-23T16:38:48.092830+00:00,2026-01-23T16:38:49.192009+00:00,649,/dev/ttyACM0,115200,2.0,49152,8,1.0991601229980006,44717.779485973406,2,0,259,NONZERO_EXIT
2026-01-23T16:38:49.192373+00:00,2026-01-23T16:38:50.297738+00:00,650,/dev/ttyACM0,115200,2.0,49152,8,1.1053498709989071,44467.3684682129,2,0,259,NONZERO_EXIT
2026-01-23T16:38:50.297977+00:00,2026-01-23T16:38:51.400442+00:00,651,/dev/ttyACM0,115200,2.0,49152,8,1.102447483001015,44584.43668101218,2,0,259,NONZERO_EXIT
2026-01-23T16:38:51.400808+00:00,2026-01-23T16:38:52.509093+00:00,652,/dev/ttyACM0,115200,2.0,49152,8,1.1082641310022154,44350.4383341824,2,0,259,NONZERO_EXIT
2026-01-23T16:38:52.509478+00:00,2026-01-23T16:38:53.620724+00:00,653,/dev/ttyACM0,115200,2.0,49152,8,1.1112212050029484,44232.41725293533,2,0,259,NONZERO_EXIT
2026-01-23T16:38:53.621282+00:00,2026-01-23T16:38:54.727332+00:00,654,/dev/ttyACM0,115200,2.0,49152,8,1.1060305589999189,44440.00177033409,2,0,259,NONZERO_EXIT
2026-01-23T16:38:54.727792+00:00,2026-01-23T16:38:55.832119+00:00,655,/dev/ttyACM0,115200,2.0,49152,8,1.1043045340011304,44509.461372862286,2,0,259,NONZERO_EXIT
2026-01-23T16:38:55.832489+00:00,2026-01-23T16:38:56.935035+00:00,656,/dev/ttyACM0,115200,2.0,49152,8,1.1025231940002413,44581.37503816472,2,0,259,NONZERO_EXIT
2026-01-23T16:38:56.935463+00:00,2026-01-23T16:38:58.037880+00:00,657,/dev/ttyACM0,115200,2.0,49152,8,1.1023940539998875,44586.59752532103,2,0,259,NONZERO_EXIT
2026-01-23T16:38:58.038319+00:00,2026-01-23T16:38:59.140423+00:00,658,/dev/ttyACM0,115200,2.0,49152,8,1.1020820679987082,44599.21944765516,2,0,259,NONZERO_EXIT
2026-01-23T16:38:59.140809+00:00,2026-01-23T16:39:00.248909+00:00,659,/dev/ttyACM0,115200,2.0,49152,8,1.108081073998619,44357.76510705141,2,0,259,NONZERO_EXIT
2026-01-23T16:39:00.249272+00:00,2026-01-23T16:39:01.352034+00:00,660,/dev/ttyACM0,115200,2.0,49152,8,1.1027379609986383,44572.69246039921,2,0,259,NONZERO_EXIT
2026-01-23T16:39:06.885444+00:00,2026-01-23T16:39:07.994443+00:00,661,/dev/ttyACM0,115200,2.0,50176,8,1.1089733169974352,45245.452916624185,2,0,260,NONZERO_EXIT
2026-01-23T16:39:07.994966+00:00,2026-01-23T16:39:09.097493+00:00,662,/dev/ttyACM0,115200,2.0,50176,8,1.102507551000599,45510.799408550025,2,0,260,NONZERO_EXIT
2026-01-23T16:39:09.097855+00:00,2026-01-23T16:39:10.208201+00:00,663,/dev/ttyACM0,115200,2.0,50176,8,1.1103262420001556,45190.321638811605,2,0,260,NONZERO_EXIT
2026-01-23T16:39:10.208583+00:00,2026-01-23T16:39:11.420233+00:00,664,/dev/ttyACM0,115200,2.0,50176,8,1.2116298560031282,41411.98712742058,2,0,260,NONZERO_EXIT
2026-01-23T16:39:11.420597+00:00,2026-01-23T16:39:12.525692+00:00,665,/dev/ttyACM0,115200,2.0,50176,8,1.105074273997161,45405.09283462779,2,0,260,NONZERO_EXIT
2026-01-23T16:39:12.528195+00:00,2026-01-23T16:39:13.634286+00:00,666,/dev/ttyACM0,115200,2.0,50176,8,1.1060664610013191,45364.36260310777,2,0,260,NONZERO_EXIT
2026-01-23T16:39:13.634659+00:00,2026-01-23T16:39:14.741717+00:00,667,/dev/ttyACM0,115200,2.0,50176,8,1.1070364379993407,45324.61468990046,2,0,260,NONZERO_EXIT
2026-01-23T16:39:14.742102+00:00,2026-01-23T16:39:15.847596+00:00,668,/dev/ttyACM0,115200,2.0,50176,8,1.1054731460026233,45388.70996680089,2,0,260,NONZERO_EXIT
2026-01-23T16:39:15.847987+00:00,2026-01-23T16:39:16.955859+00:00,669,/dev/ttyACM0,115200,2.0,50176,8,1.1078545070013206,45291.14579838974,2,0,260,NONZERO_EXIT
2026-01-23T16:39:16.956090+00:00,2026-01-23T16:39:18.070325+00:00,670,/dev/ttyACM0,115200,2.0,50176,8,1.1142118059979111,45032.73051846847,2,0,260,NONZERO_EXIT
2026-01-23T16:39:18.070907+00:00,2026-01-23T16:39:19.180759+00:00,671,/dev/ttyACM0,115200,2.0,50176,8,1.1098220479980228,45210.85167708742,2,0,260,NONZERO_EXIT
2026-01-23T16:39:19.181346+00:00,2026-01-23T16:39:20.285678+00:00,672,/dev/ttyACM0,115200,2.0,50176,8,1.104306703000475,45436.652574568696,2,0,260,NONZERO_EXIT
2026-01-23T16:39:20.286040+00:00,2026-01-23T16:39:21.390083+00:00,673,/dev/ttyACM0,115200,2.0,50176,8,1.1040230710023025,45448.325599253134,2,0,260,NONZERO_EXIT
2026-01-23T16:39:21.390480+00:00,2026-01-23T16:39:22.501235+00:00,674,/dev/ttyACM0,115200,2.0,50176,8,1.110729166000965,45173.928565009344,2,0,260,NONZERO_EXIT
2026-01-23T16:39:22.501763+00:00,2026-01-23T16:39:23.605444+00:00,675,/dev/ttyACM0,115200,2.0,50176,8,1.1036572349985363,45463.39063329435,2,0,260,NONZERO_EXIT
2026-01-23T16:39:23.607927+00:00,2026-01-23T16:39:24.719765+00:00,676,/dev/ttyACM0,115200,2.0,50176,8,1.1118097050020879,45130.02519608854,2,0,260,NONZERO_EXIT
2026-01-23T16:39:24.720125+00:00,2026-01-23T16:39:25.825066+00:00,677,/dev/ttyACM0,115200,2.0,50176,8,1.1049211099998502,45411.38688173566,2,0,260,NONZERO_EXIT
2026-01-23T16:39:25.825458+00:00,2026-01-23T16:39:26.930647+00:00,678,/dev/ttyACM0,115200,2.0,50176,8,1.105167377001635,45401.26775740483,2,0,260,NONZERO_EXIT
2026-01-23T16:39:26.931011+00:00,2026-01-23T16:39:28.036264+00:00,679,/dev/ttyACM0,115200,2.0,50176,8,1.1052253449997806,45398.88650491449,2,0,260,NONZERO_EXIT
2026-01-23T16:39:28.036895+00:00,2026-01-23T16:39:29.146216+00:00,680,/dev/ttyACM0,115200,2.0,50176,8,1.109290755000984,45232.50534072601,2,0,260,NONZERO_EXIT
2026-01-23T16:39:29.146848+00:00,2026-01-23T16:39:30.257292+00:00,681,/dev/ttyACM0,115200,2.0,50176,8,1.1104177390006953,45186.59801414482,2,0,260,NONZERO_EXIT
2026-01-23T16:39:30.257835+00:00,2026-01-23T16:39:31.461275+00:00,682,/dev/ttyACM0,115200,2.0,50176,8,1.2034169059988926,41694.61119407456,2,0,260,NONZERO_EXIT
2026-01-23T16:39:31.461639+00:00,2026-01-23T16:39:32.568083+00:00,683,/dev/ttyACM0,115200,2.0,50176,8,1.1064181220026512,45349.94411441841,2,0,260,NONZERO_EXIT
2026-01-23T16:39:32.568573+00:00,2026-01-23T16:39:33.669341+00:00,684,/dev/ttyACM0,115200,2.0,50176,8,1.1007486330017855,45583.522427975266,2,0,260,NONZERO_EXIT
2026-01-23T16:39:33.669707+00:00,2026-01-23T16:39:34.776020+00:00,685,/dev/ttyACM0,115200,2.0,50176,8,1.106293172997539,45355.066111495944,2,0,260,NONZERO_EXIT
2026-01-23T16:39:34.776409+00:00,2026-01-23T16:39:35.875391+00:00,686,/dev/ttyACM0,115200,2.0,50176,8,1.0989605889990344,45657.6882758842,2,0,260,NONZERO_EXIT
2026-01-23T16:39:35.875783+00:00,2026-01-23T16:39:36.978541+00:00,687,/dev/ttyACM0,115200,2.0,50176,8,1.102738595000119,45501.26405976984,2,0,260,NONZERO_EXIT
2026-01-23T16:39:36.978904+00:00,2026-01-23T16:39:38.086470+00:00,688,/dev/ttyACM0,115200,2.0,50176,8,1.1075410539997392,45303.96396485346,2,0,260,NONZERO_EXIT
2026-01-23T16:39:38.086997+00:00,2026-01-23T16:39:39.196926+00:00,689,/dev/ttyACM0,115200,2.0,50176,8,1.1099002749979263,45207.66516621842,2,0,260,NONZERO_EXIT
2026-01-23T16:39:39.197421+00:00,2026-01-23T16:39:40.304386+00:00,690,/dev/ttyACM0,115200,2.0,50176,8,1.1069453659983992,45328.343693588,2,0,260,NONZERO_EXIT
2026-01-23T16:39:46.346103+00:00,2026-01-23T16:39:47.553423+00:00,691,/dev/ttyACM0,115200,2.0,51200,8,1.2073001669996302,42408.6746606204,2,0,260,NONZERO_EXIT
2026-01-23T16:39:47.553795+00:00,2026-01-23T16:39:48.750261+00:00,692,/dev/ttyACM0,115200,2.0,51200,8,1.1964430359985272,42793.51248617492,2,0,260,NONZERO_EXIT
2026-01-23T16:39:48.750627+00:00,2026-01-23T16:39:49.950259+00:00,693,/dev/ttyACM0,115200,2.0,51200,8,1.1995802340024966,42681.59690258238,2,0,260,NONZERO_EXIT
2026-01-23T16:39:49.950625+00:00,2026-01-23T16:39:51.160390+00:00,694,/dev/ttyACM0,115200,2.0,51200,8,1.2097450149994984,42322.96836538006,2,0,260,NONZERO_EXIT
2026-01-23T16:39:51.160760+00:00,2026-01-23T16:39:52.365087+00:00,695,/dev/ttyACM0,115200,2.0,51200,8,1.2043032140027208,42514.210212748236,2,0,260,NONZERO_EXIT
2026-01-23T16:39:52.365758+00:00,2026-01-23T16:39:53.576305+00:00,696,/dev/ttyACM0,115200,2.0,51200,8,1.210521458000585,42295.82190518696,2,0,260,NONZERO_EXIT
2026-01-23T16:39:53.576832+00:00,2026-01-23T16:39:54.788653+00:00,697,/dev/ttyACM0,115200,2.0,51200,8,1.211795670002175,42251.347539398375,2,0,260,NONZERO_EXIT
2026-01-23T16:39:54.789090+00:00,2026-01-23T16:39:55.991747+00:00,698,/dev/ttyACM0,115200,2.0,51200,8,1.202635857000132,42573.152714499825,2,0,260,NONZERO_EXIT
2026-01-23T16:39:55.992119+00:00,2026-01-23T16:39:57.197449+00:00,699,/dev/ttyACM0,115200,2.0,51200,8,1.2053038519989059,42478.915101025064,2,0,260,NONZERO_EXIT
2026-01-23T16:39:57.197983+00:00,2026-01-23T16:39:58.410997+00:00,700,/dev/ttyACM0,115200,2.0,51200,8,1.2129851620011323,42209.914518271915,2,0,260,NONZERO_EXIT
2026-01-23T16:39:58.411672+00:00,2026-01-23T16:39:59.613386+00:00,701,/dev/ttyACM0,115200,2.0,51200,8,1.2016925610005273,42606.571482285755,2,0,260,NONZERO_EXIT
2026-01-23T16:39:59.613760+00:00,2026-01-23T16:40:00.816601+00:00,702,/dev/ttyACM0,115200,2.0,51200,8,1.2028253409989702,42566.44606229977,2,0,260,NONZERO_EXIT
2026-01-23T16:40:00.816835+00:00,2026-01-23T16:40:02.029629+00:00,703,/dev/ttyACM0,115200,2.0,51200,8,1.2127818510016368,42216.99059704258,2,0,260,NONZERO_EXIT
2026-01-23T16:40:02.029877+00:00,2026-01-23T16:40:03.235635+00:00,704,/dev/ttyACM0,115200,2.0,51200,8,1.205741558002046,42463.49448619827,2,0,260,NONZERO_EXIT
2026-01-23T16:40:03.235998+00:00,2026-01-23T16:40:04.439923+00:00,705,/dev/ttyACM0,115200,2.0,51200,8,1.2039033660003042,42528.33030121046,2,0,260,NONZERO_EXIT
2026-01-23T16:40:04.440392+00:00,2026-01-23T16:40:05.644103+00:00,706,/dev/ttyACM0,115200,2.0,51200,8,1.2036894380034937,42535.888729673636,2,0,260,NONZERO_EXIT
2026-01-23T16:40:05.644481+00:00,2026-01-23T16:40:06.849261+00:00,707,/dev/ttyACM0,115200,2.0,51200,8,1.2047590100009984,42498.125828465534,2,0,260,NONZERO_EXIT
2026-01-23T16:40:06.849640+00:00,2026-01-23T16:40:08.058995+00:00,708,/dev/ttyACM0,115200,2.0,51200,8,1.2093298010004219,42337.49962801267,2,0,260,NONZERO_EXIT
2026-01-23T16:40:08.059698+00:00,2026-01-23T16:40:09.268741+00:00,709,/dev/ttyACM0,115200,2.0,51200,8,1.2090238199998566,42348.21444626796,2,0,260,NONZERO_EXIT
2026-01-23T16:40:09.269109+00:00,2026-01-23T16:40:10.477304+00:00,710,/dev/ttyACM0,115200,2.0,51200,8,1.2081739740024204,42378.00275599831,2,0,260,NONZERO_EXIT
2026-01-23T16:40:10.477700+00:00,2026-01-23T16:40:11.682178+00:00,711,/dev/ttyACM0,115200,2.0,51200,8,1.204457009996986,42508.78161282661,2,0,260,NONZERO_EXIT
2026-01-23T16:40:11.682748+00:00,2026-01-23T16:40:12.887282+00:00,712,/dev/ttyACM0,115200,2.0,51200,8,1.2045133730025555,42506.79249195133,2,0,260,NONZERO_EXIT
2026-01-23T16:40:12.887691+00:00,2026-01-23T16:40:14.097588+00:00,713,/dev/ttyACM0,115200,2.0,51200,8,1.2098814210003184,42318.196735072044,2,0,260,NONZERO_EXIT
2026-01-23T16:40:14.097849+00:00,2026-01-23T16:40:15.301105+00:00,714,/dev/ttyACM0,115200,2.0,51200,8,1.2032390919994214,42551.80897997671,2,0,260,NONZERO_EXIT
2026-01-23T16:40:15.301495+00:00,2026-01-23T16:40:16.508996+00:00,715,/dev/ttyACM0,115200,2.0,51200,8,1.2074733110021043,42402.59352606989,2,0,260,NONZERO_EXIT
2026-01-23T16:40:16.509488+00:00,2026-01-23T16:40:17.713398+00:00,716,/dev/ttyACM0,115200,2.0,51200,8,1.2038845799979754,42528.99393402489,2,0,260,NONZERO_EXIT
2026-01-23T16:40:17.713941+00:00,2026-01-23T16:40:18.924395+00:00,717,/dev/ttyACM0,115200,2.0,51200,8,1.210432411000511,42298.9334511288,2,0,260,NONZERO_EXIT
2026-01-23T16:40:18.924762+00:00,2026-01-23T16:40:20.134833+00:00,718,/dev/ttyACM0,115200,2.0,51200,8,1.2100502319990483,42312.29303217907,2,0,260,NONZERO_EXIT
2026-01-23T16:40:20.135206+00:00,2026-01-23T16:40:21.345474+00:00,719,/dev/ttyACM0,115200,2.0,51200,8,1.2102476079999178,42305.39243503589,2,0,260,NONZERO_EXIT
2026-01-23T16:40:21.345860+00:00,2026-01-23T16:40:22.546020+00:00,720,/dev/ttyACM0,115200,2.0,51200,8,1.2001461049985664,42661.472454690134,2,0,260,NONZERO_EXIT
2026-01-23T16:40:28.580295+00:00,2026-01-23T16:40:29.785925+00:00,721,/dev/ttyACM0,115200,2.0,52224,8,1.2056096279993653,43317.504096796656,2,0,260,NONZERO_EXIT
2026-01-23T16:40:29.786340+00:00,2026-01-23T16:40:30.989022+00:00,722,/dev/ttyACM0,115200,2.0,52224,8,1.2026625420003256,43423.65225172687,2,0,260,NONZERO_EXIT
2026-01-23T16:40:30.989414+00:00,2026-01-23T16:40:32.193624+00:00,723,/dev/ttyACM0,115200,2.0,52224,8,1.2041904229990905,43368.55617065429,2,0,260,NONZERO_EXIT
2026-01-23T16:40:32.193998+00:00,2026-01-23T16:40:33.400495+00:00,724,/dev/ttyACM0,115200,2.0,52224,8,1.2064774949976709,43286.34410217558,2,0,260,NONZERO_EXIT
2026-01-23T16:40:33.400859+00:00,2026-01-23T16:40:34.609060+00:00,725,/dev/ttyACM0,115200,2.0,52224,8,1.2081797040009405,43225.35780650669,2,0,260,NONZERO_EXIT
2026-01-23T16:40:34.609430+00:00,2026-01-23T16:40:35.819485+00:00,726,/dev/ttyACM0,115200,2.0,52224,8,1.2100343789970793,43159.10432502352,2,0,260,NONZERO_EXIT
2026-01-23T16:40:35.819885+00:00,2026-01-23T16:40:37.024995+00:00,727,/dev/ttyACM0,115200,2.0,52224,8,1.2050902779992612,43336.17236270826,2,0,260,NONZERO_EXIT
2026-01-23T16:40:37.025370+00:00,2026-01-23T16:40:38.227847+00:00,728,/dev/ttyACM0,115200,2.0,52224,8,1.2024567860025854,43431.08260348552,2,0,260,NONZERO_EXIT
2026-01-23T16:40:38.228207+00:00,2026-01-23T16:40:39.432220+00:00,729,/dev/ttyACM0,115200,2.0,52224,8,1.2039914409979247,43375.72363198388,2,0,260,NONZERO_EXIT
2026-01-23T16:40:39.432592+00:00,2026-01-23T16:40:40.637514+00:00,730,/dev/ttyACM0,115200,2.0,52224,8,1.2048979319988575,43343.09040879781,2,0,260,NONZERO_EXIT
2026-01-23T16:40:40.638098+00:00,2026-01-23T16:40:41.844130+00:00,731,/dev/ttyACM0,115200,2.0,52224,8,1.206009270001232,43303.14973445159,2,0,260,NONZERO_EXIT
2026-01-23T16:40:41.844499+00:00,2026-01-23T16:40:43.048551+00:00,732,/dev/ttyACM0,115200,2.0,52224,8,1.2040309030016942,43374.301996571354,2,0,260,NONZERO_EXIT
2026-01-23T16:40:43.049037+00:00,2026-01-23T16:40:44.253882+00:00,733,/dev/ttyACM0,115200,2.0,52224,8,1.204824247997749,43345.74116248827,2,0,260,NONZERO_EXIT
2026-01-23T16:40:44.254293+00:00,2026-01-23T16:40:45.460285+00:00,734,/dev/ttyACM0,115200,2.0,52224,8,1.2059654100012267,43304.72463546602,2,0,260,NONZERO_EXIT
2026-01-23T16:40:45.460828+00:00,2026-01-23T16:40:46.668017+00:00,735,/dev/ttyACM0,115200,2.0,52224,8,1.207159302000946,43261.89585205141,2,0,260,NONZERO_EXIT
2026-01-23T16:40:46.668718+00:00,2026-01-23T16:40:47.872549+00:00,736,/dev/ttyACM0,115200,2.0,52224,8,1.203810061000695,43382.2591219977,2,0,260,NONZERO_EXIT
2026-01-23T16:40:47.872987+00:00,2026-01-23T16:40:49.076938+00:00,737,/dev/ttyACM0,115200,2.0,52224,8,1.2039315180008998,43377.88256155694,2,0,260,NONZERO_EXIT
2026-01-23T16:40:49.077314+00:00,2026-01-23T16:40:50.286319+00:00,738,/dev/ttyACM0,115200,2.0,52224,8,1.2089792659971863,43196.7705888858,2,0,260,NONZERO_EXIT
2026-01-23T16:40:50.286802+00:00,2026-01-23T16:40:51.500808+00:00,739,/dev/ttyACM0,115200,2.0,52224,8,1.2139836419992207,43018.70156503602,2,0,260,NONZERO_EXIT
2026-01-23T16:40:51.501244+00:00,2026-01-23T16:40:52.707344+00:00,740,/dev/ttyACM0,115200,2.0,52224,8,1.206079673000204,43300.62198137317,2,0,260,NONZERO_EXIT
2026-01-23T16:40:52.707756+00:00,2026-01-23T16:40:53.921035+00:00,741,/dev/ttyACM0,115200,2.0,52224,8,1.2132597210002132,43044.36972237606,2,0,260,NONZERO_EXIT
2026-01-23T16:40:53.923540+00:00,2026-01-23T16:40:55.129257+00:00,742,/dev/ttyACM0,115200,2.0,52224,8,1.2056886940008553,43314.66344492648,2,0,260,NONZERO_EXIT
2026-01-23T16:40:55.129489+00:00,2026-01-23T16:40:56.337097+00:00,743,/dev/ttyACM0,115200,2.0,52224,8,1.2075912119980785,43246.42269761988,2,0,260,NONZERO_EXIT
2026-01-23T16:40:56.337464+00:00,2026-01-23T16:40:57.546095+00:00,744,/dev/ttyACM0,115200,2.0,52224,8,1.2086154559983697,43209.77341536698,2,0,260,NONZERO_EXIT
2026-01-23T16:40:57.546349+00:00,2026-01-23T16:40:58.749588+00:00,745,/dev/ttyACM0,115200,2.0,52224,8,1.2032208689997788,43403.502503586984,2,0,260,NONZERO_EXIT
2026-01-23T16:40:58.750035+00:00,2026-01-23T16:40:59.956566+00:00,746,/dev/ttyACM0,115200,2.0,52224,8,1.2065120010011015,43285.10612133756,2,0,260,NONZERO_EXIT
2026-01-23T16:40:59.958981+00:00,2026-01-23T16:41:01.166267+00:00,747,/dev/ttyACM0,115200,2.0,52224,8,1.2072608550006407,43258.25672528103,2,0,260,NONZERO_EXIT
2026-01-23T16:41:01.166639+00:00,2026-01-23T16:41:02.372881+00:00,748,/dev/ttyACM0,115200,2.0,52224,8,1.2062232709977252,43295.467145815404,2,0,260,NONZERO_EXIT
2026-01-23T16:41:02.373261+00:00,2026-01-23T16:41:03.578473+00:00,749,/dev/ttyACM0,115200,2.0,52224,8,1.2051859660023183,43332.7316059201,2,0,260,NONZERO_EXIT
2026-01-23T16:41:03.579156+00:00,2026-01-23T16:41:04.783679+00:00,750,/dev/ttyACM0,115200,2.0,52224,8,1.204504719000397,43357.23984820917,2,0,260,NONZERO_EXIT
2026-01-23T16:41:10.821022+00:00,2026-01-23T16:41:12.026068+00:00,751,/dev/ttyACM0,115200,2.0,53248,8,1.2050258879971807,44188.26228580127,2,0,260,NONZERO_EXIT
2026-01-23T16:41:12.026487+00:00,2026-01-23T16:41:13.229419+00:00,752,/dev/ttyACM0,115200,2.0,53248,8,1.2029121650011803,44265.908641756694,2,0,260,NONZERO_EXIT
2026-01-23T16:41:13.229779+00:00,2026-01-23T16:41:14.433394+00:00,753,/dev/ttyACM0,115200,2.0,53248,8,1.203595437000331,44240.77922122046,2,0,260,NONZERO_EXIT
2026-01-23T16:41:14.433768+00:00,2026-01-23T16:41:15.641416+00:00,754,/dev/ttyACM0,115200,2.0,53248,8,1.2076289289980195,44093.01460191115,2,0,260,NONZERO_EXIT
2026-01-23T16:41:15.641778+00:00,2026-01-23T16:41:16.844464+00:00,755,/dev/ttyACM0,115200,2.0,53248,8,1.2026663190008549,44274.95736659285,2,0,260,NONZERO_EXIT
2026-01-23T16:41:16.844834+00:00,2026-01-23T16:41:18.052971+00:00,756,/dev/ttyACM0,115200,2.0,53248,8,1.208117829002731,44075.17108157803,2,0,260,NONZERO_EXIT
2026-01-23T16:41:18.053370+00:00,2026-01-23T16:41:19.257238+00:00,757,/dev/ttyACM0,115200,2.0,53248,8,1.2038466630001494,44231.54678794287,2,0,260,NONZERO_EXIT
2026-01-23T16:41:19.257621+00:00,2026-01-23T16:41:20.466076+00:00,758,/dev/ttyACM0,115200,2.0,53248,8,1.2084337980013515,44063.6467533991,2,0,260,NONZERO_EXIT
2026-01-23T16:41:20.466472+00:00,2026-01-23T16:41:21.673102+00:00,759,/dev/ttyACM0,115200,2.0,53248,8,1.2066109709994635,44130.213697537874,2,0,260,NONZERO_EXIT
2026-01-23T16:41:21.673476+00:00,2026-01-23T16:41:22.886789+00:00,760,/dev/ttyACM0,115200,2.0,53248,8,1.2132940879964735,43887.13381759655,2,0,260,NONZERO_EXIT
2026-01-23T16:41:22.887177+00:00,2026-01-23T16:41:24.095167+00:00,761,/dev/ttyACM0,115200,2.0,53248,8,1.2079637560018455,44080.7927683541,2,0,260,NONZERO_EXIT
2026-01-23T16:41:24.095620+00:00,2026-01-23T16:41:25.300962+00:00,762,/dev/ttyACM0,115200,2.0,53248,8,1.2053176230001554,44177.566961528726,2,0,260,NONZERO_EXIT
2026-01-23T16:41:25.301422+00:00,2026-01-23T16:41:26.512890+00:00,763,/dev/ttyACM0,115200,2.0,53248,8,1.2114473050023662,43954.0372743625,2,0,260,NONZERO_EXIT
2026-01-23T16:41:26.513267+00:00,2026-01-23T16:41:27.724953+00:00,764,/dev/ttyACM0,115200,2.0,53248,8,1.2116655640020326,43946.119772626196,2,0,260,NONZERO_EXIT
2026-01-23T16:41:27.725320+00:00,2026-01-23T16:41:28.937919+00:00,765,/dev/ttyACM0,115200,2.0,53248,8,1.2125797369990323,43912.98846192289,2,0,260,NONZERO_EXIT
2026-01-23T16:41:28.938334+00:00,2026-01-23T16:41:30.143729+00:00,766,/dev/ttyACM0,115200,2.0,53248,8,1.2053761509996548,44175.42188456262,2,0,260,NONZERO_EXIT
2026-01-23T16:41:30.144089+00:00,2026-01-23T16:41:31.356155+00:00,767,/dev/ttyACM0,115200,2.0,53248,8,1.212045718999434,43932.3361860947,2,0,260,NONZERO_EXIT
2026-01-23T16:41:31.356530+00:00,2026-01-23T16:41:32.563939+00:00,768,/dev/ttyACM0,115200,2.0,53248,8,1.2073878340015654,44101.81923361252,2,0,260,NONZERO_EXIT
2026-01-23T16:41:32.564310+00:00,2026-01-23T16:41:33.767959+00:00,769,/dev/ttyACM0,115200,2.0,53248,8,1.203630151998368,44239.50323244494,2,0,260,NONZERO_EXIT
2026-01-23T16:41:33.768329+00:00,2026-01-23T16:41:34.973437+00:00,770,/dev/ttyACM0,115200,2.0,53248,8,1.2050878400004876,44185.99062453277,2,0,260,NONZERO_EXIT
2026-01-23T16:41:34.973863+00:00,2026-01-23T16:41:36.177293+00:00,771,/dev/ttyACM0,115200,2.0,53248,8,1.2034093779984687,44247.619283608205,2,0,260,NONZERO_EXIT
2026-01-23T16:41:36.177676+00:00,2026-01-23T16:41:37.385413+00:00,772,/dev/ttyACM0,115200,2.0,53248,8,1.207717421999405,44089.78377727355,2,0,260,NONZERO_EXIT
2026-01-23T16:41:37.385788+00:00,2026-01-23T16:41:38.599674+00:00,773,/dev/ttyACM0,115200,2.0,53248,8,1.2138668710031197,43866.42495317194,2,0,260,NONZERO_EXIT
2026-01-23T16:41:38.600038+00:00,2026-01-23T16:41:39.805079+00:00,774,/dev/ttyACM0,115200,2.0,53248,8,1.2050214910013892,44188.42352409017,2,0,260,NONZERO_EXIT
2026-01-23T16:41:39.805448+00:00,2026-01-23T16:41:41.013743+00:00,775,/dev/ttyACM0,115200,2.0,53248,8,1.2082731619993865,44069.50487246446,2,0,260,NONZERO_EXIT
2026-01-23T16:41:41.014208+00:00,2026-01-23T16:41:42.220649+00:00,776,/dev/ttyACM0,115200,2.0,53248,8,1.2064073119981913,44137.663515819135,2,0,260,NONZERO_EXIT
2026-01-23T16:41:42.221342+00:00,2026-01-23T16:41:43.428438+00:00,777,/dev/ttyACM0,115200,2.0,53248,8,1.2070671859983122,44113.5345386437,2,0,260,NONZERO_EXIT
2026-01-23T16:41:43.429009+00:00,2026-01-23T16:41:44.642113+00:00,778,/dev/ttyACM0,115200,2.0,53248,8,1.213083724000171,43894.744399350704,2,0,260,NONZERO_EXIT
2026-01-23T16:41:44.642513+00:00,2026-01-23T16:41:45.847899+00:00,779,/dev/ttyACM0,115200,2.0,53248,8,1.2053656759999285,44175.80578261228,2,0,260,NONZERO_EXIT
2026-01-23T16:41:45.848271+00:00,2026-01-23T16:41:47.057017+00:00,780,/dev/ttyACM0,115200,2.0,53248,8,1.2087305629975162,44052.82833913865,2,0,260,NONZERO_EXIT
2026-01-23T16:41:53.092367+00:00,2026-01-23T16:41:54.296932+00:00,781,/dev/ttyACM0,115200,2.0,54272,8,1.2045449539982656,45056.01872296594,2,0,260,NONZERO_EXIT
2026-01-23T16:41:54.297309+00:00,2026-01-23T16:41:55.500180+00:00,782,/dev/ttyACM0,115200,2.0,54272,8,1.2028513370023575,45119.4576839828,2,0,260,NONZERO_EXIT
2026-01-23T16:41:55.500602+00:00,2026-01-23T16:41:56.705435+00:00,783,/dev/ttyACM0,115200,2.0,54272,8,1.204807632999291,45046.19535393659,2,0,260,NONZERO_EXIT
2026-01-23T16:41:56.705988+00:00,2026-01-23T16:41:57.917232+00:00,784,/dev/ttyACM0,115200,2.0,54272,8,1.2112155700015137,44807.878419142326,2,0,260,NONZERO_EXIT
2026-01-23T16:41:57.917734+00:00,2026-01-23T16:41:59.124013+00:00,785,/dev/ttyACM0,115200,2.0,54272,8,1.206258758000331,44992.00494093748,2,0,260,NONZERO_EXIT
2026-01-23T16:41:59.124384+00:00,2026-01-23T16:42:00.328986+00:00,786,/dev/ttyACM0,115200,2.0,54272,8,1.2045766640003421,45054.83264117475,2,0,260,NONZERO_EXIT
2026-01-23T16:42:00.331610+00:00,2026-01-23T16:42:01.543037+00:00,787,/dev/ttyACM0,115200,2.0,54272,8,1.2114003039969248,44801.04538601616,2,0,260,NONZERO_EXIT
2026-01-23T16:42:01.543405+00:00,2026-01-23T16:42:02.749112+00:00,788,/dev/ttyACM0,115200,2.0,54272,8,1.205687304998719,45013.32955484479,2,0,260,NONZERO_EXIT
2026-01-23T16:42:02.749483+00:00,2026-01-23T16:42:03.956978+00:00,789,/dev/ttyACM0,115200,2.0,54272,8,1.207470181001554,44946.86564846122,2,0,260,NONZERO_EXIT
2026-01-23T16:42:03.957524+00:00,2026-01-23T16:42:05.165538+00:00,790,/dev/ttyACM0,115200,2.0,54272,8,1.2079903009980626,44927.51303976491,2,0,260,NONZERO_EXIT
2026-01-23T16:42:05.165926+00:00,2026-01-23T16:42:06.372332+00:00,791,/dev/ttyACM0,115200,2.0,54272,8,1.2063855929991405,44987.2746449805,2,0,260,NONZERO_EXIT
2026-01-23T16:42:06.372729+00:00,2026-01-23T16:42:07.578142+00:00,792,/dev/ttyACM0,115200,2.0,54272,8,1.205386562000058,45024.56034514627,2,0,260,NONZERO_EXIT
2026-01-23T16:42:07.578852+00:00,2026-01-23T16:42:08.785511+00:00,793,/dev/ttyACM0,115200,2.0,54272,8,1.2066391930020473,44977.81964546872,2,0,260,NONZERO_EXIT
2026-01-23T16:42:08.785888+00:00,2026-01-23T16:42:09.987919+00:00,794,/dev/ttyACM0,115200,2.0,54272,8,1.2020103610011574,45151.02511661939,2,0,260,NONZERO_EXIT
2026-01-23T16:42:09.988301+00:00,2026-01-23T16:42:11.197928+00:00,795,/dev/ttyACM0,115200,2.0,54272,8,1.209607581000455,44867.443667236395,2,0,260,NONZERO_EXIT
2026-01-23T16:42:11.198336+00:00,2026-01-23T16:42:12.404727+00:00,796,/dev/ttyACM0,115200,2.0,54272,8,1.206370298001275,44987.84501733699,2,0,260,NONZERO_EXIT
2026-01-23T16:42:12.405227+00:00,2026-01-23T16:42:13.613264+00:00,797,/dev/ttyACM0,115200,2.0,54272,8,1.208012510996923,44926.68702181863,2,0,260,NONZERO_EXIT
2026-01-23T16:42:13.613839+00:00,2026-01-23T16:42:14.818341+00:00,798,/dev/ttyACM0,115200,2.0,54272,8,1.2044797230009863,45058.458821357475,2,0,260,NONZERO_EXIT
2026-01-23T16:42:14.818723+00:00,2026-01-23T16:42:16.028875+00:00,799,/dev/ttyACM0,115200,2.0,54272,8,1.2101314030005597,44848.02217794765,2,0,260,NONZERO_EXIT
2026-01-23T16:42:16.029297+00:00,2026-01-23T16:42:17.235958+00:00,800,/dev/ttyACM0,115200,2.0,54272,8,1.2066418469985365,44977.72071721115,2,0,260,NONZERO_EXIT
2026-01-23T16:42:17.236383+00:00,2026-01-23T16:42:18.444756+00:00,801,/dev/ttyACM0,115200,2.0,54272,8,1.208356556999206,44913.89539423475,2,0,260,NONZERO_EXIT
2026-01-23T16:42:18.444984+00:00,2026-01-23T16:42:19.657266+00:00,802,/dev/ttyACM0,115200,2.0,54272,8,1.212266078000539,44769.04945613423,2,0,260,NONZERO_EXIT
2026-01-23T16:42:19.657623+00:00,2026-01-23T16:42:20.863684+00:00,803,/dev/ttyACM0,115200,2.0,54272,8,1.206045669001469,44999.95430930394,2,0,260,NONZERO_EXIT
2026-01-23T16:42:20.865997+00:00,2026-01-23T16:42:22.073367+00:00,804,/dev/ttyACM0,115200,2.0,54272,8,1.2073392279999098,44951.740771239194,2,0,260,NONZERO_EXIT
2026-01-23T16:42:22.073734+00:00,2026-01-23T16:42:23.280292+00:00,805,/dev/ttyACM0,115200,2.0,54272,8,1.2065287029981846,44981.93856900034,2,0,260,NONZERO_EXIT
2026-01-23T16:42:23.280960+00:00,2026-01-23T16:42:24.482531+00:00,806,/dev/ttyACM0,115200,2.0,54272,8,1.2015481439993891,45168.3940181989,2,0,260,NONZERO_EXIT
2026-01-23T16:42:24.482895+00:00,2026-01-23T16:42:25.689406+00:00,807,/dev/ttyACM0,115200,2.0,54272,8,1.2064904290018603,44983.36554969581,2,0,260,NONZERO_EXIT
2026-01-23T16:42:25.689787+00:00,2026-01-23T16:42:26.894804+00:00,808,/dev/ttyACM0,115200,2.0,54272,8,1.2049938380005187,45039.23446617379,2,0,260,NONZERO_EXIT
2026-01-23T16:42:26.895300+00:00,2026-01-23T16:42:28.106371+00:00,809,/dev/ttyACM0,115200,2.0,54272,8,1.2110324449968175,44814.653995618275,2,0,260,NONZERO_EXIT
2026-01-23T16:42:28.107125+00:00,2026-01-23T16:42:29.313569+00:00,810,/dev/ttyACM0,115200,2.0,54272,8,1.2064226120019157,44985.89421325752,2,0,260,NONZERO_EXIT
2026-01-23T16:42:35.841756+00:00,2026-01-23T16:42:37.148320+00:00,811,/dev/ttyACM0,115200,2.0,55296,8,1.3065393210017646,42322.49203001623,2,0,260,NONZERO_EXIT
2026-01-23T16:42:37.148693+00:00,2026-01-23T16:42:38.456652+00:00,812,/dev/ttyACM0,115200,2.0,55296,8,1.3079394589985895,42277.18616451622,2,0,260,NONZERO_EXIT
2026-01-23T16:42:38.457019+00:00,2026-01-23T16:42:39.763307+00:00,813,/dev/ttyACM0,115200,2.0,55296,8,1.3062642799995956,42331.403259390296,2,0,260,NONZERO_EXIT
2026-01-23T16:42:39.763818+00:00,2026-01-23T16:42:41.068612+00:00,814,/dev/ttyACM0,115200,2.0,55296,8,1.3047677590002422,42379.95583395599,2,0,260,NONZERO_EXIT
2026-01-23T16:42:41.068985+00:00,2026-01-23T16:42:42.380337+00:00,815,/dev/ttyACM0,115200,2.0,55296,8,1.311331513999903,42167.826678192745,2,0,260,NONZERO_EXIT
2026-01-23T16:42:42.380715+00:00,2026-01-23T16:42:43.688180+00:00,816,/dev/ttyACM0,115200,2.0,55296,8,1.3074414110014914,42293.290953392425,2,0,260,NONZERO_EXIT
2026-01-23T16:42:43.688825+00:00,2026-01-23T16:42:44.997551+00:00,817,/dev/ttyACM0,115200,2.0,55296,8,1.3087034700001823,42252.50506899955,2,0,260,NONZERO_EXIT
2026-01-23T16:42:44.997932+00:00,2026-01-23T16:42:46.302626+00:00,818,/dev/ttyACM0,115200,2.0,55296,8,1.304667394997523,42383.21599207665,2,0,260,NONZERO_EXIT
2026-01-23T16:42:46.302997+00:00,2026-01-23T16:42:47.608238+00:00,819,/dev/ttyACM0,115200,2.0,55296,8,1.3052219470009732,42365.20855863204,2,0,260,NONZERO_EXIT
2026-01-23T16:42:47.608605+00:00,2026-01-23T16:42:48.917968+00:00,820,/dev/ttyACM0,115200,2.0,55296,8,1.309342602999095,42231.88023771821,2,0,260,NONZERO_EXIT
2026-01-23T16:42:48.918383+00:00,2026-01-23T16:42:50.230935+00:00,821,/dev/ttyACM0,115200,2.0,55296,8,1.3125277830004052,42129.39391926223,2,0,260,NONZERO_EXIT
2026-01-23T16:42:50.231375+00:00,2026-01-23T16:42:51.536036+00:00,822,/dev/ttyACM0,115200,2.0,55296,8,1.3046408560003329,42384.07815122562,2,0,260,NONZERO_EXIT
2026-01-23T16:42:51.536398+00:00,2026-01-23T16:42:52.842543+00:00,823,/dev/ttyACM0,115200,2.0,55296,8,1.3061248750018422,42335.92136427385,2,0,260,NONZERO_EXIT
2026-01-23T16:42:52.842918+00:00,2026-01-23T16:42:54.152559+00:00,824,/dev/ttyACM0,115200,2.0,55296,8,1.3096212050004397,42222.89604724401,2,0,260,NONZERO_EXIT
2026-01-23T16:42:54.152935+00:00,2026-01-23T16:42:55.458951+00:00,825,/dev/ttyACM0,115200,2.0,55296,8,1.3060015330011083,42339.91967293738,2,0,260,NONZERO_EXIT
2026-01-23T16:42:55.459180+00:00,2026-01-23T16:42:56.764935+00:00,826,/dev/ttyACM0,115200,2.0,55296,8,1.305735153000569,42348.55734176279,2,0,260,NONZERO_EXIT
2026-01-23T16:42:56.765391+00:00,2026-01-23T16:42:58.068946+00:00,827,/dev/ttyACM0,115200,2.0,55296,8,1.3035355240026547,42420.017699408236,2,0,260,NONZERO_EXIT
2026-01-23T16:42:58.069308+00:00,2026-01-23T16:42:59.372650+00:00,828,/dev/ttyACM0,115200,2.0,55296,8,1.303321874998801,42426.97146478177,2,0,260,NONZERO_EXIT
2026-01-23T16:42:59.373023+00:00,2026-01-23T16:43:00.684507+00:00,829,/dev/ttyACM0,115200,2.0,55296,8,1.3114614240002993,42163.64964158289,2,0,260,NONZERO_EXIT
2026-01-23T16:43:00.684962+00:00,2026-01-23T16:43:01.992976+00:00,830,/dev/ttyACM0,115200,2.0,55296,8,1.3079928919978556,42275.45909331337,2,0,260,NONZERO_EXIT
2026-01-23T16:43:01.993370+00:00,2026-01-23T16:43:03.297815+00:00,831,/dev/ttyACM0,115200,2.0,55296,8,1.3044225279991224,42391.17219542317,2,0,260,NONZERO_EXIT
2026-01-23T16:43:03.298287+00:00,2026-01-23T16:43:04.604174+00:00,832,/dev/ttyACM0,115200,2.0,55296,8,1.305869462001283,42344.20178205046,2,0,260,NONZERO_EXIT
2026-01-23T16:43:04.604403+00:00,2026-01-23T16:43:05.905065+00:00,833,/dev/ttyACM0,115200,2.0,55296,8,1.30064535999918,42514.27921907541,2,0,260,NONZERO_EXIT
2026-01-23T16:43:05.905435+00:00,2026-01-23T16:43:07.212352+00:00,834,/dev/ttyACM0,115200,2.0,55296,8,1.3068983160010248,42310.86636426322,2,0,260,NONZERO_EXIT
2026-01-23T16:43:07.212718+00:00,2026-01-23T16:43:08.516214+00:00,835,/dev/ttyACM0,115200,2.0,55296,8,1.303475669999898,42421.96557455064,2,0,260,NONZERO_EXIT
2026-01-23T16:43:08.519020+00:00,2026-01-23T16:43:09.824600+00:00,836,/dev/ttyACM0,115200,2.0,55296,8,1.305556636001711,42354.34792729094,2,0,260,NONZERO_EXIT
2026-01-23T16:43:09.824985+00:00,2026-01-23T16:43:11.129896+00:00,837,/dev/ttyACM0,115200,2.0,55296,8,1.3048907550000877,42375.96119684079,2,0,260,NONZERO_EXIT
2026-01-23T16:43:11.130286+00:00,2026-01-23T16:43:12.435863+00:00,838,/dev/ttyACM0,115200,2.0,55296,8,1.3055564259993844,42354.3547401038,2,0,260,NONZERO_EXIT
2026-01-23T16:43:12.436223+00:00,2026-01-23T16:43:13.746323+00:00,839,/dev/ttyACM0,115200,2.0,55296,8,1.3100784680027573,42208.15878632059,2,0,260,NONZERO_EXIT
2026-01-23T16:43:13.746693+00:00,2026-01-23T16:43:15.053014+00:00,840,/dev/ttyACM0,115200,2.0,55296,8,1.3063061200009543,42330.04741641998,2,0,260,NONZERO_EXIT
2026-01-23T16:43:21.586049+00:00,2026-01-23T16:43:22.884652+00:00,841,/dev/ttyACM0,115200,2.0,56320,8,1.298582625000563,43370.36312955102,2,0,260,NONZERO_EXIT
2026-01-23T16:43:22.885026+00:00,2026-01-23T16:43:24.188685+00:00,842,/dev/ttyACM0,115200,2.0,56320,8,1.3036438529998122,43201.98332573898,2,0,260,NONZERO_EXIT
2026-01-23T16:43:24.188932+00:00,2026-01-23T16:43:25.492586+00:00,843,/dev/ttyACM0,115200,2.0,56320,8,1.303637147997506,43202.20552667754,2,0,260,NONZERO_EXIT
2026-01-23T16:43:25.492951+00:00,2026-01-23T16:43:26.800862+00:00,844,/dev/ttyACM0,115200,2.0,56320,8,1.3078854060004232,43061.876630483464,2,0,260,NONZERO_EXIT
2026-01-23T16:43:26.801297+00:00,2026-01-23T16:43:28.101881+00:00,845,/dev/ttyACM0,115200,2.0,56320,8,1.3005562429971178,43304.54780656865,2,0,260,NONZERO_EXIT
2026-01-23T16:43:28.102458+00:00,2026-01-23T16:43:29.408087+00:00,846,/dev/ttyACM0,115200,2.0,56320,8,1.3056050390005112,43137.088413135294,2,0,260,NONZERO_EXIT
2026-01-23T16:43:29.410515+00:00,2026-01-23T16:43:30.718616+00:00,847,/dev/ttyACM0,115200,2.0,56320,8,1.3080790799976967,43055.500895327496,2,0,260,NONZERO_EXIT
2026-01-23T16:43:30.718991+00:00,2026-01-23T16:43:32.032459+00:00,848,/dev/ttyACM0,115200,2.0,56320,8,1.313448385000811,42879.49236769226,2,0,260,NONZERO_EXIT
2026-01-23T16:43:32.032842+00:00,2026-01-23T16:43:33.337685+00:00,849,/dev/ttyACM0,115200,2.0,56320,8,1.3048211240020464,43163.00446398327,2,0,260,NONZERO_EXIT
2026-01-23T16:43:33.338065+00:00,2026-01-23T16:43:34.646088+00:00,850,/dev/ttyACM0,115200,2.0,56320,8,1.3080040700006066,43057.96999544037,2,0,260,NONZERO_EXIT
2026-01-23T16:43:34.646540+00:00,2026-01-23T16:43:35.957069+00:00,851,/dev/ttyACM0,115200,2.0,56320,8,1.3105077240034007,42975.7100766648,2,0,260,NONZERO_EXIT
2026-01-23T16:43:35.957451+00:00,2026-01-23T16:43:37.265469+00:00,852,/dev/ttyACM0,115200,2.0,56320,8,1.3079986220000137,43058.14933801926,2,0,260,NONZERO_EXIT
2026-01-23T16:43:37.265831+00:00,2026-01-23T16:43:38.575751+00:00,853,/dev/ttyACM0,115200,2.0,56320,8,1.3098999529975117,42995.650065579466,2,0,260,NONZERO_EXIT
2026-01-23T16:43:38.576127+00:00,2026-01-23T16:43:39.880845+00:00,854,/dev/ttyACM0,115200,2.0,56320,8,1.3046974330027297,43167.09650480485,2,0,260,NONZERO_EXIT
2026-01-23T16:43:39.881216+00:00,2026-01-23T16:43:41.184798+00:00,855,/dev/ttyACM0,115200,2.0,56320,8,1.303561439999612,43204.71461630283,2,0,260,NONZERO_EXIT
2026-01-23T16:43:41.185173+00:00,2026-01-23T16:43:42.491066+00:00,856,/dev/ttyACM0,115200,2.0,56320,8,1.3058735859995068,43128.21746592956,2,0,260,NONZERO_EXIT
2026-01-23T16:43:42.491431+00:00,2026-01-23T16:43:43.803088+00:00,857,/dev/ttyACM0,115200,2.0,56320,8,1.3116374330020335,42938.695239199296,2,0,260,NONZERO_EXIT
2026-01-23T16:43:43.803455+00:00,2026-01-23T16:43:45.108804+00:00,858,/dev/ttyACM0,115200,2.0,56320,8,1.3053297900005418,43146.18453622868,2,0,260,NONZERO_EXIT
2026-01-23T16:43:45.109170+00:00,2026-01-23T16:43:46.413674+00:00,859,/dev/ttyACM0,115200,2.0,56320,8,1.3044825269971625,43174.20803607476,2,0,260,NONZERO_EXIT
2026-01-23T16:43:46.416140+00:00,2026-01-23T16:43:47.720250+00:00,860,/dev/ttyACM0,115200,2.0,56320,8,1.304066333999799,43187.98709208045,2,0,260,NONZERO_EXIT
2026-01-23T16:43:47.720945+00:00,2026-01-23T16:43:49.030287+00:00,861,/dev/ttyACM0,115200,2.0,56320,8,1.3093177440023283,43014.76876639644,2,0,260,NONZERO_EXIT
2026-01-23T16:43:49.030869+00:00,2026-01-23T16:43:50.338450+00:00,862,/dev/ttyACM0,115200,2.0,56320,8,1.3075440159991558,43073.119765657175,2,0,260,NONZERO_EXIT
2026-01-23T16:43:50.339173+00:00,2026-01-23T16:43:51.647574+00:00,863,/dev/ttyACM0,115200,2.0,56320,8,1.308381989998452,43045.53290286932,2,0,260,NONZERO_EXIT
2026-01-23T16:43:51.647941+00:00,2026-01-23T16:43:52.952294+00:00,864,/dev/ttyACM0,115200,2.0,56320,8,1.3043338320021576,43179.1299268444,2,0,260,NONZERO_EXIT
2026-01-23T16:43:52.952659+00:00,2026-01-23T16:43:54.265010+00:00,865,/dev/ttyACM0,115200,2.0,56320,8,1.3123299239996413,42916.03732417474,2,0,260,NONZERO_EXIT
2026-01-23T16:43:54.265408+00:00,2026-01-23T16:43:55.570197+00:00,866,/dev/ttyACM0,115200,2.0,56320,8,1.3047693720000098,43164.71646914132,2,0,260,NONZERO_EXIT
2026-01-23T16:43:55.570585+00:00,2026-01-23T16:43:56.884702+00:00,867,/dev/ttyACM0,115200,2.0,56320,8,1.3140968080006132,42858.33407181803,2,0,260,NONZERO_EXIT
2026-01-23T16:43:56.885100+00:00,2026-01-23T16:43:58.190962+00:00,868,/dev/ttyACM0,115200,2.0,56320,8,1.305834964998212,43129.49301374934,2,0,260,NONZERO_EXIT
2026-01-23T16:43:58.191327+00:00,2026-01-23T16:43:59.497216+00:00,869,/dev/ttyACM0,115200,2.0,56320,8,1.3058678599991254,43128.40657556096,2,0,260,NONZERO_EXIT
2026-01-23T16:43:59.497592+00:00,2026-01-23T16:44:00.800671+00:00,870,/dev/ttyACM0,115200,2.0,56320,8,1.3030594810006733,43221.35775164273,2,0,260,NONZERO_EXIT
2026-01-23T16:44:07.345198+00:00,2026-01-23T16:44:08.653502+00:00,871,/dev/ttyACM0,115200,2.0,57344,8,1.3082831650026492,43831.4896453505,2,0,260,NONZERO_EXIT
2026-01-23T16:44:08.653877+00:00,2026-01-23T16:44:09.960385+00:00,872,/dev/ttyACM0,115200,2.0,57344,8,1.3064826170011656,43891.896649665745,2,0,260,NONZERO_EXIT
2026-01-23T16:44:09.960913+00:00,2026-01-23T16:44:11.265119+00:00,873,/dev/ttyACM0,115200,2.0,57344,8,1.3041822060004051,43969.31635485156,2,0,260,NONZERO_EXIT
2026-01-23T16:44:11.265677+00:00,2026-01-23T16:44:12.576614+00:00,874,/dev/ttyACM0,115200,2.0,57344,8,1.3109205680011655,43743.30634497224,2,0,260,NONZERO_EXIT
2026-01-23T16:44:12.576980+00:00,2026-01-23T16:44:13.886196+00:00,875,/dev/ttyACM0,115200,2.0,57344,8,1.3091964289997122,43800.91385050104,2,0,260,NONZERO_EXIT
2026-01-23T16:44:13.886595+00:00,2026-01-23T16:44:15.196532+00:00,876,/dev/ttyACM0,115200,2.0,57344,8,1.3099133659998188,43776.94089427891,2,0,260,NONZERO_EXIT
2026-01-23T16:44:15.197203+00:00,2026-01-23T16:44:16.500834+00:00,877,/dev/ttyACM0,115200,2.0,57344,8,1.3036119399985182,43988.550764627995,2,0,260,NONZERO_EXIT
2026-01-23T16:44:16.501204+00:00,2026-01-23T16:44:17.808401+00:00,878,/dev/ttyACM0,115200,2.0,57344,8,1.3071779730016715,43868.548265329955,2,0,260,NONZERO_EXIT
2026-01-23T16:44:17.808947+00:00,2026-01-23T16:44:19.121483+00:00,879,/dev/ttyACM0,115200,2.0,57344,8,1.312505860998499,43690.4715658756,2,0,260,NONZERO_EXIT
2026-01-23T16:44:19.122052+00:00,2026-01-23T16:44:20.424659+00:00,880,/dev/ttyACM0,115200,2.0,57344,8,1.3025876249994326,44023.14201321004,2,0,260,NONZERO_EXIT
2026-01-23T16:44:20.425052+00:00,2026-01-23T16:44:21.736966+00:00,881,/dev/ttyACM0,115200,2.0,57344,8,1.3118867049997789,43711.09165254454,2,0,260,NONZERO_EXIT
2026-01-23T16:44:21.737504+00:00,2026-01-23T16:44:23.053134+00:00,882,/dev/ttyACM0,115200,2.0,57344,8,1.3155967540005804,43587.82417608086,2,0,260,NONZERO_EXIT
2026-01-23T16:44:23.053743+00:00,2026-01-23T16:44:24.364503+00:00,883,/dev/ttyACM0,115200,2.0,57344,8,1.3107405850023497,43749.31291220925,2,0,260,NONZERO_EXIT
2026-01-23T16:44:24.364887+00:00,2026-01-23T16:44:25.672259+00:00,884,/dev/ttyACM0,115200,2.0,57344,8,1.307352162002644,43862.70330723943,2,0,260,NONZERO_EXIT
2026-01-23T16:44:25.674653+00:00,2026-01-23T16:44:26.989172+00:00,885,/dev/ttyACM0,115200,2.0,57344,8,1.314498266998271,43624.24922091999,2,0,260,NONZERO_EXIT
2026-01-23T16:44:26.989556+00:00,2026-01-23T16:44:28.292925+00:00,886,/dev/ttyACM0,115200,2.0,57344,8,1.3033500999990792,43997.38796202226,2,0,260,NONZERO_EXIT
2026-01-23T16:44:28.293296+00:00,2026-01-23T16:44:29.599983+00:00,887,/dev/ttyACM0,115200,2.0,57344,8,1.3066677030001301,43885.67947944014,2,0,260,NONZERO_EXIT
2026-01-23T16:44:29.600345+00:00,2026-01-23T16:44:30.905055+00:00,888,/dev/ttyACM0,115200,2.0,57344,8,1.3046901739980967,43952.19734373783,2,0,260,NONZERO_EXIT
2026-01-23T16:44:30.907463+00:00,2026-01-23T16:44:32.212684+00:00,889,/dev/ttyACM0,115200,2.0,57344,8,1.3051896190008847,43935.37855740571,2,0,260,NONZERO_EXIT
2026-01-23T16:44:32.213058+00:00,2026-01-23T16:44:33.516884+00:00,890,/dev/ttyACM0,115200,2.0,57344,8,1.3038002369976311,43982.19786495114,2,0,260,NONZERO_EXIT
2026-01-23T16:44:33.517579+00:00,2026-01-23T16:44:34.831252+00:00,891,/dev/ttyACM0,115200,2.0,57344,8,1.3136521220003488,43652.3483193405,2,0,260,NONZERO_EXIT
2026-01-23T16:44:34.831680+00:00,2026-01-23T16:44:36.136134+00:00,892,/dev/ttyACM0,115200,2.0,57344,8,1.304433640998468,43960.84108663934,2,0,260,NONZERO_EXIT
2026-01-23T16:44:36.136560+00:00,2026-01-23T16:44:37.441321+00:00,893,/dev/ttyACM0,115200,2.0,57344,8,1.3047415090004506,43950.46804629575,2,0,260,NONZERO_EXIT
2026-01-23T16:44:37.441698+00:00,2026-01-23T16:44:38.749492+00:00,894,/dev/ttyACM0,115200,2.0,57344,8,1.30777443199986,43848.54038804617,2,0,260,NONZERO_EXIT
2026-01-23T16:44:38.749872+00:00,2026-01-23T16:44:40.061589+00:00,895,/dev/ttyACM0,115200,2.0,57344,8,1.3116955469995446,43717.46182349425,2,0,260,NONZERO_EXIT
2026-01-23T16:44:40.061999+00:00,2026-01-23T16:44:41.367328+00:00,896,/dev/ttyACM0,115200,2.0,57344,8,1.305303115001152,43931.55837979395,2,0,260,NONZERO_EXIT
2026-01-23T16:44:41.370138+00:00,2026-01-23T16:44:42.684827+00:00,897,/dev/ttyACM0,115200,2.0,57344,8,1.3146663100014848,43618.67309122361,2,0,260,NONZERO_EXIT
2026-01-23T16:44:42.685203+00:00,2026-01-23T16:44:44.000040+00:00,898,/dev/ttyACM0,115200,2.0,57344,8,1.3148178689989436,43613.64516871049,2,0,260,NONZERO_EXIT
2026-01-23T16:44:44.000413+00:00,2026-01-23T16:44:45.303990+00:00,899,/dev/ttyACM0,115200,2.0,57344,8,1.3035558579977078,43990.443254255115,2,0,260,NONZERO_EXIT
2026-01-23T16:44:45.304359+00:00,2026-01-23T16:44:46.609689+00:00,900,/dev/ttyACM0,115200,2.0,57344,8,1.305311776999588,43931.26685167271,2,0,260,NONZERO_EXIT
2026-01-23T16:44:53.148760+00:00,2026-01-23T16:44:54.457473+00:00,901,/dev/ttyACM0,115200,2.0,58368,8,1.3086916100000963,44600.27064741074,2,0,260,NONZERO_EXIT
2026-01-23T16:44:54.457852+00:00,2026-01-23T16:44:55.761700+00:00,902,/dev/ttyACM0,115200,2.0,58368,8,1.3038269190001301,44766.67811457739,2,0,260,NONZERO_EXIT
2026-01-23T16:44:55.762440+00:00,2026-01-23T16:44:57.068211+00:00,903,/dev/ttyACM0,115200,2.0,58368,8,1.3057475960013107,44700.82899539293,2,0,260,NONZERO_EXIT
2026-01-23T16:44:57.068579+00:00,2026-01-23T16:44:58.372718+00:00,904,/dev/ttyACM0,115200,2.0,58368,8,1.3041197709972039,44756.62534842833,2,0,260,NONZERO_EXIT
2026-01-23T16:44:58.373087+00:00,2026-01-23T16:44:59.680280+00:00,905,/dev/ttyACM0,115200,2.0,58368,8,1.3071729479997884,44652.086848426305,2,0,260,NONZERO_EXIT
2026-01-23T16:44:59.680667+00:00,2026-01-23T16:45:00.984829+00:00,906,/dev/ttyACM0,115200,2.0,58368,8,1.3041340880008647,44756.13400265732,2,0,260,NONZERO_EXIT
2026-01-23T16:45:00.985392+00:00,2026-01-23T16:45:02.292680+00:00,907,/dev/ttyACM0,115200,2.0,58368,8,1.307274429997051,44648.620565562254,2,0,260,NONZERO_EXIT
2026-01-23T16:45:02.292911+00:00,2026-01-23T16:45:03.600577+00:00,908,/dev/ttyACM0,115200,2.0,58368,8,1.3076484379998874,44635.85035843176,2,0,260,NONZERO_EXIT
2026-01-23T16:45:03.600952+00:00,2026-01-23T16:45:04.911755+00:00,909,/dev/ttyACM0,115200,2.0,58368,8,1.310784170000261,44529.069953589984,2,0,260,NONZERO_EXIT
2026-01-23T16:45:04.912129+00:00,2026-01-23T16:45:06.217071+00:00,910,/dev/ttyACM0,115200,2.0,58368,8,1.3049229630014452,44729.07723667313,2,0,260,NONZERO_EXIT
2026-01-23T16:45:06.217498+00:00,2026-01-23T16:45:07.524393+00:00,911,/dev/ttyACM0,115200,2.0,58368,8,1.3068748590012547,44662.27167657524,2,0,260,NONZERO_EXIT
2026-01-23T16:45:07.524765+00:00,2026-01-23T16:45:08.836847+00:00,912,/dev/ttyACM0,115200,2.0,58368,8,1.312061315999017,44485.725848534756,2,0,260,NONZERO_EXIT
2026-01-23T16:45:08.837216+00:00,2026-01-23T16:45:10.141414+00:00,913,/dev/ttyACM0,115200,2.0,58368,8,1.3041785079985857,44754.6096197924,2,0,260,NONZERO_EXIT
2026-01-23T16:45:10.143881+00:00,2026-01-23T16:45:11.448477+00:00,914,/dev/ttyACM0,115200,2.0,58368,8,1.3045686510013184,44741.22535076999,2,0,260,NONZERO_EXIT
2026-01-23T16:45:11.448851+00:00,2026-01-23T16:45:12.755302+00:00,915,/dev/ttyACM0,115200,2.0,58368,8,1.3064296819975425,44677.490724762785,2,0,260,NONZERO_EXIT
2026-01-23T16:45:12.755667+00:00,2026-01-23T16:45:14.059899+00:00,916,/dev/ttyACM0,115200,2.0,58368,8,1.3042128019988013,44753.432806783356,2,0,260,NONZERO_EXIT
2026-01-23T16:45:14.060264+00:00,2026-01-23T16:45:15.365170+00:00,917,/dev/ttyACM0,115200,2.0,58368,8,1.3048866449971683,44730.3221500337,2,0,260,NONZERO_EXIT
2026-01-23T16:45:15.367641+00:00,2026-01-23T16:45:16.675716+00:00,918,/dev/ttyACM0,115200,2.0,58368,8,1.3080509430001257,44622.11530242702,2,0,260,NONZERO_EXIT
2026-01-23T16:45:16.676151+00:00,2026-01-23T16:45:17.983315+00:00,919,/dev/ttyACM0,115200,2.0,58368,8,1.3071390049990441,44653.246347003995,2,0,260,NONZERO_EXIT
2026-01-23T16:45:17.983763+00:00,2026-01-23T16:45:19.289723+00:00,920,/dev/ttyACM0,115200,2.0,58368,8,1.3059395260024758,44694.25944910817,2,0,260,NONZERO_EXIT
2026-01-23T16:45:19.290127+00:00,2026-01-23T16:45:20.594980+00:00,921,/dev/ttyACM0,115200,2.0,58368,8,1.3048325870004192,44732.17528554968,2,0,260,NONZERO_EXIT
2026-01-23T16:45:20.597421+00:00,2026-01-23T16:45:21.905170+00:00,922,/dev/ttyACM0,115200,2.0,58368,8,1.307716047998838,44633.542648129885,2,0,260,NONZERO_EXIT
2026-01-23T16:45:21.905597+00:00,2026-01-23T16:45:23.216318+00:00,923,/dev/ttyACM0,115200,2.0,58368,8,1.3106962400015618,44532.05725220548,2,0,260,NONZERO_EXIT
2026-01-23T16:45:23.216997+00:00,2026-01-23T16:45:24.528063+00:00,924,/dev/ttyACM0,115200,2.0,58368,8,1.3110463619996153,44520.164726270086,2,0,260,NONZERO_EXIT
2026-01-23T16:45:24.528439+00:00,2026-01-23T16:45:25.833960+00:00,925,/dev/ttyACM0,115200,2.0,58368,8,1.305501122998976,44709.26831982954,2,0,260,NONZERO_EXIT
2026-01-23T16:45:25.834359+00:00,2026-01-23T16:45:27.152235+00:00,926,/dev/ttyACM0,115200,2.0,58368,8,1.3178561739987344,44290.11386189101,2,0,260,NONZERO_EXIT
2026-01-23T16:45:27.152597+00:00,2026-01-23T16:45:28.456957+00:00,927,/dev/ttyACM0,115200,2.0,58368,8,1.304339358001016,44749.09052001061,2,0,260,NONZERO_EXIT
2026-01-23T16:45:28.457326+00:00,2026-01-23T16:45:29.764798+00:00,928,/dev/ttyACM0,115200,2.0,58368,8,1.3074526710006467,44642.533756368095,2,0,260,NONZERO_EXIT
2026-01-23T16:45:29.765169+00:00,2026-01-23T16:45:31.073005+00:00,929,/dev/ttyACM0,115200,2.0,58368,8,1.3078103350017045,44630.324778649134,2,0,260,NONZERO_EXIT
2026-01-23T16:45:31.075511+00:00,2026-01-23T16:45:32.385106+00:00,930,/dev/ttyACM0,115200,2.0,58368,8,1.3095639479979582,44570.56113161341,2,0,260,NONZERO_EXIT
2026-01-23T16:45:38.921688+00:00,2026-01-23T16:45:40.228529+00:00,931,/dev/ttyACM0,115200,2.0,59392,8,1.3068216419997043,45447.670968410115,2,0,310,NONZERO_EXIT
2026-01-23T16:45:40.228904+00:00,2026-01-23T16:45:41.532336+00:00,932,/dev/ttyACM0,115200,2.0,59392,8,1.303408075000334,45566.69637019456,2,0,310,NONZERO_EXIT
2026-01-23T16:45:41.533000+00:00,2026-01-23T16:45:42.837078+00:00,933,/dev/ttyACM0,115200,2.0,59392,8,1.3040569149998191,45544.02443393986,2,0,310,NONZERO_EXIT
2026-01-23T16:45:42.837443+00:00,2026-01-23T16:45:44.144383+00:00,934,/dev/ttyACM0,115200,2.0,59392,8,1.3069202599981509,45444.2415638151,2,0,310,NONZERO_EXIT
2026-01-23T16:45:44.144756+00:00,2026-01-23T16:45:45.448873+00:00,935,/dev/ttyACM0,115200,2.0,59392,8,1.304089183002361,45542.89750587745,2,0,310,NONZERO_EXIT
2026-01-23T16:45:45.449362+00:00,2026-01-23T16:45:46.754972+00:00,936,/dev/ttyACM0,115200,2.0,59392,8,1.3055912220006576,45490.5019267739,2,0,310,NONZERO_EXIT
2026-01-23T16:45:46.755342+00:00,2026-01-23T16:45:48.060432+00:00,937,/dev/ttyACM0,115200,2.0,59392,8,1.3050711719988612,45508.62916467197,2,0,310,NONZERO_EXIT
2026-01-23T16:45:48.060797+00:00,2026-01-23T16:45:49.369501+00:00,938,/dev/ttyACM0,115200,2.0,59392,8,1.3086841399999685,45382.990581670405,2,0,310,NONZERO_EXIT
2026-01-23T16:45:49.369968+00:00,2026-01-23T16:45:50.670443+00:00,939,/dev/ttyACM0,115200,2.0,59392,8,1.300455263000913,45670.16005067935,2,0,310,NONZERO_EXIT
2026-01-23T16:45:50.670874+00:00,2026-01-23T16:45:51.977023+00:00,940,/dev/ttyACM0,115200,2.0,59392,8,1.3061304080001719,45471.72291236649,2,0,310,NONZERO_EXIT
2026-01-23T16:45:51.977483+00:00,2026-01-23T16:45:53.284455+00:00,941,/dev/ttyACM0,115200,2.0,59392,8,1.3069530869979644,45443.100131789586,2,0,310,NONZERO_EXIT
2026-01-23T16:45:53.284834+00:00,2026-01-23T16:45:54.589350+00:00,942,/dev/ttyACM0,115200,2.0,59392,8,1.3044969949987717,45528.659880167776,2,0,310,NONZERO_EXIT
2026-01-23T16:45:54.589754+00:00,2026-01-23T16:45:55.892552+00:00,943,/dev/ttyACM0,115200,2.0,59392,8,1.3027791419990535,45588.69426544991,2,0,310,NONZERO_EXIT
2026-01-23T16:45:55.892943+00:00,2026-01-23T16:45:57.200269+00:00,944,/dev/ttyACM0,115200,2.0,59392,8,1.3073055140012002,45430.849456315744,2,0,310,NONZERO_EXIT
2026-01-23T16:45:57.200638+00:00,2026-01-23T16:45:58.507779+00:00,945,/dev/ttyACM0,115200,2.0,59392,8,1.3071228750013688,45437.197325414265,2,0,310,NONZERO_EXIT
2026-01-23T16:45:58.508204+00:00,2026-01-23T16:45:59.815791+00:00,946,/dev/ttyACM0,115200,2.0,59392,8,1.3075649099992006,45421.836840234806,2,0,310,NONZERO_EXIT
2026-01-23T16:45:59.816163+00:00,2026-01-23T16:46:01.120484+00:00,947,/dev/ttyACM0,115200,2.0,59392,8,1.3043020639997849,45535.46424504454,2,0,310,NONZERO_EXIT
2026-01-23T16:46:01.120867+00:00,2026-01-23T16:46:02.425738+00:00,948,/dev/ttyACM0,115200,2.0,59392,8,1.3048508190004213,45516.31430595042,2,0,310,NONZERO_EXIT
2026-01-23T16:46:02.426117+00:00,2026-01-23T16:46:03.731761+00:00,949,/dev/ttyACM0,115200,2.0,59392,8,1.305625864999456,45489.29489844684,2,0,310,NONZERO_EXIT
2026-01-23T16:46:03.732137+00:00,2026-01-23T16:46:05.045196+00:00,950,/dev/ttyACM0,115200,2.0,59392,8,1.3130317150025803,45232.723110487306,2,0,310,NONZERO_EXIT
2026-01-23T16:46:05.048037+00:00,2026-01-23T16:46:06.351894+00:00,951,/dev/ttyACM0,115200,2.0,59392,8,1.3038325820016325,45551.86058383501,2,0,310,NONZERO_EXIT
2026-01-23T16:46:06.352312+00:00,2026-01-23T16:46:07.664083+00:00,952,/dev/ttyACM0,115200,2.0,59392,8,1.311749262000376,45276.94561796748,2,0,310,NONZERO_EXIT
2026-01-23T16:46:07.664448+00:00,2026-01-23T16:46:08.968131+00:00,953,/dev/ttyACM0,115200,2.0,59392,8,1.3036639819983975,45557.75170604737,2,0,310,NONZERO_EXIT
2026-01-23T16:46:08.968555+00:00,2026-01-23T16:46:10.277145+00:00,954,/dev/ttyACM0,115200,2.0,59392,8,1.3085742800030857,45386.80066358935,2,0,310,NONZERO_EXIT
2026-01-23T16:46:10.277402+00:00,2026-01-23T16:46:11.585103+00:00,955,/dev/ttyACM0,115200,2.0,59392,8,1.3076798719994258,45417.843672389325,2,0,310,NONZERO_EXIT
2026-01-23T16:46:11.585828+00:00,2026-01-23T16:46:12.889503+00:00,956,/dev/ttyACM0,115200,2.0,59392,8,1.3036486169985437,45558.28865660228,2,0,310,NONZERO_EXIT
2026-01-23T16:46:12.890037+00:00,2026-01-23T16:46:14.193530+00:00,957,/dev/ttyACM0,115200,2.0,59392,8,1.3034698880001088,45564.53551153692,2,0,310,NONZERO_EXIT
2026-01-23T16:46:14.193902+00:00,2026-01-23T16:46:15.501199+00:00,958,/dev/ttyACM0,115200,2.0,59392,8,1.3072779270005412,45431.808166661875,2,0,310,NONZERO_EXIT
2026-01-23T16:46:15.501566+00:00,2026-01-23T16:46:16.821462+00:00,959,/dev/ttyACM0,115200,2.0,59392,8,1.31987470400054,44998.21067862189,2,0,310,NONZERO_EXIT
2026-01-23T16:46:16.821881+00:00,2026-01-23T16:46:18.125607+00:00,960,/dev/ttyACM0,115200,2.0,59392,8,1.3037072840015753,45556.23852748853,2,0,310,NONZERO_EXIT
2026-01-23T16:46:24.757507+00:00,2026-01-23T16:46:26.164517+00:00,961,/dev/ttyACM0,115200,2.0,60416,8,1.4069941590023518,42939.76603487734,2,0,310,NONZERO_EXIT
2026-01-23T16:46:26.164753+00:00,2026-01-23T16:46:27.566295+00:00,962,/dev/ttyACM0,115200,2.0,60416,8,1.401525118999416,43107.325855945055,2,0,310,NONZERO_EXIT
2026-01-23T16:46:27.568735+00:00,2026-01-23T16:46:28.973642+00:00,963,/dev/ttyACM0,115200,2.0,60416,8,1.4048685639972973,43004.73478322932,2,0,310,NONZERO_EXIT
2026-01-23T16:46:28.974368+00:00,2026-01-23T16:46:30.376082+00:00,964,/dev/ttyACM0,115200,2.0,60416,8,1.4016953270001977,43102.09132914622,2,0,310,NONZERO_EXIT
2026-01-23T16:46:30.376450+00:00,2026-01-23T16:46:31.783373+00:00,965,/dev/ttyACM0,115200,2.0,60416,8,1.4069025959979626,42942.560609282926,2,0,310,NONZERO_EXIT
2026-01-23T16:46:31.783741+00:00,2026-01-23T16:46:33.188042+00:00,966,/dev/ttyACM0,115200,2.0,60416,8,1.4042811159997655,43022.7248032082,2,0,310,NONZERO_EXIT
2026-01-23T16:46:33.188534+00:00,2026-01-23T16:46:34.592883+00:00,967,/dev/ttyACM0,115200,2.0,60416,8,1.4043239300008281,43021.41315783487,2,0,310,NONZERO_EXIT
2026-01-23T16:46:34.593420+00:00,2026-01-23T16:46:35.998138+00:00,968,/dev/ttyACM0,115200,2.0,60416,8,1.404692559997784,43010.1231547032,2,0,310,NONZERO_EXIT
2026-01-23T16:46:35.998571+00:00,2026-01-23T16:46:37.402665+00:00,969,/dev/ttyACM0,115200,2.0,60416,8,1.4040760589996353,43029.008017588945,2,0,310,NONZERO_EXIT
2026-01-23T16:46:37.403057+00:00,2026-01-23T16:46:38.807823+00:00,970,/dev/ttyACM0,115200,2.0,60416,8,1.4047461310001381,43008.482932774175,2,0,310,NONZERO_EXIT
2026-01-23T16:46:38.808218+00:00,2026-01-23T16:46:40.217558+00:00,971,/dev/ttyACM0,115200,2.0,60416,8,1.4093136390001746,42869.09480480272,2,0,310,NONZERO_EXIT
2026-01-23T16:46:40.218120+00:00,2026-01-23T16:46:41.627056+00:00,972,/dev/ttyACM0,115200,2.0,60416,8,1.408899891001056,42881.684061365806,2,0,310,NONZERO_EXIT
2026-01-23T16:46:41.627537+00:00,2026-01-23T16:46:43.032153+00:00,973,/dev/ttyACM0,115200,2.0,60416,8,1.4045968760001415,43013.053091821,2,0,310,NONZERO_EXIT
2026-01-23T16:46:43.032526+00:00,2026-01-23T16:46:44.436106+00:00,974,/dev/ttyACM0,115200,2.0,60416,8,1.4035606890029158,43044.80773319414,2,0,310,NONZERO_EXIT
2026-01-23T16:46:44.436475+00:00,2026-01-23T16:46:45.840122+00:00,975,/dev/ttyACM0,115200,2.0,60416,8,1.4036275289981859,43042.757962378266,2,0,310,NONZERO_EXIT
2026-01-23T16:46:45.840531+00:00,2026-01-23T16:46:47.247876+00:00,976,/dev/ttyACM0,115200,2.0,60416,8,1.407325634998415,42929.65216971128,2,0,310,NONZERO_EXIT
2026-01-23T16:46:47.248255+00:00,2026-01-23T16:46:48.656030+00:00,977,/dev/ttyACM0,115200,2.0,60416,8,1.407755308002379,42916.54924443581,2,0,310,NONZERO_EXIT
2026-01-23T16:46:48.656410+00:00,2026-01-23T16:46:50.060589+00:00,978,/dev/ttyACM0,115200,2.0,60416,8,1.4041563079990738,43026.54886484322,2,0,310,NONZERO_EXIT
2026-01-23T16:46:50.060962+00:00,2026-01-23T16:46:51.464722+00:00,979,/dev/ttyACM0,115200,2.0,60416,8,1.403740255998855,43039.301424756806,2,0,310,NONZERO_EXIT
2026-01-23T16:46:51.465091+00:00,2026-01-23T16:46:52.871408+00:00,980,/dev/ttyACM0,115200,2.0,60416,8,1.4062915419999626,42961.219772451426,2,0,310,NONZERO_EXIT
2026-01-23T16:46:52.871980+00:00,2026-01-23T16:46:54.280279+00:00,981,/dev/ttyACM0,115200,2.0,60416,8,1.408281153999269,42900.5243934631,2,0,310,NONZERO_EXIT
2026-01-23T16:46:54.280520+00:00,2026-01-23T16:46:55.684000+00:00,982,/dev/ttyACM0,115200,2.0,60416,8,1.4034599759979756,43047.89665058973,2,0,310,NONZERO_EXIT
2026-01-23T16:46:55.684429+00:00,2026-01-23T16:46:57.093758+00:00,983,/dev/ttyACM0,115200,2.0,60416,8,1.4093079129997932,42869.26898139744,2,0,310,NONZERO_EXIT
2026-01-23T16:46:57.094124+00:00,2026-01-23T16:46:58.501239+00:00,984,/dev/ttyACM0,115200,2.0,60416,8,1.4070896359990002,42936.85238972432,2,0,310,NONZERO_EXIT
2026-01-23T16:46:58.501771+00:00,2026-01-23T16:46:59.908797+00:00,985,/dev/ttyACM0,115200,2.0,60416,8,1.4070020539984398,42939.52509046372,2,0,310,NONZERO_EXIT
2026-01-23T16:46:59.909173+00:00,2026-01-23T16:47:01.314067+00:00,986,/dev/ttyACM0,115200,2.0,60416,8,1.4048680079977203,43004.751803059095,2,0,310,NONZERO_EXIT
2026-01-23T16:47:01.314588+00:00,2026-01-23T16:47:02.718085+00:00,987,/dev/ttyACM0,115200,2.0,60416,8,1.4034775780019118,43047.356756502246,2,0,310,NONZERO_EXIT
2026-01-23T16:47:02.718475+00:00,2026-01-23T16:47:04.124342+00:00,988,/dev/ttyACM0,115200,2.0,60416,8,1.405850555998768,42974.69581116198,2,0,310,NONZERO_EXIT
2026-01-23T16:47:04.124584+00:00,2026-01-23T16:47:05.527516+00:00,989,/dev/ttyACM0,115200,2.0,60416,8,1.4029140149978048,43064.64926155473,2,0,310,NONZERO_EXIT
2026-01-23T16:47:05.527905+00:00,2026-01-23T16:47:06.928601+00:00,990,/dev/ttyACM0,115200,2.0,60416,8,1.4006816309993155,43133.285011309985,2,0,310,NONZERO_EXIT
2026-01-23T16:47:13.973439+00:00,2026-01-23T16:47:15.381175+00:00,991,/dev/ttyACM0,115200,2.0,61440,8,1.407715848999942,43645.17174659055,2,0,310,NONZERO_EXIT
2026-01-23T16:47:15.381546+00:00,2026-01-23T16:47:16.785129+00:00,992,/dev/ttyACM0,115200,2.0,61440,8,1.4035641129994474,43774.27395796076,2,0,310,NONZERO_EXIT
2026-01-23T16:47:16.785525+00:00,2026-01-23T16:47:18.189035+00:00,993,/dev/ttyACM0,115200,2.0,61440,8,1.4034786259981047,43776.94028386505,2,0,310,NONZERO_EXIT
2026-01-23T16:47:18.189686+00:00,2026-01-23T16:47:19.589460+00:00,994,/dev/ttyACM0,115200,2.0,61440,8,1.399753909001447,43893.42984141399,2,0,310,NONZERO_EXIT
2026-01-23T16:47:19.589843+00:00,2026-01-23T16:47:20.993779+00:00,995,/dev/ttyACM0,115200,2.0,61440,8,1.403916469997057,43763.287427013944,2,0,310,NONZERO_EXIT
2026-01-23T16:47:20.994154+00:00,2026-01-23T16:47:22.397224+00:00,996,/dev/ttyACM0,115200,2.0,61440,8,1.4030501410015859,43790.30955810335,2,0,310,NONZERO_EXIT
2026-01-23T16:47:22.397602+00:00,2026-01-23T16:47:23.803569+00:00,997,/dev/ttyACM0,115200,2.0,61440,8,1.4059468010018463,43700.08876311623,2,0,310,NONZERO_EXIT
2026-01-23T16:47:23.803962+00:00,2026-01-23T16:47:25.213902+00:00,998,/dev/ttyACM0,115200,2.0,61440,8,1.4099198780022562,43576.94430626481,2,0,310,NONZERO_EXIT
2026-01-23T16:47:25.214298+00:00,2026-01-23T16:47:26.619424+00:00,999,/dev/ttyACM0,115200,2.0,61440,8,1.4051068019980448,43726.21348970275,2,0,310,NONZERO_EXIT
2026-01-23T16:47:26.619788+00:00,2026-01-23T16:47:28.025040+00:00,1000,/dev/ttyACM0,115200,2.0,61440,8,1.4052330069971504,43722.28640664472,2,0,310,NONZERO_EXIT
2026-01-23T16:47:28.025450+00:00,2026-01-23T16:47:29.430048+00:00,1001,/dev/ttyACM0,115200,2.0,61440,8,1.4045778820000123,43742.67941092316,2,0,310,NONZERO_EXIT
2026-01-23T16:47:29.430507+00:00,2026-01-23T16:47:30.837788+00:00,1002,/dev/ttyACM0,115200,2.0,61440,8,1.4072600549989147,43659.30787401436,2,0,310,NONZERO_EXIT
2026-01-23T16:47:30.838149+00:00,2026-01-23T16:47:32.241002+00:00,1003,/dev/ttyACM0,115200,2.0,61440,8,1.4028336979972664,43797.06595850517,2,0,310,NONZERO_EXIT
2026-01-23T16:47:32.241399+00:00,2026-01-23T16:47:33.642098+00:00,1004,/dev/ttyACM0,115200,2.0,61440,8,1.4006805839999288,43864.39042693486,2,0,310,NONZERO_EXIT
2026-01-23T16:47:33.642494+00:00,2026-01-23T16:47:35.048624+00:00,1005,/dev/ttyACM0,115200,2.0,61440,8,1.4061103040003218,43695.00730149399,2,0,310,NONZERO_EXIT
2026-01-23T16:47:35.048992+00:00,2026-01-23T16:47:36.455918+00:00,1006,/dev/ttyACM0,115200,2.0,61440,8,1.4069067210002686,43670.27257949127,2,0,310,NONZERO_EXIT
2026-01-23T16:47:36.456284+00:00,2026-01-23T16:47:37.860984+00:00,1007,/dev/ttyACM0,115200,2.0,61440,8,1.4046787359984592,43739.538746792416,2,0,310,NONZERO_EXIT
2026-01-23T16:47:37.861468+00:00,2026-01-23T16:47:39.268959+00:00,1008,/dev/ttyACM0,115200,2.0,61440,8,1.407462809002027,43653.01847198686,2,0,310,NONZERO_EXIT
2026-01-23T16:47:39.269495+00:00,2026-01-23T16:47:40.672280+00:00,1009,/dev/ttyACM0,115200,2.0,61440,8,1.4027624589980405,43799.2901833751,2,0,310,NONZERO_EXIT
2026-01-23T16:47:40.672648+00:00,2026-01-23T16:47:42.077315+00:00,1010,/dev/ttyACM0,115200,2.0,61440,8,1.4046468870001263,43740.53049817814,2,0,310,NONZERO_EXIT
2026-01-23T16:47:42.077735+00:00,2026-01-23T16:47:43.488522+00:00,1011,/dev/ttyACM0,115200,2.0,61440,8,1.4107680500019342,43550.74528368839,2,0,310,NONZERO_EXIT
2026-01-23T16:47:43.488893+00:00,2026-01-23T16:47:44.895479+00:00,1012,/dev/ttyACM0,115200,2.0,61440,8,1.4065611389996775,43681.0020527761,2,0,310,NONZERO_EXIT
2026-01-23T16:47:44.895993+00:00,2026-01-23T16:47:46.297438+00:00,1013,/dev/ttyACM0,115200,2.0,61440,8,1.4014253889981774,43841.07814966945,2,0,310,NONZERO_EXIT
2026-01-23T16:47:46.297813+00:00,2026-01-23T16:47:47.701058+00:00,1014,/dev/ttyACM0,115200,2.0,61440,8,1.4032202790003794,43785.000059839775,2,0,310,NONZERO_EXIT
2026-01-23T16:47:47.703580+00:00,2026-01-23T16:47:49.104656+00:00,1015,/dev/ttyACM0,115200,2.0,61440,8,1.4010493550013052,43852.844855663745,2,0,310,NONZERO_EXIT
2026-01-23T16:47:49.105424+00:00,2026-01-23T16:47:50.508030+00:00,1016,/dev/ttyACM0,115200,2.0,61440,8,1.4025840809990768,43804.86049452064,2,0,310,NONZERO_EXIT
2026-01-23T16:47:50.508398+00:00,2026-01-23T16:47:51.914139+00:00,1017,/dev/ttyACM0,115200,2.0,61440,8,1.4057221180009947,43707.0735483416,2,0,310,NONZERO_EXIT
2026-01-23T16:47:51.914538+00:00,2026-01-23T16:47:53.317985+00:00,1018,/dev/ttyACM0,115200,2.0,61440,8,1.4034269449985004,43778.55236352588,2,0,310,NONZERO_EXIT
2026-01-23T16:47:53.318398+00:00,2026-01-23T16:47:54.723736+00:00,1019,/dev/ttyACM0,115200,2.0,61440,8,1.4053182169991487,43719.63535148368,2,0,310,NONZERO_EXIT
2026-01-23T16:47:54.724113+00:00,2026-01-23T16:47:56.128603+00:00,1020,/dev/ttyACM0,115200,2.0,61440,8,1.4044713739967847,43745.99663441817,2,0,310,NONZERO_EXIT
2026-01-23T16:48:03.169104+00:00,2026-01-23T16:48:04.577307+00:00,1021,/dev/ttyACM0,115200,2.0,62464,8,1.408177651999722,44358.03956361348,2,0,310,NONZERO_EXIT
2026-01-23T16:48:04.577858+00:00,2026-01-23T16:48:05.985488+00:00,1022,/dev/ttyACM0,115200,2.0,62464,8,1.4076013789999706,44376.199776372414,2,0,310,NONZERO_EXIT
2026-01-23T16:48:05.985987+00:00,2026-01-23T16:48:07.388358+00:00,1023,/dev/ttyACM0,115200,2.0,62464,8,1.4023481539989007,44542.43393260028,2,0,310,NONZERO_EXIT
2026-01-23T16:48:07.388789+00:00,2026-01-23T16:48:08.793011+00:00,1024,/dev/ttyACM0,115200,2.0,62464,8,1.4042010130033304,44483.65969085927,2,0,310,NONZERO_EXIT
2026-01-23T16:48:08.793376+00:00,2026-01-23T16:48:10.189780+00:00,1025,/dev/ttyACM0,115200,2.0,62464,8,1.3963815530005377,44732.75937065888,2,0,310,NONZERO_EXIT
2026-01-23T16:48:10.190483+00:00,2026-01-23T16:48:11.593672+00:00,1026,/dev/ttyACM0,115200,2.0,62464,8,1.4031636389991036,44516.54693999657,2,0,310,NONZERO_EXIT
2026-01-23T16:48:11.594317+00:00,2026-01-23T16:48:12.998552+00:00,1027,/dev/ttyACM0,115200,2.0,62464,8,1.404209603999334,44483.387538509975,2,0,310,NONZERO_EXIT
2026-01-23T16:48:12.998957+00:00,2026-01-23T16:48:14.403866+00:00,1028,/dev/ttyACM0,115200,2.0,62464,8,1.404890082001657,44461.84139260393,2,0,310,NONZERO_EXIT
2026-01-23T16:48:14.404237+00:00,2026-01-23T16:48:15.808905+00:00,1029,/dev/ttyACM0,115200,2.0,62464,8,1.4046481469995342,44469.499449687246,2,0,310,NONZERO_EXIT
2026-01-23T16:48:15.809283+00:00,2026-01-23T16:48:17.216480+00:00,1030,/dev/ttyACM0,115200,2.0,62464,8,1.4071761070008506,44389.611001235004,2,0,310,NONZERO_EXIT
2026-01-23T16:48:17.216868+00:00,2026-01-23T16:48:18.621630+00:00,1031,/dev/ttyACM0,115200,2.0,62464,8,1.4047415269997146,44466.5433458156,2,0,310,NONZERO_EXIT
2026-01-23T16:48:18.622021+00:00,2026-01-23T16:48:20.024692+00:00,1032,/dev/ttyACM0,115200,2.0,62464,8,1.402651552001771,44532.79926212289,2,0,310,NONZERO_EXIT
2026-01-23T16:48:20.025069+00:00,2026-01-23T16:48:21.429825+00:00,1033,/dev/ttyACM0,115200,2.0,62464,8,1.4047369870022521,44466.687058123185,2,0,310,NONZERO_EXIT
2026-01-23T16:48:21.430200+00:00,2026-01-23T16:48:22.833234+00:00,1034,/dev/ttyACM0,115200,2.0,62464,8,1.4030152230006934,44521.25606050472,2,0,310,NONZERO_EXIT
2026-01-23T16:48:22.833646+00:00,2026-01-23T16:48:24.236568+00:00,1035,/dev/ttyACM0,115200,2.0,62464,8,1.4029009609985224,44524.88218094948,2,0,310,NONZERO_EXIT
2026-01-23T16:48:24.237095+00:00,2026-01-23T16:48:25.644603+00:00,1036,/dev/ttyACM0,115200,2.0,62464,8,1.407487257001776,44379.79789107333,2,0,310,NONZERO_EXIT
2026-01-23T16:48:25.644978+00:00,2026-01-23T16:48:27.048562+00:00,1037,/dev/ttyACM0,115200,2.0,62464,8,1.403563698000653,44503.85834927097,2,0,310,NONZERO_EXIT
2026-01-23T16:48:27.048942+00:00,2026-01-23T16:48:28.454158+00:00,1038,/dev/ttyACM0,115200,2.0,62464,8,1.4051959249991341,44452.16420623942,2,0,310,NONZERO_EXIT
2026-01-23T16:48:28.454542+00:00,2026-01-23T16:48:29.859842+00:00,1039,/dev/ttyACM0,115200,2.0,62464,8,1.4052802249971137,44449.49760829965,2,0,310,NONZERO_EXIT
2026-01-23T16:48:29.860223+00:00,2026-01-23T16:48:31.264717+00:00,1040,/dev/ttyACM0,115200,2.0,62464,8,1.4044753569978639,44474.97044983396,2,0,310,NONZERO_EXIT
2026-01-23T16:48:31.265106+00:00,2026-01-23T16:48:32.669618+00:00,1041,/dev/ttyACM0,115200,2.0,62464,8,1.404483459002222,44474.71388831869,2,0,310,NONZERO_EXIT
2026-01-23T16:48:32.670293+00:00,2026-01-23T16:48:34.073200+00:00,1042,/dev/ttyACM0,115200,2.0,62464,8,1.402885106002941,44525.38538809539,2,0,310,NONZERO_EXIT
2026-01-23T16:48:34.073572+00:00,2026-01-23T16:48:35.476652+00:00,1043,/dev/ttyACM0,115200,2.0,62464,8,1.4030560120008886,44519.96175898959,2,0,310,NONZERO_EXIT
2026-01-23T16:48:35.477346+00:00,2026-01-23T16:48:36.881909+00:00,1044,/dev/ttyACM0,115200,2.0,62464,8,1.4045474349986762,44472.68810117394,2,0,310,NONZERO_EXIT
2026-01-23T16:48:36.882137+00:00,2026-01-23T16:48:38.287148+00:00,1045,/dev/ttyACM0,115200,2.0,62464,8,1.404988002999744,44458.74261320037,2,0,310,NONZERO_EXIT
2026-01-23T16:48:38.287486+00:00,2026-01-23T16:48:39.689974+00:00,1046,/dev/ttyACM0,115200,2.0,62464,8,1.4024666779987456,44538.66960256996,2,0,310,NONZERO_EXIT
2026-01-23T16:48:39.690400+00:00,2026-01-23T16:48:41.092142+00:00,1047,/dev/ttyACM0,115200,2.0,62464,8,1.4017216660031409,44562.34180792069,2,0,310,NONZERO_EXIT
2026-01-23T16:48:41.092511+00:00,2026-01-23T16:48:42.498094+00:00,1048,/dev/ttyACM0,115200,2.0,62464,8,1.4055647650020546,44440.499331888626,2,0,310,NONZERO_EXIT
2026-01-23T16:48:42.498483+00:00,2026-01-23T16:48:43.900216+00:00,1049,/dev/ttyACM0,115200,2.0,62464,8,1.4017132840017439,44562.6082829663,2,0,310,NONZERO_EXIT
2026-01-23T16:48:43.900588+00:00,2026-01-23T16:48:45.309050+00:00,1050,/dev/ttyACM0,115200,2.0,62464,8,1.4084416600016993,44349.72478726924,2,0,310,NONZERO_EXIT
2026-01-23T16:48:52.349394+00:00,2026-01-23T16:48:53.755932+00:00,1051,/dev/ttyACM0,115200,2.0,63488,8,1.4065175610012375,45138.43393096756,2,0,310,NONZERO_EXIT
2026-01-23T16:48:53.756316+00:00,2026-01-23T16:48:55.159658+00:00,1052,/dev/ttyACM0,115200,2.0,63488,8,1.4033188320026966,45241.32260763248,2,0,310,NONZERO_EXIT
2026-01-23T16:48:55.160321+00:00,2026-01-23T16:48:56.561057+00:00,1053,/dev/ttyACM0,115200,2.0,63488,8,1.400717746000737,45325.33423044574,2,0,310,NONZERO_EXIT
2026-01-23T16:48:56.561462+00:00,2026-01-23T16:48:57.968134+00:00,1054,/dev/ttyACM0,115200,2.0,63488,8,1.4066522180000902,45134.11288702488,2,0,310,NONZERO_EXIT
2026-01-23T16:48:57.968508+00:00,2026-01-23T16:48:59.371895+00:00,1055,/dev/ttyACM0,115200,2.0,63488,8,1.4033677910010738,45239.7442830804,2,0,310,NONZERO_EXIT
2026-01-23T16:48:59.372269+00:00,2026-01-23T16:49:00.779767+00:00,1056,/dev/ttyACM0,115200,2.0,63488,8,1.4074787379977352,45107.60858122616,2,0,310,NONZERO_EXIT
2026-01-23T16:49:00.780126+00:00,2026-01-23T16:49:02.186136+00:00,1057,/dev/ttyACM0,115200,2.0,63488,8,1.4059912970005826,45155.32929360209,2,0,310,NONZERO_EXIT
2026-01-23T16:49:02.186526+00:00,2026-01-23T16:49:03.593778+00:00,1058,/dev/ttyACM0,115200,2.0,63488,8,1.4072268160016392,45115.683753375866,2,0,310,NONZERO_EXIT
2026-01-23T16:49:03.594341+00:00,2026-01-23T16:49:04.999439+00:00,1059,/dev/ttyACM0,115200,2.0,63488,8,1.4050750290007272,45184.77568073494,2,0,310,NONZERO_EXIT
2026-01-23T16:49:04.999816+00:00,2026-01-23T16:49:06.404597+00:00,1060,/dev/ttyACM0,115200,2.0,63488,8,1.4047591999988072,45194.93447706476,2,0,310,NONZERO_EXIT
2026-01-23T16:49:06.405153+00:00,2026-01-23T16:49:07.815024+00:00,1061,/dev/ttyACM0,115200,2.0,63488,8,1.4098436150015914,45031.944908250225,2,0,310,NONZERO_EXIT
2026-01-23T16:49:07.815612+00:00,2026-01-23T16:49:09.219974+00:00,1062,/dev/ttyACM0,115200,2.0,63488,8,1.4043415399974037,45208.3757346645,2,0,310,NONZERO_EXIT
2026-01-23T16:49:09.220349+00:00,2026-01-23T16:49:10.628154+00:00,1063,/dev/ttyACM0,115200,2.0,63488,8,1.4077851399997598,45097.790988197834,2,0,310,NONZERO_EXIT
2026-01-23T16:49:10.631823+00:00,2026-01-23T16:49:12.036170+00:00,1064,/dev/ttyACM0,115200,2.0,63488,8,1.4043263849998766,45208.863607590465,2,0,310,NONZERO_EXIT
2026-01-23T16:49:12.036536+00:00,2026-01-23T16:49:13.439495+00:00,1065,/dev/ttyACM0,115200,2.0,63488,8,1.4029382590015302,45253.595154774914,2,0,310,NONZERO_EXIT
2026-01-23T16:49:13.439947+00:00,2026-01-23T16:49:14.844658+00:00,1066,/dev/ttyACM0,115200,2.0,63488,8,1.4046898460001103,45197.16589450951,2,0,310,NONZERO_EXIT
2026-01-23T16:49:14.845297+00:00,2026-01-23T16:49:16.252243+00:00,1067,/dev/ttyACM0,115200,2.0,63488,8,1.4069253050001862,45125.35226594108,2,0,310,NONZERO_EXIT
2026-01-23T16:49:16.252624+00:00,2026-01-23T16:49:17.659363+00:00,1068,/dev/ttyACM0,115200,2.0,63488,8,1.4067206649997388,45131.91679032581,2,0,310,NONZERO_EXIT
2026-01-23T16:49:17.659729+00:00,2026-01-23T16:49:19.066750+00:00,1069,/dev/ttyACM0,115200,2.0,63488,8,1.40700087499863,45122.92858386589,2,0,310,NONZERO_EXIT
2026-01-23T16:49:19.067120+00:00,2026-01-23T16:49:20.471091+00:00,1070,/dev/ttyACM0,115200,2.0,63488,8,1.4039487450027082,45221.024076543144,2,0,310,NONZERO_EXIT
2026-01-23T16:49:20.471663+00:00,2026-01-23T16:49:21.891765+00:00,1071,/dev/ttyACM0,115200,2.0,63488,8,1.4200806840017322,44707.31889760889,2,0,310,NONZERO_EXIT
2026-01-23T16:49:21.892147+00:00,2026-01-23T16:49:23.290168+00:00,1072,/dev/ttyACM0,115200,2.0,63488,8,1.398001840996585,45413.387978617895,2,0,310,NONZERO_EXIT
2026-01-23T16:49:23.290571+00:00,2026-01-23T16:49:24.697831+00:00,1073,/dev/ttyACM0,115200,2.0,63488,8,1.4072398770003929,45115.26502171618,2,0,310,NONZERO_EXIT
2026-01-23T16:49:24.698205+00:00,2026-01-23T16:49:26.102516+00:00,1074,/dev/ttyACM0,115200,2.0,63488,8,1.4042914629972074,45209.98786426878,2,0,310,NONZERO_EXIT
2026-01-23T16:49:26.102908+00:00,2026-01-23T16:49:27.505751+00:00,1075,/dev/ttyACM0,115200,2.0,63488,8,1.4028240670013474,45257.278865845845,2,0,310,NONZERO_EXIT
2026-01-23T16:49:27.506125+00:00,2026-01-23T16:49:28.907374+00:00,1076,/dev/ttyACM0,115200,2.0,63488,8,1.4012296959990636,45308.77427253899,2,0,310,NONZERO_EXIT
2026-01-23T16:49:28.907842+00:00,2026-01-23T16:49:30.313580+00:00,1077,/dev/ttyACM0,115200,2.0,63488,8,1.4057155580012477,45164.18676497543,2,0,310,NONZERO_EXIT
2026-01-23T16:49:30.313954+00:00,2026-01-23T16:49:31.720165+00:00,1078,/dev/ttyACM0,115200,2.0,63488,8,1.4061919560008391,45148.88577556485,2,0,310,NONZERO_EXIT
2026-01-23T16:49:31.720545+00:00,2026-01-23T16:49:33.128817+00:00,1079,/dev/ttyACM0,115200,2.0,63488,8,1.4082414240001526,45083.17886265581,2,0,310,NONZERO_EXIT
2026-01-23T16:49:33.129395+00:00,2026-01-23T16:49:34.534029+00:00,1080,/dev/ttyACM0,115200,2.0,63488,8,1.4046086210000794,45199.77953345938,2,0,310,NONZERO_EXIT
2026-01-23T16:49:41.576327+00:00,2026-01-23T16:49:42.984399+00:00,1081,/dev/ttyACM0,115200,2.0,64512,8,1.4080517300026258,45816.49851733763,2,0,310,NONZERO_EXIT
2026-01-23T16:49:42.984776+00:00,2026-01-23T16:49:44.388942+00:00,1082,/dev/ttyACM0,115200,2.0,64512,8,1.4041470299998764,45943.9066007252,2,0,310,NONZERO_EXIT
2026-01-23T16:49:44.389302+00:00,2026-01-23T16:49:45.794909+00:00,1083,/dev/ttyACM0,115200,2.0,64512,8,1.4055862100030936,45896.86462551309,2,0,310,NONZERO_EXIT
2026-01-23T16:49:45.795229+00:00,2026-01-23T16:49:47.198013+00:00,1084,/dev/ttyACM0,115200,2.0,64512,8,1.402761069999542,45989.30023059526,2,0,310,NONZERO_EXIT
2026-01-23T16:49:47.198592+00:00,2026-01-23T16:49:48.605336+00:00,1085,/dev/ttyACM0,115200,2.0,64512,8,1.4067207369989774,45859.84858489144,2,0,310,NONZERO_EXIT
2026-01-23T16:49:48.605711+00:00,2026-01-23T16:49:50.012126+00:00,1086,/dev/ttyACM0,115200,2.0,64512,8,1.40639631799786,45870.42725754502,2,0,310,NONZERO_EXIT
2026-01-23T16:49:50.012505+00:00,2026-01-23T16:49:51.415517+00:00,1087,/dev/ttyACM0,115200,2.0,64512,8,1.4029874309999286,45981.88021828635,2,0,310,NONZERO_EXIT
2026-01-23T16:49:51.416059+00:00,2026-01-23T16:49:52.818553+00:00,1088,/dev/ttyACM0,115200,2.0,64512,8,1.4024707339995075,45998.820821042995,2,0,310,NONZERO_EXIT
2026-01-23T16:49:52.818891+00:00,2026-01-23T16:49:54.220017+00:00,1089,/dev/ttyACM0,115200,2.0,64512,8,1.4011088690022007,46043.53125388622,2,0,310,NONZERO_EXIT
2026-01-23T16:49:54.220396+00:00,2026-01-23T16:49:55.632705+00:00,1090,/dev/ttyACM0,115200,2.0,64512,8,1.4122905600015656,45678.985491433494,2,0,310,NONZERO_EXIT
2026-01-23T16:49:55.633100+00:00,2026-01-23T16:49:57.042258+00:00,1091,/dev/ttyACM0,115200,2.0,64512,8,1.4090969989993027,45782.51181133338,2,0,310,NONZERO_EXIT
2026-01-23T16:49:57.042779+00:00,2026-01-23T16:49:58.446279+00:00,1092,/dev/ttyACM0,115200,2.0,64512,8,1.4034797530002834,45965.75038727115,2,0,310,NONZERO_EXIT
2026-01-23T16:49:58.446669+00:00,2026-01-23T16:49:59.851437+00:00,1093,/dev/ttyACM0,115200,2.0,64512,8,1.4047487959978753,45924.225159540605,2,0,310,NONZERO_EXIT
2026-01-23T16:49:59.851811+00:00,2026-01-23T16:50:01.256061+00:00,1094,/dev/ttyACM0,115200,2.0,64512,8,1.4042315410006267,45941.14155421268,2,0,310,NONZERO_EXIT
2026-01-23T16:50:01.256430+00:00,2026-01-23T16:50:02.659489+00:00,1095,/dev/ttyACM0,115200,2.0,64512,8,1.4030394630026422,45980.17497094343,2,0,310,NONZERO_EXIT
2026-01-23T16:50:02.659885+00:00,2026-01-23T16:50:04.064913+00:00,1096,/dev/ttyACM0,115200,2.0,64512,8,1.405003513002157,45915.899428716206,2,0,310,NONZERO_EXIT
2026-01-23T16:50:04.065295+00:00,2026-01-23T16:50:05.470240+00:00,1097,/dev/ttyACM0,115200,2.0,64512,8,1.4049041270009184,45919.14762021183,2,0,310,NONZERO_EXIT
2026-01-23T16:50:05.470624+00:00,2026-01-23T16:50:06.872668+00:00,1098,/dev/ttyACM0,115200,2.0,64512,8,1.4020245789979526,46013.45865570179,2,0,310,NONZERO_EXIT
2026-01-23T16:50:06.873038+00:00,2026-01-23T16:50:08.275564+00:00,1099,/dev/ttyACM0,115200,2.0,64512,8,1.4025060050007596,45997.66401710705,2,0,310,NONZERO_EXIT
2026-01-23T16:50:08.275990+00:00,2026-01-23T16:50:09.680594+00:00,1100,/dev/ttyACM0,115200,2.0,64512,8,1.4045890660017903,45929.447666594446,2,0,310,NONZERO_EXIT
2026-01-23T16:50:09.680831+00:00,2026-01-23T16:50:11.086695+00:00,1101,/dev/ttyACM0,115200,2.0,64512,8,1.4058422560010513,45888.50543126067,2,0,310,NONZERO_EXIT
2026-01-23T16:50:11.087184+00:00,2026-01-23T16:50:12.491938+00:00,1102,/dev/ttyACM0,115200,2.0,64512,8,1.4047315450006863,45924.789138246684,2,0,310,NONZERO_EXIT
2026-01-23T16:50:12.492447+00:00,2026-01-23T16:50:13.896209+00:00,1103,/dev/ttyACM0,115200,2.0,64512,8,1.4037427120019856,45957.139758178666,2,0,310,NONZERO_EXIT
2026-01-23T16:50:13.896595+00:00,2026-01-23T16:50:15.300049+00:00,1104,/dev/ttyACM0,115200,2.0,64512,8,1.4034316319994105,45967.32646540996,2,0,310,NONZERO_EXIT
2026-01-23T16:50:15.300768+00:00,2026-01-23T16:50:16.707937+00:00,1105,/dev/ttyACM0,115200,2.0,64512,8,1.407156067998585,45845.660951991056,2,0,310,NONZERO_EXIT
2026-01-23T16:50:16.708170+00:00,2026-01-23T16:50:18.108985+00:00,1106,/dev/ttyACM0,115200,2.0,64512,8,1.4007991879989277,46053.71030529851,2,0,310,NONZERO_EXIT
2026-01-23T16:50:18.109520+00:00,2026-01-23T16:50:19.513191+00:00,1107,/dev/ttyACM0,115200,2.0,64512,8,1.4036519159999443,45960.112521231764,2,0,310,NONZERO_EXIT
2026-01-23T16:50:19.513571+00:00,2026-01-23T16:50:20.916480+00:00,1108,/dev/ttyACM0,115200,2.0,64512,8,1.402883925002243,45985.27280145209,2,0,310,NONZERO_EXIT
2026-01-23T16:50:20.917018+00:00,2026-01-23T16:50:22.328962+00:00,1109,/dev/ttyACM0,115200,2.0,64512,8,1.411921930997778,45690.91150415846,2,0,310,NONZERO_EXIT
2026-01-23T16:50:22.329332+00:00,2026-01-23T16:50:23.733045+00:00,1110,/dev/ttyACM0,115200,2.0,64512,8,1.4036926350017893,45958.77928783018,2,0,310,NONZERO_EXIT
2026-01-23T16:50:30.773206+00:00,2026-01-23T16:50:32.185321+00:00,1111,/dev/ttyACM0,115200,2.0,65536,8,1.4120950729993638,46410.47281667665,2,0,310,NONZERO_EXIT
2026-01-23T16:50:32.185703+00:00,2026-01-23T16:50:33.588571+00:00,1112,/dev/ttyACM0,115200,2.0,65536,8,1.4028471179990447,46716.42344996044,2,0,310,NONZERO_EXIT
2026-01-23T16:50:33.588942+00:00,2026-01-23T16:50:34.996697+00:00,1113,/dev/ttyACM0,115200,2.0,65536,8,1.407730246999563,46554.373708800726,2,0,310,NONZERO_EXIT
2026-01-23T16:50:34.997237+00:00,2026-01-23T16:50:36.394573+00:00,1114,/dev/ttyACM0,115200,2.0,65536,8,1.3973073269989982,46901.63626405073,2,0,310,NONZERO_EXIT
2026-01-23T16:50:36.395093+00:00,2026-01-23T16:50:37.797368+00:00,1115,/dev/ttyACM0,115200,2.0,65536,8,1.4022558290016605,46736.122356972846,2,0,310,NONZERO_EXIT
2026-01-23T16:50:37.797758+00:00,2026-01-23T16:50:39.196247+00:00,1116,/dev/ttyACM0,115200,2.0,65536,8,1.3984683249982481,46862.698874557704,2,0,310,NONZERO_EXIT
2026-01-23T16:50:39.196682+00:00,2026-01-23T16:50:40.601327+00:00,1117,/dev/ttyACM0,115200,2.0,65536,8,1.404625595001562,46657.27310766192,2,0,310,NONZERO_EXIT
2026-01-23T16:50:40.601700+00:00,2026-01-23T16:50:42.005505+00:00,1118,/dev/ttyACM0,115200,2.0,65536,8,1.4037858759984374,46685.182633988086,2,0,310,NONZERO_EXIT
2026-01-23T16:50:42.005877+00:00,2026-01-23T16:50:43.409907+00:00,1119,/dev/ttyACM0,115200,2.0,65536,8,1.40401160699912,46677.67678934942,2,0,310,NONZERO_EXIT
2026-01-23T16:50:43.410300+00:00,2026-01-23T16:50:44.818325+00:00,1120,/dev/ttyACM0,115200,2.0,65536,8,1.4079987230034021,46545.4967602564,2,0,310,NONZERO_EXIT
2026-01-23T16:50:44.818899+00:00,2026-01-23T16:50:46.224542+00:00,1121,/dev/ttyACM0,115200,2.0,65536,8,1.4056124739981897,46624.515086712585,2,0,310,NONZERO_EXIT
2026-01-23T16:50:46.225113+00:00,2026-01-23T16:50:47.632569+00:00,1122,/dev/ttyACM0,115200,2.0,65536,8,1.4074358609977935,46564.111243789564,2,0,310,NONZERO_EXIT
2026-01-23T16:50:47.632958+00:00,2026-01-23T16:50:49.036120+00:00,1123,/dev/ttyACM0,115200,2.0,65536,8,1.4031417849982972,46706.612760505544,2,0,310,NONZERO_EXIT
2026-01-23T16:50:49.036510+00:00,2026-01-23T16:50:50.438853+00:00,1124,/dev/ttyACM0,115200,2.0,65536,8,1.402322809000907,46733.89007106823,2,0,310,NONZERO_EXIT
2026-01-23T16:50:50.439219+00:00,2026-01-23T16:50:51.843386+00:00,1125,/dev/ttyACM0,115200,2.0,65536,8,1.4041461950000667,46673.202714477244,2,0,310,NONZERO_EXIT
2026-01-23T16:50:51.843819+00:00,2026-01-23T16:50:53.244867+00:00,1126,/dev/ttyACM0,115200,2.0,65536,8,1.4010190539993346,46777.37951737459,2,0,310,NONZERO_EXIT
2026-01-23T16:50:53.245542+00:00,2026-01-23T16:50:54.644963+00:00,1127,/dev/ttyACM0,115200,2.0,65536,8,1.3993987700014259,46831.54037639552,2,0,310,NONZERO_EXIT
2026-01-23T16:50:54.645344+00:00,2026-01-23T16:50:56.054216+00:00,1128,/dev/ttyACM0,115200,2.0,65536,8,1.4088510149995273,46517.33881174227,2,0,310,NONZERO_EXIT
2026-01-23T16:50:56.054598+00:00,2026-01-23T16:50:57.457453+00:00,1129,/dev/ttyACM0,115200,2.0,65536,8,1.4028356649978377,46716.80485119475,2,0,310,NONZERO_EXIT
2026-01-23T16:50:57.457844+00:00,2026-01-23T16:50:58.872046+00:00,1130,/dev/ttyACM0,115200,2.0,65536,8,1.4141822550009238,46341.975914523966,2,0,310,NONZERO_EXIT
2026-01-23T16:50:58.872444+00:00,2026-01-23T16:51:00.281513+00:00,1131,/dev/ttyACM0,115200,2.0,65536,8,1.4090448989991273,46510.93804502009,2,0,310,NONZERO_EXIT
2026-01-23T16:51:00.282048+00:00,2026-01-23T16:51:01.688314+00:00,1132,/dev/ttyACM0,115200,2.0,65536,8,1.406242597000528,46603.62311580254,2,0,310,NONZERO_EXIT
2026-01-23T16:51:01.688685+00:00,2026-01-23T16:51:03.096120+00:00,1133,/dev/ttyACM0,115200,2.0,65536,8,1.4074155360031,46564.783692892,2,0,310,NONZERO_EXIT
2026-01-23T16:51:03.096484+00:00,2026-01-23T16:51:04.501331+00:00,1134,/dev/ttyACM0,115200,2.0,65536,8,1.4048192709997238,46650.84068313075,2,0,310,NONZERO_EXIT
2026-01-23T16:51:04.502129+00:00,2026-01-23T16:51:05.905934+00:00,1135,/dev/ttyACM0,115200,2.0,65536,8,1.403776866998669,46685.482244851766,2,0,310,NONZERO_EXIT
2026-01-23T16:51:05.906404+00:00,2026-01-23T16:51:07.312189+00:00,1136,/dev/ttyACM0,115200,2.0,65536,8,1.4057639640013804,46619.49066716555,2,0,310,NONZERO_EXIT
2026-01-23T16:51:07.312639+00:00,2026-01-23T16:51:08.717529+00:00,1137,/dev/ttyACM0,115200,2.0,65536,8,1.4048687190006603,46649.1986857095,2,0,310,NONZERO_EXIT
2026-01-23T16:51:08.717964+00:00,2026-01-23T16:51:10.123789+00:00,1138,/dev/ttyACM0,115200,2.0,65536,8,1.405799094998656,46618.32564351071,2,0,310,NONZERO_EXIT
2026-01-23T16:51:10.124320+00:00,2026-01-23T16:51:11.528620+00:00,1139,/dev/ttyACM0,115200,2.0,65536,8,1.4042800839997653,46668.75272725932,2,0,310,NONZERO_EXIT
2026-01-23T16:51:11.528988+00:00,2026-01-23T16:51:12.932925+00:00,1140,/dev/ttyACM0,115200,2.0,65536,8,1.4039106849995733,46681.03227665079,2,0,310,NONZERO_EXIT
